SCATS Number,Location,CD_MELWAY,NB_LATITUDE,NB_LONGITUDE,HF VicRoads Internal,VR Internal Stat,VR Internal Loc,NB_TYPE_SURVEY,Date,V00,V01,V02,V03,V04,V05,V06,V07,V08,V09,V10,V11,V12,V13,V14,V15,V16,V17,V18,V19,V20,V21,V22,V23,V24,V25,V26,V27,V28,V29,V30,V31,V32,V33,V34,V35,V36,V37,V38,V39,V40,V41,V42,V43,V44,V45,V46,V47,V48,V49,V50,V51,V52,V53,V54,V55,V56,V57,V58,V59,V60,V61,V62,V63,V64,V65,V66,V67,V68,V69,V70,V71,V72,V73,V74,V75,V76,V77,V78,V79,V80,V81,V82,V83,V84,V85,V86,V87,V88,V89,V90,V91,V92,V93,V94,V95,Daily_Total
970,WARRIGAL_RD N of HIGH STREET_RD,060 G10,-37.86703,145.09159,249,182,1,1,10/1/2006,86,83,52,58,59,44,31,37,30,24,16,24,25,25,15,6,21,17,15,15,16,21,27,21,25,32,61,48,56,66,77,79,67,93,103,130,154,149,210,229,250,246,266,254,300,275,322,292,315,314,308,280,357,298,281,289,345,297,233,227,273,225,265,257,233,244,259,264,265,253,243,210,216,202,177,169,167,136,131,128,118,121,87,113,142,112,114,97,97,66,81,50,59,47,29,34,13780
970,WARRIGAL_RD N of HIGH STREET_RD,060 G10,-37.86703,145.09159,249,182,1,1,10/2/2006,32,28,17,11,7,11,6,15,11,12,6,9,1,4,11,9,11,16,22,14,28,26,57,57,70,136,221,196,239,366,355,400,401,400,395,367,315,308,302,306,245,286,279,275,227,234,236,239,320,254,242,261,251,290,254,256,283,226,276,271,281,285,306,301,327,340,294,326,277,382,320,377,259,298,218,190,186,172,161,158,134,141,119,142,103,108,111,102,107,114,80,60,62,48,44,26,17362
970,WARRIGAL_RD N of HIGH STREET_RD,060 G10,-37.86703,145.09159,249,182,1,1,10/3/2006,26,32,21,14,10,12,13,10,9,7,8,5,5,6,11,12,8,11,13,10,23,37,64,95,90,183,219,251,302,307,410,351,411,408,405,372,330,366,360,317,312,289,293,299,293,273,264,264,290,260,286,272,274,270,259,313,281,347,280,266,347,277,328,318,357,347,381,288,358,338,365,369,296,335,269,232,211,198,176,163,155,140,135,129,139,146,130,132,114,86,93,90,73,57,29,40,18870
970,WARRIGAL_RD N of HIGH STREET_RD,060 G10,-37.86703,145.09159,249,182,1,1,10/4/2006,32,22,28,13,16,8,14,10,8,8,7,6,8,2,7,10,8,14,16,12,24,37,62,84,82,166,230,235,256,336,316,392,374,392,417,380,376,328,324,338,282,272,290,340,301,288,258,272,319,315,251,281,294,301,300,288,282,260,247,252,320,300,264,329,359,345,270,338,308,340,377,335,352,290,258,281,237,203,167,165,133,163,135,141,137,158,115,113,132,101,113,90,78,66,52,44,18700
970,WARRIGAL_RD N of HIGH STREET_RD,060 G10,-37.86703,145.09159,249,182,1,1,10/5/2006,40,39,21,11,16,9,15,15,9,6,9,4,4,1,11,9,17,13,16,15,23,35,58,79,81,139,238,235,235,328,344,315,359,434,375,365,356,362,328,330,327,276,311,281,303,324,285,301,331,296,302,299,290,281,308,294,303,296,265,306,312,322,343,317,397,385,388,324,348,361,372,396,315,334,309,271,251,262,228,196,176,152,146,167,122,150,171,120,116,113,99,91,61,55,49,36,19533
970,WARRIGAL_RD N of HIGH STREET_RD,060 G10,-37.86703,145.09159,249,182,1,1,10/6/2006,36,30,27,13,19,16,21,18,18,8,1,9,10,8,10,11,13,11,16,14,20,35,52,63,96,172,230,251,275,283,382,344,392,395,351,394,358,337,348,331,299,310,332,317,328,294,318,332,311,337,319,271,288,346,289,330,303,324,307,322,331,353,345,342,337,361,319,319,350,376,392,339,357,348,324,327,279,267,281,214,172,152,157,154,137,152,141,137,135,136,108,120,115,102,74,78,20326
970,WARRIGAL_RD N of HIGH STREET_RD,060 G10,-37.86703,145.09159,249,182,1,1,10/7/2006,62,66,57,45,45,27,36,29,29,22,19,19,15,31,17,25,17,26,21,23,19,31,38,43,49,86,108,107,93,120,139,199,174,206,261,296,292,283,307,320,273,340,365,333,350,366,377,367,371,373,398,344,371,300,368,378,322,346,302,260,262,283,312,264,285,292,273,239,229,286,268,331,287,262,283,244,219,222,206,179,156,157,137,125,126,139,119,153,133,109,140,121,123,115,107,127,18019
970,WARRIGAL_RD N of HIGH STREET_RD,060 G10,-37.86703,145.09159,249,182,1,1,10/8/2006,116,86,81,65,65,51,38,36,37,18,27,18,15,15,13,20,14,17,13,14,15,19,20,25,38,47,87,101,81,87,87,93,93,123,121,146,162,198,262,250,237,255,264,300,294,328,296,361,317,376,346,338,280,347,295,321,302,293,276,270,297,297,254,306,246,263,275,246,289,243,279,235,199,232,173,159,172,142,163,139,128,111,119,132,109,116,112,92,96,82,80,64,64,48,48,43,14963
970,WARRIGAL_RD N of HIGH STREET_RD,060 G10,-37.86703,145.09159,249,182,1,1,10/9/2006,23,28,15,20,11,14,13,13,7,7,7,9,3,1,7,7,10,8,20,12,27,33,54,63,77,141,246,233,252,351,356,371,369,427,389,368,377,348,286,284,285,260,279,256,288,253,284,274,268,267,282,282,249,264,340,242,261,284,278,275,283,320,289,285,332,355,313,301,304,382,339,347,308,309,240,207,179,201,142,160,127,124,127,131,125,113,97,107,111,98,83,69,57,50,25,36,17834
970,WARRIGAL_RD N of HIGH STREET_RD,060 G10,-37.86703,145.09159,249,182,1,1,10/10/2006,27,27,16,20,13,13,11,10,7,8,5,3,7,3,6,10,11,11,15,12,22,38,64,60,96,160,252,249,283,354,362,391,372,417,381,396,399,353,315,324,324,289,282,304,296,305,278,287,301,275,303,311,265,294,258,277,308,273,301,305,318,342,347,302,344,359,325,271,339,342,363,353,323,304,261,207,219,181,206,188,158,159,136,133,164,147,150,131,124,111,112,103,66,50,49,36,19082
970,WARRIGAL_RD N of HIGH STREET_RD,060 G10,-37.86703,145.09159,249,182,1,1,10/11/2006,38,35,15,20,14,14,6,6,17,15,11,5,7,7,10,12,8,9,15,16,18,43,66,71,89,151,242,257,281,329,350,384,363,360,425,416,338,339,330,334,327,290,312,275,313,286,297,299,330,295,297,234,309,282,271,240,260,261,303,279,357,295,312,351,389,375,316,341,316,387,323,360,325,294,269,265,238,221,207,160,164,160,130,154,150,141,157,140,149,126,92,87,55,62,59,46,19199
970,WARRIGAL_RD N of HIGH STREET_RD,060 G10,-37.86703,145.09159,249,182,1,1,10/12/2006,28,26,19,15,11,13,14,13,8,6,12,10,7,4,6,10,9,12,9,21,23,40,73,69,102,163,233,268,275,305,370,352,400,371,418,336,415,374,393,363,313,324,323,319,288,336,264,293,291,316,308,287,261,238,305,258,301,315,285,288,337,253,310,334,381,380,336,315,323,352,389,376,335,287,285,268,287,244,241,169,191,165,166,175,140,143,156,117,134,115,109,85,82,49,57,37,19632
970,WARRIGAL_RD N of HIGH STREET_RD,060 G10,-37.86703,145.09159,249,182,1,1,10/13/2006,34,37,24,33,14,13,22,14,12,24,9,9,10,9,12,10,14,12,11,18,17,38,49,65,118,143,237,229,262,331,352,377,379,385,391,354,335,328,330,324,297,326,268,316,316,273,313,299,366,297,351,307,276,309,294,305,343,266,318,348,288,346,364,309,371,417,314,315,316,309,414,347,381,355,295,299,288,297,256,229,184,157,152,145,131,153,119,128,137,117,111,123,100,92,95,80,20107
970,WARRIGAL_RD N of HIGH STREET_RD,060 G10,-37.86703,145.09159,249,182,1,1,10/14/2006,61,58,54,62,34,32,32,28,20,26,23,18,14,14,12,17,12,19,21,20,24,35,33,39,51,56,96,93,95,106,139,151,178,213,236,255,248,258,332,304,312,315,355,340,396,365,366,341,361,414,361,397,360,383,356,368,345,329,370,301,334,308,327,255,319,300,271,230,263,287,253,298,293,256,256,256,225,212,199,181,154,143,109,127,130,110,107,127,141,107,135,130,106,101,104,102,17910
970,WARRIGAL_RD N of HIGH STREET_RD,060 G10,-37.86703,145.09159,249,182,1,1,10/15/2006,97,86,72,74,59,44,32,32,29,31,22,27,25,14,18,17,15,22,24,11,19,23,22,32,44,56,59,69,47,70,91,73,90,109,118,126,162,211,272,290,255,224,282,268,283,292,298,318,297,325,342,360,302,303,320,318,335,309,289,311,288,320,273,315,278,252,288,260,268,242,247,200,195,243,177,174,146,155,136,27,132,110,123,121,113,124,112,94,111,93,78,47,37,49,37,41,14671
970,WARRIGAL_RD N of HIGH STREET_RD,060 G10,-37.86703,145.09159,249,182,1,1,10/16/2006,18,18,27,12,14,14,8,8,17,8,9,6,5,1,8,14,14,7,17,15,15,35,59,76,80,142,225,239,261,315,361,394,370,450,365,405,327,305,342,284,284,239,286,216,267,286,265,254,267,300,258,263,263,284,249,297,309,268,228,319,301,286,334,325,314,385,305,287,369,336,378,332,291,278,237,245,206,181,137,144,144,142,110,131,130,123,98,116,122,107,98,91,55,48,28,31,17937
970,WARRIGAL_RD N of HIGH STREET_RD,060 G10,-37.86703,145.09159,249,182,1,1,10/17/2006,20,20,21,16,3,9,9,11,6,7,9,5,4,6,8,7,13,10,15,14,25,36,74,74,112,172,257,241,272,349,354,381,381,414,419,374,362,313,330,324,297,278,299,269,279,260,297,307,298,294,295,251,280,280,275,274,292,310,284,288,284,301,344,352,360,349,331,306,325,282,368,353,278,328,267,224,238,221,180,174,161,156,145,127,135,138,106,133,120,104,103,82,83,62,53,49,18806
970,WARRIGAL_RD N of HIGH STREET_RD,060 G10,-37.86703,145.09159,249,182,1,1,10/18/2006,39,28,20,17,16,15,17,10,7,11,10,11,7,2,9,14,6,8,16,23,18,39,55,83,93,163,247,265,292,329,371,367,385,413,360,425,345,358,343,308,301,291,277,298,283,303,282,310,299,271,276,219,300,270,305,316,265,297,302,296,284,301,320,303,345,381,301,296,353,319,386,311,296,308,262,256,213,233,184,179,176,146,128,126,155,165,121,163,151,120,101,96,73,48,44,44,18994
970,WARRIGAL_RD N of HIGH STREET_RD,060 G10,-37.86703,145.09159,249,182,1,1,10/19/2006,29,31,24,20,13,12,6,12,14,8,5,11,3,6,7,12,14,8,16,16,19,35,73,79,102,162,242,272,252,310,329,270,261,276,284,314,317,389,399,331,297,277,337,319,337,290,277,289,294,353,283,295,323,278,305,302,304,291,283,303,316,332,334,352,341,378,321,349,313,412,385,338,350,291,304,279,255,253,221,197,182,160,147,134,158,134,164,112,118,117,96,81,76,58,48,59,19185
970,WARRIGAL_RD N of HIGH STREET_RD,060 G10,-37.86703,145.09159,249,182,1,1,10/20/2006,50,39,16,19,23,13,20,16,13,12,9,5,14,10,17,17,14,14,17,19,18,48,73,94,87,157,248,239,238,317,378,332,373,442,388,370,292,346,322,346,294,287,308,315,288,305,348,356,316,350,319,308,307,306,336,299,364,334,324,322,363,313,342,351,368,361,403,309,405,357,363,338,323,357,306,254,219,261,236,239,178,177,161,128,153,153,123,130,126,133,125,95,101,98,100,74,20374
970,WARRIGAL_RD N of HIGH STREET_RD,060 G10,-37.86703,145.09159,249,182,1,1,10/21/2006,64,59,43,43,32,33,29,31,27,15,24,16,19,9,15,16,20,13,20,16,23,30,39,39,48,66,100,89,98,114,128,169,201,215,254,263,270,295,326,327,292,325,365,359,332,388,358,343,350,397,331,386,373,357,343,373,387,337,370,309,325,305,280,276,274,266,273,247,236,278,271,281,255,254,243,218,208,205,211,182,162,142,133,152,138,120,120,117,122,89,119,130,140,122,134,109,17850
970,WARRIGAL_RD N of HIGH STREET_RD,060 G10,-37.86703,145.09159,249,182,1,1,10/22/2006,107,100,71,70,60,61,34,29,42,35,29,25,23,17,26,16,17,11,8,15,9,18,17,24,35,34,71,66,53,68,76,66,77,102,136,149,143,158,244,279,258,241,266,271,310,307,291,310,279,302,340,309,346,341,332,392,279,338,316,306,294,327,293,286,270,254,260,289,292,287,227,236,221,202,210,196,160,172,148,151,145,138,106,125,125,112,102,105,108,99,76,65,56,49,47,28,15016
970,WARRIGAL_RD N of HIGH STREET_RD,060 G10,-37.86703,145.09159,249,182,1,1,10/23/2006,33,28,17,12,15,9,9,11,13,5,8,6,10,9,4,11,17,13,16,11,20,51,51,64,93,129,228,226,275,314,304,422,386,426,369,347,304,302,310,268,268,247,273,276,271,257,266,283,282,270,296,249,250,279,269,278,262,266,247,290,259,254,305,301,306,354,284,319,302,369,354,303,292,272,237,226,193,207,163,133,161,126,116,109,128,124,111,134,96,91,79,74,64,37,35,37,17480
970,WARRIGAL_RD N of HIGH STREET_RD,060 G10,-37.86703,145.09159,249,182,1,1,10/24/2006,25,27,25,11,11,12,11,11,13,8,10,5,5,4,7,7,19,12,20,15,24,39,63,68,98,158,251,223,287,354,362,360,406,405,362,289,344,386,331,318,285,319,287,274,254,287,279,235,240,323,281,270,239,274,278,289,283,258,282,257,275,284,286,254,313,307,301,307,312,348,350,319,318,286,231,241,206,226,184,159,135,151,151,145,126,141,135,126,122,125,106,101,65,52,47,36,18151
970,WARRIGAL_RD N of HIGH STREET_RD,060 G10,-37.86703,145.09159,249,182,1,1,10/25/2006,32,33,25,18,11,9,16,11,9,11,11,4,11,7,6,8,10,14,15,13,29,49,66,74,97,158,242,274,251,337,421,326,419,373,322,365,288,382,350,301,283,267,303,298,283,315,286,293,287,264,322,249,288,272,278,284,294,297,287,311,299,292,335,325,344,375,273,339,330,364,331,355,331,299,273,240,287,210,177,219,156,132,135,137,131,118,124,128,132,127,87,92,54,67,61,32,18870
970,WARRIGAL_RD N of HIGH STREET_RD,060 G10,-37.86703,145.09159,249,182,1,1,10/26/2006,40,36,22,21,19,12,15,15,7,9,4,6,4,5,6,10,11,9,19,18,25,39,69,74,107,178,232,257,271,360,378,349,435,350,423,357,327,364,301,293,307,295,313,317,277,272,334,285,281,308,298,268,276,308,319,253,293,245,289,274,305,286,326,327,375,320,355,328,380,346,351,438,334,344,303,253,249,303,227,229,186,166,160,140,121,131,203,197,132,120,113,86,67,73,37,48,19648
970,WARRIGAL_RD N of HIGH STREET_RD,060 G10,-37.86703,145.09159,249,182,1,1,10/27/2006,30,31,16,16,20,13,22,16,10,15,14,5,11,8,18,7,12,17,10,26,25,44,69,64,100,154,246,237,289,338,360,368,417,390,404,386,364,346,330,322,276,281,298,327,288,293,295,294,307,299,271,299,332,308,321,272,309,305,277,289,342,337,299,335,325,388,318,352,337,374,355,330,388,326,350,311,281,246,249,219,197,151,131,148,135,131,136,135,119,101,131,110,124,93,94,80,19989
970,WARRIGAL_RD N of HIGH STREET_RD,060 G10,-37.86703,145.09159,249,182,1,1,10/28/2006,67,57,44,47,34,29,27,16,28,24,20,16,14,11,9,11,23,14,23,24,22,26,45,44,32,69,78,73,99,99,127,158,182,216,255,267,258,261,286,294,319,339,353,352,370,348,396,346,384,391,331,396,364,406,329,388,394,376,337,327,305,306,297,323,297,313,300,271,269,267,271,285,231,247,260,241,217,237,225,180,182,181,153,139,132,126,124,123,131,110,125,102,131,123,126,98,18123
970,WARRIGAL_RD N of HIGH STREET_RD,060 G10,-37.86703,145.09159,249,182,1,1,10/29/2006,94,103,102,82,47,53,36,0,0,0,0,34,32,38,35,25,28,24,31,17,30,32,16,20,31,46,49,53,49,57,74,75,81,79,87,119,119,149,178,236,194,203,232,272,287,282,316,280,308,314,354,340,303,345,321,316,297,331,354,330,323,330,348,318,298,346,301,266,257,250,267,233,252,267,214,205,195,154,147,155,143,120,132,151,153,132,129,115,97,105,82,66,72,39,52,48,15102
970,WARRIGAL_RD N of HIGH STREET_RD,060 G10,-37.86703,145.09159,249,182,1,1,10/30/2006,44,37,24,20,19,15,12,16,13,9,11,7,2,7,8,13,8,17,16,24,23,36,64,67,75,121,231,215,245,312,365,366,375,375,385,375,397,323,270,297,272,273,271,234,271,275,274,254,262,281,282,261,251,241,310,280,319,261,234,220,270,289,313,319,317,333,303,302,331,355,357,376,319,257,258,236,189,196,169,158,159,149,126,141,131,109,104,125,120,77,77,70,62,45,39,27,17773
970,WARRIGAL_RD N of HIGH STREET_RD,060 G10,-37.86703,145.09159,249,182,1,1,10/31/2006,35,27,26,19,10,13,10,11,14,11,7,8,6,13,14,5,18,6,13,14,31,31,63,68,78,161,226,238,245,340,362,325,383,396,431,372,346,329,322,341,260,304,310,284,286,311,272,256,287,260,260,299,300,277,307,283,291,241,284,284,275,312,336,327,367,397,314,354,331,313,375,323,334,258,222,254,221,234,188,175,147,162,143,139,166,156,131,123,146,120,84,79,71,55,45,33,18734
970,WARRIGAL_RD S of HIGH STREET_RD,060 G10,-37.8676,145.09146,10503,182,5,1,10/1/2006,92,93,90,55,64,50,47,36,34,36,34,24,34,28,19,20,22,24,18,10,13,22,14,34,17,39,53,48,31,47,51,46,59,60,81,111,114,112,134,145,154,188,197,200,191,218,250,292,294,301,245,298,292,256,275,295,309,278,293,321,264,262,276,280,269,346,336,333,361,375,333,319,279,246,195,167,164,168,135,105,120,118,110,111,104,125,95,117,87,82,55,58,57,51,41,41,13793
970,WARRIGAL_RD S of HIGH STREET_RD,060 G10,-37.8676,145.09146,10503,182,5,1,10/2/2006,31,19,20,20,12,8,12,7,8,9,7,6,7,10,9,6,6,7,11,15,13,25,22,51,62,89,135,151,202,249,329,266,365,331,390,271,258,265,240,262,203,243,209,237,204,235,246,269,217,222,218,262,239,246,282,275,229,276,258,318,289,314,343,377,379,431,376,378,365,416,341,398,332,366,307,223,229,231,201,163,159,134,137,149,124,109,103,107,107,88,66,54,68,58,49,29,17094
970,WARRIGAL_RD S of HIGH STREET_RD,060 G10,-37.8676,145.09146,10503,182,5,1,10/3/2006,20,29,16,9,8,13,8,12,14,7,9,4,6,6,5,7,5,9,11,11,16,20,25,57,83,109,158,184,210,260,321,285,350,391,332,379,310,270,281,266,234,224,256,218,236,240,257,255,249,249,279,251,272,250,255,249,294,351,278,331,324,344,331,389,369,367,404,383,414,324,344,371,339,382,308,279,257,259,199,170,155,148,111,156,149,157,131,144,100,100,102,86,85,68,53,37,18083
970,WARRIGAL_RD S of HIGH STREET_RD,060 G10,-37.8676,145.09146,10503,182,5,1,10/4/2006,32,30,26,13,22,17,13,8,6,9,9,3,6,6,6,7,10,9,16,9,12,19,33,51,73,108,157,174,201,274,281,354,344,337,360,339,302,272,279,286,250,225,259,274,271,235,266,228,242,282,260,280,265,259,291,282,261,280,281,316,330,310,366,329,346,401,348,408,380,385,471,328,388,390,310,305,247,234,222,194,164,170,155,124,141,141,147,114,131,94,84,82,90,76,50,45,18320
970,WARRIGAL_RD S of HIGH STREET_RD,060 G10,-37.8676,145.09146,10503,182,5,1,10/5/2006,42,37,19,18,12,20,23,16,12,14,7,10,5,6,13,5,6,11,16,11,11,22,28,44,81,89,152,161,180,245,278,324,324,372,283,330,300,292,290,285,235,244,246,250,253,275,258,255,247,236,279,267,275,233,292,309,287,336,294,289,378,361,351,370,373,363,388,380,422,379,332,367,372,421,342,291,284,255,252,239,206,177,227,208,304,275,185,158,127,118,92,105,113,78,64,62,19173
970,WARRIGAL_RD S of HIGH STREET_RD,060 G10,-37.8676,145.09146,10503,182,5,1,10/6/2006,31,34,34,20,18,14,18,11,18,8,5,11,5,11,8,9,9,11,14,17,17,23,29,57,66,93,155,195,203,234,294,308,357,360,370,317,232,290,267,266,248,221,264,230,273,253,266,297,262,261,295,277,275,322,296,290,298,319,337,302,373,348,411,373,336,406,408,321,373,347,355,356,351,390,378,321,298,320,261,247,187,205,176,208,254,284,184,137,117,117,104,118,125,104,96,85,19499
970,WARRIGAL_RD S of HIGH STREET_RD,060 G10,-37.8676,145.09146,10503,182,5,1,10/7/2006,87,62,60,46,42,44,43,36,33,25,25,22,29,26,25,11,11,14,17,13,13,15,24,25,37,45,88,78,59,74,87,125,133,149,148,210,169,170,246,220,259,262,252,280,298,264,294,305,338,350,324,330,330,304,349,360,323,337,337,299,332,339,345,332,323,324,373,373,324,422,382,357,358,344,319,257,243,229,200,149,165,124,103,151,120,122,107,96,118,99,115,111,120,115,125,125,17222
970,WARRIGAL_RD S of HIGH STREET_RD,060 G10,-37.8676,145.09146,10503,182,5,1,10/8/2006,108,119,89,73,71,57,64,54,38,43,38,36,33,27,16,28,17,21,13,20,10,14,21,25,25,26,48,49,33,47,61,49,66,81,64,107,100,127,151,170,154,208,154,222,185,266,260,276,319,331,311,295,300,344,305,302,340,311,341,304,320,338,261,361,299,364,353,342,421,338,403,304,281,291,218,193,167,164,133,125,112,122,102,120,108,112,94,66,71,82,68,74,59,52,34,23,14742
970,WARRIGAL_RD S of HIGH STREET_RD,060 G10,-37.8676,145.09146,10503,182,5,1,10/9/2006,32,24,19,16,9,9,12,9,8,6,5,13,8,7,6,10,9,12,10,13,23,19,26,47,69,80,161,178,208,236,287,320,331,388,314,383,292,276,247,266,201,187,232,243,196,233,249,241,257,262,254,226,277,283,269,257,241,270,292,286,303,348,347,331,390,410,371,414,368,400,391,374,418,333,294,255,229,237,170,165,149,130,120,135,132,135,109,92,95,84,84,65,52,52,43,31,17400
970,WARRIGAL_RD S of HIGH STREET_RD,060 G10,-37.8676,145.09146,10503,182,5,1,10/10/2006,29,34,12,13,11,13,21,7,12,5,3,6,9,2,13,7,6,12,15,7,13,31,31,49,72,100,183,174,221,265,250,293,319,381,372,341,310,275,287,266,233,254,257,259,248,252,245,234,256,230,297,263,231,278,237,295,268,292,320,321,322,390,389,361,344,396,410,400,422,355,385,395,340,384,310,304,266,225,223,174,164,129,135,146,155,163,166,116,127,105,108,106,74,59,76,44,18408
970,WARRIGAL_RD S of HIGH STREET_RD,060 G10,-37.8676,145.09146,10503,182,5,1,10/11/2006,24,27,20,19,9,19,16,11,5,7,5,7,9,6,5,4,4,7,15,13,15,20,32,44,79,109,157,173,213,265,246,336,371,327,354,310,301,298,283,288,236,232,289,226,211,270,261,196,249,247,251,258,278,290,257,292,283,262,302,287,328,358,351,377,369,405,363,444,315,400,355,386,406,420,313,283,251,233,199,200,177,122,147,135,152,141,114,160,144,147,105,96,86,71,62,46,18291
970,WARRIGAL_RD S of HIGH STREET_RD,060 G10,-37.8676,145.09146,10503,182,5,1,10/12/2006,40,24,20,23,17,19,15,15,14,14,9,9,4,9,7,9,10,8,18,12,10,26,41,47,77,108,179,184,207,278,264,329,335,335,417,319,304,258,308,265,263,244,256,231,228,271,273,247,254,296,231,319,272,268,307,307,285,253,326,370,355,337,381,367,377,382,396,393,425,340,385,393,359,376,350,307,297,237,280,227,208,213,220,203,262,279,202,171,133,124,122,90,108,73,67,51,19578
970,WARRIGAL_RD S of HIGH STREET_RD,060 G10,-37.8676,145.09146,10503,182,5,1,10/13/2006,46,42,35,27,24,23,17,10,16,12,11,5,7,5,7,10,6,15,21,16,19,23,42,49,68,105,166,216,212,251,250,343,323,349,345,276,275,272,236,266,214,229,230,213,260,262,299,259,273,270,292,264,294,286,301,276,325,303,302,341,310,365,369,349,345,393,386,389,377,366,398,373,418,386,403,348,311,270,225,239,200,192,189,216,258,278,174,126,144,120,126,125,136,107,101,86,19532
970,WARRIGAL_RD S of HIGH STREET_RD,060 G10,-37.8676,145.09146,10503,182,5,1,10/14/2006,78,78,64,51,47,48,25,52,20,30,38,17,16,26,22,9,16,14,12,16,16,13,23,33,31,48,66,88,60,80,96,104,115,142,145,182,198,181,221,244,227,255,256,259,291,257,352,318,338,332,295,375,286,351,313,402,326,330,348,301,340,338,329,345,345,388,392,373,347,406,402,446,352,328,276,272,278,186,177,162,151,126,118,110,113,128,132,117,120,122,119,128,122,121,117,118,17421
970,WARRIGAL_RD S of HIGH STREET_RD,060 G10,-37.8676,145.09146,10503,182,5,1,10/15/2006,115,111,84,85,71,56,62,51,33,41,35,42,40,26,30,24,15,16,17,13,23,21,31,33,28,33,35,30,28,44,42,53,65,63,86,106,115,127,147,173,156,187,199,217,231,252,285,265,349,329,321,316,329,294,288,316,292,331,282,349,303,313,310,346,329,345,388,324,371,427,377,331,268,252,203,178,172,202,153,162,120,121,117,117,132,111,118,93,101,81,72,66,56,55,40,43,15035
970,WARRIGAL_RD S of HIGH STREET_RD,060 G10,-37.8676,145.09146,10503,182,5,1,10/16/2006,21,29,18,16,14,14,10,9,11,7,11,10,3,8,6,5,7,10,11,14,21,18,29,49,78,104,153,186,181,280,235,329,291,338,303,334,276,332,249,227,214,203,230,216,219,261,199,202,223,272,266,265,264,260,260,261,267,283,299,284,331,355,359,346,382,412,393,387,411,302,400,365,357,299,299,273,241,212,230,186,141,137,119,127,138,129,108,103,101,93,69,69,85,61,37,30,17282
970,WARRIGAL_RD S of HIGH STREET_RD,060 G10,-37.8676,145.09146,10503,182,5,1,10/17/2006,27,29,26,25,13,10,7,12,11,13,8,6,3,8,5,5,12,10,19,13,12,32,33,48,65,119,149,192,200,295,240,333,340,352,399,286,279,297,287,266,219,242,245,233,253,220,250,245,274,259,243,210,249,256,243,266,267,322,278,344,369,344,344,356,363,385,425,337,420,338,386,376,293,419,364,304,275,244,199,151,144,154,109,142,143,143,140,116,128,96,110,74,80,73,57,53,18058
970,WARRIGAL_RD S of HIGH STREET_RD,060 G10,-37.8676,145.09146,10503,182,5,1,10/18/2006,40,20,26,24,26,11,8,17,5,9,8,6,13,6,5,4,8,9,17,15,10,17,37,47,79,108,184,209,206,251,315,315,356,374,301,327,269,309,255,290,223,231,239,248,208,243,256,256,266,271,258,236,269,267,297,294,282,275,319,314,322,336,332,375,396,374,392,345,420,369,332,363,389,422,372,285,273,239,186,181,160,149,138,194,165,147,131,169,128,102,110,82,79,73,57,46,18421
970,WARRIGAL_RD S of HIGH STREET_RD,060 G10,-37.8676,145.09146,10503,182,5,1,10/19/2006,50,35,27,19,19,19,13,15,10,11,10,10,7,8,6,11,6,13,21,10,14,20,33,55,71,108,166,203,200,239,272,292,317,378,286,291,268,298,255,295,242,201,260,230,244,234,280,294,301,248,266,230,288,297,263,294,273,288,324,358,326,352,340,387,340,421,366,386,359,355,358,396,433,379,344,328,291,278,227,215,220,202,192,208,278,305,224,139,134,133,92,96,88,66,60,54,19168
970,WARRIGAL_RD S of HIGH STREET_RD,060 G10,-37.8676,145.09146,10503,182,5,1,10/20/2006,40,43,40,34,25,18,17,13,13,19,17,15,10,8,7,5,7,15,17,13,20,20,36,48,63,91,171,191,212,254,294,296,369,373,326,292,267,292,236,267,244,249,232,244,229,286,286,331,271,318,281,278,287,323,299,290,277,304,334,306,367,390,333,383,373,403,418,356,380,393,367,394,423,362,330,359,298,284,259,217,194,182,171,189,257,309,221,153,129,134,119,120,118,128,102,98,19876
970,WARRIGAL_RD S of HIGH STREET_RD,060 G10,-37.8676,145.09146,10503,182,5,1,10/21/2006,87,70,51,50,36,46,39,34,31,31,29,21,17,10,12,15,17,14,17,15,9,23,17,29,39,47,74,69,56,73,95,131,119,154,165,178,191,226,199,233,225,227,277,292,288,302,282,146,294,318,299,380,314,357,323,345,329,300,347,304,306,393,338,314,331,303,385,360,369,466,379,353,348,337,268,264,253,262,190,188,142,150,128,119,98,119,101,124,116,117,129,121,138,158,133,107,17125
970,WARRIGAL_RD S of HIGH STREET_RD,060 G10,-37.8676,145.09146,10503,182,5,1,10/22/2006,111,107,84,75,60,67,47,35,37,31,35,31,27,29,26,18,29,22,24,14,14,21,29,18,26,26,51,44,47,40,61,63,73,91,84,111,113,110,159,189,167,188,188,226,228,245,230,318,320,310,349,332,332,318,245,329,249,340,307,302,324,270,276,348,335,337,349,359,444,383,416,322,321,272,230,231,177,155,162,140,124,121,107,128,118,110,104,87,77,75,76,63,64,47,29,39,15022
970,WARRIGAL_RD S of HIGH STREET_RD,060 G10,-37.8676,145.09146,10503,182,5,1,10/23/2006,42,21,13,14,14,12,18,4,15,6,11,3,9,8,11,8,8,15,15,15,18,21,29,49,65,112,151,189,192,243,247,322,350,356,369,287,269,266,245,236,226,204,247,215,202,237,249,226,272,246,247,208,255,250,243,267,245,294,286,301,315,349,361,315,339,377,360,411,343,389,376,405,398,314,298,252,214,236,188,181,154,128,120,121,135,123,142,120,101,85,84,76,51,68,43,33,17203
970,WARRIGAL_RD S of HIGH STREET_RD,060 G10,-37.8676,145.09146,10503,182,5,1,10/24/2006,35,24,13,23,8,15,12,7,6,7,4,8,9,6,3,5,7,15,8,15,23,26,28,47,77,100,175,216,198,268,276,300,355,334,350,288,283,307,247,275,247,233,249,240,219,214,251,244,244,251,271,281,230,263,263,265,296,289,299,320,358,314,372,358,351,423,360,411,371,336,404,331,404,415,308,273,237,236,199,176,156,146,150,140,167,141,133,120,115,127,87,89,82,77,51,38,18028
970,WARRIGAL_RD S of HIGH STREET_RD,060 G10,-37.8676,145.09146,10503,182,5,1,10/25/2006,30,31,33,23,12,21,12,11,19,8,10,4,10,7,8,4,10,13,15,18,17,18,31,38,86,112,158,185,216,232,290,284,335,316,331,285,242,341,276,245,244,227,225,225,255,218,267,269,236,265,250,273,272,263,252,284,288,306,322,344,325,363,347,360,348,429,377,416,341,438,358,352,354,337,398,316,268,222,187,72,158,133,137,149,139,161,145,129,110,115,100,78,84,68,57,58,18051
970,WARRIGAL_RD S of HIGH STREET_RD,060 G10,-37.8676,145.09146,10503,182,5,1,10/26/2006,39,32,33,18,23,17,9,12,13,10,7,14,8,4,4,5,11,11,15,15,15,35,29,61,75,113,206,193,198,245,275,307,376,328,338,262,278,278,279,251,216,232,213,230,230,235,278,241,252,272,270,220,277,307,281,263,302,277,310,313,343,385,364,365,347,360,471,323,413,340,310,378,372,427,320,329,311,279,274,214,213,209,202,182,300,295,228,180,137,121,116,106,106,80,46,55,19162
970,WARRIGAL_RD S of HIGH STREET_RD,060 G10,-37.8676,145.09146,10503,182,5,1,10/27/2006,52,34,26,23,19,13,17,14,7,8,9,9,5,10,9,9,16,8,18,16,14,25,36,44,64,124,172,194,210,211,307,310,334,362,381,275,308,283,264,246,204,250,242,257,255,238,277,274,304,300,273,257,310,273,247,312,344,334,313,320,301,379,350,372,350,414,389,386,351,372,430,379,447,353,343,312,333,315,257,228,199,193,206,177,274,259,212,125,128,117,104,126,143,101,98,86,19679
970,WARRIGAL_RD S of HIGH STREET_RD,060 G10,-37.8676,145.09146,10503,182,5,1,10/28/2006,84,88,53,56,50,37,31,37,26,18,26,20,10,21,16,16,7,19,17,7,8,14,17,36,28,42,54,88,64,63,84,110,117,121,212,189,191,216,239,241,222,263,243,263,300,262,341,301,364,325,337,382,318,341,311,380,303,324,359,361,311,356,302,394,337,368,312,359,402,443,389,369,297,317,291,219,284,184,190,162,167,152,124,95,94,115,114,102,131,127,128,101,132,132,143,119,17335
970,WARRIGAL_RD S of HIGH STREET_RD,060 G10,-37.8676,145.09146,10503,182,5,1,10/29/2006,141,120,96,79,61,59,45,0,0,0,0,38,43,36,40,35,26,28,24,18,22,13,23,16,25,27,37,43,34,39,52,40,42,66,82,81,95,108,111,127,145,163,183,183,190,249,301,346,293,314,309,269,296,300,263,312,250,289,318,299,300,331,345,331,321,367,368,370,403,405,403,360,317,279,258,193,139,163,115,148,151,131,110,124,113,102,107,117,98,83,79,70,63,50,52,45,14655
970,WARRIGAL_RD S of HIGH STREET_RD,060 G10,-37.8676,145.09146,10503,182,5,1,10/30/2006,41,37,22,25,31,12,12,13,13,8,11,12,8,11,6,9,9,14,12,13,15,24,30,47,68,106,140,163,173,226,245,283,352,364,400,325,277,247,239,227,229,225,198,221,215,233,236,224,219,247,262,257,300,273,326,278,269,294,288,298,295,389,360,344,343,389,422,347,413,370,365,381,354,392,270,268,212,242,187,191,156,163,120,130,130,125,122,99,108,97,62,67,69,67,46,37,17494
970,WARRIGAL_RD S of HIGH STREET_RD,060 G10,-37.8676,145.09146,10503,182,5,1,10/31/2006,34,40,21,19,12,13,15,7,8,9,6,7,8,8,5,10,9,12,11,16,12,17,33,39,67,108,172,198,198,210,301,292,360,359,412,305,291,266,259,248,222,224,220,261,208,220,236,237,253,293,248,236,273,257,335,313,279,306,317,298,327,300,397,335,395,395,381,423,419,354,389,359,423,378,331,305,224,266,215,159,174,175,153,141,161,129,135,133,104,120,119,98,88,54,71,66,18349
970,HIGH STREET_RD W of WARRIGAL_RD,060 G10,-37.86723,145.09103,5887,182,7,1,10/13/2006,16,22,19,15,12,10,11,7,7,4,5,5,3,5,3,5,3,5,5,5,11,6,13,24,26,27,52,67,83,126,188,209,238,201,232,189,201,144,174,124,156,146,168,161,149,163,150,187,155,182,153,171,160,157,172,175,157,174,192,166,222,240,264,305,292,294,350,344,339,353,352,354,318,314,220,250,180,164,150,129,122,108,88,90,93,92,68,76,76,57,76,60,64,70,59,48,12477
970,HIGH STREET_RD W of WARRIGAL_RD,060 G10,-37.86723,145.09103,5887,182,7,1,10/19/2006,20,21,15,12,6,6,11,2,5,6,6,3,4,4,6,2,10,2,3,6,8,10,9,21,27,40,63,59,83,116,189,217,246,261,228,250,199,150,186,154,180,175,158,174,162,176,145,157,179,129,170,192,136,155,159,131,183,148,160,183,213,218,255,287,306,281,363,333,351,356,349,351,303,316,255,202,195,179,174,123,130,120,95,108,98,78,95,92,78,72,70,62,34,54,32,18,12564
970,HIGH STREET_RD W of WARRIGAL_RD,060 G10,-37.86723,145.09103,5887,182,7,1,10/20/2006,29,17,20,12,12,14,13,7,9,7,1,4,8,1,7,7,4,7,3,5,8,9,13,16,27,37,53,64,86,129,156,242,235,224,248,190,213,172,157,144,143,155,159,183,146,167,175,163,168,169,179,185,174,186,177,163,166,167,204,242,234,242,265,295,265,301,342,376,345,367,359,240,323,290,253,199,184,162,136,134,106,88,96,82,69,78,89,78,85,80,62,63,52,47,61,46,12575
970,HIGH STREET_RD W of WARRIGAL_RD,060 G10,-37.86723,145.09103,5887,182,7,1,10/25/2006,22,18,19,6,5,7,9,5,4,9,5,3,1,2,5,3,3,2,4,7,8,9,17,16,30,41,62,59,94,135,178,224,244,228,222,230,165,172,157,134,153,145,175,159,155,146,160,161,165,166,145,148,158,159,154,163,159,163,173,187,202,199,248,270,298,256,338,318,384,308,363,387,348,410,336,271,179,159,153,129,115,119,109,77,84,81,76,89,79,57,59,44,44,33,16,29,12425
970,HIGH STREET_RD W of WARRIGAL_RD,060 G10,-37.86723,145.09103,5887,182,7,1,10/26/2006,22,20,17,10,6,9,9,8,8,3,9,7,5,1,3,2,1,6,7,4,7,9,6,21,29,33,54,57,97,119,186,227,247,250,204,219,159,194,158,144,128,160,146,130,167,166,158,145,163,171,187,175,167,175,142,179,186,192,154,202,181,214,240,271,287,304,290,388,299,372,425,324,352,291,244,235,214,160,151,140,120,116,120,106,86,110,92,74,71,70,51,50,58,42,32,29,12479
2000,WARRIGAL_RD N of TOORAK_RD,060 H06,-37.8516827,145.0943457,6246,185,1,1,10/2/2006,14,14,6,5,5,8,6,5,5,9,7,2,2,6,2,7,5,9,8,14,15,22,44,34,53,85,138,143,179,297,293,334,275,322,244,317,243,235,236,192,214,183,182,214,184,200,193,200,179,181,156,189,186,194,214,150,199,182,188,183,182,239,231,232,276,240,242,241,222,302,252,297,227,220,179,139,153,128,110,88,92,90,71,69,63,62,68,66,56,66,56,43,45,25,22,17,12722
2000,WARRIGAL_RD N of TOORAK_RD,060 H06,-37.8516827,145.0943457,6246,185,1,1,10/3/2006,11,13,11,8,10,4,1,5,5,2,7,5,5,3,5,5,4,5,2,4,13,26,37,58,65,114,160,195,230,231,315,281,300,299,308,291,281,257,260,240,222,202,210,212,201,186,205,206,200,212,189,186,167,197,219,191,162,290,199,192,224,216,255,253,262,257,294,242,261,231,317,263,284,240,219,162,153,155,123,113,96,88,94,72,91,94,88,82,74,62,54,48,52,28,19,21,13711
2000,WARRIGAL_RD N of TOORAK_RD,060 H06,-37.8516827,145.0943457,6246,185,1,1,10/4/2006,16,11,10,7,7,6,4,4,1,6,6,6,5,2,6,4,3,7,5,7,14,17,41,47,58,118,142,182,169,281,261,317,271,305,270,323,263,237,246,239,197,197,231,212,193,211,227,194,208,249,197,201,208,202,246,224,239,206,221,197,249,274,262,260,257,263,274,233,229,277,296,272,259,240,187,162,167,149,120,117,106,73,78,69,81,94,80,62,86,74,71,38,40,36,46,22,13787
2000,WARRIGAL_RD N of TOORAK_RD,060 H06,-37.8516827,145.0943457,6246,185,1,1,10/5/2006,26,14,7,6,7,6,10,11,8,2,3,1,3,3,6,1,14,9,4,14,14,18,41,54,59,106,149,173,190,263,282,280,285,320,268,289,230,267,253,224,304,200,206,212,224,229,213,215,214,230,201,241,182,196,210,218,210,229,185,199,208,213,300,252,303,272,260,289,262,294,317,286,277,226,228,190,179,183,158,118,107,95,93,91,96,105,96,82,77,75,73,48,38,18,35,12,14194
2000,WARRIGAL_RD N of TOORAK_RD,060 H06,-37.8516827,145.0943457,6246,185,1,1,10/6/2006,19,16,10,11,17,8,6,9,3,6,1,6,2,6,7,5,6,8,12,13,12,20,33,46,51,112,155,176,224,262,312,252,319,290,284,241,244,265,271,245,214,229,223,219,214,217,260,222,234,207,204,203,205,200,201,231,221,215,266,202,244,228,283,269,276,288,245,257,270,303,299,293,262,251,264,251,201,193,184,150,125,94,104,111,98,87,88,71,98,64,66,80,66,62,56,54,14707
2000,WARRIGAL_RD N of TOORAK_RD,060 H06,-37.8516827,145.0943457,6246,185,1,1,10/7/2006,43,39,31,33,19,18,17,17,9,13,11,12,12,11,11,10,16,12,6,13,11,22,27,22,31,55,72,83,69,96,99,110,132,169,196,214,211,237,248,256,282,270,245,263,247,285,284,283,287,270,270,247,268,269,260,279,256,230,244,221,224,224,220,191,195,203,160,195,157,183,216,187,153,204,188,165,169,173,128,124,114,104,75,74,71,93,84,93,77,64,82,73,71,83,72,84,12946
2000,WARRIGAL_RD N of TOORAK_RD,060 H06,-37.8516827,145.0943457,6246,185,1,1,10/9/2006,15,16,9,13,7,7,7,4,3,2,5,3,2,0,5,3,3,6,12,10,18,29,41,35,52,108,154,167,204,280,286,289,267,317,260,304,274,277,219,170,189,196,199,198,193,193,177,200,169,178,197,190,191,191,205,172,198,203,183,178,206,233,240,252,257,267,265,229,224,314,272,309,216,269,178,162,157,150,87,111,79,88,78,65,71,62,65,66,61,52,48,48,35,18,11,11,12939
2000,WARRIGAL_RD N of TOORAK_RD,060 H06,-37.8516827,145.0943457,6246,185,1,1,10/10/2006,15,12,11,5,5,6,4,4,2,5,4,2,4,0,3,4,4,8,12,8,14,21,46,38,70,110,159,194,202,301,262,327,253,342,283,309,268,254,254,268,239,225,240,193,190,195,220,211,168,213,199,191,205,176,185,185,228,215,194,210,215,254,251,241,274,265,265,242,247,302,288,286,252,241,187,172,164,152,109,111,100,86,78,71,96,82,84,89,95,79,74,61,43,31,25,18,13805
2000,WARRIGAL_RD N of TOORAK_RD,060 H06,-37.8516827,145.0943457,6246,185,1,1,10/11/2006,24,19,14,8,11,11,5,2,9,5,4,6,5,3,8,3,3,5,11,7,8,22,45,49,55,102,166,168,253,226,334,279,312,290,310,256,336,244,246,251,204,249,244,228,196,229,219,181,250,227,199,172,238,215,202,227,236,245,211,241,215,232,271,245,308,288,285,251,261,291,253,286,289,218,217,228,205,146,123,113,113,101,85,103,89,77,97,87,93,74,66,60,37,37,26,24,14422
2000,WARRIGAL_RD N of TOORAK_RD,060 H06,-37.8516827,145.0943457,6246,185,1,1,10/12/2006,14,12,14,12,10,12,8,5,8,3,1,6,3,2,3,4,7,4,6,12,21,28,46,49,63,108,168,188,232,284,282,274,299,328,325,285,251,270,294,285,219,230,249,210,249,235,234,230,232,221,249,191,207,220,202,199,224,219,194,182,237,243,290,303,286,298,264,239,268,299,290,340,328,284,254,186,206,218,144,153,112,104,136,81,100,87,111,96,89,61,56,48,52,31,29,21,14966
2000,WARRIGAL_RD N of TOORAK_RD,060 H06,-37.8516827,145.0943457,6246,185,1,1,10/16/2006,6,14,13,7,8,10,2,4,7,1,8,2,2,6,3,6,9,2,8,6,18,29,44,39,59,110,154,152,222,243,335,299,307,274,306,291,237,225,255,199,210,211,192,212,174,218,187,210,167,200,197,189,191,195,186,204,212,215,161,209,213,186,251,247,285,257,270,238,261,303,291,268,243,243,176,158,167,126,98,104,89,85,70,82,80,66,51,73,64,67,65,48,25,24,13,21,13170
2000,WARRIGAL_RD N of TOORAK_RD,060 H06,-37.8516827,145.0943457,6246,185,1,1,10/17/2006,11,9,12,6,5,5,2,4,4,4,6,3,6,2,7,3,4,3,5,9,17,25,53,45,62,123,166,176,231,280,282,287,311,314,299,257,258,255,251,236,202,208,220,193,174,203,213,203,221,212,196,210,229,204,189,212,207,179,230,212,222,227,297,246,293,264,287,229,271,272,280,279,262,229,204,195,161,148,114,123,100,102,86,75,84,85,65,88,83,62,53,48,52,37,25,25,13828
2000,WARRIGAL_RD N of TOORAK_RD,060 H06,-37.8516827,145.0943457,6246,185,1,1,10/18/2006,23,12,13,9,5,6,12,2,2,2,6,10,2,4,2,5,3,7,11,10,11,24,36,47,56,121,161,194,226,282,307,302,287,293,274,304,261,240,266,234,214,230,197,205,215,211,198,222,203,176,161,150,239,189,196,219,201,192,277,197,197,246,263,267,283,260,281,236,263,244,330,242,265,215,214,202,147,157,148,117,125,82,85,83,72,93,96,86,88,71,59,61,49,29,26,33,13879
2000,WARRIGAL_RD N of TOORAK_RD,060 H06,-37.8516827,145.0943457,6246,185,1,1,10/20/2006,25,20,7,10,11,10,5,6,8,4,3,6,8,9,8,6,10,13,10,14,14,31,35,63,62,122,157,194,197,258,274,317,284,308,251,278,247,239,235,238,220,206,245,238,188,205,259,250,263,223,222,196,227,238,238,243,228,232,238,238,243,229,241,267,278,332,248,295,275,302,257,321,228,296,213,204,248,198,180,154,98,117,94,98,73,101,59,88,70,100,60,59,54,53,65,40,14832
2000,WARRIGAL_RD N of TOORAK_RD,060 H06,-37.8516827,145.0943457,6246,185,1,1,10/23/2006,19,12,17,6,8,4,4,5,3,2,4,7,4,3,2,3,6,8,11,8,13,33,35,46,67,106,139,187,203,251,309,291,306,293,268,253,239,223,243,196,201,190,215,176,178,179,204,177,170,214,164,226,204,200,168,178,173,192,232,186,225,237,240,265,252,266,245,208,259,270,287,259,259,238,195,178,144,140,98,97,94,69,77,71,80,75,75,93,78,53,39,34,29,18,21,12,12944
2000,WARRIGAL_RD N of TOORAK_RD,060 H06,-37.8516827,145.0943457,6246,185,1,1,10/24/2006,19,9,9,4,8,4,5,8,7,3,10,1,2,2,1,4,4,4,8,9,15,22,42,47,61,124,178,164,235,251,277,318,295,298,298,288,309,218,259,236,193,238,205,203,207,234,224,217,196,218,226,191,212,197,230,211,228,201,209,194,208,251,264,240,292,261,269,246,254,261,274,265,267,214,191,173,188,147,115,87,74,109,86,84,98,89,87,98,86,77,72,60,34,32,34,24,13901
2000,WARRIGAL_RD N of TOORAK_RD,060 H06,-37.8516827,145.0943457,6246,185,1,1,10/25/2006,23,15,10,14,7,4,3,3,7,7,3,0,4,1,4,3,5,7,9,11,17,25,42,51,59,115,165,192,193,268,292,342,283,288,273,272,239,217,256,207,248,227,207,227,211,227,213,211,190,202,186,174,202,193,217,196,200,196,170,218,236,242,258,260,314,251,221,274,257,311,264,301,257,240,195,188,132,141,114,114,104,77,87,98,85,84,85,79,82,57,56,47,36,47,29,19,13693
2000,WARRIGAL_RD N of TOORAK_RD,060 H06,-37.8516827,145.0943457,6246,185,1,1,10/26/2006,21,20,15,13,8,6,5,8,0,4,5,2,1,4,4,6,6,4,9,10,14,29,45,44,62,109,163,189,197,279,281,308,289,323,279,272,257,251,248,201,222,225,207,223,130,193,224,222,215,225,186,178,210,220,223,221,206,205,197,210,216,202,282,271,287,288,237,290,262,343,298,324,256,289,218,205,174,223,166,133,125,119,98,79,82,95,103,89,88,84,56,36,33,37,24,16,14261
2000,WARRIGAL_RD N of TOORAK_RD,060 H06,-37.8516827,145.0943457,6246,185,1,1,10/27/2006,22,14,8,12,16,5,9,7,2,12,6,3,4,6,7,3,5,9,6,13,12,26,35,46,60,117,156,192,203,282,289,341,277,324,292,284,224,265,240,249,206,218,223,239,196,204,238,216,234,188,250,221,220,223,217,212,195,215,244,206,208,252,243,266,235,256,242,277,239,329,278,295,274,287,214,248,216,166,161,159,126,100,97,95,88,83,81,76,72,69,95,73,78,56,69,39,14590
2000,WARRIGAL_RD N of TOORAK_RD,060 H06,-37.8516827,145.0943457,6246,185,1,1,10/28/2006,32,35,26,28,25,22,18,10,20,15,9,5,7,9,5,17,14,7,12,10,13,19,24,27,23,40,65,47,69,65,92,124,134,162,203,219,207,245,215,228,247,243,260,258,263,249,281,291,263,284,313,256,286,255,240,273,237,282,268,247,215,239,201,198,223,219,190,217,211,180,218,199,178,170,189,178,160,165,144,115,121,110,84,81,89,71,69,72,83,74,76,70,88,83,81,71,12975
2000,WARRIGAL_RD N of TOORAK_RD,060 H06,-37.8516827,145.0943457,6246,185,1,1,10/30/2006,26,20,12,9,8,5,5,6,3,5,7,4,3,5,5,5,6,7,9,8,17,29,44,45,46,98,146,147,210,218,276,293,311,287,276,272,265,258,190,230,205,206,213,181,201,199,185,202,197,184,227,173,218,171,202,230,218,189,153,153,184,232,271,240,248,239,268,229,238,305,299,291,277,187,221,186,149,152,113,97,121,86,75,95,84,71,65,61,61,50,41,28,33,21,32,18,13091
2000,WARRIGAL_RD N of TOORAK_RD,060 H06,-37.8516827,145.0943457,6246,185,1,1,10/31/2006,17,10,8,6,2,7,9,11,3,4,4,6,8,2,8,4,6,4,5,6,12,27,45,47,59,98,161,166,202,271,269,251,238,334,293,229,280,241,270,250,208,221,224,203,187,212,208,222,185,163,220,193,199,194,215,195,171,214,221,222,199,239,301,268,308,253,265,223,258,269,297,260,249,204,220,195,196,148,130,114,102,106,89,75,108,96,76,79,86,70,43,50,43,39,31,16,13655
2000,BURWOOD_HWY E of WARRIGAL_RD,060 H06,-37.85193,145.09463,12521,185,3,1,10/2/2006,46,33,20,11,19,9,13,13,13,12,16,12,9,5,13,14,21,18,22,42,35,71,85,108,157,205,312,346,393,457,452,418,402,401,354,323,268,195,213,201,194,200,193,186,185,189,181,191,217,182,180,154,182,206,173,180,181,193,170,182,190,165,202,196,247,228,252,215,273,263,289,256,246,234,231,176,185,153,150,141,135,146,111,119,117,88,117,121,80,84,79,65,68,48,51,33,15230
2000,BURWOOD_HWY E of WARRIGAL_RD,060 H06,-37.85193,145.09463,12521,185,3,1,10/3/2006,28,28,18,13,14,15,14,13,11,12,13,10,9,7,15,16,9,17,29,32,37,68,108,134,182,281,391,375,465,491,421,435,390,338,335,322,325,294,231,237,159,202,200,171,192,183,182,195,172,197,202,167,219,175,180,189,203,223,185,161,229,211,196,186,230,228,247,238,226,263,247,272,232,274,228,220,191,178,167,163,163,121,127,127,134,107,108,137,134,90,96,76,88,99,35,43,16051
2000,BURWOOD_HWY E of WARRIGAL_RD,060 H06,-37.85193,145.09463,12521,185,3,1,10/4/2006,32,29,25,18,16,11,22,17,8,13,13,7,5,6,16,18,15,15,21,32,39,62,102,137,189,266,384,407,444,453,448,398,435,377,413,334,322,267,240,216,191,209,204,196,223,225,180,208,199,187,187,146,201,201,186,188,167,189,184,182,175,186,165,201,253,229,236,271,196,213,239,280,249,256,221,219,231,175,181,143,141,147,159,158,132,136,114,120,126,99,118,99,91,66,51,40,16241
2000,BURWOOD_HWY E of WARRIGAL_RD,060 H06,-37.85193,145.09463,12521,185,3,1,10/5/2006,34,36,25,32,19,12,16,10,13,14,13,17,9,14,14,26,14,17,21,37,40,66,107,123,160,238,323,405,383,458,474,422,438,386,387,365,276,248,256,210,187,198,185,181,184,196,204,201,187,175,174,165,177,184,154,196,152,147,160,194,188,194,168,180,215,224,251,261,240,253,254,267,270,254,253,199,209,184,148,160,180,163,142,139,127,145,153,121,144,137,111,109,82,71,69,55,16079
2000,BURWOOD_HWY E of WARRIGAL_RD,060 H06,-37.85193,145.09463,12521,185,3,1,10/6/2006,48,31,34,25,25,16,18,18,23,12,12,13,15,10,20,25,23,21,19,36,47,64,110,130,171,319,321,431,404,447,403,476,374,409,407,344,281,262,238,196,192,194,212,180,197,204,170,185,204,214,188,181,191,199,195,201,163,189,243,153,188,186,199,204,237,220,213,209,233,242,264,244,232,267,246,246,205,236,195,181,161,164,157,157,134,138,139,123,166,157,120,107,120,103,110,63,16699
2000,BURWOOD_HWY E of WARRIGAL_RD,060 H06,-37.85193,145.09463,12521,185,3,1,10/7/2006,46,63,55,51,38,36,53,46,38,29,24,30,19,29,24,24,21,25,25,20,27,43,41,48,65,126,144,109,91,116,138,141,162,184,208,219,163,227,226,219,197,184,191,172,180,178,173,192,208,201,211,175,177,194,220,223,217,205,221,197,190,205,186,205,227,204,212,206,221,227,209,218,244,224,241,240,236,204,200,182,154,136,141,148,108,133,134,133,115,129,165,123,118,111,136,111,13685
2000,BURWOOD_HWY E of WARRIGAL_RD,060 H06,-37.85193,145.09463,12521,185,3,1,10/9/2006,26,25,20,17,19,12,12,11,4,10,10,16,14,12,11,15,21,19,35,32,29,64,94,137,163,273,364,386,382,433,467,433,447,428,401,358,322,242,187,206,217,189,179,189,211,187,183,189,201,168,207,172,153,167,192,200,183,197,232,174,199,205,197,215,224,233,249,226,275,254,264,238,289,290,213,222,179,165,154,138,102,131,109,117,104,88,108,109,88,112,81,55,56,47,35,38,15756
2000,BURWOOD_HWY E of WARRIGAL_RD,060 H06,-37.85193,145.09463,12521,185,3,1,10/10/2006,31,35,21,22,14,12,13,12,7,10,9,9,6,10,19,12,18,15,23,34,42,64,92,129,166,295,378,377,462,426,486,415,432,368,302,342,311,268,235,250,176,187,179,200,182,198,183,174,205,166,190,182,203,208,178,219,174,188,195,197,206,176,201,177,242,255,218,238,250,256,277,261,269,267,250,218,194,211,198,185,157,154,128,135,125,131,143,129,103,113,104,94,66,79,66,43,16275
2000,BURWOOD_HWY E of WARRIGAL_RD,060 H06,-37.85193,145.09463,12521,185,3,1,10/11/2006,44,40,23,18,15,13,18,13,12,19,13,10,5,9,19,15,10,16,19,37,40,64,102,142,175,299,354,410,383,475,460,455,312,375,379,395,225,275,222,211,180,203,202,154,212,169,166,204,181,193,221,170,183,167,201,167,194,180,199,185,173,172,173,177,228,225,236,261,232,270,246,309,263,264,254,209,220,178,165,160,153,148,121,138,148,139,122,121,128,117,114,86,54,81,51,41,16029
2000,BURWOOD_HWY E of WARRIGAL_RD,060 H06,-37.85193,145.09463,12521,185,3,1,10/12/2006,35,32,23,25,16,18,15,25,5,9,16,20,10,7,18,25,16,15,23,35,47,64,91,128,206,268,338,416,423,410,456,423,415,398,406,359,316,272,238,192,208,174,188,165,176,200,196,216,187,194,191,179,189,192,196,196,150,152,178,177,178,199,186,169,232,214,260,232,228,260,227,258,240,254,241,196,194,204,172,141,154,140,133,129,153,132,158,137,128,138,124,86,88,76,64,47,16130
2000,BURWOOD_HWY E of WARRIGAL_RD,060 H06,-37.85193,145.09463,12521,185,3,1,10/15/2006,111,96,67,67,60,48,44,39,44,50,39,26,37,29,37,46,30,40,45,36,37,33,45,48,38,72,80,72,60,56,76,86,90,108,121,134,149,215,235,218,183,197,186,198,169,188,168,204,214,222,208,203,199,203,226,254,258,224,207,216,210,240,253,185,248,243,244,171,243,233,240,211,181,199,180,166,145,138,143,134,112,124,108,127,131,123,113,98,90,75,69,86,44,56,42,34,12530
2000,BURWOOD_HWY E of WARRIGAL_RD,060 H06,-37.85193,145.09463,12521,185,3,1,10/16/2006,32,32,33,19,21,18,14,14,10,14,13,10,12,2,12,12,11,17,24,30,31,70,119,126,169,289,339,372,389,475,432,427,338,386,342,364,286,261,213,160,181,207,188,181,203,165,212,184,193,188,187,192,170,195,215,171,199,162,172,195,211,193,169,165,246,242,231,247,237,282,262,256,267,246,214,190,175,186,150,122,140,106,108,100,121,94,111,120,93,80,89,66,51,52,46,27,15393
2000,BURWOOD_HWY E of WARRIGAL_RD,060 H06,-37.85193,145.09463,12521,185,3,1,10/17/2006,25,26,23,23,18,11,15,12,6,14,14,9,7,11,13,15,20,17,20,31,51,73,131,140,213,312,354,407,432,450,466,437,419,407,403,282,333,273,242,242,197,195,188,191,184,188,186,198,182,203,175,195,188,173,205,171,201,190,184,187,222,196,161,186,240,232,237,245,242,268,247,296,241,271,255,234,210,217,144,177,139,144,129,152,145,127,125,119,121,121,102,88,76,73,77,48,16485
2000,BURWOOD_HWY E of WARRIGAL_RD,060 H06,-37.85193,145.09463,12521,185,3,1,10/18/2006,52,35,21,29,24,17,18,14,7,12,16,18,12,8,20,15,5,22,24,39,40,60,125,137,175,287,387,367,463,459,450,406,395,405,396,294,277,274,241,203,219,217,185,209,170,200,202,198,153,188,139,194,184,176,206,188,193,180,171,183,186,204,181,169,231,246,236,244,243,275,236,272,241,266,236,255,182,200,180,175,151,180,128,144,165,136,116,138,130,146,105,89,80,58,62,42,16332
2000,BURWOOD_HWY E of WARRIGAL_RD,060 H06,-37.85193,145.09463,12521,185,3,1,10/19/2006,37,39,28,28,17,14,26,15,6,11,12,22,7,15,18,23,15,25,31,31,41,73,126,134,192,304,389,390,396,446,459,363,393,360,402,387,358,269,199,210,180,185,197,176,196,217,185,169,155,186,164,187,202,193,146,211,176,202,187,179,209,177,212,136,213,253,228,266,227,272,268,266,271,252,241,258,231,198,208,165,162,144,136,133,138,137,160,115,121,125,111,88,122,105,60,53,16465
2000,BURWOOD_HWY E of WARRIGAL_RD,060 H06,-37.85193,145.09463,12521,185,3,1,10/20/2006,49,42,28,23,21,25,26,22,16,22,22,21,11,14,26,22,15,19,24,42,39,60,116,144,187,304,346,372,417,462,462,372,409,397,420,334,318,246,249,224,180,172,196,146,180,179,186,176,160,170,145,167,190,171,149,153,197,182,182,188,180,176,202,167,250,210,261,232,253,250,282,252,257,234,244,234,216,236,196,204,161,177,132,132,142,132,126,134,112,135,144,96,97,97,84,85,16359
2000,BURWOOD_HWY E of WARRIGAL_RD,060 H06,-37.85193,145.09463,12521,185,3,1,10/21/2006,78,80,48,43,42,45,41,26,14,29,29,27,15,15,20,30,18,18,22,26,39,42,63,61,78,104,113,115,111,124,136,153,166,164,196,211,194,207,196,178,212,198,175,204,202,175,174,196,171,193,188,175,192,194,201,201,208,156,222,193,161,204,206,206,213,185,225,217,245,239,209,242,201,246,215,249,187,189,173,176,157,139,125,129,133,133,137,119,136,99,140,173,119,144,137,107,13462
2000,BURWOOD_HWY E of WARRIGAL_RD,060 H06,-37.85193,145.09463,12521,185,3,1,10/22/2006,102,113,71,90,67,58,37,43,35,46,35,33,35,30,35,24,34,26,23,35,33,31,35,42,46,59,89,46,46,52,95,66,84,112,104,140,147,174,182,204,201,159,191,196,186,208,192,192,202,183,184,229,190,224,203,227,239,245,217,205,210,249,198,251,240,230,236,235,229,249,243,253,202,206,188,187,142,157,149,144,104,114,104,125,141,129,124,115,113,64,60,75,71,65,58,31,12523
2000,BURWOOD_HWY E of WARRIGAL_RD,060 H06,-37.85193,145.09463,12521,185,3,1,10/23/2006,37,31,21,17,13,20,15,15,17,10,7,15,11,11,10,19,18,19,19,54,35,78,103,135,196,297,377,338,420,464,438,440,398,344,399,386,313,272,233,224,195,119,190,166,185,198,157,153,181,128,191,148,155,149,205,155,193,157,176,167,166,175,181,187,231,216,233,234,229,279,257,236,244,263,210,208,168,161,157,148,133,138,103,108,130,122,100,119,86,94,81,64,56,56,38,41,15289
2000,BURWOOD_HWY E of WARRIGAL_RD,060 H06,-37.85193,145.09463,12521,185,3,1,10/24/2006,21,23,29,13,8,18,14,11,11,9,13,10,11,9,14,15,18,16,26,30,49,82,116,159,200,293,337,436,421,478,474,417,405,407,420,357,300,272,233,210,187,173,186,181,199,182,186,160,185,187,178,166,188,227,188,183,190,178,170,186,181,171,197,168,206,213,221,241,232,266,262,256,261,227,255,235,199,184,184,145,153,145,128,89,125,126,125,116,100,123,110,82,55,66,70,40,16022
2000,BURWOOD_HWY E of WARRIGAL_RD,060 H06,-37.85193,145.09463,12521,185,3,1,10/25/2006,35,28,34,15,13,12,19,16,16,14,10,15,12,8,9,16,16,19,27,36,51,78,95,159,207,268,364,401,424,439,456,414,437,382,387,347,310,267,227,205,175,182,208,142,184,195,184,148,201,206,201,205,155,184,170,178,174,210,181,197,183,176,176,162,230,230,224,227,251,250,256,273,257,252,236,233,202,154,151,142,139,146,107,121,141,104,152,126,107,115,108,94,85,58,55,38,15929
2000,BURWOOD_HWY E of WARRIGAL_RD,060 H06,-37.85193,145.09463,12521,185,3,1,10/26/2006,35,32,25,23,19,20,23,17,6,10,12,12,5,6,20,16,18,21,23,30,46,79,124,131,220,327,318,408,476,415,487,386,458,352,424,353,268,291,230,226,194,179,210,181,140,192,167,172,162,210,195,202,181,210,200,163,195,174,208,178,176,190,182,185,230,227,251,222,260,247,283,245,276,253,224,229,203,206,201,154,177,161,137,141,142,128,175,152,132,63,113,78,83,74,60,43,16408
2000,BURWOOD_HWY E of WARRIGAL_RD,060 H06,-37.85193,145.09463,12521,185,3,1,10/27/2006,33,28,22,30,29,18,22,33,13,16,26,14,14,12,23,13,15,21,21,44,41,82,110,139,206,287,351,398,429,451,440,393,441,377,419,376,315,252,226,200,195,193,225,182,216,192,177,201,141,228,154,226,191,179,161,169,184,165,192,198,222,185,201,173,239,229,248,242,265,268,264,268,274,248,272,242,214,211,186,173,162,128,138,144,133,150,146,139,119,129,130,114,108,128,90,97,16828
2000,BURWOOD_HWY E of WARRIGAL_RD,060 H06,-37.85193,145.09463,12521,185,3,1,10/28/2006,79,75,58,37,51,40,33,29,27,30,30,19,14,8,18,24,18,20,23,32,29,44,65,54,65,100,112,101,111,108,142,130,155,187,192,209,186,223,199,209,165,206,188,189,178,204,186,151,191,206,186,202,177,204,178,175,184,191,186,201,195,205,200,230,234,211,245,204,226,222,221,218,251,243,210,249,195,202,172,198,136,148,148,135,141,125,130,146,144,117,134,123,116,133,98,100,13439
2000,BURWOOD_HWY E of WARRIGAL_RD,060 H06,-37.85193,145.09463,12521,185,3,1,10/30/2006,48,36,27,27,23,17,19,20,15,12,9,12,9,10,16,16,13,20,28,36,32,66,88,135,154,262,354,368,390,457,456,427,427,382,416,333,362,269,267,220,187,213,175,173,199,175,196,160,206,195,202,210,197,225,194,193,182,134,144,146,136,170,160,171,223,235,221,234,239,247,275,302,249,297,239,209,154,190,135,105,127,133,127,131,106,106,102,129,85,76,69,75,44,55,40,29,15609
2000,BURWOOD_HWY E of WARRIGAL_RD,060 H06,-37.85193,145.09463,12521,185,3,1,10/31/2006,33,27,17,29,16,18,10,18,16,14,6,14,7,14,20,14,12,16,20,29,36,61,89,131,157,274,386,382,441,494,454,395,450,358,427,401,326,256,246,198,199,201,200,199,204,186,171,181,195,187,191,202,207,214,180,210,173,202,215,188,206,159,178,195,238,246,233,269,235,258,272,254,271,290,207,214,200,175,184,155,146,133,147,142,152,162,134,121,119,103,114,81,80,91,59,45,16485
2000,WARRIGAL_RD S of BURWOOD_HWY,060 H06,-37.85221,145.09425,10505,185,5,1,10/1/2006,110,93,83,53,58,47,42,29,35,34,32,28,36,25,15,18,24,14,17,16,12,23,14,26,27,42,43,50,47,50,68,68,58,64,103,116,123,132,156,184,171,222,208,233,209,226,263,307,274,277,279,306,278,247,308,257,311,266,304,295,282,275,263,304,278,300,307,319,341,323,303,336,274,229,182,176,172,152,153,130,138,105,107,112,109,109,108,104,95,77,54,54,52,49,40,30,13898
2000,WARRIGAL_RD S of BURWOOD_HWY,060 H06,-37.85221,145.09425,10505,185,5,1,10/2/2006,28,21,21,17,14,10,9,8,3,8,13,7,2,6,9,5,7,10,5,15,15,27,25,50,61,129,158,192,256,336,306,391,386,379,371,330,275,266,261,266,238,242,229,252,214,228,260,272,260,267,236,270,238,253,280,252,255,246,310,313,294,310,303,349,345,396,353,404,352,384,379,401,403,410,329,280,223,217,200,174,157,137,143,139,127,126,104,113,100,89,76,59,55,48,38,26,17856
2000,WARRIGAL_RD S of BURWOOD_HWY,060 H06,-37.85221,145.09425,10505,185,5,1,10/3/2006,23,24,12,11,6,8,6,10,14,6,7,4,5,7,5,6,8,7,11,11,13,23,33,56,93,146,199,235,273,295,370,354,387,422,412,374,346,297,294,274,286,237,277,252,220,257,242,275,255,261,284,264,245,282,267,257,278,382,281,305,334,360,338,329,382,318,402,394,456,375,388,358,396,380,370,296,265,237,207,195,164,149,126,139,165,158,130,153,109,96,90,89,78,60,57,38,19075
2000,WARRIGAL_RD S of BURWOOD_HWY,060 H06,-37.85221,145.09425,10505,185,5,1,10/4/2006,30,32,22,19,18,15,11,5,8,10,8,2,2,4,8,10,7,7,14,12,10,22,34,50,85,130,209,234,245,321,336,398,309,392,380,397,328,344,277,342,261,273,263,263,290,262,232,266,256,294,245,272,248,239,254,268,254,297,297,294,304,311,348,359,307,333,397,393,396,376,436,404,404,390,388,277,255,262,210,132,161,162,164,155,132,136,147,121,125,111,79,85,83,70,46,44,18918
2000,WARRIGAL_RD S of BURWOOD_HWY,060 H06,-37.85221,145.09425,10505,185,5,1,10/5/2006,40,34,25,20,15,23,23,14,9,12,8,6,7,6,11,6,8,9,12,18,14,19,41,48,97,123,162,217,236,294,318,386,358,422,383,399,349,325,288,279,250,259,259,193,260,272,280,268,257,268,314,266,256,245,284,289,329,337,287,326,330,370,318,356,371,354,369,382,414,388,378,371,384,429,372,324,274,253,242,227,209,171,185,213,263,261,188,146,139,112,92,107,103,65,69,50,19842
2000,WARRIGAL_RD S of BURWOOD_HWY,060 H06,-37.85221,145.09425,10505,185,5,1,10/6/2006,38,36,29,16,18,12,19,11,13,12,7,10,3,11,6,12,12,8,17,14,15,20,28,60,78,105,187,225,285,255,339,322,429,360,420,371,297,260,322,279,282,255,235,293,288,263,274,321,251,274,303,276,302,276,288,279,324,310,347,275,326,391,333,377,369,419,378,407,377,397,387,417,422,390,421,321,300,286,254,243,195,169,159,187,197,233,203,143,108,130,102,129,121,97,93,96,20254
2000,WARRIGAL_RD S of BURWOOD_HWY,060 H06,-37.85221,145.09425,10505,185,5,1,10/7/2006,72,70,43,41,37,40,39,44,30,23,20,17,22,24,25,12,9,12,9,11,11,17,29,23,38,52,92,81,58,91,112,120,157,160,178,198,222,240,242,243,303,272,243,320,314,325,316,336,334,306,341,377,299,324,326,350,347,347,324,282,363,339,321,306,313,311,347,341,341,369,342,359,337,331,323,260,226,227,204,169,142,126,127,133,131,126,139,110,108,108,135,121,129,121,130,138,17503
2000,WARRIGAL_RD S of BURWOOD_HWY,060 H06,-37.85221,145.09425,10505,185,5,1,10/8/2006,116,109,93,61,79,67,61,53,32,40,33,28,32,24,18,25,17,24,21,22,11,15,25,25,23,35,53,50,45,55,64,76,78,92,92,120,132,138,196,192,189,220,183,252,229,213,255,273,296,337,278,310,284,352,320,291,325,317,312,300,304,350,280,328,293,361,302,355,369,335,358,291,298,290,219,211,155,165,128,132,128,125,113,120,135,126,95,76,81,68,70,62,57,39,32,26,14885
2000,WARRIGAL_RD S of BURWOOD_HWY,060 H06,-37.85221,145.09425,10505,185,5,1,10/9/2006,32,22,20,15,10,11,12,5,8,7,11,10,5,4,5,10,12,11,17,14,19,26,34,57,85,96,188,216,214,321,346,363,367,405,315,398,333,329,281,282,228,216,225,280,225,244,253,268,220,302,283,251,266,291,265,238,250,276,271,292,307,347,330,353,320,398,352,397,373,425,382,413,382,402,311,252,247,219,191,177,137,131,127,142,140,149,112,86,91,72,79,59,44,52,37,33,18129
2000,WARRIGAL_RD S of BURWOOD_HWY,060 H06,-37.85221,145.09425,10505,185,5,1,10/10/2006,35,24,12,14,9,11,18,9,9,5,2,6,12,4,7,13,6,15,9,10,13,33,31,49,80,112,205,244,266,329,269,369,361,444,353,406,310,354,297,282,261,244,269,273,249,285,259,255,229,243,302,269,259,284,296,257,271,303,297,298,331,360,362,390,326,380,400,393,399,414,362,454,365,397,362,283,253,244,202,209,169,138,152,145,143,160,172,141,144,96,110,123,78,57,66,48,19268
2000,WARRIGAL_RD S of BURWOOD_HWY,060 H06,-37.85221,145.09425,10505,185,5,1,10/11/2006,29,25,24,17,6,15,13,11,8,8,5,8,9,10,4,8,6,7,14,16,17,28,37,42,93,136,184,215,267,299,310,330,441,356,406,354,382,328,339,309,289,280,273,239,237,263,281,237,259,262,229,294,278,283,297,282,300,273,298,284,354,360,335,326,352,348,403,381,379,347,412,382,452,412,362,290,266,274,182,234,181,153,138,137,159,158,145,139,144,150,98,86,87,65,64,54,19363
2000,WARRIGAL_RD S of BURWOOD_HWY,060 H06,-37.85221,145.09425,10505,185,5,1,10/12/2006,26,25,27,17,16,13,11,14,10,13,7,15,7,11,6,8,9,9,17,13,12,29,42,56,86,134,223,210,274,327,329,379,387,400,374,398,328,310,298,353,262,263,260,246,266,228,293,276,248,287,269,314,265,270,245,333,300,305,313,301,359,346,333,379,301,337,398,392,433,357,418,389,404,358,362,287,293,276,257,221,191,186,197,195,223,249,186,180,142,109,107,99,84,63,78,44,20000
2000,WARRIGAL_RD S of BURWOOD_HWY,060 H06,-37.85221,145.09425,10505,185,5,1,10/15/2006,108,109,84,91,61,57,50,58,48,44,28,40,37,24,38,22,11,21,16,22,19,21,33,33,29,40,46,37,41,51,51,74,79,82,93,133,129,150,166,190,202,203,228,211,253,273,288,288,318,295,325,298,298,246,308,296,281,300,333,304,291,330,276,344,313,342,372,351,345,334,357,322,272,253,217,202,172,195,180,162,129,128,119,131,142,117,110,108,84,72,82,66,44,54,44,32,15106
2000,WARRIGAL_RD S of BURWOOD_HWY,060 H06,-37.85221,145.09425,10505,185,5,1,10/16/2006,20,24,18,16,10,13,10,10,5,8,11,9,8,6,3,5,11,17,12,15,23,29,35,50,92,127,208,231,248,293,321,319,357,351,411,340,337,339,272,257,224,197,243,262,232,254,236,257,249,248,262,253,257,264,270,299,263,290,267,312,358,321,352,349,359,357,413,345,396,349,362,401,403,389,323,291,256,205,217,201,155,140,140,126,147,130,104,101,123,87,64,63,68,56,42,35,18238
2000,WARRIGAL_RD S of BURWOOD_HWY,060 H06,-37.85221,145.09425,10505,185,5,1,10/17/2006,27,26,25,15,13,9,5,14,11,10,7,9,6,7,6,7,13,16,17,12,10,33,38,42,87,148,197,214,262,333,300,349,412,407,383,375,324,324,293,280,242,288,262,263,255,260,238,289,242,245,294,251,249,278,287,273,267,279,314,275,392,318,342,323,338,390,398,330,413,303,431,374,385,340,416,308,249,246,220,168,160,144,123,154,153,153,151,131,142,120,86,91,81,72,57,46,18965
2000,WARRIGAL_RD S of BURWOOD_HWY,060 H06,-37.85221,145.09425,10505,185,5,1,10/18/2006,41,20,33,23,15,13,5,11,8,8,9,5,11,5,6,4,8,11,16,17,13,26,32,63,74,146,210,228,294,346,293,409,397,385,384,370,302,319,266,294,249,264,245,248,230,273,249,263,304,260,257,275,268,296,271,288,264,244,329,330,327,345,347,350,357,341,409,309,391,355,418,356,464,391,406,292,286,255,217,183,162,179,141,156,169,138,149,173,129,121,82,89,75,55,41,50,19235
2000,WARRIGAL_RD S of BURWOOD_HWY,060 H06,-37.85221,145.09425,10505,185,5,1,10/20/2006,36,38,35,31,25,19,20,11,19,18,18,8,14,10,7,6,15,10,12,18,23,26,35,46,84,118,195,248,262,289,369,345,405,399,391,342,308,290,263,289,260,242,282,269,250,230,269,307,285,316,284,317,249,316,311,298,286,283,336,297,357,361,311,358,361,374,360,442,359,377,396,414,450,424,340,331,298,274,259,225,188,149,168,181,196,272,191,160,154,151,123,107,126,112,92,88,20313
2000,WARRIGAL_RD S of BURWOOD_HWY,060 H06,-37.85221,145.09425,10505,185,5,1,10/21/2006,83,73,39,47,35,43,34,36,24,29,27,23,11,14,8,13,11,17,16,15,11,23,24,25,36,70,75,72,63,86,132,140,133,167,201,209,217,231,239,275,247,253,277,291,305,279,315,352,351,331,313,350,333,331,329,318,366,353,289,298,324,359,316,296,315,290,338,364,351,409,315,332,345,307,266,245,286,233,203,179,155,154,117,109,95,114,108,115,130,120,113,119,125,157,140,100,17352
2000,WARRIGAL_RD S of BURWOOD_HWY,060 H06,-37.85221,145.09425,10505,185,5,1,10/22/2006,115,98,72,84,65,65,49,35,39,28,33,27,24,25,23,19,22,19,18,17,15,22,27,21,23,35,53,52,40,39,68,86,66,101,101,126,127,126,187,218,195,201,237,228,245,232,266,289,296,300,350,335,281,323,273,307,256,304,283,307,316,259,254,299,316,325,341,334,377,373,393,333,326,270,261,222,161,184,187,152,144,120,110,119,128,105,111,80,91,81,64,69,53,53,27,39,14995
2000,WARRIGAL_RD S of BURWOOD_HWY,060 H06,-37.85221,145.09425,10505,185,5,1,10/23/2006,36,22,22,16,18,11,12,7,17,6,9,2,5,11,6,10,10,17,18,11,18,27,38,51,83,119,183,238,239,289,339,309,430,349,420,311,315,269,273,237,236,232,248,228,249,248,276,223,261,256,231,254,260,244,265,274,252,274,292,296,304,350,311,339,321,316,385,329,423,351,419,395,419,371,298,285,236,242,197,158,147,133,137,134,134,137,130,112,99,95,89,62,60,54,39,35,17948
2000,WARRIGAL_RD S of BURWOOD_HWY,060 H06,-37.85221,145.09425,10505,185,5,1,10/24/2006,23,22,15,23,12,9,9,7,11,4,3,9,10,6,5,9,7,11,8,15,23,36,34,52,87,139,216,265,259,336,313,334,379,406,355,358,330,290,315,278,270,254,280,262,228,260,256,270,246,284,294,268,260,266,270,275,272,286,311,295,332,321,345,332,346,360,380,379,372,411,378,382,363,400,341,314,252,242,196,170,170,146,136,132,141,150,139,129,129,128,99,96,84,70,39,35,18869
2000,WARRIGAL_RD S of BURWOOD_HWY,060 H06,-37.85221,145.09425,10505,185,5,1,10/25/2006,30,23,35,16,14,21,11,10,20,8,7,6,9,8,8,5,10,15,15,14,16,24,45,46,90,142,201,245,251,311,316,360,373,371,329,370,286,330,312,326,248,277,251,254,249,219,275,262,271,282,244,276,297,268,283,259,275,292,294,323,347,339,324,348,334,360,411,360,411,424,393,324,395,352,418,286,280,230,208,196,169,158,160,157,133,158,143,137,117,121,121,77,81,53,55,41,19049
2000,WARRIGAL_RD S of BURWOOD_HWY,060 H06,-37.85221,145.09425,10505,185,5,1,10/26/2006,37,35,26,19,22,17,7,10,13,6,6,13,7,5,4,4,16,11,18,11,19,35,35,58,87,135,260,231,270,282,300,376,339,426,369,366,327,287,322,272,271,268,241,225,230,258,276,291,267,288,289,245,320,290,287,286,283,269,294,338,351,318,373,352,344,376,365,403,374,365,330,397,384,450,340,323,287,283,280,215,187,198,176,185,237,265,222,165,166,111,103,94,105,74,47,50,19894
2000,WARRIGAL_RD S of BURWOOD_HWY,060 H06,-37.85221,145.09425,10505,185,5,1,10/27/2006,37,32,25,18,23,19,12,11,11,6,9,12,7,8,6,9,21,9,12,20,26,20,36,46,85,146,210,220,241,316,333,363,347,384,388,351,336,289,273,319,223,262,239,271,262,266,286,267,301,287,301,294,279,300,253,276,363,311,304,313,304,365,337,353,343,385,419,360,363,434,378,403,426,392,358,289,295,285,263,211,188,192,175,179,223,239,179,144,119,112,116,107,144,108,109,83,20074
2000,WARRIGAL_RD S of BURWOOD_HWY,060 H06,-37.85221,145.09425,10505,185,5,1,10/28/2006,88,76,54,47,47,36,26,26,29,20,22,18,11,19,16,18,9,15,16,13,13,17,19,35,34,64,58,79,73,82,108,132,138,136,246,213,194,220,254,256,271,280,247,263,330,323,303,339,341,321,343,334,345,334,341,369,296,320,350,302,354,363,264,352,334,339,286,324,358,414,372,363,281,280,304,260,254,228,192,192,153,157,156,116,103,110,120,102,145,126,109,105,123,123,131,126,17448
2000,WARRIGAL_RD S of BURWOOD_HWY,060 H06,-37.85221,145.09425,10505,185,5,1,10/29/2006,140,107,114,62,55,49,31,0,0,0,0,37,38,32,27,42,26,22,34,13,21,10,25,22,26,34,44,41,38,53,65,48,43,78,76,100,111,125,148,164,163,157,220,225,226,230,279,306,309,323,313,270,285,283,289,276,297,277,268,337,286,347,333,301,311,337,315,380,392,358,385,331,311,263,277,192,167,157,143,154,152,139,106,110,134,126,108,126,102,86,75,71,55,65,46,40,14715
2000,WARRIGAL_RD S of BURWOOD_HWY,060 H06,-37.85221,145.09425,10505,185,5,1,10/30/2006,33,31,23,22,28,12,11,13,13,6,11,8,7,12,7,7,13,18,15,17,21,28,30,46,87,135,149,229,214,302,301,341,303,371,374,393,300,295,260,279,236,262,231,246,225,226,257,247,270,266,241,259,316,273,283,266,281,271,303,304,324,357,340,289,342,326,363,344,381,386,394,358,377,362,364,266,242,208,207,204,140,169,136,150,135,131,127,129,117,88,80,72,69,65,46,33,18149
2000,WARRIGAL_RD S of BURWOOD_HWY,060 H06,-37.85221,145.09425,10505,185,5,1,10/31/2006,37,39,15,17,14,19,14,9,4,7,7,8,6,7,4,8,5,12,16,17,12,23,36,36,80,134,170,262,261,276,292,371,347,422,341,356,352,333,283,298,259,237,264,271,233,261,253,240,260,268,283,226,245,289,358,292,282,296,291,306,298,347,309,381,343,351,385,380,432,366,386,377,389,386,378,327,253,273,212,194,171,187,162,161,154,147,121,156,118,136,116,95,86,53,54,54,19102
2000,TOORAK_RD W of WARRIGAL_RD,060 H06,-37.85187,145.09407,2276,185,7,1,10/2/2006,46,43,35,26,33,17,10,14,13,13,21,9,12,10,11,11,14,8,9,15,13,21,22,32,32,55,70,75,108,151,210,253,213,225,247,197,190,180,155,162,165,183,163,182,174,173,178,174,184,161,171,173,182,199,172,180,165,210,205,186,212,201,224,243,248,278,345,296,325,361,404,317,368,305,255,242,212,213,179,181,152,117,123,129,114,123,106,132,126,95,90,68,64,70,72,49,13600
2000,TOORAK_RD W of WARRIGAL_RD,060 H06,-37.85187,145.09407,2276,185,7,1,10/3/2006,38,31,29,12,19,31,15,16,9,16,11,9,11,13,7,5,4,11,12,12,11,19,32,27,54,68,96,94,114,147,186,264,270,263,222,205,234,185,194,189,188,202,152,171,166,175,190,195,154,173,165,178,198,190,205,209,190,249,194,224,195,185,202,237,255,344,313,380,346,411,334,389,404,317,336,243,255,212,220,164,138,171,158,136,137,174,100,146,117,115,123,97,74,64,74,68,14587
2000,TOORAK_RD W of WARRIGAL_RD,060 H06,-37.85187,145.09407,2276,185,7,1,10/4/2006,43,40,36,20,29,20,20,12,20,10,9,13,9,13,11,7,13,12,9,15,15,22,26,32,48,61,99,116,99,155,227,231,253,255,220,215,204,180,192,179,207,167,205,175,185,178,175,184,183,179,175,172,182,186,197,179,220,198,195,200,210,231,212,238,269,276,298,337,337,379,344,367,403,355,290,263,225,212,209,172,155,178,168,146,142,131,141,133,132,133,112,101,105,62,84,57,14539
2000,TOORAK_RD W of WARRIGAL_RD,060 H06,-37.85187,145.09407,2276,185,7,1,10/5/2006,45,37,43,19,32,18,24,19,11,17,18,9,21,18,10,4,12,18,11,10,26,22,24,39,54,57,91,108,118,141,201,213,283,246,244,199,193,206,199,179,227,164,176,172,169,165,191,191,185,193,194,199,198,213,191,193,210,187,219,198,203,217,225,254,276,286,375,334,355,384,356,393,363,364,262,296,244,207,208,181,154,157,153,146,149,166,125,138,125,137,107,123,90,69,98,71,14865
2000,TOORAK_RD W of WARRIGAL_RD,060 H06,-37.85187,145.09407,2276,185,7,1,10/6/2006,54,46,42,35,24,28,32,22,29,18,19,23,17,12,15,12,13,10,23,17,18,21,27,38,52,63,77,124,108,168,186,232,198,281,231,224,187,170,153,204,165,185,179,195,196,203,185,195,180,178,196,190,204,205,181,191,190,206,202,232,202,192,238,195,271,292,338,369,361,368,355,413,358,379,313,274,257,212,220,163,152,152,128,114,124,129,117,134,139,150,149,155,141,136,135,124,15060
2000,TOORAK_RD W of WARRIGAL_RD,060 H06,-37.85187,145.09407,2276,185,7,1,10/7/2006,98,86,89,81,82,50,69,39,46,48,50,35,43,48,29,27,27,24,26,26,19,30,23,39,28,49,52,42,56,77,101,103,113,136,125,178,150,165,163,182,190,186,204,198,193,199,180,204,200,213,207,196,189,167,190,201,195,200,215,210,206,222,211,196,213,190,228,203,195,225,219,224,213,190,201,187,203,161,156,123,123,111,114,106,139,88,122,115,112,106,132,163,134,174,148,182,12826
2000,TOORAK_RD W of WARRIGAL_RD,060 H06,-37.85187,145.09407,2276,185,7,1,10/9/2006,40,50,35,20,20,24,18,17,17,13,15,5,11,7,9,9,13,8,14,14,18,23,30,33,43,37,104,106,98,150,192,254,279,225,241,221,205,180,133,174,214,181,162,158,183,183,185,186,192,189,178,216,158,171,194,198,179,201,187,226,218,182,203,234,269,291,351,294,333,367,399,391,396,311,335,268,229,208,171,151,163,148,126,120,136,118,124,120,97,94,106,76,66,51,50,39,14081
2000,TOORAK_RD W of WARRIGAL_RD,060 H06,-37.85187,145.09407,2276,185,7,1,10/10/2006,40,32,27,25,27,18,14,12,16,14,10,8,10,12,5,14,10,12,11,12,18,18,24,38,40,73,97,82,119,129,202,222,274,214,280,194,206,219,195,185,158,217,198,184,190,179,164,191,163,160,190,186,203,210,187,205,178,180,211,217,201,209,236,236,274,328,301,303,315,357,388,357,397,354,312,297,269,235,196,182,158,183,167,136,134,147,138,149,142,125,107,121,117,91,67,54,14712
2000,TOORAK_RD W of WARRIGAL_RD,060 H06,-37.85187,145.09407,2276,185,7,1,10/11/2006,67,32,30,21,27,25,15,17,17,20,9,12,11,11,14,11,7,11,10,14,15,21,31,35,51,61,114,99,113,142,207,246,261,260,227,196,203,176,178,184,184,161,167,189,142,175,193,194,175,188,200,195,190,201,196,200,206,191,197,196,197,207,207,256,243,342,310,358,324,387,325,408,383,376,246,274,246,239,225,168,167,164,178,144,157,160,164,136,141,134,130,99,105,94,89,68,14792
2000,TOORAK_RD W of WARRIGAL_RD,060 H06,-37.85187,145.09407,2276,185,7,1,10/12/2006,47,40,42,36,28,18,22,14,11,17,14,15,8,8,10,8,8,12,11,20,22,24,38,49,59,67,90,113,102,158,195,231,266,232,252,207,224,166,187,161,176,179,174,179,183,174,192,195,193,194,167,191,174,179,178,165,181,171,195,209,220,221,252,221,289,357,333,302,334,389,352,397,349,384,253,254,249,222,207,185,157,166,142,161,160,125,140,127,146,155,123,106,109,85,70,76,14699
2000,TOORAK_RD W of WARRIGAL_RD,060 H06,-37.85187,145.09407,2276,185,7,1,10/16/2006,44,45,35,28,24,13,20,20,12,12,13,13,5,8,7,14,12,12,18,21,17,19,26,23,54,58,97,100,106,149,166,239,244,262,215,243,150,132,169,151,178,162,154,165,170,165,171,176,167,206,154,200,188,159,192,183,210,175,200,191,196,223,225,261,258,279,283,396,343,365,371,360,386,305,322,266,233,193,174,158,173,137,125,113,134,133,122,141,129,120,100,94,78,50,60,46,13914
2000,TOORAK_RD W of WARRIGAL_RD,060 H06,-37.85187,145.09407,2276,185,7,1,10/17/2006,37,31,39,33,25,18,18,12,14,10,13,10,9,10,9,7,14,12,9,18,18,21,30,34,49,67,95,102,106,150,204,203,267,240,243,219,217,182,183,201,202,136,177,174,151,187,175,177,182,191,165,176,209,187,181,198,191,205,204,221,225,202,233,253,265,308,318,372,336,378,361,405,382,398,355,261,254,233,175,199,165,147,131,118,142,139,128,136,134,111,103,99,109,97,116,86,14742
2000,TOORAK_RD W of WARRIGAL_RD,060 H06,-37.85187,145.09407,2276,185,7,1,10/18/2006,48,51,33,31,22,21,19,20,15,20,17,14,11,16,17,10,7,11,6,15,14,24,32,30,41,70,96,101,118,131,202,236,219,245,241,213,184,193,176,189,178,153,142,179,166,166,178,228,169,191,194,215,177,178,186,167,185,216,209,199,214,214,217,250,258,308,220,304,372,425,320,349,390,394,332,262,272,239,195,171,165,143,154,141,168,147,141,142,137,110,132,93,93,93,91,68,14559
2000,TOORAK_RD W of WARRIGAL_RD,060 H06,-37.85187,145.09407,2276,185,7,1,10/19/2006,57,50,37,31,29,33,33,10,23,14,15,14,6,20,12,9,11,13,7,28,22,18,31,46,57,53,103,110,108,136,192,241,268,280,255,253,230,188,164,190,178,168,181,188,174,182,176,169,187,191,197,190,208,211,185,196,214,218,206,225,219,222,226,251,253,369,297,394,362,410,348,372,370,344,335,286,238,195,232,192,170,177,145,154,144,162,130,137,142,123,111,128,76,86,83,86,15210
2000,TOORAK_RD W of WARRIGAL_RD,060 H06,-37.85187,145.09407,2276,185,7,1,10/20/2006,66,58,45,36,42,34,32,26,28,20,21,25,28,13,17,9,18,7,8,12,22,20,34,43,41,57,94,107,115,155,174,234,251,246,240,174,215,161,145,182,174,195,182,186,183,202,187,191,185,184,190,197,189,175,198,178,200,179,188,198,179,206,236,222,264,257,381,359,439,348,317,321,334,340,334,255,235,228,155,153,150,144,134,110,115,133,115,121,143,151,129,125,125,145,168,102,14689
2000,TOORAK_RD W of WARRIGAL_RD,060 H06,-37.85187,145.09407,2276,185,7,1,10/21/2006,104,100,95,69,77,64,51,50,46,42,50,29,36,20,21,19,17,26,23,23,35,24,40,29,36,27,58,56,48,60,84,120,116,150,131,156,160,202,136,175,179,186,204,176,176,206,169,219,219,191,218,196,194,198,212,203,208,180,195,233,187,204,197,188,189,231,200,198,220,212,190,199,180,249,193,223,190,188,158,125,147,101,111,100,107,113,97,90,124,129,101,157,153,165,161,154,12698
2000,TOORAK_RD W of WARRIGAL_RD,060 H06,-37.85187,145.09407,2276,185,7,1,10/23/2006,43,38,30,26,24,15,14,16,18,11,11,6,8,11,7,14,6,14,19,8,14,23,26,29,57,66,79,97,108,149,189,217,238,242,224,212,199,166,168,164,154,198,166,174,165,165,158,211,183,183,218,170,171,186,165,177,175,187,203,209,221,206,212,255,272,313,312,357,304,399,364,396,334,356,262,257,219,247,152,153,149,153,135,133,115,106,88,107,106,120,97,79,68,53,43,45,13812
2000,TOORAK_RD W of WARRIGAL_RD,060 H06,-37.85187,145.09407,2276,185,7,1,10/24/2006,31,27,24,20,13,14,19,14,15,9,4,13,4,11,12,6,12,8,10,19,15,11,38,34,53,62,101,121,98,159,198,242,248,241,209,195,190,197,160,178,195,169,183,171,173,174,198,156,179,186,169,202,171,183,187,163,197,205,167,208,209,220,245,247,257,331,352,289,373,360,387,354,398,306,336,257,240,229,202,174,159,161,140,135,124,159,129,117,146,127,111,108,95,80,74,50,14352
2000,TOORAK_RD W of WARRIGAL_RD,060 H06,-37.85187,145.09407,2276,185,7,1,10/25/2006,47,34,33,26,21,25,17,16,12,10,13,12,9,12,9,11,15,16,14,13,15,17,40,30,50,68,97,117,86,159,205,214,221,238,236,183,194,186,151,195,187,157,156,195,170,190,167,203,179,161,191,194,178,221,151,189,202,176,213,193,205,215,223,268,274,335,317,343,379,353,344,390,372,435,317,300,269,251,163,218,152,150,164,143,144,141,169,137,123,140,94,92,75,83,63,59,14640
2000,TOORAK_RD W of WARRIGAL_RD,060 H06,-37.85187,145.09407,2276,185,7,1,10/26/2006,42,46,50,30,29,19,23,12,14,11,10,8,14,10,7,9,6,13,17,12,21,15,32,45,58,60,87,87,112,126,195,245,237,242,227,212,195,198,162,204,166,182,173,188,107,177,173,183,188,184,175,193,185,197,197,212,180,184,204,172,221,226,230,205,305,310,314,363,313,386,426,340,388,389,321,286,240,228,205,186,207,170,167,174,155,162,135,148,148,143,128,104,94,95,73,61,14808
2000,TOORAK_RD W of WARRIGAL_RD,060 H06,-37.85187,145.09407,2276,185,7,1,10/27/2006,62,41,47,36,25,23,30,14,17,28,12,14,25,16,22,14,10,13,16,27,17,20,33,39,58,56,93,109,109,136,184,228,233,246,209,230,181,173,193,168,180,159,188,165,168,164,179,209,187,193,192,172,173,204,196,194,205,207,199,205,210,212,224,238,271,316,365,364,371,357,341,364,352,319,282,251,213,239,174,180,158,158,143,120,132,131,138,131,131,157,146,138,124,110,125,94,14725
2000,TOORAK_RD W of WARRIGAL_RD,060 H06,-37.85187,145.09407,2276,185,7,1,10/28/2006,120,119,91,90,55,47,52,45,52,34,40,34,27,38,22,18,16,14,18,20,25,20,32,29,28,36,56,67,46,65,69,115,107,131,144,161,153,168,169,163,197,197,211,193,180,196,208,216,210,211,201,215,206,210,233,208,204,202,208,217,219,206,237,190,206,202,208,217,213,217,244,181,235,192,197,202,183,148,137,159,120,160,125,102,117,102,110,109,138,128,129,108,125,133,161,128,12847
2000,TOORAK_RD W of WARRIGAL_RD,060 H06,-37.85187,145.09407,2276,185,7,1,10/30/2006,41,43,35,32,23,28,23,14,13,17,8,6,12,6,8,16,11,12,8,19,20,12,22,30,55,51,106,99,106,138,174,217,270,237,261,221,184,156,169,132,157,159,156,201,163,188,182,159,167,186,171,132,169,222,189,174,195,178,192,184,212,196,222,268,269,302,348,319,332,398,354,397,342,359,277,282,240,213,151,128,143,134,132,127,103,108,91,161,129,116,86,101,73,71,55,54,13852
2000,TOORAK_RD W of WARRIGAL_RD,060 H06,-37.85187,145.09407,2276,185,7,1,10/31/2006,40,26,38,20,26,15,12,13,11,8,10,10,9,7,9,8,13,12,8,10,18,18,27,36,40,50,89,106,99,155,196,204,236,227,277,252,225,178,183,146,183,146,199,179,182,198,164,187,166,219,148,151,184,183,183,200,209,198,215,210,194,207,226,233,281,280,330,359,334,411,336,431,403,369,330,301,243,248,187,195,147,183,145,150,119,159,113,164,143,149,113,102,92,77,62,73,14660
2820,PRINCESS_ST S of CHANDLER_HWY,045 C02,-37.7948,145.03015,16542,834,5,1,10/2/2006,28,21,33,16,6,13,11,12,8,9,6,4,9,10,5,6,13,8,10,10,10,14,23,29,39,61,90,96,139,170,205,177,151,183,171,168,185,179,182,173,192,171,202,174,176,186,183,176,189,220,220,188,202,207,232,184,222,234,249,244,250,278,330,382,382,339,375,378,390,422,385,396,347,364,360,265,205,190,159,183,129,122,130,100,104,118,114,113,109,99,78,83,73,48,37,21,14592
2820,PRINCESS_ST S of CHANDLER_HWY,045 C02,-37.7948,145.03015,16542,834,5,1,10/3/2006,29,17,19,18,6,10,8,8,3,6,4,4,4,3,10,8,6,7,5,12,19,16,36,31,42,82,99,135,142,182,218,189,187,137,154,166,188,186,217,181,189,140,194,177,177,200,187,206,221,211,208,221,216,226,225,205,248,292,227,284,292,356,350,387,345,372,348,350,283,389,328,311,344,413,397,340,245,221,218,155,179,154,144,142,147,143,137,115,141,116,97,81,73,50,49,32,15292
2820,PRINCESS_ST S of CHANDLER_HWY,045 C02,-37.7948,145.03015,16542,834,5,1,10/4/2006,24,19,13,17,20,8,12,8,7,12,4,4,9,6,7,4,10,10,14,8,14,14,25,41,51,87,108,133,151,174,188,193,148,140,170,145,173,184,197,192,162,194,187,184,168,189,204,182,203,223,213,261,238,214,225,208,253,246,249,306,294,353,362,381,371,384,382,375,374,313,328,297,375,384,377,327,273,234,188,159,159,155,152,162,149,141,177,150,146,114,107,95,63,54,46,43,15497
2820,PRINCESS_ST S of CHANDLER_HWY,045 C02,-37.7948,145.03015,16542,834,5,1,10/5/2006,38,26,26,24,21,10,8,11,7,8,9,7,5,8,7,6,15,8,5,7,19,11,28,38,56,69,101,131,151,162,201,159,101,172,148,171,204,208,217,189,194,214,199,207,198,194,196,220,228,200,211,231,214,219,202,233,209,217,238,299,294,321,373,364,397,374,362,385,410,435,385,372,359,371,369,330,245,268,204,191,175,148,138,155,180,157,159,152,142,118,106,97,65,56,59,32,15863
2820,PRINCESS_ST S of CHANDLER_HWY,045 C02,-37.7948,145.03015,16542,834,5,1,10/6/2006,33,19,22,18,18,7,15,12,12,7,12,11,11,11,9,8,19,11,11,11,15,16,19,37,42,72,106,121,118,165,190,190,159,171,187,166,169,195,204,200,185,183,188,193,204,203,213,229,219,228,214,213,221,261,227,229,235,274,279,302,336,344,361,356,394,342,372,401,412,398,337,347,366,389,358,315,317,246,200,192,160,148,119,115,127,114,131,106,126,123,120,113,139,129,106,71,16049
2820,PRINCESS_ST S of CHANDLER_HWY,045 C02,-37.7948,145.03015,16542,834,5,1,10/7/2006,65,61,46,55,42,40,46,33,26,16,23,17,20,21,17,17,10,20,17,21,17,22,18,31,21,36,57,55,70,71,58,107,100,126,133,140,151,162,187,182,180,178,230,227,215,251,224,241,266,252,243,264,243,249,277,246,268,239,266,239,229,238,190,234,241,244,228,263,221,249,235,225,252,216,193,201,199,174,121,171,108,112,98,92,112,108,98,95,81,101,121,98,101,120,117,98,13139
2820,PRINCESS_ST S of CHANDLER_HWY,045 C02,-37.7948,145.03015,16542,834,5,1,10/9/2006,30,25,20,11,19,9,6,5,6,6,5,6,8,6,4,5,8,9,10,14,17,16,35,31,41,65,88,116,130,161,225,174,182,160,161,174,163,188,176,200,202,187,173,181,187,195,177,214,194,199,222,229,209,204,194,212,235,240,243,241,272,318,374,367,376,427,354,383,420,384,312,350,399,395,307,301,242,214,167,146,138,153,113,103,151,122,133,107,113,99,82,56,58,56,36,30,14911
2820,PRINCESS_ST S of CHANDLER_HWY,045 C02,-37.7948,145.03015,16542,834,5,1,10/10/2006,30,20,17,12,8,13,7,7,6,6,3,5,7,7,4,7,5,5,11,11,16,18,27,29,56,60,111,133,142,164,211,148,136,129,156,176,157,174,205,201,175,170,202,191,168,174,199,195,211,195,222,246,209,207,216,241,261,225,254,288,300,345,355,402,414,366,359,337,390,364,304,286,296,356,392,371,280,231,222,176,163,176,138,135,143,157,158,122,135,120,112,105,85,68,49,34,15335
2820,PRINCESS_ST S of CHANDLER_HWY,045 C02,-37.7948,145.03015,16542,834,5,1,10/11/2006,45,29,20,20,13,10,10,3,9,7,5,10,9,10,4,8,8,9,4,12,16,19,30,35,57,69,102,119,164,170,210,177,127,126,196,146,191,161,238,175,176,176,205,184,206,206,219,192,206,216,215,238,224,208,227,228,264,252,272,289,295,362,369,405,384,379,361,365,380,368,379,356,353,367,378,318,301,228,183,193,139,142,148,121,149,180,149,142,129,123,99,92,80,60,51,42,15746
2820,PRINCESS_ST S of CHANDLER_HWY,045 C02,-37.7948,145.03015,16542,834,5,1,10/12/2006,35,27,15,20,11,12,7,9,9,7,5,10,8,12,6,9,3,8,9,13,13,17,24,41,58,59,101,135,143,170,203,166,127,124,135,160,107,185,243,208,208,180,194,200,215,204,204,213,206,228,237,224,247,201,252,233,284,275,258,290,291,384,347,370,383,376,361,386,377,422,377,344,398,355,346,287,237,219,175,184,146,167,136,160,180,158,160,144,146,134,103,87,82,50,46,44,15769
2820,PRINCESS_ST S of CHANDLER_HWY,045 C02,-37.7948,145.03015,16542,834,5,1,10/13/2006,35,36,31,31,21,11,9,11,9,8,5,9,11,12,4,6,8,8,12,12,17,15,33,40,45,67,104,128,145,138,189,189,153,169,162,205,185,191,187,200,191,192,202,208,193,212,210,232,231,227,214,243,247,264,235,247,243,272,284,317,321,351,382,368,375,384,359,361,429,346,355,283,366,415,332,349,256,248,195,182,162,164,125,105,158,103,122,99,128,124,123,108,111,72,103,64,16043
2820,PRINCESS_ST S of CHANDLER_HWY,045 C02,-37.7948,145.03015,16542,834,5,1,10/14/2006,89,48,68,51,39,42,40,24,26,27,21,26,18,22,22,10,12,13,24,21,20,26,32,34,32,36,56,65,62,83,79,105,88,113,120,149,154,167,174,168,196,198,211,210,247,232,238,254,247,270,277,268,239,261,302,258,240,262,244,255,253,248,256,224,249,261,225,225,235,266,273,232,233,213,199,197,171,165,95,116,116,83,91,95,95,81,92,106,124,110,103,112,103,94,111,97,13264
2820,PRINCESS_ST S of CHANDLER_HWY,045 C02,-37.7948,145.03015,16542,834,5,1,10/16/2006,28,27,13,8,16,9,8,5,8,8,6,6,3,6,10,5,8,10,9,14,13,18,41,37,41,56,104,121,140,141,211,200,155,131,148,175,166,186,182,157,162,197,180,193,167,200,203,187,191,212,204,220,247,269,236,224,197,220,247,241,287,332,374,369,411,363,401,393,401,429,337,368,390,347,285,327,258,230,188,152,157,113,121,110,119,129,125,105,105,92,76,77,72,49,38,37,14994
2820,PRINCESS_ST S of CHANDLER_HWY,045 C02,-37.7948,145.03015,16542,834,5,1,10/17/2006,23,24,23,9,14,9,4,12,13,2,4,5,1,6,2,6,3,4,6,12,13,21,35,41,56,64,117,136,134,166,201,195,167,126,115,147,162,243,214,185,179,220,176,224,185,199,245,198,223,216,238,200,201,216,250,206,229,253,263,281,307,323,361,353,408,392,355,382,386,386,295,328,332,371,425,349,281,241,193,160,175,177,142,130,155,143,131,131,167,91,85,85,81,59,56,56,15614
2820,PRINCESS_ST S of CHANDLER_HWY,045 C02,-37.7948,145.03015,16542,834,5,1,10/18/2006,49,27,30,20,17,12,12,14,12,9,2,12,10,12,5,12,5,9,12,8,18,22,23,35,49,75,111,132,153,165,187,128,132,117,130,157,161,193,236,195,167,180,223,205,194,201,204,214,245,232,241,210,235,211,257,227,256,241,268,318,323,324,392,378,410,407,383,377,392,335,330,384,374,380,368,314,239,217,194,214,164,156,180,155,181,123,143,157,146,113,114,109,86,65,50,49,15963
2820,PRINCESS_ST S of CHANDLER_HWY,045 C02,-37.7948,145.03015,16542,834,5,1,10/19/2006,34,35,23,14,19,13,12,11,8,10,5,9,11,8,4,4,6,5,8,14,16,18,29,39,47,66,117,106,147,157,199,127,181,165,145,148,137,188,212,195,203,191,224,212,185,201,195,226,207,228,237,239,212,235,237,230,251,236,262,292,344,317,379,369,388,406,313,391,390,384,354,320,422,397,359,319,251,231,214,178,159,192,153,144,165,192,150,141,148,133,126,103,91,79,69,53,16019
2820,PRINCESS_ST S of CHANDLER_HWY,045 C02,-37.7948,145.03015,16542,834,5,1,10/20/2006,43,32,22,24,17,24,14,12,9,8,5,13,17,13,10,11,9,7,7,14,17,21,37,37,39,70,86,122,145,165,195,203,154,166,154,163,178,206,196,212,194,205,201,225,229,220,243,235,242,225,244,262,249,231,275,262,266,292,287,263,300,348,342,371,342,347,345,350,368,379,366,347,374,375,298,294,235,231,198,176,148,130,143,110,121,116,120,119,124,106,96,101,113,91,87,80,15918
2820,PRINCESS_ST S of CHANDLER_HWY,045 C02,-37.7948,145.03015,16542,834,5,1,10/21/2006,82,61,64,58,51,37,34,22,29,18,19,20,26,11,17,4,14,12,15,5,17,14,22,27,24,48,55,35,62,80,84,81,94,122,137,146,136,182,162,152,166,182,208,216,214,211,231,258,247,271,262,249,242,231,248,207,263,233,257,247,251,204,238,198,225,207,211,239,230,278,214,263,226,229,245,208,176,187,167,125,103,106,89,103,98,88,89,101,80,87,111,106,130,126,113,115,12888
2820,PRINCESS_ST S of CHANDLER_HWY,045 C02,-37.7948,145.03015,16542,834,5,1,10/23/2006,22,20,17,11,14,11,7,8,8,8,7,4,4,5,2,4,3,5,12,12,20,17,25,46,35,80,111,127,163,183,213,169,188,149,164,145,189,211,178,186,172,196,167,196,208,186,211,182,196,207,217,213,204,198,213,233,241,239,265,267,303,370,365,356,385,387,358,359,409,450,396,335,446,357,336,278,253,216,209,163,157,126,123,124,117,95,117,111,119,111,78,57,46,57,36,28,15227
2820,PRINCESS_ST S of CHANDLER_HWY,045 C02,-37.7948,145.03015,16542,834,5,1,10/24/2006,20,9,20,15,16,6,7,8,3,8,3,3,5,9,5,1,8,5,10,11,22,15,42,44,43,69,105,129,141,173,184,189,146,160,133,161,174,162,227,200,195,163,215,200,201,211,194,209,228,221,197,227,194,243,244,242,239,240,246,278,322,304,356,381,394,384,403,361,308,299,368,328,368,411,367,306,225,212,188,164,174,149,150,123,176,161,164,149,140,139,108,78,65,69,35,41,15448
2820,PRINCESS_ST S of CHANDLER_HWY,045 C02,-37.7948,145.03015,16542,834,5,1,10/25/2006,34,25,23,22,21,18,6,8,8,7,4,5,5,6,8,8,8,10,13,11,15,22,32,34,48,53,96,125,163,177,189,153,139,133,143,142,149,170,197,168,181,188,181,184,191,207,188,186,223,232,208,224,231,242,215,245,244,225,246,298,325,336,340,407,400,375,384,334,428,394,382,396,382,391,359,345,211,258,187,208,141,155,156,143,150,159,140,146,174,127,107,72,74,48,39,44,15654
2820,PRINCESS_ST S of CHANDLER_HWY,045 C02,-37.7948,145.03015,16542,834,5,1,10/27/2006,42,31,29,29,23,15,15,16,14,11,8,11,6,3,11,4,9,6,10,17,14,25,31,39,44,77,115,128,144,156,180,208,162,173,192,156,186,201,217,202,192,213,215,202,231,203,216,240,215,232,237,238,256,235,248,233,229,261,305,322,332,377,391,364,364,383,376,403,416,375,373,401,336,316,331,268,252,241,172,177,147,144,113,104,129,119,117,80,107,116,98,101,129,87,82,79,16083
2820,PRINCESS_ST S of CHANDLER_HWY,045 C02,-37.7948,145.03015,16542,834,5,1,10/28/2006,78,58,51,49,56,32,38,26,23,15,14,28,18,20,10,11,15,14,11,19,21,20,20,17,26,37,46,50,67,66,69,85,117,120,124,140,152,172,201,177,164,203,212,254,253,232,259,267,236,262,255,267,259,263,237,281,252,262,261,217,237,245,255,259,226,252,241,219,265,249,220,235,244,222,191,192,187,161,127,124,116,105,94,104,98,95,92,118,107,90,102,108,110,94,100,103,13196
2820,PRINCESS_ST S of CHANDLER_HWY,045 C02,-37.7948,145.03015,16542,834,5,1,10/30/2006,27,20,24,13,13,11,15,8,7,8,6,8,4,8,10,10,6,6,9,10,18,18,29,34,43,55,102,106,135,140,201,202,170,157,187,162,151,210,189,192,176,181,174,178,170,219,198,190,181,216,222,214,214,221,234,221,209,219,278,261,283,343,341,359,421,409,375,357,413,415,323,345,435,367,333,270,222,206,176,139,144,119,141,130,144,105,122,124,134,107,89,74,57,42,45,34,15043
2820,PRINCESS_ST S of CHANDLER_HWY,045 C02,-37.7948,145.03015,16542,834,5,1,10/31/2006,26,18,19,14,10,11,8,6,11,6,2,3,3,5,2,3,4,9,7,10,13,17,34,35,47,58,95,107,180,145,190,164,150,152,128,177,167,173,199,170,190,162,203,190,194,196,205,202,227,202,236,200,229,228,238,221,237,249,272,300,355,334,370,378,386,395,391,353,354,365,413,342,355,400,369,349,283,234,193,208,170,141,173,129,134,140,129,116,136,117,108,89,87,55,51,43,15604
2825,BURKE_RD S of EASTERN_FWY,031 K12,-37.78661,145.06202,16628,859,5,1,10/2/2006,33,31,19,11,8,13,10,8,9,11,6,9,7,7,6,5,4,9,12,13,14,19,25,32,58,77,128,138,179,257,312,360,346,410,394,341,263,228,210,166,167,187,201,173,156,188,157,168,188,166,173,153,195,195,176,168,187,191,223,217,219,240,249,263,282,278,264,297,277,338,332,322,304,270,240,224,168,169,146,99,112,88,90,101,109,116,97,84,94,94,75,49,55,35,35,19,14051
2825,BURKE_RD S of EASTERN_FWY,031 K12,-37.78661,145.06202,16628,859,5,1,10/3/2006,19,12,20,12,5,7,10,5,7,7,6,11,3,5,4,3,13,8,12,17,18,18,32,33,64,109,149,195,189,247,339,377,419,434,413,341,261,198,234,216,173,219,202,138,182,177,167,190,172,190,194,176,167,170,186,178,144,224,211,209,241,269,262,273,294,286,318,288,293,348,322,370,309,309,262,222,234,199,149,134,110,114,111,107,117,92,94,138,116,107,93,68,52,59,42,40,14983
2825,BURKE_RD S of EASTERN_FWY,031 K12,-37.78661,145.06202,16628,859,5,1,10/4/2006,19,33,17,19,14,5,9,8,12,6,8,8,7,9,10,6,8,8,11,10,15,26,40,50,65,94,147,156,202,249,315,352,395,423,367,343,287,194,223,192,205,186,195,138,205,197,187,184,206,185,196,176,172,174,189,183,177,198,191,207,205,269,276,263,277,299,306,305,300,335,371,333,329,270,260,222,213,149,146,133,131,139,121,113,123,139,116,124,115,106,96,92,65,56,43,37,14990
2825,BURKE_RD S of EASTERN_FWY,031 K12,-37.78661,145.06202,16628,859,5,1,10/5/2006,35,31,11,26,16,12,11,13,12,11,12,14,20,15,17,2,4,9,13,11,12,21,43,37,65,94,144,173,173,252,310,396,381,393,422,343,311,240,223,173,195,182,182,138,196,172,167,184,155,191,176,176,199,182,228,183,170,213,212,213,240,248,313,247,292,279,309,271,316,298,365,333,332,301,259,227,206,181,164,162,135,127,106,115,138,131,152,104,96,81,92,87,81,50,61,36,15150
2825,BURKE_RD S of EASTERN_FWY,031 K12,-37.78661,145.06202,16628,859,5,1,10/6/2006,28,20,30,15,14,12,16,13,12,8,9,8,10,8,6,9,6,6,11,14,16,26,45,44,69,104,145,163,181,228,275,360,357,378,377,339,225,231,207,173,210,196,176,138,184,164,232,184,206,206,191,207,177,220,191,196,194,256,226,207,255,265,286,263,329,301,351,284,306,363,293,332,343,317,294,222,225,210,166,133,132,126,122,103,90,112,121,99,102,120,98,115,109,96,86,67,15395
2825,BURKE_RD S of EASTERN_FWY,031 K12,-37.78661,145.06202,16628,859,5,1,10/9/2006,19,18,12,17,20,15,6,7,6,4,8,5,6,7,6,8,5,9,19,9,17,20,34,44,67,87,147,151,189,254,313,362,398,420,409,343,287,230,248,173,198,204,187,138,160,180,182,150,178,165,205,176,185,185,201,162,171,218,202,244,210,253,290,263,280,294,283,297,304,332,340,342,341,280,239,200,179,169,142,123,128,105,114,98,105,115,91,99,88,72,73,64,43,39,45,23,14553
2825,BURKE_RD S of EASTERN_FWY,031 K12,-37.78661,145.06202,16628,859,5,1,10/10/2006,22,21,9,15,7,6,10,5,9,14,5,1,7,5,12,7,6,9,11,11,15,24,49,39,70,108,148,158,198,232,311,360,394,415,387,343,270,216,217,173,202,185,193,138,170,216,158,186,187,192,192,186,170,162,215,189,176,188,200,215,202,245,275,263,297,284,283,294,300,330,339,307,315,315,280,259,202,188,150,133,126,96,106,115,142,133,108,118,114,114,96,86,61,47,40,35,14837
2825,BURKE_RD S of EASTERN_FWY,031 K12,-37.78661,145.06202,16628,859,5,1,10/11/2006,26,23,20,13,17,7,19,11,9,6,7,7,3,7,8,8,5,19,9,13,15,24,47,41,63,98,157,158,221,232,313,360,398,454,424,324,265,232,243,138,209,190,198,103,159,174,181,184,189,194,182,189,164,208,210,189,190,194,178,216,202,276,287,245,252,315,271,290,330,330,310,358,295,341,278,241,236,184,158,125,146,118,115,113,119,130,119,119,136,125,107,99,45,41,48,47,15096
2825,BURKE_RD S of EASTERN_FWY,031 K12,-37.78661,145.06202,16628,859,5,1,10/12/2006,29,23,25,15,14,8,11,15,18,16,9,9,13,7,8,8,9,13,13,16,12,29,41,65,73,108,159,166,180,247,314,360,364,420,404,368,269,210,208,173,177,176,212,138,164,190,175,178,186,182,179,197,174,194,187,191,194,218,205,232,241,264,240,267,305,285,279,282,313,323,333,330,318,286,247,220,191,184,187,149,124,125,141,135,120,138,128,122,110,97,93,91,84,57,39,43,15089
2825,BURKE_RD S of EASTERN_FWY,031 K12,-37.78661,145.06202,16628,859,5,1,10/13/2006,24,20,16,17,15,21,7,9,12,17,4,12,7,7,12,10,9,14,5,12,17,26,41,43,78,123,133,162,184,245,266,378,351,401,379,363,234,217,219,173,186,198,215,177,187,155,205,188,179,189,234,182,191,212,211,173,191,206,211,226,211,235,299,280,309,316,291,308,305,329,348,355,316,347,256,242,191,184,150,151,132,114,129,94,93,107,110,113,106,108,102,110,99,86,81,74,15280
2825,BURKE_RD S of EASTERN_FWY,031 K12,-37.78661,145.06202,16628,859,5,1,10/14/2006,49,63,53,48,43,35,29,21,18,21,15,18,11,13,11,5,12,13,11,10,9,18,38,31,44,57,74,60,58,78,100,129,109,140,168,178,184,170,166,182,167,174,184,209,201,203,216,203,210,230,233,200,227,235,227,214,195,204,217,207,201,227,207,203,232,225,227,230,222,231,247,283,208,228,201,202,185,162,170,135,119,117,107,91,110,104,100,129,128,108,122,119,93,107,112,93,12633
2825,BURKE_RD S of EASTERN_FWY,031 K12,-37.78661,145.06202,16628,859,5,1,10/16/2006,29,31,25,10,4,10,7,12,7,7,4,7,4,9,5,1,9,13,8,7,14,27,38,34,58,118,140,149,189,232,336,357,380,370,413,361,278,209,225,195,171,177,168,138,170,156,165,184,171,190,200,203,177,197,200,199,173,194,166,207,207,245,268,260,293,325,289,288,294,317,338,344,290,301,259,199,204,161,141,135,123,145,108,108,103,134,90,104,93,98,67,59,48,59,35,38,14508
2825,BURKE_RD S of EASTERN_FWY,031 K12,-37.78661,145.06202,16628,859,5,1,10/17/2006,20,15,16,15,11,8,8,5,8,6,7,10,6,5,5,8,9,11,9,15,16,31,47,47,66,115,140,153,206,259,300,371,382,405,435,343,245,261,218,173,196,199,214,138,165,176,181,184,185,164,199,187,200,179,201,186,170,214,194,207,240,251,276,244,279,282,313,288,303,338,334,333,298,286,299,251,227,172,160,133,120,106,105,96,123,122,107,119,138,99,88,105,89,58,54,42,15027
2825,BURKE_RD S of EASTERN_FWY,031 K12,-37.78661,145.06202,16628,859,5,1,10/18/2006,31,29,14,23,20,9,18,5,10,7,11,14,4,5,8,4,7,13,12,11,22,26,21,43,81,122,144,173,199,245,330,360,407,416,390,358,290,212,226,173,181,192,191,202,173,177,195,199,186,211,214,188,186,192,204,183,196,174,182,199,206,273,247,266,284,297,322,301,286,365,356,371,324,323,292,222,219,171,170,145,143,97,114,132,109,139,121,112,118,112,83,103,66,67,41,47,15362
2825,BURKE_RD S of EASTERN_FWY,031 K12,-37.78661,145.06202,16628,859,5,1,10/19/2006,31,41,24,18,10,16,12,19,14,10,10,10,15,19,8,4,9,6,13,16,24,21,36,52,72,122,145,160,203,241,316,360,395,443,405,345,276,231,248,117,170,194,168,190,171,168,184,206,197,185,208,176,182,215,209,207,236,192,208,190,228,293,262,278,289,335,269,288,283,352,336,336,315,326,296,222,184,226,158,137,140,156,124,127,118,137,121,110,130,94,89,101,72,65,44,42,15456
2825,BURKE_RD S of EASTERN_FWY,031 K12,-37.78661,145.06202,16628,859,5,1,10/20/2006,36,24,23,20,12,16,15,11,11,11,10,6,8,11,8,9,9,11,9,15,11,23,31,69,73,129,141,164,187,226,283,350,334,393,360,334,240,237,234,173,186,206,175,203,194,181,180,189,208,223,193,201,237,210,232,244,179,200,183,233,138,369,310,271,283,290,286,288,317,423,405,333,269,283,227,237,232,195,174,162,141,122,104,121,160,192,114,96,124,105,91,97,95,100,87,82,15647
2825,BURKE_RD S of EASTERN_FWY,031 K12,-37.78661,145.06202,16628,859,5,1,10/23/2006,27,24,19,17,13,11,6,5,9,6,6,6,5,8,9,4,7,9,15,11,22,19,49,57,73,120,135,162,197,237,315,348,374,414,404,306,240,230,210,173,183,188,197,179,168,203,173,175,189,197,191,176,178,212,222,194,198,193,178,204,230,248,262,286,275,252,268,290,286,326,369,333,302,273,224,198,195,142,162,115,101,101,102,110,100,99,80,94,108,77,78,59,46,39,34,23,14387
2825,BURKE_RD S of EASTERN_FWY,031 K12,-37.78661,145.06202,16628,859,5,1,10/24/2006,22,23,17,14,6,10,7,9,5,8,2,6,2,2,6,5,7,7,13,22,14,15,48,46,75,124,143,147,183,231,327,374,392,432,455,342,290,237,211,211,202,177,185,204,173,171,178,194,173,212,204,174,192,181,178,178,185,206,178,175,228,251,258,236,262,292,277,289,281,318,336,331,322,291,244,203,213,189,155,122,137,119,115,107,128,125,113,101,110,98,86,88,64,47,41,40,14827
2825,BURKE_RD S of EASTERN_FWY,031 K12,-37.78661,145.06202,16628,859,5,1,10/25/2006,28,22,20,17,11,16,12,11,5,9,12,9,7,6,6,4,10,10,13,15,12,21,41,46,57,99,160,163,168,223,327,361,401,383,391,370,297,221,227,212,199,177,183,138,195,160,195,210,166,200,182,174,196,197,212,167,204,194,200,207,210,262,274,263,285,321,304,287,288,332,345,350,282,263,285,224,192,179,135,133,129,132,98,119,108,145,123,130,113,100,73,70,85,49,46,26,14939
2825,BURKE_RD S of EASTERN_FWY,031 K12,-37.78661,145.06202,16628,859,5,1,10/26/2006,33,30,23,12,19,10,13,5,20,22,9,7,16,8,12,5,8,10,10,12,16,20,39,58,64,115,160,160,197,230,322,372,379,410,389,385,277,226,221,213,179,186,209,138,165,198,163,185,157,183,211,187,200,194,198,222,200,206,175,220,224,305,275,270,283,288,290,246,294,364,358,341,293,300,293,283,234,227,174,141,127,114,132,142,142,138,135,98,118,102,97,85,72,54,65,51,15468
2825,BURKE_RD S of EASTERN_FWY,031 K12,-37.78661,145.06202,16628,859,5,1,10/27/2006,33,31,19,32,20,10,7,11,10,11,7,5,9,12,9,11,8,13,17,9,20,23,45,53,67,123,151,139,187,211,277,357,352,425,365,380,254,203,231,208,213,181,191,204,201,175,194,214,181,183,229,176,207,233,216,194,199,220,221,206,254,254,274,278,298,292,306,310,314,336,367,333,315,319,257,225,181,187,148,167,120,122,107,132,78,144,123,84,99,103,93,79,101,90,78,64,15425
2825,BURKE_RD S of EASTERN_FWY,031 K12,-37.78661,145.06202,16628,859,5,1,10/30/2006,27,32,15,13,20,11,12,10,8,10,9,7,3,6,7,4,9,12,11,16,14,19,41,30,58,96,138,146,161,217,277,317,358,410,411,352,294,234,183,181,183,167,204,182,135,148,157,184,158,166,178,176,188,191,209,168,196,178,197,204,217,263,279,263,280,261,275,276,306,359,329,333,329,304,258,209,201,163,138,121,129,109,109,123,85,98,85,97,104,79,78,49,64,46,30,26,14223
2825,BURKE_RD S of EASTERN_FWY,031 K12,-37.78661,145.06202,16628,859,5,1,10/31/2006,25,22,12,12,16,10,10,4,7,3,12,7,8,9,5,4,9,10,12,13,14,24,36,39,64,95,158,158,215,227,298,347,355,424,421,311,252,218,204,196,194,198,189,173,189,191,196,184,175,171,181,176,203,173,208,180,194,208,195,233,233,251,294,279,272,285,268,315,301,340,309,347,324,311,274,268,209,200,141,145,123,131,134,136,126,140,95,103,115,83,83,82,51,47,38,41,14971
2827,BULLEEN_RD N of THOMPSONS_RD,032 D11,-37.78093,145.07733,588,447,1,1,10/2/2006,27,29,18,21,21,6,10,8,9,13,10,7,7,8,8,13,14,15,22,37,20,33,54,76,121,175,220,253,304,358,447,432,391,378,401,294,313,274,271,247,209,234,214,230,243,226,225,251,209,227,226,201,245,208,237,203,194,246,218,245,293,306,259,288,278,294,268,287,321,325,305,295,316,289,240,189,207,190,170,137,144,125,97,98,115,141,127,99,99,78,66,56,49,50,25,34,16516
2827,BULLEEN_RD N of THOMPSONS_RD,032 D11,-37.78093,145.07733,588,447,1,1,10/3/2006,23,18,25,18,10,8,8,7,5,9,7,11,4,18,10,15,11,12,22,33,34,37,83,102,159,234,285,263,361,440,429,445,421,366,354,309,321,284,269,265,217,243,240,152,211,220,227,217,253,239,215,217,242,232,236,215,229,249,260,289,284,343,307,284,294,324,266,287,299,341,309,328,334,275,272,218,224,173,180,160,143,145,141,109,147,156,149,127,115,100,82,102,58,52,49,33,17548
2827,BULLEEN_RD N of THOMPSONS_RD,032 D11,-37.78093,145.07733,588,447,1,1,10/4/2006,39,23,21,23,12,7,8,4,5,5,12,4,5,12,10,10,21,13,21,29,26,49,74,114,146,245,266,300,344,398,417,421,391,375,369,333,249,304,305,238,234,261,229,225,240,221,216,237,243,256,238,217,214,251,229,216,238,232,249,266,273,327,275,288,315,303,298,335,322,305,338,304,305,286,253,218,222,179,170,168,148,155,140,126,139,133,126,135,124,134,106,79,64,50,51,45,17599
2827,BULLEEN_RD N of THOMPSONS_RD,032 D11,-37.78093,145.07733,588,447,1,1,10/5/2006,34,20,29,21,14,14,10,9,9,10,9,4,7,9,8,8,12,20,20,36,32,48,82,102,157,230,264,298,333,356,460,455,404,374,417,354,298,299,280,221,235,248,223,225,228,221,238,237,198,259,246,217,218,232,227,216,256,224,267,266,299,333,300,314,305,311,295,348,340,297,290,345,288,289,275,237,219,186,212,193,145,175,157,137,162,152,143,148,143,121,121,64,85,64,60,47,18048
2827,BULLEEN_RD N of THOMPSONS_RD,032 D11,-37.78093,145.07733,588,447,1,1,10/6/2006,46,40,26,35,24,15,18,9,15,12,11,15,7,10,10,17,14,17,22,37,22,28,83,94,156,245,276,280,349,374,445,421,399,364,378,333,266,289,261,239,234,236,261,225,238,259,241,237,262,231,234,254,224,228,243,244,264,290,244,277,308,367,264,288,323,292,341,273,329,290,346,308,296,280,292,218,227,213,180,165,164,168,135,136,112,110,125,106,126,105,107,101,107,95,88,94,18107
2827,BULLEEN_RD N of THOMPSONS_RD,032 D11,-37.78093,145.07733,588,447,1,1,10/7/2006,78,65,56,44,41,32,28,23,22,21,24,21,16,19,12,16,17,15,21,22,29,31,44,50,82,89,107,103,102,121,141,152,158,184,220,217,219,229,250,258,256,269,271,291,309,319,300,214,284,295,239,295,242,266,267,187,252,233,257,234,231,236,258,230,236,237,225,265,240,263,250,259,234,261,246,231,196,163,176,65,141,129,107,97,95,110,121,98,104,99,110,125,106,97,93,93,14886
2827,BULLEEN_RD N of THOMPSONS_RD,032 D11,-37.78093,145.07733,588,447,1,1,10/8/2006,95,91,89,59,57,67,31,30,35,30,21,21,21,17,17,17,10,18,8,12,13,10,19,26,29,43,47,32,45,57,73,54,77,101,110,135,127,158,185,184,188,193,211,190,207,234,237,213,243,258,244,235,205,223,224,241,215,195,225,248,243,287,240,230,222,248,251,265,241,277,244,260,232,204,185,156,173,122,136,118,102,129,119,112,103,120,106,95,110,125,90,82,49,56,44,34,12510
2827,BULLEEN_RD N of THOMPSONS_RD,032 D11,-37.78093,145.07733,588,447,1,1,10/9/2006,36,19,23,23,13,9,7,12,6,5,9,7,9,13,4,10,11,14,21,33,19,42,74,117,165,214,255,282,322,421,427,444,407,368,378,339,277,253,272,235,220,233,238,225,242,224,235,225,202,236,219,224,222,227,209,236,213,242,281,274,260,311,314,288,310,268,289,299,352,306,295,340,303,301,261,200,201,203,169,168,151,122,128,113,140,138,144,88,111,90,88,61,53,49,38,28,17202
2827,BULLEEN_RD N of THOMPSONS_RD,032 D11,-37.78093,145.07733,588,447,1,1,10/10/2006,27,27,18,19,11,15,12,15,10,13,8,6,7,6,15,8,11,15,15,42,29,47,74,105,124,229,305,292,345,415,403,432,421,395,378,339,299,313,300,235,259,261,250,225,210,235,252,235,243,263,254,244,192,232,212,200,229,263,263,282,275,359,308,288,266,280,292,291,311,338,338,304,322,284,293,221,247,158,216,168,150,145,131,111,141,156,144,153,134,99,96,81,64,58,58,37,17901
2827,BULLEEN_RD N of THOMPSONS_RD,032 D11,-37.78093,145.07733,588,447,1,1,10/11/2006,28,26,19,20,13,20,3,11,8,7,9,7,4,5,12,10,11,11,25,26,28,50,69,111,160,214,296,319,338,398,434,432,441,360,393,339,273,269,284,235,224,255,277,225,246,209,206,244,242,251,237,206,254,211,210,213,236,230,284,260,299,346,291,260,341,299,293,333,314,305,311,300,281,307,254,222,213,185,157,168,138,149,152,123,159,138,170,146,142,111,108,97,63,74,50,43,17780
2827,BULLEEN_RD N of THOMPSONS_RD,032 D11,-37.78093,145.07733,588,447,1,1,10/12/2006,33,29,19,17,18,17,8,9,10,6,4,10,7,5,8,12,17,16,28,37,27,47,81,124,151,241,295,327,328,411,427,432,392,366,393,350,294,278,290,259,277,269,250,225,234,250,220,233,251,283,216,252,231,243,230,254,267,241,247,266,332,350,304,303,280,298,304,265,326,265,346,304,316,276,253,242,205,192,166,182,146,162,149,130,135,143,134,116,104,114,88,114,79,80,53,38,18056
2827,BULLEEN_RD N of THOMPSONS_RD,032 D11,-37.78093,145.07733,588,447,1,1,10/13/2006,40,30,36,38,19,9,17,13,6,8,7,8,3,11,12,16,12,16,25,33,33,38,60,111,149,236,270,300,353,393,467,414,404,379,400,339,267,261,321,235,254,238,279,216,243,267,262,251,225,255,269,217,265,223,226,235,210,263,264,299,318,322,301,278,357,320,308,291,301,317,275,336,317,286,273,269,238,236,196,193,178,150,137,111,113,116,121,105,108,128,117,110,109,90,101,62,18338
2827,BULLEEN_RD N of THOMPSONS_RD,032 D11,-37.78093,145.07733,588,447,1,1,10/14/2006,69,59,42,45,38,30,23,24,11,18,12,15,17,11,15,15,8,13,16,27,27,31,54,44,82,107,103,93,79,118,148,160,125,198,216,220,275,244,237,246,287,256,265,263,282,279,313,308,296,281,279,260,254,229,250,234,217,263,226,203,233,240,260,226,236,248,244,274,284,268,324,286,258,279,257,231,225,155,180,185,147,122,125,115,94,117,111,98,123,118,91,116,99,111,110,103,15253
2827,BULLEEN_RD N of THOMPSONS_RD,032 D11,-37.78093,145.07733,588,447,1,1,10/15/2006,123,94,90,97,68,61,41,49,22,23,21,37,26,11,22,18,17,26,18,10,15,30,22,17,37,40,46,34,50,61,77,0,79,106,120,141,136,168,208,180,221,207,247,225,200,207,237,251,211,248,223,190,213,221,216,238,217,196,241,226,197,288,240,242,311,291,231,291,283,252,234,246,219,216,186,181,164,146,132,99,130,121,132,137,123,112,104,117,97,73,74,54,50,58,56,41,12804
2827,BULLEEN_RD N of THOMPSONS_RD,032 D11,-37.78093,145.07733,588,447,1,1,10/16/2006,39,28,22,18,13,6,10,6,5,9,11,10,3,4,6,15,9,14,25,37,27,50,57,111,137,237,248,273,342,369,471,445,407,398,358,333,311,272,249,235,253,226,226,225,210,231,253,242,232,249,224,253,218,240,250,221,225,224,255,271,271,338,352,298,301,325,305,291,351,323,319,301,303,310,268,222,218,178,178,161,130,119,100,128,109,123,119,90,100,70,64,74,69,56,40,31,17383
2827,BULLEEN_RD N of THOMPSONS_RD,032 D11,-37.78093,145.07733,588,447,1,1,10/17/2006,25,19,22,15,10,8,8,5,8,7,5,10,8,8,10,10,17,10,16,35,31,57,77,118,155,257,259,323,363,380,454,449,389,359,364,342,281,279,310,256,226,233,236,252,220,225,263,244,236,255,232,243,213,226,235,215,223,286,267,271,258,340,338,274,300,295,315,320,329,314,315,304,353,284,289,235,203,204,195,169,118,152,164,134,162,129,121,144,91,108,86,75,69,69,39,45,17900
2827,BULLEEN_RD N of THOMPSONS_RD,032 D11,-37.78093,145.07733,588,447,1,1,10/18/2006,47,30,24,17,19,10,6,15,5,7,13,9,7,9,13,8,11,11,27,29,31,37,75,90,154,228,300,302,375,403,473,407,349,366,378,359,267,274,300,263,230,268,264,225,237,256,216,259,222,226,229,199,253,232,241,225,218,258,259,286,282,315,303,308,277,311,274,269,349,323,278,304,316,331,300,222,207,195,188,165,153,136,159,112,119,142,99,124,126,96,120,88,64,62,77,42,17787
2827,BULLEEN_RD N of THOMPSONS_RD,032 D11,-37.78093,145.07733,588,447,1,1,10/19/2006,39,29,17,18,8,23,10,9,7,8,14,3,15,9,9,16,14,18,27,38,37,37,72,109,142,269,293,305,361,440,412,421,407,366,393,334,284,293,301,235,264,253,269,203,249,255,229,244,253,251,245,229,242,213,253,249,235,246,284,271,313,314,308,301,313,316,314,288,332,306,320,321,314,284,262,222,248,198,180,153,181,162,134,136,153,126,123,121,98,99,105,74,68,73,66,45,18150
2827,BULLEEN_RD N of THOMPSONS_RD,032 D11,-37.78093,145.07733,588,447,1,1,10/20/2006,44,25,25,33,16,17,12,18,14,10,17,13,18,6,12,12,13,14,23,38,27,50,74,97,160,232,287,276,349,401,430,410,405,372,350,339,270,259,267,221,220,274,280,241,240,249,228,262,266,241,233,191,252,260,230,216,247,298,254,297,324,363,278,288,340,337,334,307,298,289,332,304,325,291,278,247,234,210,173,182,160,143,138,129,101,95,129,115,116,103,90,80,75,74,59,74,18050
2827,BULLEEN_RD N of THOMPSONS_RD,032 D11,-37.78093,145.07733,588,447,1,1,10/21/2006,48,58,58,59,41,31,34,24,14,18,16,18,10,10,13,17,8,19,14,16,18,29,46,61,63,106,94,82,108,124,142,144,158,160,192,220,223,218,262,215,256,286,274,238,268,237,255,214,285,298,286,245,232,240,211,235,232,202,221,204,214,245,236,256,224,246,252,207,274,281,253,216,261,229,236,232,201,165,165,130,119,116,103,127,96,95,106,94,90,108,116,108,91,95,112,112,14321
2827,BULLEEN_RD N of THOMPSONS_RD,032 D11,-37.78093,145.07733,588,447,1,1,10/22/2006,100,84,61,66,63,49,47,39,38,26,16,30,18,14,19,15,11,13,21,13,12,20,16,17,31,39,54,48,55,65,73,81,69,91,127,127,142,156,204,188,181,223,232,209,212,189,230,257,236,269,237,241,263,220,235,244,235,200,251,212,232,246,231,256,240,250,223,266,288,270,246,216,211,213,183,166,158,159,129,100,111,113,123,136,136,107,102,113,89,98,76,79,53,54,37,47,12691
2827,BULLEEN_RD N of THOMPSONS_RD,032 D11,-37.78093,145.07733,588,447,1,1,10/23/2006,26,27,25,27,14,12,13,12,8,8,10,7,6,5,6,9,9,24,18,39,31,39,66,98,143,239,268,295,320,434,390,432,372,393,393,309,273,248,255,235,243,214,230,218,234,251,225,234,218,205,201,229,202,257,207,242,243,282,243,238,286,358,296,308,345,287,274,324,349,274,319,304,334,286,277,216,206,175,169,147,137,122,129,93,121,111,117,107,116,92,68,69,45,36,37,28,17116
2827,BULLEEN_RD N of THOMPSONS_RD,032 D11,-37.78093,145.07733,588,447,1,1,10/24/2006,25,16,15,26,15,9,5,7,7,8,14,11,5,6,6,10,13,21,19,43,37,46,84,102,163,225,267,318,349,422,418,432,379,358,350,291,309,273,290,235,219,243,235,221,243,259,242,245,251,222,210,213,245,246,224,235,233,208,244,251,301,337,314,288,283,284,321,291,332,303,337,349,291,331,254,222,194,215,184,168,149,140,129,114,146,147,125,140,123,99,90,85,55,62,45,47,17613
2827,BULLEEN_RD N of THOMPSONS_RD,032 D11,-37.78093,145.07733,588,447,1,1,10/25/2006,30,21,25,24,20,18,7,13,5,7,13,10,5,8,7,11,11,13,23,23,28,51,80,114,141,245,296,306,374,426,446,432,387,341,393,360,252,276,280,256,236,257,246,225,200,215,215,237,251,237,243,229,235,260,237,202,223,226,281,271,332,340,332,264,299,305,319,291,351,336,302,363,267,291,244,243,212,189,187,168,137,147,174,117,161,101,130,145,148,118,110,85,51,69,40,44,17916
2827,BULLEEN_RD N of THOMPSONS_RD,032 D11,-37.78093,145.07733,588,447,1,1,10/26/2006,29,20,17,19,16,24,7,9,15,5,10,11,6,12,16,13,12,12,27,31,40,52,85,93,162,239,267,286,327,387,402,432,409,397,367,339,296,277,255,247,228,247,247,225,231,230,227,256,261,271,222,234,220,244,248,245,267,249,274,256,289,326,300,306,319,310,313,287,332,295,297,280,316,253,250,218,215,187,220,192,159,149,154,123,157,128,149,119,95,111,88,67,81,68,55,38,17798
2827,BULLEEN_RD N of THOMPSONS_RD,032 D11,-37.78093,145.07733,588,447,1,1,10/27/2006,48,37,34,37,18,17,18,13,12,16,7,7,10,12,6,13,20,21,20,39,26,50,69,102,165,243,277,312,345,420,458,427,423,381,378,299,244,286,286,235,229,268,255,225,238,253,242,253,264,280,251,227,245,247,258,221,244,272,289,279,292,364,308,286,300,285,313,292,277,295,318,304,320,319,265,236,250,250,175,207,148,165,131,137,154,143,118,121,138,125,91,121,82,82,78,75,18436
2827,BULLEEN_RD N of THOMPSONS_RD,032 D11,-37.78093,145.07733,588,447,1,1,10/28/2006,71,55,56,42,27,23,32,25,10,14,16,19,16,8,17,8,12,14,20,13,24,27,62,56,76,103,93,98,78,119,139,162,165,201,200,228,191,238,258,222,267,244,217,265,278,278,288,269,290,288,268,248,286,227,245,187,226,230,217,220,214,249,242,252,256,236,226,234,268,270,258,279,271,276,219,226,184,162,146,65,128,116,122,93,120,104,113,118,116,121,106,107,110,81,103,97,14564
2827,BULLEEN_RD N of THOMPSONS_RD,032 D11,-37.78093,145.07733,588,447,1,1,10/30/2006,41,37,29,18,11,19,17,9,15,11,11,9,7,7,10,11,13,9,27,37,24,32,57,99,135,218,286,257,349,440,386,475,406,378,389,352,273,259,258,240,230,239,239,219,234,198,234,244,237,218,224,217,207,230,245,232,231,257,259,262,255,317,289,288,305,281,307,294,328,291,335,293,319,288,266,228,218,181,208,163,136,108,115,119,132,130,108,83,106,86,75,66,50,49,48,32,17214
2827,BULLEEN_RD N of THOMPSONS_RD,032 D11,-37.78093,145.07733,588,447,1,1,10/31/2006,29,21,17,12,19,7,14,7,13,4,9,10,12,10,4,16,13,11,26,42,33,48,58,85,158,201,293,294,333,440,425,460,372,412,367,361,333,285,280,243,231,225,221,222,204,197,231,247,217,234,243,211,220,211,240,219,219,229,238,252,259,346,290,282,295,275,312,291,350,315,319,276,310,295,247,218,207,214,183,177,119,167,127,122,137,149,153,127,113,108,85,79,64,64,41,44,17448
2827,OFFRAMP_EASTERN_FWY E of BULLEEN_RD,032 D11,-37.7820873,145.0778256,12834,447,4,1,10/2/2006,26,21,29,9,12,8,13,9,11,4,4,2,8,7,7,10,3,10,11,30,25,38,39,55,80,131,187,163,186,289,252,249,265,269,240,253,208,228,212,207,167,201,157,145,188,132,159,130,168,160,175,165,168,155,184,167,164,168,174,185,190,208,205,257,214,234,293,205,276,284,303,270,300,258,212,158,192,149,137,93,87,88,67,77,76,64,73,58,63,78,65,48,50,39,31,14,12538
2827,OFFRAMP_EASTERN_FWY E of BULLEEN_RD,032 D11,-37.7820873,145.0778256,12834,447,4,1,10/3/2006,17,22,16,13,6,10,7,17,6,7,5,5,7,9,5,5,6,16,12,26,27,43,47,77,97,176,210,232,232,249,291,266,272,243,278,321,241,261,217,176,183,185,175,123,124,147,138,143,149,167,199,161,156,158,153,151,147,219,155,175,171,213,247,233,248,255,270,263,321,318,291,339,295,316,230,192,168,184,138,97,107,81,85,78,84,86,73,56,82,72,57,60,48,52,38,34,13263
2827,OFFRAMP_EASTERN_FWY E of BULLEEN_RD,032 D11,-37.7820873,145.0778256,12834,447,4,1,10/4/2006,26,21,14,16,9,10,16,9,12,10,5,3,5,10,8,6,15,9,15,19,24,47,62,74,113,174,160,228,194,247,220,281,306,262,320,249,214,229,221,214,195,225,199,123,162,170,149,160,181,167,175,161,155,152,157,163,132,151,178,188,203,222,211,222,245,271,251,279,295,320,321,245,321,238,245,192,174,183,105,97,95,96,94,96,78,99,97,87,100,87,65,59,51,35,45,33,13277
2827,OFFRAMP_EASTERN_FWY E of BULLEEN_RD,032 D11,-37.7820873,145.0778256,12834,447,4,1,10/5/2006,35,25,15,5,17,4,5,7,11,8,6,10,7,8,10,12,11,8,14,31,30,43,46,72,96,150,178,188,206,226,217,266,299,268,311,246,239,237,221,159,176,218,175,106,147,162,157,160,161,161,162,161,182,182,171,163,165,196,186,188,189,213,219,256,223,277,277,258,331,281,326,290,330,260,267,229,189,148,171,123,112,101,99,110,81,87,95,95,76,78,62,56,58,42,39,35,13409
2827,OFFRAMP_EASTERN_FWY E of BULLEEN_RD,032 D11,-37.7820873,145.0778256,12834,447,4,1,10/6/2006,42,27,27,15,16,10,14,4,6,14,8,9,19,9,14,6,13,17,14,19,32,40,49,61,112,153,226,209,189,242,297,249,283,253,279,249,246,202,213,141,173,176,165,120,173,156,173,160,168,185,166,184,179,218,170,169,164,168,188,188,236,224,239,257,252,256,291,263,262,349,313,283,308,273,265,192,222,181,137,97,117,108,89,86,93,87,100,69,71,85,81,67,68,64,49,48,13653
2827,OFFRAMP_EASTERN_FWY E of BULLEEN_RD,032 D11,-37.7820873,145.0778256,12834,447,4,1,10/9/2006,21,19,18,11,10,14,9,8,5,6,5,3,4,9,8,12,11,8,12,24,35,34,52,63,108,157,188,219,207,212,251,225,336,296,301,249,212,198,215,196,186,147,201,123,158,176,154,167,139,165,178,130,155,157,175,157,130,161,177,203,174,224,234,257,243,233,217,243,301,343,303,321,307,261,199,167,173,145,122,52,73,89,91,64,82,79,78,65,77,60,66,43,53,44,23,28,12744
2827,OFFRAMP_EASTERN_FWY E of BULLEEN_RD,032 D11,-37.7820873,145.0778256,12834,447,4,1,10/10/2006,16,14,17,15,10,9,13,5,6,11,8,6,4,7,5,11,10,13,10,15,25,35,53,58,128,157,184,232,207,264,247,249,283,245,290,249,242,229,203,159,176,158,197,123,135,161,147,169,163,145,169,183,168,158,162,175,142,146,191,192,211,212,235,257,251,246,274,263,305,273,321,289,304,295,222,232,172,169,148,83,107,80,93,81,78,93,59,83,60,63,67,62,52,49,45,32,13070
2827,OFFRAMP_EASTERN_FWY E of BULLEEN_RD,032 D11,-37.7820873,145.0778256,12834,447,4,1,10/11/2006,31,26,17,12,13,7,8,11,8,8,11,8,8,4,13,6,7,9,15,18,27,43,66,63,110,180,174,210,220,248,249,249,274,270,282,249,228,211,221,159,204,190,168,123,123,178,185,160,154,171,170,174,163,135,144,134,128,174,170,190,184,230,218,240,227,221,257,239,295,314,334,283,277,313,246,192,160,180,120,91,86,85,90,100,72,85,85,79,97,60,65,59,54,52,48,46,12995
2827,OFFRAMP_EASTERN_FWY E of BULLEEN_RD,032 D11,-37.7820873,145.0778256,12834,447,4,1,10/12/2006,27,21,16,12,14,9,11,2,10,6,8,7,4,10,7,6,9,10,15,19,25,29,49,81,111,146,199,216,196,213,244,219,282,303,287,247,254,211,213,212,188,192,177,123,158,183,159,152,180,184,190,160,154,156,160,144,173,199,170,198,189,221,248,226,247,230,231,264,248,317,294,289,248,266,238,178,183,152,167,135,107,134,101,114,83,104,101,90,88,80,54,52,48,41,42,30,13200
2827,OFFRAMP_EASTERN_FWY E of BULLEEN_RD,032 D11,-37.7820873,145.0778256,12834,447,4,1,10/13/2006,41,22,22,15,19,9,8,8,11,11,11,15,7,12,10,9,12,12,14,24,26,37,51,62,96,168,210,202,197,247,245,278,283,262,261,249,203,210,232,142,167,197,192,170,184,181,187,189,163,176,186,168,163,151,181,118,160,202,191,186,160,205,191,283,252,271,310,263,278,288,316,317,249,274,232,222,209,167,153,134,131,94,97,87,94,91,86,75,63,85,75,79,87,60,61,61,13565
2827,OFFRAMP_EASTERN_FWY E of BULLEEN_RD,032 D11,-37.7820873,145.0778256,12834,447,4,1,10/16/2006,30,24,17,16,6,11,8,5,7,5,5,6,7,9,4,11,10,9,18,33,27,42,50,63,100,158,200,198,224,222,257,227,284,304,239,283,249,231,220,159,192,171,197,123,163,141,151,160,174,140,165,152,153,190,199,155,188,191,178,188,204,215,218,259,249,237,267,263,274,357,296,306,232,252,220,192,151,119,109,111,104,83,77,64,91,57,82,64,86,71,69,44,50,32,32,18,12904
2827,OFFRAMP_EASTERN_FWY E of BULLEEN_RD,032 D11,-37.7820873,145.0778256,12834,447,4,1,10/17/2006,30,19,20,15,12,4,6,10,9,8,7,4,7,7,7,8,9,19,14,23,32,46,56,75,99,184,196,203,178,197,228,261,241,270,293,207,215,199,239,159,190,187,159,174,155,143,163,160,167,134,169,169,169,140,173,160,162,180,194,188,188,244,239,289,250,258,281,281,295,316,346,289,326,241,235,201,163,189,150,87,104,86,91,78,76,86,61,84,76,75,77,56,51,45,48,31,13145
2827,OFFRAMP_EASTERN_FWY E of BULLEEN_RD,032 D11,-37.7820873,145.0778256,12834,447,4,1,10/18/2006,23,20,24,19,16,12,9,9,9,14,10,5,3,5,6,5,15,14,15,29,28,47,60,60,95,143,189,165,206,247,215,249,300,289,251,266,238,215,239,159,188,145,178,123,150,153,156,171,165,150,171,173,150,187,179,163,148,156,198,201,200,202,271,251,246,222,270,292,256,308,312,310,274,294,234,192,160,164,143,101,91,102,82,107,92,88,77,57,86,78,74,65,48,45,52,36,13110
2827,OFFRAMP_EASTERN_FWY E of BULLEEN_RD,032 D11,-37.7820873,145.0778256,12834,447,4,1,10/19/2006,30,30,23,12,9,9,14,5,10,10,8,6,4,9,9,8,11,16,16,22,30,44,62,72,109,148,219,183,172,193,247,228,299,258,276,243,240,240,254,159,196,178,180,188,149,164,150,188,140,170,181,161,156,164,183,186,154,158,179,197,154,250,253,271,235,268,276,275,300,333,310,270,253,263,247,183,197,154,136,127,106,97,97,93,87,97,109,91,76,86,54,73,60,55,52,39,13386
2827,OFFRAMP_EASTERN_FWY E of BULLEEN_RD,032 D11,-37.7820873,145.0778256,12834,447,4,1,10/20/2006,33,31,25,19,15,10,6,10,8,11,20,14,8,8,17,7,13,17,16,29,37,42,52,78,100,159,195,199,208,250,233,283,233,267,302,240,244,236,180,159,165,156,170,153,164,142,160,177,163,170,177,155,197,174,182,184,180,183,199,230,234,197,242,226,277,227,261,308,240,334,311,289,256,272,213,235,173,142,152,139,104,96,95,88,100,85,86,80,68,95,78,70,55,62,64,61,13510
2827,OFFRAMP_EASTERN_FWY E of BULLEEN_RD,032 D11,-37.7820873,145.0778256,12834,447,4,1,10/23/2006,25,25,14,13,16,9,11,10,5,2,3,3,6,8,8,2,7,19,15,26,29,33,50,63,106,148,206,200,225,186,238,249,315,320,253,276,212,193,209,159,165,168,187,141,149,157,144,164,177,139,175,161,178,149,154,184,150,142,188,182,189,181,227,270,243,255,243,274,228,342,336,328,264,239,266,194,148,143,114,71,108,81,99,75,100,80,58,81,73,80,61,50,40,34,34,19,12779
2827,OFFRAMP_EASTERN_FWY E of BULLEEN_RD,032 D11,-37.7820873,145.0778256,12834,447,4,1,10/24/2006,25,15,17,9,10,9,3,7,5,13,12,13,2,15,7,6,8,15,14,19,24,44,55,65,121,170,198,205,205,203,195,236,322,259,305,256,247,230,238,179,180,203,193,149,149,138,170,156,156,159,154,155,166,181,173,141,115,181,174,206,191,218,236,270,243,242,298,263,282,294,311,288,275,260,237,194,200,163,126,98,109,83,87,95,88,95,81,86,89,80,55,61,57,53,34,41,13163
2827,OFFRAMP_EASTERN_FWY E of BULLEEN_RD,032 D11,-37.7820873,145.0778256,12834,447,4,1,10/25/2006,17,21,26,13,13,8,12,8,8,9,8,6,4,10,7,9,9,20,9,21,29,36,67,78,111,164,169,199,170,170,178,263,298,271,250,254,238,222,236,204,189,192,184,127,151,139,182,148,129,153,170,158,175,163,143,175,161,190,164,188,204,222,238,282,262,242,249,263,336,317,323,283,325,242,257,228,184,173,123,97,75,91,77,102,93,96,94,75,106,88,73,54,61,49,49,35,13194
2827,OFFRAMP_EASTERN_FWY E of BULLEEN_RD,032 D11,-37.7820873,145.0778256,12834,447,4,1,10/26/2006,25,26,21,19,7,12,12,6,8,14,9,7,8,7,7,7,14,16,19,23,29,39,60,72,129,162,233,191,211,266,262,238,304,277,282,284,207,229,228,224,190,175,167,123,170,156,155,164,157,181,170,166,167,180,188,187,155,176,182,202,172,211,229,282,242,282,269,269,292,338,313,300,299,217,261,190,182,155,165,124,87,109,104,114,79,99,85,113,89,84,74,74,67,49,47,26,13697
2827,OFFRAMP_EASTERN_FWY E of BULLEEN_RD,032 D11,-37.7820873,145.0778256,12834,447,4,1,10/27/2006,25,30,18,13,14,11,9,12,8,11,12,3,8,10,15,9,16,16,12,23,33,38,44,68,122,159,197,189,228,235,241,263,249,315,232,246,217,200,220,156,193,185,177,183,149,170,177,164,163,180,183,161,191,160,183,150,170,174,196,204,199,221,266,253,212,242,290,252,293,280,321,289,312,273,255,229,208,183,146,114,111,103,77,89,95,79,88,67,70,73,85,67,85,62,55,56,13540
2827,OFFRAMP_EASTERN_FWY E of BULLEEN_RD,032 D11,-37.7820873,145.0778256,12834,447,4,1,10/30/2006,31,30,10,22,14,11,8,9,6,8,7,4,5,10,3,6,8,14,15,25,23,47,56,64,98,139,209,211,190,196,247,249,299,276,260,238,208,201,193,189,147,152,181,154,146,139,151,160,158,123,167,161,163,162,164,171,152,163,144,200,198,210,237,201,266,270,273,247,282,346,293,281,292,280,229,214,142,132,128,85,77,92,101,87,76,92,73,79,78,66,51,56,32,39,36,25,12663
2827,OFFRAMP_EASTERN_FWY E of BULLEEN_RD,032 D11,-37.7820873,145.0778256,12834,447,4,1,10/31/2006,22,14,22,12,13,12,13,9,9,11,8,8,6,5,11,12,8,13,12,21,20,40,48,60,90,138,184,213,196,231,237,251,281,248,249,238,216,241,205,189,165,175,161,153,143,146,159,133,173,171,151,179,187,152,133,187,157,191,176,166,186,194,231,280,262,263,274,270,263,278,271,289,314,262,209,236,169,176,133,121,118,76,94,85,75,73,80,95,82,81,74,63,44,43,31,30,12899
2846,HIGH_ST E OF S.E.ARTERIAL,059 J09,-37.86152,145.05851,16119,1601,3,1,10/5/2006,10,11,6,8,6,8,6,9,6,5,5,6,3,4,5,7,6,9,11,20,20,36,47,45,93,130,180,251,287,417,448,404,462,465,425,368,266,273,176,213,172,193,158,147,175,175,155,172,154,141,141,155,174,159,160,145,155,126,156,161,155,167,166,168,122,144,182,157,168,192,157,204,172,186,163,163,135,157,117,107,101,93,82,79,74,79,90,74,83,64,57,55,45,17,37,20,12563
2846,HIGH_ST E OF S.E.ARTERIAL,059 J09,-37.86152,145.05851,16119,1601,3,1,10/6/2006,16,14,13,7,7,10,9,7,18,8,6,3,8,5,7,6,10,8,17,19,21,26,48,52,79,142,208,263,293,428,417,525,475,361,368,386,263,259,226,214,211,197,186,189,172,177,157,168,165,160,155,154,170,166,150,148,155,158,176,191,164,179,177,157,166,179,106,163,152,182,199,173,209,154,185,210,178,172,149,149,102,85,100,79,86,107,71,83,79,92,67,56,59,52,46,41,13265
2846,HIGH_ST E OF S.E.ARTERIAL,059 J09,-37.86152,145.05851,16119,1601,3,1,10/10/2006,13,7,10,6,10,5,4,7,4,4,3,7,3,4,8,5,7,10,12,18,27,41,47,67,79,134,191,269,327,396,460,480,472,443,389,334,299,234,209,211,174,199,162,197,174,140,194,156,152,161,171,157,142,161,178,141,139,130,151,182,153,186,159,141,145,185,154,160,172,147,195,176,186,150,159,153,159,152,135,133,76,93,87,96,74,74,81,83,63,44,27,37,42,26,22,18,12660
2846,HIGH_ST E OF S.E.ARTERIAL,059 J09,-37.86152,145.05851,16119,1601,3,1,10/11/2006,14,15,9,6,7,4,7,6,6,5,6,5,3,4,2,4,10,11,9,11,14,30,46,70,74,126,196,277,348,418,487,448,468,420,295,426,303,255,229,223,192,192,190,186,170,154,173,169,147,153,143,157,144,159,152,150,135,150,139,147,166,157,158,184,163,170,155,175,166,193,162,227,153,167,178,185,141,141,112,107,73,92,77,78,82,68,63,93,64,56,37,42,37,37,13,21,12692
2846,HIGH_ST E OF S.E.ARTERIAL,059 J09,-37.86152,145.05851,16119,1601,3,1,10/12/2006,3,3,11,8,5,6,5,8,6,6,3,5,5,8,4,7,8,9,13,17,20,39,50,61,101,135,191,260,335,378,461,406,469,468,399,380,310,262,271,223,178,180,171,165,159,173,146,166,156,156,148,165,137,171,150,173,137,143,164,150,146,169,147,176,122,144,158,159,157,182,168,175,162,190,209,185,172,135,123,110,112,88,93,86,89,104,83,75,68,58,69,53,41,30,29,17,12831
2846,HIGH_ST E OF S.E.ARTERIAL,059 J09,-37.86152,145.05851,16119,1601,3,1,10/13/2006,16,16,12,12,7,7,5,4,10,6,9,5,4,4,9,6,7,15,11,14,14,34,43,77,81,131,183,240,316,374,466,487,466,454,404,284,312,208,228,203,190,171,162,196,116,181,158,198,165,149,171,177,166,152,117,180,161,144,148,180,159,192,162,158,158,174,179,154,169,163,200,189,193,170,160,222,166,180,151,134,109,85,108,96,73,89,76,54,71,72,72,74,48,41,28,42,13037
2846,HIGH_ST E OF S.E.ARTERIAL,059 J09,-37.86152,145.05851,16119,1601,3,1,10/17/2006,13,14,7,4,15,5,7,4,4,4,4,3,3,5,10,2,14,8,10,15,30,35,40,63,89,127,195,248,347,419,496,481,421,424,446,322,271,265,228,183,191,184,173,179,156,166,161,144,156,182,127,143,139,166,155,155,131,121,163,157,159,163,174,143,165,183,143,125,165,179,189,189,175,181,184,171,165,151,128,99,120,64,82,77,75,63,79,56,48,52,42,32,32,24,25,21,12553
2846,HIGH_ST E OF S.E.ARTERIAL,059 J09,-37.86152,145.05851,16119,1601,3,1,10/18/2006,24,10,11,8,7,5,5,10,5,3,4,4,5,7,3,6,11,11,10,17,24,35,50,65,94,126,201,267,351,392,500,493,451,414,433,298,331,272,205,232,195,174,164,166,166,124,152,157,147,148,144,150,157,171,161,159,144,132,157,168,177,172,154,152,158,176,185,177,171,173,166,175,176,173,179,166,182,184,129,95,106,82,101,81,70,70,76,85,56,56,64,29,36,40,19,16,12843
2846,HIGH_ST E OF S.E.ARTERIAL,059 J09,-37.86152,145.05851,16119,1601,3,1,10/19/2006,13,14,17,6,8,4,9,10,10,11,10,8,5,3,7,2,7,13,15,18,25,42,63,56,90,142,202,259,318,423,424,402,485,445,395,306,319,276,252,236,200,199,202,158,175,139,161,150,189,164,163,161,140,161,146,168,153,158,125,167,170,184,166,150,143,170,120,178,174,204,169,173,188,166,167,153,158,160,129,143,90,104,82,81,83,84,81,68,55,59,72,36,41,32,24,21,12907
2846,HIGH_ST E OF S.E.ARTERIAL,059 J09,-37.86152,145.05851,16119,1601,3,1,10/20/2006,16,13,12,12,13,7,7,10,11,8,5,4,6,12,9,10,10,8,11,17,17,32,54,69,86,144,181,238,322,405,493,411,486,432,412,299,273,246,232,210,224,210,197,160,173,174,166,168,146,162,181,172,161,160,173,181,169,170,163,161,217,200,169,158,168,159,164,126,171,146,182,155,182,157,223,164,149,155,120,143,106,86,96,102,89,84,83,74,50,59,61,55,59,50,55,36,13167
2846,HIGH_ST E OF S.E.ARTERIAL,059 J09,-37.86152,145.05851,16119,1601,3,1,10/24/2006,12,10,9,8,9,11,3,2,7,5,2,5,3,6,9,6,7,12,8,21,26,43,59,60,84,152,177,249,331,427,491,454,454,396,470,391,291,258,262,212,178,181,156,148,163,182,162,172,146,143,129,144,148,138,178,160,162,144,159,157,167,187,143,148,115,159,175,157,160,166,155,157,172,172,145,174,144,165,123,117,109,90,82,66,75,79,82,53,72,55,45,37,29,26,25,13,12631
2846,HIGH_ST E OF S.E.ARTERIAL,059 J09,-37.86152,145.05851,16119,1601,3,1,10/25/2006,9,11,12,4,5,3,3,3,3,2,0,3,5,3,3,4,7,13,13,11,24,27,56,84,77,119,189,272,317,401,455,476,411,424,389,361,299,263,276,223,166,186,175,174,178,155,182,166,144,187,170,153,146,157,165,179,149,148,149,171,159,161,165,165,165,183,155,121,176,195,150,175,186,161,156,173,145,120,101,107,97,86,83,57,75,75,58,60,64,69,49,41,29,18,23,14,12577
2846,HIGH_ST E OF S.E.ARTERIAL,059 J09,-37.86152,145.05851,16119,1601,3,1,10/26/2006,9,14,5,4,8,9,4,4,5,8,5,6,7,3,8,7,5,8,15,15,24,35,66,65,100,131,199,291,322,424,445,515,460,449,424,383,283,257,256,227,167,186,172,203,148,145,167,165,171,155,158,166,167,173,153,174,135,140,150,158,168,168,190,148,167,154,149,145,165,167,175,179,193,161,191,150,135,164,110,118,102,88,88,83,71,107,82,75,52,40,51,58,38,39,27,32,12988
2846,HIGH_ST E OF S.E.ARTERIAL,059 J09,-37.86152,145.05851,16119,1601,3,1,10/27/2006,19,12,14,8,13,11,7,11,8,6,4,6,4,6,10,7,8,9,13,13,22,33,41,62,82,126,206,273,302,446,442,455,472,415,391,328,299,259,221,220,178,180,177,167,171,157,175,200,154,160,156,155,142,167,162,162,139,161,143,158,182,181,137,183,189,175,150,140,166,184,188,197,198,201,176,170,166,162,143,132,101,109,96,79,79,73,84,57,55,59,55,52,52,50,32,49,13050
2846,HIGH_ST E OF S.E.ARTERIAL,059 J09,-37.86152,145.05851,16119,1601,3,1,10/31/2006,12,9,8,6,4,4,2,9,7,4,5,7,2,6,4,2,10,12,11,15,23,29,53,51,96,107,177,262,271,418,434,450,422,487,429,346,309,276,213,205,162,181,166,160,168,161,154,139,137,121,166,156,176,175,181,187,134,164,147,155,164,166,175,170,122,160,159,158,194,140,173,171,191,163,150,158,156,171,117,111,93,104,89,77,76,86,69,55,71,53,52,34,29,19,24,15,12502
3001,BARKERS_RD E of HIGH_ST,045 A08,-37.81469,145.02261,16551,465,3,1,10/3/2006,14,13,7,19,6,9,3,5,5,2,2,5,7,9,7,12,12,12,12,22,20,35,37,61,108,105,158,189,230,418,379,373,429,276,441,405,306,226,208,179,203,141,144,173,151,148,193,197,173,172,163,125,123,118,184,158,234,156,168,120,127,156,160,171,124,146,138,168,183,173,228,177,206,259,199,110,162,166,91,97,99,113,74,113,84,131,157,65,99,52,46,52,37,25,55,15,12468
3001,BARKERS_RD E of HIGH_ST,045 A08,-37.81469,145.02261,16551,465,3,1,10/4/2006,20,14,6,21,14,6,8,7,7,7,8,0,17,13,9,13,10,15,22,16,17,38,38,77,85,106,208,212,304,396,370,295,392,276,346,327,372,221,333,205,213,218,224,150,148,158,120,165,169,197,212,129,197,114,155,145,168,150,132,108,180,160,167,184,197,131,150,151,213,170,207,235,171,204,158,148,143,122,157,57,54,126,163,95,74,51,110,63,93,65,132,46,45,18,32,26,12621
3001,BARKERS_RD E of HIGH_ST,045 A08,-37.81469,145.02261,16551,465,3,1,10/5/2006,23,11,26,28,15,8,21,17,10,10,3,8,6,4,15,12,9,19,19,21,28,47,54,52,107,157,198,154,246,357,380,352,419,288,388,353,261,232,245,167,224,186,210,152,224,171,208,166,138,136,170,139,169,151,177,148,122,185,124,209,181,134,179,253,203,139,144,155,213,158,255,167,214,244,228,151,125,97,136,82,144,95,100,80,52,96,133,61,94,51,74,56,24,43,27,22,12789
3001,BARKERS_RD E of HIGH_ST,045 A08,-37.81469,145.02261,16551,465,3,1,10/6/2006,44,8,29,21,10,10,11,13,6,9,9,18,11,16,13,19,14,20,16,20,22,31,39,43,81,102,214,181,301,344,281,358,417,282,420,471,318,230,202,225,223,195,225,178,198,204,146,145,217,164,227,135,195,127,202,234,162,120,201,117,240,146,224,240,216,186,158,227,215,177,181,245,183,248,160,167,205,153,193,185,135,109,84,58,103,79,64,58,108,65,64,62,77,49,49,47,13654
3001,BARKERS_RD E of HIGH_ST,045 A08,-37.81469,145.02261,16551,465,3,1,10/10/2006,13,16,14,14,14,3,15,10,14,2,4,11,4,10,6,17,9,20,20,15,23,41,41,44,98,90,180,177,295,320,373,402,405,328,452,311,366,284,233,195,332,180,332,136,191,123,163,126,208,158,146,213,190,157,214,278,142,120,164,86,173,142,288,265,200,217,238,151,172,204,262,256,181,149,295,133,126,108,229,100,81,85,107,129,46,124,103,81,72,50,70,44,43,24,36,19,13551
3001,BARKERS_RD E of HIGH_ST,045 A08,-37.81469,145.02261,16551,465,3,1,10/11/2006,26,25,16,21,13,4,8,5,9,10,3,2,11,6,6,7,7,17,22,23,21,26,43,74,65,125,207,189,225,343,428,396,281,344,442,390,285,234,513,154,176,164,207,178,139,222,178,159,151,138,293,105,182,155,311,243,125,156,153,127,133,146,193,215,160,220,118,139,158,178,143,183,207,159,227,205,122,137,86,81,174,125,85,78,79,106,62,112,111,63,79,41,83,58,28,17,13099
3001,BARKERS_RD E of HIGH_ST,045 A08,-37.81469,145.02261,16551,465,3,1,10/12/2006,14,15,12,14,10,5,7,12,5,8,4,7,4,6,5,12,13,24,14,14,25,33,51,45,89,102,254,189,246,379,382,323,322,271,399,306,325,232,286,211,216,192,210,150,213,148,194,148,146,156,222,138,157,151,127,124,148,131,127,110,159,131,255,199,178,145,204,143,144,144,187,172,146,239,199,138,143,211,133,185,100,130,78,95,61,82,68,90,80,56,64,60,92,28,30,17,12469
3001,BARKERS_RD E of HIGH_ST,045 A08,-37.81469,145.02261,16551,465,3,1,10/13/2006,13,27,25,27,20,10,12,10,8,7,9,7,7,7,11,12,17,15,15,11,21,31,48,52,102,174,176,293,288,284,380,330,290,342,348,437,345,251,219,147,142,178,246,142,140,214,171,161,163,152,144,134,177,212,188,212,141,141,228,135,126,154,152,133,248,164,169,161,160,249,246,179,168,277,222,169,175,187,206,116,150,97,65,110,72,117,95,101,76,56,71,59,82,43,45,47,13196
3001,BARKERS_RD E of HIGH_ST,045 A08,-37.81469,145.02261,16551,465,3,1,10/16/2006,19,9,7,14,21,6,9,8,18,7,6,5,3,5,3,4,14,8,17,18,27,33,51,91,123,89,163,212,225,370,360,340,325,288,380,540,354,238,186,289,218,158,146,148,142,184,204,225,143,143,199,133,135,150,168,156,190,258,218,120,130,205,328,131,165,116,202,124,143,156,181,135,192,130,142,163,104,122,142,80,136,60,151,125,56,86,79,63,71,41,44,30,42,19,16,9,12442
3001,BARKERS_RD E of HIGH_ST,045 A08,-37.81469,145.02261,16551,465,3,1,10/17/2006,21,16,15,7,12,7,16,5,3,2,9,9,5,10,12,5,10,15,7,12,45,34,40,94,113,94,191,226,218,283,527,381,426,289,318,323,631,255,205,202,236,192,194,171,125,161,146,157,215,265,194,132,146,128,276,154,167,131,241,127,115,151,155,139,222,320,177,151,150,166,199,137,193,285,151,189,137,107,91,137,77,90,135,73,64,68,47,61,117,65,44,50,79,25,23,16,13057
3001,BARKERS_RD E of HIGH_ST,045 A08,-37.81469,145.02261,16551,465,3,1,10/18/2006,33,19,28,24,9,7,11,6,6,6,4,11,7,10,5,7,12,13,15,13,24,31,56,120,101,150,159,181,285,300,486,330,396,316,495,311,580,420,189,197,176,184,278,146,162,115,191,132,189,142,152,128,135,130,151,133,126,122,136,102,111,166,150,148,202,262,181,176,155,227,151,178,212,153,195,122,133,176,109,114,105,123,83,62,89,89,72,69,87,61,52,37,46,39,24,20,12782
3001,BARKERS_RD E of HIGH_ST,045 A08,-37.81469,145.02261,16551,465,3,1,10/19/2006,20,21,16,26,23,11,12,12,11,8,3,14,25,11,8,10,15,19,10,14,27,32,57,52,132,154,187,195,300,322,477,367,367,245,294,217,387,277,245,261,172,220,174,150,175,135,232,238,205,133,182,268,204,155,138,293,196,205,187,200,127,149,203,153,219,132,175,188,199,161,234,172,149,245,157,139,129,149,279,235,114,95,148,106,106,92,96,64,85,65,44,31,107,29,71,29,13622
3001,BARKERS_RD E of HIGH_ST,045 A08,-37.81469,145.02261,16551,465,3,1,10/20/2006,27,35,20,22,16,11,12,11,12,11,11,21,21,15,17,10,10,20,25,20,23,39,44,48,125,154,194,180,481,457,335,358,358,307,325,219,255,358,276,207,236,165,212,168,255,252,222,154,163,235,201,122,146,202,133,136,133,144,143,116,166,161,187,283,326,186,145,149,239,182,166,185,173,257,295,250,167,218,142,173,99,90,93,66,103,70,58,58,132,62,69,52,65,46,46,28,13815
3001,BARKERS_RD E of HIGH_ST,045 A08,-37.81469,145.02261,16551,465,3,1,10/23/2006,14,18,15,21,5,6,7,5,4,10,4,4,4,14,6,17,22,10,26,19,32,50,69,81,98,132,142,178,303,296,695,570,351,320,449,286,264,214,225,233,174,149,236,151,118,113,187,139,159,122,128,145,109,147,221,119,285,105,124,119,168,220,142,130,169,208,191,114,145,152,207,158,164,270,252,200,98,81,115,71,112,72,94,54,69,57,50,87,99,45,42,33,34,33,30,15,12450
3001,BARKERS_RD E of HIGH_ST,045 A08,-37.81469,145.02261,16551,465,3,1,10/24/2006,7,7,14,12,5,2,12,8,6,1,5,5,5,7,7,9,11,12,11,31,22,28,57,49,77,112,153,265,251,499,479,409,309,387,260,406,289,239,245,201,164,173,170,142,150,154,121,212,166,143,149,183,203,126,140,134,165,162,135,127,152,137,203,138,155,124,197,145,167,292,234,183,145,156,172,139,267,105,194,86,92,67,87,78,148,59,61,68,61,79,63,40,37,28,24,18,12434
3001,BARKERS_RD E of HIGH_ST,045 A08,-37.81469,145.02261,16551,465,3,1,10/25/2006,25,20,12,12,5,11,16,14,3,2,7,12,11,8,10,4,17,11,13,21,40,39,52,54,76,97,152,187,259,329,386,496,439,267,338,379,578,303,329,251,246,188,163,163,192,162,136,250,260,232,149,158,274,157,140,134,167,133,134,120,134,153,351,265,164,130,222,167,140,196,185,234,207,337,191,158,100,130,110,75,74,77,90,56,72,65,76,68,113,79,53,41,70,27,20,23,13496
3001,BARKERS_RD E of HIGH_ST,045 A08,-37.81469,145.02261,16551,465,3,1,10/26/2006,16,20,27,15,23,7,9,5,7,5,10,11,8,6,12,7,11,14,8,16,32,50,55,65,126,149,142,270,309,302,514,410,414,313,338,295,361,236,335,215,217,175,362,143,161,168,293,170,136,254,182,265,196,162,119,140,171,119,252,124,151,156,225,184,213,255,324,120,217,168,235,177,246,195,236,135,224,94,152,113,84,101,130,71,79,76,74,83,91,70,56,51,102,40,25,16,13946
3001,BARKERS_RD E of HIGH_ST,045 A08,-37.81469,145.02261,16551,465,3,1,10/27/2006,37,39,12,22,25,9,9,10,12,10,12,10,6,7,9,18,15,13,29,17,20,26,46,51,123,169,180,200,325,483,431,571,322,258,347,397,344,226,205,178,229,168,171,140,181,163,148,158,170,165,177,283,196,206,150,138,202,120,154,124,161,160,147,290,237,146,294,267,142,132,217,161,161,306,382,142,147,142,225,143,134,90,75,63,91,70,70,62,105,74,74,46,129,61,45,53,13910
3001,BARKERS_RD W of CHURCH_ST,045 A08,-37.81457,145.02161,6309,465,7,1,10/1/2006,158,136,120,180,96,116,95,96,79,96,76,82,55,86,51,48,47,38,55,67,60,32,52,66,41,57,116,112,69,83,84,83,123,82,67,107,78,146,90,159,193,177,202,269,217,199,221,319,307,210,379,222,490,246,559,235,251,247,256,410,384,306,459,422,229,251,380,479,243,405,323,213,276,262,253,182,189,251,234,151,285,100,141,152,307,131,128,126,239,102,130,120,149,78,99,68,17340
3001,BARKERS_RD W of CHURCH_ST,045 A08,-37.81457,145.02161,6309,465,7,1,10/2/2006,146,64,52,62,48,33,26,11,40,18,11,13,17,27,15,14,17,27,16,20,35,50,70,79,165,101,135,240,213,223,222,244,229,241,187,213,168,200,258,309,241,182,295,210,214,215,235,359,240,210,354,246,307,197,296,257,218,268,272,279,299,281,412,221,414,424,303,309,370,409,485,246,385,401,309,294,342,253,346,250,201,195,250,244,174,141,266,185,189,237,195,105,150,83,88,92,18902
3001,BARKERS_RD W of CHURCH_ST,045 A08,-37.81457,145.02161,6309,465,7,1,10/3/2006,74,58,124,82,50,30,26,11,15,18,10,14,20,28,12,4,24,17,24,32,88,37,98,39,56,84,154,188,154,260,212,220,297,211,188,203,197,229,175,219,257,190,185,238,230,197,364,364,286,217,277,186,221,210,295,220,270,260,339,253,209,395,288,301,303,307,302,258,468,409,375,354,518,401,450,295,263,270,224,250,282,275,228,203,260,279,184,157,185,127,216,183,194,116,138,98,18806
3001,BARKERS_RD W of CHURCH_ST,045 A08,-37.81457,145.02161,6309,465,7,1,10/4/2006,86,103,60,48,83,40,34,9,33,37,14,17,29,18,15,15,20,9,17,27,25,39,39,118,125,133,92,189,252,210,227,193,289,182,287,297,198,175,196,185,242,247,247,229,202,251,212,227,220,327,317,216,282,250,179,198,348,192,194,238,373,249,279,192,308,235,318,315,467,409,375,330,299,462,319,300,263,265,272,248,181,259,197,225,201,172,231,122,185,142,154,154,110,103,142,84,17923
3001,BARKERS_RD W of CHURCH_ST,045 A08,-37.81457,145.02161,6309,465,7,1,10/5/2006,88,87,156,68,56,24,53,48,24,34,10,22,21,17,15,15,14,8,20,30,125,42,114,34,199,122,206,160,309,228,286,251,328,214,277,195,228,281,164,201,265,217,268,189,280,215,300,248,225,263,280,247,259,252,309,268,244,252,249,279,421,362,385,418,362,269,335,330,499,409,375,383,385,401,283,313,292,259,327,186,292,165,202,189,223,270,219,214,185,172,230,173,135,122,104,78,19850
3001,BARKERS_RD W of CHURCH_ST,045 A08,-37.81457,145.02161,6309,465,7,1,10/6/2006,187,54,90,82,47,44,46,52,25,36,23,46,44,42,30,48,19,17,16,26,44,52,90,72,65,110,193,225,175,168,237,266,267,188,288,203,222,195,217,150,261,164,295,192,228,290,297,160,227,246,261,226,259,228,248,268,322,233,264,263,299,312,407,392,279,313,313,405,414,409,396,354,385,476,325,298,360,314,345,250,186,223,184,260,317,205,197,156,196,202,217,256,150,156,182,149,19615
3001,BARKERS_RD W of CHURCH_ST,045 A08,-37.81457,145.02161,6309,465,7,1,10/7/2006,193,211,189,246,160,86,111,103,113,73,160,61,144,105,73,135,126,93,35,59,59,49,97,55,90,112,60,98,164,121,99,213,172,209,165,192,196,232,209,209,200,152,338,234,205,261,333,444,338,304,334,254,335,211,348,254,274,368,327,228,350,190,299,217,370,288,307,352,371,296,189,476,421,338,205,172,231,181,157,138,201,217,211,130,193,158,161,125,174,185,184,144,263,180,147,157,19397
3001,BARKERS_RD W of CHURCH_ST,045 A08,-37.81457,145.02161,6309,465,7,1,10/8/2006,192,204,201,253,123,101,126,95,65,59,117,57,61,40,36,75,66,57,28,44,44,32,36,31,52,64,116,110,76,42,108,126,99,84,60,149,168,102,105,207,196,290,449,193,245,210,429,397,244,271,216,291,277,307,246,299,334,314,324,272,343,379,481,337,261,430,614,264,282,506,608,263,341,243,233,190,241,129,208,112,231,132,171,153,144,130,116,84,140,210,200,92,256,80,105,58,18382
3001,BARKERS_RD W of CHURCH_ST,045 A08,-37.81457,145.02161,6309,465,7,1,10/9/2006,66,44,69,47,30,18,31,20,20,20,20,20,22,22,16,11,7,8,10,14,30,49,56,84,60,84,92,124,183,265,228,258,229,222,188,211,208,154,245,164,215,197,181,249,257,255,213,257,246,245,261,226,259,202,289,280,270,247,235,279,287,327,318,303,334,301,303,335,370,431,375,365,316,419,283,294,263,251,294,250,186,180,202,203,206,173,277,181,210,93,136,138,156,168,85,50,17575
3001,BARKERS_RD W of CHURCH_ST,045 A08,-37.81457,145.02161,6309,465,7,1,10/10/2006,123,52,88,54,35,16,16,21,22,12,11,8,16,6,15,16,5,27,31,19,31,26,53,69,56,103,153,144,230,141,247,186,297,251,238,203,213,255,177,168,166,193,159,231,262,206,277,225,278,220,257,226,291,171,284,268,345,243,317,294,299,260,278,359,279,301,303,361,368,409,375,354,416,329,283,249,252,228,226,178,192,167,197,236,170,217,216,259,194,147,194,173,123,125,127,74,17665
3001,BARKERS_RD W of CHURCH_ST,045 A08,-37.81457,145.02161,6309,465,7,1,10/11/2006,96,128,150,76,27,9,29,18,15,17,21,9,30,9,5,15,29,19,16,62,27,42,62,102,101,122,152,120,257,205,242,253,223,216,188,272,159,186,164,154,161,193,209,233,155,215,270,198,170,219,261,214,259,274,248,268,222,293,332,248,223,243,278,303,221,359,303,296,306,411,375,354,450,362,283,294,273,270,201,187,186,202,205,174,184,236,136,248,185,141,201,145,224,173,128,68,17497
3001,BARKERS_RD W of CHURCH_ST,045 A08,-37.81457,145.02161,6309,465,7,1,10/12/2006,127,69,79,91,44,28,29,26,26,37,15,17,17,9,10,6,32,27,17,32,39,70,52,84,152,116,92,154,159,270,218,243,247,207,216,191,198,186,164,165,166,151,159,195,256,227,284,272,186,246,278,168,340,161,347,198,277,266,183,230,311,246,278,303,279,264,303,265,392,380,375,354,357,401,283,262,286,270,226,282,239,280,178,157,185,207,186,225,180,146,145,146,150,120,117,75,17404
3001,BARKERS_RD W of CHURCH_ST,045 A08,-37.81457,145.02161,6309,465,7,1,10/13/2006,108,117,107,89,66,44,38,26,31,31,34,38,23,13,11,9,19,23,16,20,37,75,86,67,167,199,250,228,201,189,327,215,196,185,276,268,261,153,162,200,166,185,263,187,224,284,182,225,198,241,253,258,252,214,271,300,235,203,264,255,255,331,255,239,329,280,217,361,380,513,346,410,374,401,283,273,263,262,226,250,186,209,201,306,211,238,223,181,228,183,177,163,229,177,185,141,18751
3001,BARKERS_RD W of CHURCH_ST,045 A08,-37.81457,145.02161,6309,465,7,1,10/14/2006,232,192,175,136,214,76,177,48,74,67,65,62,57,50,91,69,62,27,74,31,122,78,103,132,64,53,53,91,127,119,141,80,148,263,163,151,324,165,182,182,258,234,253,205,304,226,247,226,355,280,272,440,469,498,283,268,369,253,323,243,269,424,606,495,488,320,443,310,550,474,355,475,345,240,252,208,179,158,201,114,318,154,184,171,151,280,173,195,188,149,187,183,205,191,279,169,20809
3001,BARKERS_RD W of CHURCH_ST,045 A08,-37.81457,145.02161,6309,465,7,1,10/15/2006,88,148,161,217,114,76,152,59,54,95,89,37,47,60,60,45,57,43,42,61,37,47,48,84,60,92,53,74,56,75,105,95,59,95,45,171,96,193,120,144,160,324,143,233,192,207,246,271,316,237,329,332,265,288,299,555,293,318,370,217,344,245,298,326,372,296,344,236,290,281,258,227,462,309,339,341,206,224,278,144,131,98,215,124,99,129,117,60,118,71,105,54,122,100,101,81,16594
3001,BARKERS_RD W of CHURCH_ST,045 A08,-37.81457,145.02161,6309,465,7,1,10/16/2006,51,58,29,51,31,17,16,15,27,16,16,12,8,12,11,11,9,10,13,43,123,63,82,84,56,184,186,190,217,260,201,162,229,179,194,203,251,149,192,200,204,183,171,228,183,215,328,306,246,228,275,253,206,246,286,274,264,252,264,274,290,328,278,317,347,244,398,310,364,468,397,414,405,401,373,294,284,293,271,226,186,233,197,265,150,155,158,113,177,97,107,84,117,64,119,121,17792
3001,BARKERS_RD W of CHURCH_ST,045 A08,-37.81457,145.02161,6309,465,7,1,10/17/2006,123,70,125,41,47,18,26,15,15,19,11,15,8,26,18,26,15,12,15,8,51,48,91,105,56,175,219,171,152,210,189,232,276,209,221,184,198,195,177,202,253,212,243,196,213,183,225,196,264,242,306,241,236,165,248,262,353,227,264,321,305,260,300,311,279,301,392,284,359,428,375,300,334,401,296,342,256,283,184,206,226,161,197,185,163,119,149,126,261,105,178,130,150,101,114,156,17581
3001,BARKERS_RD W of CHURCH_ST,045 A08,-37.81457,145.02161,6309,465,7,1,10/18/2006,163,87,157,75,32,20,17,19,15,22,8,17,20,23,12,22,11,31,9,51,23,56,97,70,56,147,84,215,257,221,189,212,295,243,188,210,198,186,228,209,155,181,159,199,190,174,235,299,227,216,237,197,248,273,193,259,287,243,264,288,251,334,256,277,320,301,380,389,401,409,390,354,417,343,283,310,274,270,191,247,200,244,160,143,243,229,161,140,182,147,140,162,179,149,101,164,17860
3001,BARKERS_RD W of CHURCH_ST,045 A08,-37.81457,145.02161,6309,465,7,1,10/19/2006,104,105,105,87,106,23,49,30,18,12,12,38,34,26,24,10,20,30,11,32,9,51,88,31,56,122,115,204,183,173,291,240,175,241,151,220,249,175,212,231,169,193,192,248,183,206,277,257,240,198,271,226,290,192,207,339,270,252,352,279,294,314,278,263,340,379,365,344,370,409,344,455,366,401,343,298,275,297,226,250,279,195,197,135,294,222,232,188,187,124,109,188,150,168,199,116,18528
3001,BARKERS_RD W of CHURCH_ST,045 A08,-37.81457,145.02161,6309,465,7,1,10/20/2006,127,155,54,104,48,35,28,18,18,41,40,40,53,27,27,9,37,49,29,55,67,107,81,49,149,122,92,107,183,221,171,178,164,172,236,196,198,186,184,190,238,182,226,228,183,215,235,201,236,242,261,211,321,311,254,239,309,304,274,332,311,364,278,303,279,218,303,389,431,411,427,379,347,401,283,294,263,270,252,261,256,204,170,173,230,166,123,120,185,141,151,132,207,144,169,194,18278
3001,BARKERS_RD W of CHURCH_ST,045 A08,-37.81457,145.02161,6309,465,7,1,10/21/2006,107,97,195,139,156,67,85,66,82,44,80,78,68,25,31,44,31,45,24,31,119,147,87,91,52,71,46,90,100,131,244,100,115,145,183,141,117,161,246,354,349,240,317,229,281,269,547,300,280,289,363,426,335,246,249,329,284,439,363,249,348,233,269,459,475,515,361,394,397,278,574,263,266,206,274,211,441,341,271,172,130,151,115,148,137,132,135,96,225,131,186,168,324,161,145,167,19918
3001,BARKERS_RD W of CHURCH_ST,045 A08,-37.81457,145.02161,6309,465,7,1,10/22/2006,226,252,149,193,204,134,163,87,83,67,73,67,52,53,93,35,59,45,68,62,22,45,49,63,37,70,41,62,51,45,70,72,194,68,67,100,78,130,90,167,147,171,195,194,157,175,371,165,620,213,306,248,222,379,309,257,261,334,326,500,320,234,332,218,336,361,341,403,356,495,275,239,263,214,381,142,196,143,156,109,113,99,125,106,138,117,132,97,168,174,126,68,157,57,85,52,16564
3001,BARKERS_RD W of CHURCH_ST,045 A08,-37.81457,145.02161,6309,465,7,1,10/23/2006,79,55,84,46,29,14,30,17,12,14,10,9,9,21,16,17,30,10,29,67,146,132,155,137,90,142,111,131,197,268,189,289,251,199,323,196,205,154,198,238,250,157,314,271,204,184,203,229,246,249,155,293,189,201,281,234,270,229,233,240,332,328,268,302,428,301,392,384,431,349,375,378,472,401,283,294,283,214,333,199,195,165,223,131,128,162,116,220,275,77,163,116,126,63,246,56,18190
3001,BARKERS_RD W of CHURCH_ST,045 A08,-37.81457,145.02161,6309,465,7,1,10/24/2006,89,92,75,52,81,31,22,13,24,17,11,16,9,15,8,11,5,8,22,14,99,43,98,44,130,191,145,276,208,221,259,272,308,306,223,265,199,154,194,193,203,220,268,239,228,250,266,348,265,192,282,312,284,220,282,256,273,309,268,270,316,247,366,358,306,275,434,316,323,409,467,506,426,260,283,331,263,249,226,298,217,158,187,137,218,218,212,226,120,239,231,162,144,90,162,119,19177
3001,BARKERS_RD W of CHURCH_ST,045 A08,-37.81457,145.02161,6309,465,7,1,10/25/2006,86,53,149,68,39,16,48,34,18,12,11,21,20,11,11,18,26,20,8,23,70,48,84,118,123,126,140,179,164,126,286,348,318,185,219,218,198,211,229,192,256,254,208,229,285,270,171,257,227,369,240,164,259,307,218,268,257,210,257,250,320,442,278,392,283,309,303,346,490,409,416,354,504,401,283,418,338,371,278,251,334,181,182,197,195,162,161,151,185,245,148,175,225,115,120,126,19318
3001,BARKERS_RD W of CHURCH_ST,045 A08,-37.81457,145.02161,6309,465,7,1,10/26/2006,96,109,154,106,73,31,23,16,22,23,12,27,15,13,17,7,7,16,11,102,60,112,85,102,56,204,88,156,166,188,189,251,298,218,215,242,248,177,253,238,279,194,159,208,196,172,235,241,252,314,285,226,278,234,183,373,361,325,264,225,316,348,370,252,375,301,303,325,370,458,486,354,385,353,444,361,213,246,348,220,230,283,284,246,178,191,186,224,234,223,166,213,235,101,104,118,19474
3001,BARKERS_RD W of CHURCH_ST,045 A08,-37.81457,145.02161,6309,465,7,1,10/27/2006,94,181,62,89,108,33,23,21,23,24,25,11,30,21,18,23,18,15,30,31,16,65,77,88,99,122,170,218,199,221,253,220,280,194,242,203,280,188,173,201,265,171,200,233,279,181,218,159,243,207,199,226,333,252,298,228,344,234,300,280,271,361,281,303,279,234,303,361,402,359,375,399,364,401,283,321,295,233,226,250,186,204,189,178,184,218,170,126,241,180,221,156,246,130,136,212,18517
3001,BARKERS_RD W of CHURCH_ST,045 A08,-37.81457,145.02161,6309,465,7,1,10/28/2006,150,129,135,201,211,94,182,54,81,49,58,82,90,43,53,75,49,45,31,49,20,61,68,95,44,181,103,60,114,109,96,87,303,249,111,122,308,238,229,200,194,195,250,436,393,420,282,226,287,356,372,304,407,296,294,306,359,360,246,556,527,470,313,487,594,470,353,306,302,211,400,340,322,464,440,205,180,128,144,184,128,191,160,199,215,145,179,147,159,186,169,131,176,138,144,137,20642
3001,BARKERS_RD W of CHURCH_ST,045 A08,-37.81457,145.02161,6309,465,7,1,10/29/2006,304,145,179,281,247,100,119,0,0,0,0,60,82,51,46,41,77,49,51,26,52,38,29,68,41,58,38,66,48,44,104,46,173,55,34,159,84,76,165,182,133,160,166,170,158,242,200,203,271,469,311,211,308,250,275,288,190,355,281,302,256,251,233,278,616,598,342,293,477,246,578,250,378,181,197,169,253,219,250,120,152,152,159,115,146,120,124,121,129,146,111,72,205,77,121,51,16547
3001,BARKERS_RD W of CHURCH_ST,045 A08,-37.81457,145.02161,6309,465,7,1,10/30/2006,145,47,105,31,26,22,19,21,21,14,12,20,27,12,23,22,9,18,9,46,85,31,65,67,170,133,131,186,172,153,226,268,194,192,213,162,181,200,164,158,166,193,221,277,199,224,215,174,266,287,291,226,259,308,237,244,311,202,264,273,346,398,283,303,279,283,352,383,370,370,488,357,381,345,339,340,339,270,226,220,186,202,223,175,180,147,112,106,185,275,202,89,124,103,102,105,17825
3001,BARKERS_RD W of CHURCH_ST,045 A08,-37.81457,145.02161,6309,465,7,1,10/31/2006,161,135,47,51,25,35,25,12,10,16,13,12,19,9,11,9,11,9,9,19,141,11,155,143,132,148,152,170,233,270,216,180,336,172,167,192,195,223,107,267,238,181,183,185,161,205,235,212,319,292,221,218,259,272,213,331,270,224,245,367,241,348,270,253,385,303,306,337,497,409,370,377,385,397,359,278,245,294,225,250,186,186,184,128,218,131,153,123,113,111,175,164,198,82,126,133,18019
3002,DENMARK_ST N of BARKERS_RD,045 B08,-37.81489,145.02663,6299,466,1,1,10/3/2006,16,5,8,11,6,5,1,6,4,7,7,8,4,2,4,6,4,9,10,16,20,19,33,51,58,115,205,211,238,321,309,285,311,306,306,292,296,284,219,255,191,203,207,176,178,174,180,173,197,209,187,190,177,154,204,175,180,216,183,219,210,201,205,236,201,267,223,212,223,234,242,251,194,226,185,199,171,147,138,115,86,92,95,91,91,97,72,74,64,59,52,58,37,37,28,15,13174
3002,DENMARK_ST N of BARKERS_RD,045 B08,-37.81489,145.02663,6299,466,1,1,10/4/2006,20,14,12,10,3,8,5,3,4,2,6,7,4,4,10,9,5,6,10,20,14,28,38,64,72,106,187,212,235,287,285,308,345,292,311,263,288,263,237,264,192,178,223,215,207,220,194,207,185,218,188,214,197,205,187,168,177,194,197,195,209,252,211,237,185,241,215,232,194,228,222,235,211,214,200,193,144,185,151,134,104,115,85,85,87,56,93,90,88,66,58,43,40,40,34,19,13418
3002,DENMARK_ST N of BARKERS_RD,045 B08,-37.81489,145.02663,6299,466,1,1,10/5/2006,24,15,9,7,10,6,10,4,5,4,4,5,6,8,5,8,1,8,10,13,15,22,34,47,74,112,186,231,244,250,335,320,275,340,283,317,291,303,243,272,202,196,208,192,189,176,172,217,190,185,179,181,182,204,196,205,162,205,186,205,193,249,219,213,206,231,237,214,223,245,211,216,236,219,219,204,188,176,132,137,124,107,75,88,82,91,92,95,76,79,53,50,64,37,28,22,13519
3002,DENMARK_ST N of BARKERS_RD,045 B08,-37.81489,145.02663,6299,466,1,1,10/6/2006,33,14,20,12,9,7,10,6,5,4,4,3,8,7,7,6,5,11,10,12,21,29,34,58,70,115,176,229,241,263,275,336,284,326,278,128,248,271,204,211,179,196,227,184,175,235,224,206,208,202,198,205,146,202,197,204,194,176,187,216,228,198,242,212,247,205,226,225,219,211,241,195,237,218,238,198,234,185,159,125,119,109,95,97,87,94,87,71,79,81,74,61,71,70,61,57,13507
3002,DENMARK_ST N of BARKERS_RD,045 B08,-37.81489,145.02663,6299,466,1,1,10/9/2006,20,9,9,11,9,11,6,6,1,3,8,3,3,4,6,2,9,12,13,15,15,27,31,62,57,117,145,223,228,311,280,316,286,296,285,291,290,271,243,239,185,216,208,197,174,175,177,154,182,192,164,157,163,169,183,165,154,190,175,172,208,194,246,202,243,196,242,229,217,255,207,223,220,211,182,186,172,133,126,99,91,84,71,63,68,54,65,67,64,58,38,50,29,28,24,24,12594
3002,DENMARK_ST N of BARKERS_RD,045 B08,-37.81489,145.02663,6299,466,1,1,10/10/2006,12,10,13,9,10,6,6,6,4,1,5,2,5,4,3,3,6,4,11,21,26,27,29,61,63,106,185,206,248,307,309,271,340,254,308,262,284,286,230,248,230,233,170,178,193,182,185,176,195,204,170,169,169,201,191,188,181,169,205,180,203,207,249,238,220,249,251,231,204,243,219,262,215,229,191,224,184,181,140,152,107,106,92,88,88,80,105,90,89,49,70,53,42,37,33,20,13401
3002,DENMARK_ST N of BARKERS_RD,045 B08,-37.81489,145.02663,6299,466,1,1,10/11/2006,28,23,15,14,9,4,7,5,6,6,2,5,5,2,6,10,4,2,12,10,19,22,38,59,73,109,185,200,256,293,303,305,294,284,301,289,259,274,272,219,279,185,214,209,175,221,185,181,189,193,183,186,185,182,179,170,175,151,154,220,232,237,232,217,204,240,249,210,180,255,273,205,216,212,211,178,194,154,139,134,124,89,89,91,80,87,96,98,89,73,70,57,48,47,36,18,13409
3002,DENMARK_ST N of BARKERS_RD,045 B08,-37.81489,145.02663,6299,466,1,1,10/12/2006,19,12,15,13,4,8,8,4,5,5,7,2,7,7,2,7,10,6,12,15,14,33,35,60,60,123,189,262,233,323,325,270,302,294,282,271,256,301,238,258,214,216,193,222,203,195,202,169,197,204,190,165,176,184,155,173,172,203,202,191,213,210,214,229,224,203,222,240,218,228,231,251,190,221,172,205,155,192,148,146,129,108,98,94,95,101,93,89,92,78,65,61,48,45,44,24,13499
3002,DENMARK_ST N of BARKERS_RD,045 B08,-37.81489,145.02663,6299,466,1,1,10/13/2006,21,19,15,12,8,13,9,7,10,3,6,7,6,5,7,6,5,8,10,15,15,27,42,59,60,118,163,232,268,287,289,305,306,292,305,278,265,286,240,239,201,237,178,203,179,189,229,232,219,212,194,189,168,179,204,176,200,173,183,216,223,215,214,227,213,230,219,224,203,248,231,234,220,238,191,184,189,163,175,121,116,81,97,89,94,87,81,72,68,81,70,68,71,53,55,53,13627
3002,DENMARK_ST N of BARKERS_RD,045 B08,-37.81489,145.02663,6299,466,1,1,10/16/2006,15,12,8,6,12,11,8,5,4,6,3,3,9,3,5,5,4,8,11,16,12,21,26,65,63,106,156,222,237,283,304,283,314,266,311,260,295,289,257,192,196,187,172,197,182,193,155,194,181,167,154,171,179,175,180,167,172,174,187,204,194,251,214,203,217,231,228,211,182,227,235,208,198,164,217,189,149,135,133,112,84,66,92,81,70,71,79,68,59,58,40,45,29,27,25,19,12514
3002,DENMARK_ST N of BARKERS_RD,045 B08,-37.81489,145.02663,6299,466,1,1,10/17/2006,12,13,9,10,6,5,2,4,1,4,5,3,3,6,8,6,2,6,8,19,14,33,40,54,63,140,189,240,267,293,269,310,321,276,294,291,284,268,261,239,214,199,202,176,201,208,198,214,177,191,209,200,165,180,188,185,168,166,190,199,242,209,227,213,229,232,232,211,201,220,212,267,203,222,198,225,196,180,137,146,120,108,95,84,93,102,82,71,80,60,67,69,45,40,35,32,13493
3002,DENMARK_ST N of BARKERS_RD,045 B08,-37.81489,145.02663,6299,466,1,1,10/18/2006,32,26,9,8,7,16,9,2,6,6,5,3,9,10,5,8,5,9,8,14,17,32,36,74,78,125,199,246,266,245,303,337,314,308,289,301,266,292,274,257,206,218,177,208,175,187,194,183,201,217,188,212,179,169,187,184,163,183,203,206,211,195,250,213,227,218,210,226,225,218,246,232,241,196,182,193,188,208,155,136,120,91,98,81,87,82,88,102,85,76,74,59,54,47,24,26,13660
3002,DENMARK_ST N of BARKERS_RD,045 B08,-37.81489,145.02663,6299,466,1,1,10/19/2006,25,17,9,17,6,5,8,11,5,5,4,5,11,1,3,10,2,5,5,18,15,31,32,58,74,113,209,233,226,283,309,290,314,284,303,258,278,282,259,228,233,220,164,205,190,190,165,226,201,180,208,186,184,185,189,200,175,174,215,207,212,210,230,204,232,220,244,221,242,236,249,208,211,204,229,189,233,155,161,133,128,100,94,106,119,99,97,90,82,76,55,64,65,45,42,35,13668
3002,DENMARK_ST N of BARKERS_RD,045 B08,-37.81489,145.02663,6299,466,1,1,10/20/2006,25,31,17,19,10,8,10,7,7,6,4,7,10,6,6,13,9,7,11,14,16,35,48,59,66,125,199,212,261,266,320,331,289,305,306,319,257,292,238,238,238,173,155,245,204,187,205,202,230,214,209,224,234,178,235,207,215,202,172,198,215,226,217,217,257,206,228,213,222,238,256,228,233,240,186,162,183,168,148,127,104,105,95,87,71,82,76,71,74,67,65,57,67,57,55,44,13883
3002,DENMARK_ST N of BARKERS_RD,045 B08,-37.81489,145.02663,6299,466,1,1,10/23/2006,13,16,10,6,5,7,12,4,4,4,3,3,5,7,3,7,9,5,10,13,11,22,34,55,56,108,161,218,254,281,285,315,301,303,301,323,314,258,266,213,209,224,171,169,185,181,188,195,156,190,166,136,186,170,182,154,151,175,176,167,210,205,196,240,219,195,233,223,205,213,275,218,221,191,185,188,163,155,99,127,119,98,66,73,82,84,65,70,59,62,47,41,38,28,15,18,12682
3002,DENMARK_ST N of BARKERS_RD,045 B08,-37.81489,145.02663,6299,466,1,1,10/30/2006,17,15,8,14,13,9,9,4,10,3,4,4,2,3,6,7,10,5,18,14,17,16,41,45,73,103,172,213,247,269,287,337,313,269,308,254,263,246,229,187,198,182,184,165,177,167,171,171,197,158,199,186,171,178,169,205,185,186,176,179,220,225,204,213,179,227,195,241,224,229,238,221,181,199,197,175,148,151,108,116,98,93,92,84,77,82,69,73,67,54,44,45,39,31,20,22,12549
3002,DENMARK_ST N of BARKERS_RD,045 B08,-37.81489,145.02663,6299,466,1,1,10/31/2006,23,16,12,12,5,7,5,6,5,4,3,5,3,3,1,4,4,5,11,8,10,17,40,49,64,126,178,221,258,296,326,318,316,306,301,277,284,278,249,201,218,188,187,179,177,192,199,198,200,201,197,188,158,196,181,159,182,173,187,196,201,210,241,233,201,211,230,200,230,234,232,230,219,216,191,186,173,175,152,139,105,119,105,102,93,104,81,84,73,75,51,46,44,30,38,32,13299
3002,BARKERS_RD E of DENMARK_ST,045 B08,-37.81521,145.02706,16550,466,3,1,10/4/2006,24,12,9,16,12,8,8,18,10,3,10,8,10,12,14,6,9,12,17,12,16,44,45,54,80,124,195,240,271,362,355,329,262,304,224,358,265,233,228,215,199,202,239,185,184,190,143,187,181,176,159,173,161,166,163,161,187,167,167,142,170,177,167,163,161,149,155,168,168,154,194,140,205,184,179,161,165,150,144,111,94,107,116,103,88,82,95,89,81,89,77,61,60,34,40,35,12482
3002,BARKERS_RD E of DENMARK_ST,045 B08,-37.81521,145.02706,16550,466,3,1,10/5/2006,21,18,11,17,13,10,10,7,8,8,6,7,7,3,12,14,10,17,12,15,20,35,53,60,61,133,186,208,270,347,345,393,277,257,375,288,277,242,283,195,208,205,193,176,189,196,197,184,180,183,172,182,192,184,163,163,166,172,147,168,168,145,193,163,197,149,187,186,189,156,186,169,226,164,192,161,165,144,134,111,147,116,128,105,87,101,123,67,74,76,72,57,38,48,39,27,12841
3002,BARKERS_RD E of DENMARK_ST,045 B08,-37.81521,145.02706,16550,466,3,1,10/6/2006,27,16,25,13,15,13,14,21,6,5,12,15,10,16,13,18,12,19,12,18,18,37,38,64,68,124,188,224,262,358,362,319,296,258,328,286,285,224,223,249,216,206,186,210,213,192,210,180,204,183,184,202,186,181,173,158,160,172,202,149,154,191,190,172,150,198,146,185,182,179,175,226,179,238,201,202,174,177,155,119,121,136,91,85,96,109,92,69,104,90,78,81,71,76,55,54,13279
3002,BARKERS_RD E of DENMARK_ST,045 B08,-37.81521,145.02706,16550,466,3,1,10/10/2006,21,19,12,15,13,7,18,6,8,4,4,12,4,7,8,8,7,20,10,21,21,44,42,60,70,105,181,207,286,357,329,371,262,352,300,339,281,241,258,216,171,198,225,185,164,159,161,201,180,186,171,191,145,208,186,169,163,188,150,163,160,148,187,191,156,159,184,169,183,168,184,150,184,151,171,152,150,125,139,119,106,102,117,98,70,106,115,75,94,76,72,62,64,42,33,24,12596
3002,BARKERS_RD E of DENMARK_ST,045 B08,-37.81521,145.02706,16550,466,3,1,10/11/2006,22,24,15,20,10,8,9,7,11,5,5,9,7,7,9,7,6,16,20,20,25,29,45,62,82,120,183,225,273,337,358,340,288,309,319,281,282,243,283,204,200,200,178,215,173,173,174,182,180,172,173,176,162,179,170,176,161,155,137,154,145,168,163,159,192,180,156,176,151,163,148,202,177,171,212,159,151,126,119,115,109,84,122,80,80,99,98,76,75,87,65,61,60,49,32,24,12449
3002,BARKERS_RD E of DENMARK_ST,045 B08,-37.81521,145.02706,16550,466,3,1,10/12/2006,15,12,12,14,11,6,8,10,8,3,9,5,7,12,6,10,12,14,14,15,21,44,46,57,85,133,179,211,276,321,357,356,272,274,329,296,262,234,240,223,183,195,196,205,192,181,202,184,185,168,193,157,155,201,191,164,178,157,159,153,161,146,184,185,162,188,178,170,155,161,179,193,169,156,194,164,183,135,124,117,134,112,107,125,81,114,96,80,94,75,84,67,45,46,37,29,12648
3002,BARKERS_RD E of DENMARK_ST,045 B08,-37.81521,145.02706,16550,466,3,1,10/13/2006,23,33,25,20,19,18,14,14,8,6,7,10,14,12,6,15,11,12,15,13,17,38,54,61,61,127,185,223,254,325,333,351,249,312,299,264,287,235,239,210,211,219,210,196,187,208,175,187,171,183,184,177,162,184,168,178,188,164,165,182,139,175,181,139,200,159,168,177,184,180,166,179,196,196,228,168,177,196,153,133,153,118,97,114,98,107,78,69,70,79,93,69,77,56,58,62,13010
3002,BARKERS_RD E of DENMARK_ST,045 B08,-37.81521,145.02706,16550,466,3,1,10/17/2006,18,14,18,10,10,13,9,11,3,2,14,8,5,6,8,5,8,13,9,18,22,41,41,62,77,132,155,270,262,323,385,347,282,309,312,306,273,292,237,233,187,196,222,209,181,185,218,187,194,201,181,172,144,156,181,167,149,172,139,158,122,188,183,146,190,146,158,156,161,182,174,169,217,215,195,169,163,133,111,119,102,100,87,92,83,94,54,78,75,77,54,51,52,32,41,25,12556
3002,BARKERS_RD E of DENMARK_ST,045 B08,-37.81521,145.02706,16550,466,3,1,10/18/2006,19,13,26,15,11,11,15,11,8,3,4,17,10,8,7,8,14,11,15,16,26,34,46,64,76,131,180,218,299,360,382,320,304,309,334,308,272,259,217,234,213,212,187,204,179,182,204,215,202,178,209,169,219,194,188,171,178,147,162,150,155,177,171,188,156,135,131,170,179,155,146,181,170,192,181,149,159,152,156,117,115,90,102,93,77,91,98,82,74,96,66,51,39,54,35,29,12790
3002,BARKERS_RD E of DENMARK_ST,045 B08,-37.81521,145.02706,16550,466,3,1,10/19/2006,17,15,22,18,15,4,17,13,10,9,9,9,16,7,8,9,12,11,9,24,25,37,44,61,91,126,158,203,256,361,360,375,294,314,239,260,307,284,269,234,213,214,206,178,194,169,199,160,205,173,167,170,199,180,178,176,179,157,168,162,151,178,143,166,170,194,154,205,155,156,167,221,173,216,180,169,159,194,174,115,112,104,122,110,93,108,70,99,62,79,66,49,49,52,42,37,12893
3002,BARKERS_RD E of DENMARK_ST,045 B08,-37.81521,145.02706,16550,466,3,1,10/20/2006,25,24,16,23,12,19,17,15,14,3,10,20,14,15,15,8,9,16,15,12,30,27,55,72,81,114,173,233,268,325,380,309,357,308,313,218,279,221,242,213,203,210,217,209,187,175,197,203,203,220,227,199,171,189,185,184,176,193,182,154,196,179,170,151,155,165,212,158,193,206,171,239,193,179,229,172,165,190,194,156,135,117,96,76,95,85,71,105,73,87,89,61,75,67,65,48,13422
3002,POWER_ST S of BARKERS_RD,045 B08,-37.81545,145.02652,16538,466,5,1,10/3/2006,21,17,13,14,6,11,7,6,4,6,4,2,4,5,5,7,4,6,3,6,12,14,17,27,32,62,91,126,151,169,211,232,236,241,213,183,214,230,195,200,135,147,198,197,172,176,162,184,192,163,166,233,203,178,197,164,187,270,176,210,255,250,258,273,240,257,273,277,262,263,276,190,262,304,287,262,201,211,186,134,128,116,112,97,138,100,112,84,104,79,73,56,51,47,36,34,13005
3002,POWER_ST S of BARKERS_RD,045 B08,-37.81545,145.02652,16538,466,5,1,10/4/2006,27,17,10,22,6,10,11,13,9,11,2,5,3,7,4,4,3,12,5,7,6,13,16,35,49,59,100,113,154,166,204,203,237,218,206,194,194,168,180,176,158,178,188,166,160,176,193,185,173,207,159,208,192,191,182,163,205,190,221,219,263,196,183,252,241,263,239,278,249,244,265,300,273,327,287,197,215,223,182,161,122,118,108,126,117,115,142,109,111,91,87,79,49,50,47,36,12938
3002,POWER_ST S of BARKERS_RD,045 B08,-37.81545,145.02652,16538,466,5,1,10/5/2006,33,19,15,16,12,9,13,8,8,7,12,6,1,4,6,6,7,11,4,12,2,8,26,24,37,48,101,121,140,164,219,178,235,257,194,226,176,225,186,178,177,143,203,174,181,166,179,209,163,165,199,179,174,194,168,192,187,227,203,213,247,243,247,256,264,227,295,290,321,280,280,320,286,325,267,239,218,195,175,160,129,114,103,125,107,131,118,103,107,107,98,78,63,48,49,32,13297
3002,POWER_ST S of BARKERS_RD,045 B08,-37.81545,145.02652,16538,466,5,1,10/6/2006,24,23,20,31,10,16,11,9,12,14,10,10,6,8,3,9,11,11,11,12,14,12,12,30,52,60,97,102,138,180,177,208,257,237,212,193,193,219,193,187,164,165,178,177,167,178,170,189,199,195,208,204,179,197,184,197,214,232,207,221,244,276,264,267,260,287,268,262,251,286,297,271,331,314,286,241,252,208,203,173,140,109,105,87,95,97,95,85,107,91,106,116,84,49,85,66,13617
3002,POWER_ST S of BARKERS_RD,045 B08,-37.81545,145.02652,16538,466,5,1,10/10/2006,28,21,13,11,10,3,8,6,4,4,3,4,4,4,2,6,1,3,6,6,5,15,14,21,53,59,98,137,134,182,199,213,256,216,248,186,204,195,196,169,176,144,165,173,162,158,155,156,180,170,188,162,182,185,204,181,175,167,193,230,238,211,237,250,305,282,270,291,268,318,295,312,314,287,301,304,234,214,213,169,156,146,105,110,122,118,102,95,112,104,84,75,63,47,30,37,13272
3002,POWER_ST S of BARKERS_RD,045 B08,-37.81545,145.02652,16538,466,5,1,10/11/2006,34,13,16,15,10,7,10,6,7,6,4,3,1,2,2,5,2,2,6,6,11,6,32,25,35,59,102,127,128,183,208,228,223,255,199,208,212,174,212,176,168,189,190,143,182,181,178,158,187,182,191,186,183,166,193,213,187,204,182,227,265,259,266,281,255,253,276,261,258,281,251,300,285,266,298,276,259,199,173,154,133,115,112,117,109,124,130,112,117,110,78,77,61,48,42,30,13281
3002,POWER_ST S of BARKERS_RD,045 B08,-37.81545,145.02652,16538,466,5,1,10/12/2006,32,15,12,13,9,16,9,7,10,8,3,9,3,2,4,6,6,6,7,16,8,18,28,24,43,54,93,122,127,160,206,231,241,263,217,227,202,218,197,228,186,168,154,196,155,159,164,181,172,211,181,166,201,153,197,182,225,222,203,244,256,251,282,269,270,252,279,284,255,262,266,304,281,323,272,229,216,189,166,171,122,136,114,117,114,124,113,116,102,129,82,80,67,46,51,37,13447
3002,POWER_ST S of BARKERS_RD,045 B08,-37.81545,145.02652,16538,466,5,1,10/13/2006,36,30,24,25,12,8,3,8,15,10,6,6,6,4,5,5,8,7,5,15,8,16,24,36,49,52,99,109,114,150,209,184,264,238,215,213,209,177,158,182,211,180,176,169,143,207,173,203,230,197,172,258,209,198,207,205,198,186,194,217,247,277,280,239,262,234,260,217,324,281,294,297,319,290,238,265,224,199,189,131,143,120,92,113,103,86,77,95,120,99,109,88,86,51,107,71,13504
3002,POWER_ST S of BARKERS_RD,045 B08,-37.81545,145.02652,16538,466,5,1,10/16/2006,27,20,11,9,10,7,11,10,5,9,7,4,1,4,5,5,5,13,4,6,3,8,14,32,35,46,107,114,121,179,193,212,204,247,238,203,169,208,186,151,154,152,163,175,166,182,175,144,172,182,203,201,223,178,204,204,150,168,212,197,208,274,272,277,309,249,280,271,279,271,308,312,273,290,290,277,198,181,146,119,121,102,91,90,109,86,103,92,102,78,58,72,44,39,30,29,12778
3002,POWER_ST S of BARKERS_RD,045 B08,-37.81545,145.02652,16538,466,5,1,10/17/2006,24,15,15,10,9,7,7,12,9,6,0,7,5,6,2,3,3,2,3,13,6,16,19,33,34,61,111,115,126,176,190,229,268,229,238,224,219,205,194,184,177,173,152,182,171,187,146,191,187,154,179,164,171,183,178,167,174,194,199,237,228,249,278,282,224,275,287,278,263,275,234,317,302,306,262,312,238,189,190,168,153,140,103,106,110,123,121,128,122,83,80,97,71,45,64,58,13362
3002,POWER_ST S of BARKERS_RD,045 B08,-37.81545,145.02652,16538,466,5,1,10/18/2006,51,28,24,17,17,10,9,8,9,6,4,3,6,5,6,7,1,4,9,10,7,9,24,27,36,70,86,116,155,170,217,212,242,270,193,207,205,182,162,160,173,165,172,163,157,169,176,175,175,198,180,222,169,154,199,201,194,179,212,248,258,216,236,304,255,268,290,249,294,304,306,257,322,271,298,268,226,207,204,164,126,136,123,114,120,120,134,139,123,98,90,96,93,70,66,52,13562
3002,POWER_ST S of BARKERS_RD,045 B08,-37.81545,145.02652,16538,466,5,1,10/19/2006,37,35,18,11,14,13,9,17,8,7,11,13,7,4,5,6,8,8,2,11,7,16,22,35,37,76,109,112,132,139,220,190,284,222,232,194,180,181,215,172,191,162,158,161,147,190,175,181,191,194,194,167,182,190,180,209,195,196,193,232,267,232,269,254,284,231,264,290,301,266,338,293,305,279,294,235,241,183,192,142,139,143,112,97,127,114,125,104,139,102,124,79,101,56,59,34,13522
3002,POWER_ST S of BARKERS_RD,045 B08,-37.81545,145.02652,16538,466,5,1,10/20/2006,45,29,26,24,15,16,17,19,15,6,12,9,8,5,9,9,6,5,10,11,6,19,19,25,33,52,104,119,121,162,189,233,202,272,198,196,182,186,187,191,159,165,155,191,160,195,213,163,205,205,248,204,231,169,195,214,209,219,216,196,180,199,217,199,273,250,297,251,269,259,311,320,265,293,254,235,189,172,167,132,112,108,94,95,96,110,86,81,102,75,79,94,94,74,70,77,13083
3002,POWER_ST S of BARKERS_RD,045 B08,-37.81545,145.02652,16538,466,5,1,10/23/2006,17,21,13,16,9,7,9,5,6,8,3,2,3,1,4,6,3,8,4,4,6,9,20,36,38,49,105,137,130,178,222,221,219,204,231,214,227,137,174,183,166,158,178,160,155,163,142,188,142,200,207,186,181,179,197,184,170,171,224,182,256,252,235,234,250,275,278,273,289,275,282,296,281,289,257,218,199,176,159,114,105,105,120,97,95,91,85,81,93,67,58,43,42,36,32,19,12479
3002,POWER_ST S of BARKERS_RD,045 B08,-37.81545,145.02652,16538,466,5,1,10/30/2006,36,22,22,12,12,12,6,5,5,6,3,4,4,3,8,8,2,9,4,10,7,11,8,24,34,48,92,117,122,138,198,214,198,247,208,211,211,187,155,161,173,139,177,160,177,167,171,174,163,195,167,206,179,171,176,145,183,176,195,215,220,268,226,224,237,255,268,293,305,270,309,293,294,247,277,216,190,180,150,140,118,99,101,93,104,117,88,101,106,84,68,71,46,36,19,25,12431
3002,POWER_ST S of BARKERS_RD,045 B08,-37.81545,145.02652,16538,466,5,1,10/31/2006,19,21,6,9,15,6,7,6,4,5,7,3,2,0,5,5,6,12,2,11,6,14,17,28,27,51,94,108,141,154,187,210,242,211,226,211,188,200,153,193,210,163,121,162,158,151,218,156,223,185,192,205,180,173,197,151,217,170,192,195,244,254,296,267,261,233,298,245,265,242,339,274,321,280,321,242,218,192,183,151,148,118,135,101,118,96,113,102,101,93,82,87,71,52,40,36,13050
3120,BURKE_RD N of CANTERBURY_RD,045 J10,-37.82264,145.05734,6379,496,1,1,10/2/2006,31,31,23,18,36,15,13,10,14,9,9,3,10,14,5,14,8,16,9,23,20,26,38,44,86,131,156,222,188,272,251,314,237,343,289,251,222,283,215,213,206,226,186,193,187,186,172,184,178,191,191,211,186,204,195,191,207,177,227,182,162,195,215,192,221,226,209,226,172,221,192,201,198,212,175,180,150,179,147,124,119,98,119,115,120,103,122,92,75,105,67,48,46,51,35,30,13134
3120,BURKE_RD N of CANTERBURY_RD,045 J10,-37.82264,145.05734,6379,496,1,1,10/3/2006,24,26,17,12,11,13,10,8,4,8,8,9,6,12,8,10,5,14,17,31,22,35,43,71,99,132,179,210,243,243,273,313,250,287,331,250,248,221,249,224,183,184,203,182,172,211,191,195,185,214,186,178,189,203,191,178,200,196,194,213,193,191,219,221,216,219,218,213,213,203,225,209,233,227,226,197,182,153,200,163,169,128,126,125,138,113,117,113,125,93,86,73,75,53,37,41,13757
3120,BURKE_RD N of CANTERBURY_RD,045 J10,-37.82264,145.05734,6379,496,1,1,10/4/2006,32,38,24,38,17,13,13,10,7,10,8,13,9,13,7,9,8,11,12,31,18,36,44,53,126,127,185,214,208,219,261,239,322,275,314,265,228,268,207,190,211,189,212,183,167,200,164,216,219,219,211,182,188,212,176,173,191,206,222,176,207,191,194,208,178,213,215,207,212,204,190,182,182,206,211,203,182,173,164,167,152,120,129,116,161,123,117,128,117,123,83,81,70,80,51,41,13620
3120,BURKE_RD N of CANTERBURY_RD,045 J10,-37.82264,145.05734,6379,496,1,1,10/5/2006,37,30,26,26,30,20,11,7,8,8,11,13,12,17,9,11,19,12,23,28,21,30,39,60,115,113,164,205,207,241,264,298,268,305,293,263,222,233,218,245,200,175,195,209,172,206,214,208,198,223,176,223,189,213,194,182,187,194,235,207,194,207,202,199,230,215,195,210,223,216,204,216,202,215,238,209,183,175,160,190,140,139,162,139,149,131,102,142,93,98,97,89,82,61,43,44,13956
3120,BURKE_RD N of CANTERBURY_RD,045 J10,-37.82264,145.05734,6379,496,1,1,10/6/2006,41,36,25,29,31,12,13,12,9,9,7,21,12,18,17,10,14,16,15,28,19,35,31,70,99,167,180,204,230,193,274,269,268,306,315,273,219,255,246,224,198,199,224,244,209,202,202,238,209,232,195,241,208,213,194,207,182,213,222,172,186,206,204,207,216,191,219,216,187,196,195,189,207,229,212,223,236,201,234,159,160,129,129,145,146,122,96,116,116,113,113,111,106,129,91,110,14501
3120,BURKE_RD N of CANTERBURY_RD,045 J10,-37.82264,145.05734,6379,496,1,1,10/7/2006,69,107,61,59,55,39,41,46,31,29,21,22,24,27,27,26,15,16,27,18,23,14,32,30,35,59,87,91,94,102,118,101,149,172,188,217,212,208,245,224,208,206,225,240,203,208,220,252,232,203,202,197,183,206,209,200,212,215,225,243,228,200,219,203,221,194,200,211,199,199,200,197,206,207,214,226,191,223,176,169,177,140,123,112,122,113,137,116,124,120,120,119,124,143,133,143,13599
3120,BURKE_RD N of CANTERBURY_RD,045 J10,-37.82264,145.05734,6379,496,1,1,10/9/2006,30,27,9,16,15,10,8,15,3,6,12,6,11,8,4,12,14,5,16,25,18,43,38,60,85,123,161,237,213,254,255,278,265,314,311,283,203,195,234,218,215,188,167,204,176,194,195,192,191,204,209,185,202,183,165,180,186,189,227,205,222,202,204,205,219,204,223,221,215,192,207,221,194,213,183,196,159,168,171,121,114,116,88,125,115,112,97,70,93,97,70,57,57,47,33,26,13154
3120,BURKE_RD N of CANTERBURY_RD,045 J10,-37.82264,145.05734,6379,496,1,1,10/10/2006,27,23,14,27,15,13,14,7,13,7,10,4,8,7,8,11,12,16,22,35,27,32,51,54,91,131,194,216,224,247,276,275,287,295,339,214,257,246,247,221,187,193,191,205,220,193,220,207,190,178,190,175,200,196,216,187,205,191,189,214,186,187,222,211,226,215,219,229,217,217,222,211,202,193,218,204,240,164,166,160,129,126,126,127,119,118,122,123,100,117,84,76,59,57,40,46,13842
3120,BURKE_RD N of CANTERBURY_RD,045 J10,-37.82264,145.05734,6379,496,1,1,10/11/2006,38,41,16,18,32,13,13,8,9,4,14,6,13,9,10,7,9,11,14,29,21,30,47,71,93,179,196,188,218,254,277,275,247,354,319,265,223,235,254,182,218,166,195,225,199,182,209,215,199,209,203,187,198,186,196,174,185,215,194,200,173,180,202,170,196,256,182,217,197,238,216,209,195,205,191,211,184,169,189,137,137,117,119,134,113,109,110,134,105,108,95,81,78,70,34,46,13704
3120,BURKE_RD N of CANTERBURY_RD,045 J10,-37.82264,145.05734,6379,496,1,1,10/12/2006,36,30,25,31,20,9,15,6,12,8,11,9,4,12,9,11,11,15,16,22,24,32,41,53,118,163,181,213,237,255,249,282,268,321,316,279,227,271,226,235,199,212,148,201,208,192,198,211,211,208,168,197,207,211,202,216,206,191,189,185,202,198,179,188,213,185,199,193,212,184,241,212,212,205,185,204,206,193,178,131,128,128,136,127,123,152,120,110,113,130,104,74,76,75,45,37,13861
3120,BURKE_RD N of CANTERBURY_RD,045 J10,-37.82264,145.05734,6379,496,1,1,10/13/2006,38,51,21,30,28,17,24,13,11,12,9,13,15,8,11,15,10,14,24,29,22,36,42,55,114,127,163,235,203,220,261,272,277,322,307,231,221,251,234,218,203,190,215,209,197,225,197,198,227,205,237,177,194,191,189,188,189,188,204,199,209,217,175,246,222,194,227,196,211,236,196,230,202,219,172,225,225,208,182,193,192,141,134,136,116,117,91,113,101,122,121,110,128,108,102,78,14321
3120,BURKE_RD N of CANTERBURY_RD,045 J10,-37.82264,145.05734,6379,496,1,1,10/14/2006,105,74,75,49,47,42,35,38,35,32,18,19,20,31,24,24,23,14,29,17,23,26,28,40,39,61,80,83,81,86,114,141,152,150,178,215,182,183,174,233,229,210,215,225,209,225,247,228,251,245,207,212,251,232,224,242,224,217,204,222,218,237,224,224,192,231,222,237,202,253,231,219,239,232,244,225,211,194,173,140,151,137,125,128,129,129,103,114,123,96,126,109,107,124,108,109,13805
3120,BURKE_RD N of CANTERBURY_RD,045 J10,-37.82264,145.05734,6379,496,1,1,10/15/2006,106,90,85,56,71,73,44,42,41,42,39,28,30,30,28,34,25,27,20,30,42,51,55,61,62,70,89,90,72,72,103,80,88,111,128,156,177,165,211,190,212,205,208,212,216,216,234,214,188,197,221,236,214,209,215,172,221,220,185,191,229,218,211,203,201,184,217,214,184,211,220,213,212,147,211,170,150,131,115,95,112,106,117,131,122,128,114,104,118,84,75,50,51,66,44,41,12399
3120,BURKE_RD N of CANTERBURY_RD,045 J10,-37.82264,145.05734,6379,496,1,1,10/16/2006,39,29,21,20,15,15,15,8,5,9,8,5,7,12,8,7,7,6,19,25,24,25,45,51,104,135,178,219,208,220,257,277,305,311,333,263,228,253,224,212,174,204,173,192,181,192,192,210,206,196,196,221,187,208,191,199,195,199,164,213,179,220,226,201,210,225,205,241,201,190,227,215,195,205,171,189,159,164,134,125,125,142,105,97,107,100,114,90,99,71,68,62,51,57,27,39,13281
3120,BURKE_RD N of CANTERBURY_RD,045 J10,-37.82264,145.05734,6379,496,1,1,10/17/2006,24,25,10,14,23,12,15,6,5,10,4,4,12,4,7,13,10,10,20,23,28,29,38,64,87,133,187,200,250,197,284,305,258,329,284,274,277,248,208,194,238,208,211,195,185,180,207,173,184,183,185,204,208,187,208,163,191,200,215,210,185,223,149,220,228,217,208,206,175,207,235,182,225,208,162,207,180,190,179,129,124,121,128,131,123,130,121,132,122,90,93,80,80,53,49,43,13595
3120,BURKE_RD N of CANTERBURY_RD,045 J10,-37.82264,145.05734,6379,496,1,1,10/18/2006,34,39,19,22,19,16,19,14,5,5,7,9,14,9,7,7,9,12,12,29,31,27,50,60,95,134,185,239,228,259,253,278,291,284,323,268,225,247,215,241,219,194,159,224,212,214,204,214,223,206,165,200,196,206,194,178,183,215,202,197,216,196,190,195,251,218,207,176,195,268,221,226,183,207,213,238,230,215,170,145,145,120,116,99,143,114,127,108,118,109,87,87,84,80,63,66,14071
3120,BURKE_RD N of CANTERBURY_RD,045 J10,-37.82264,145.05734,6379,496,1,1,10/19/2006,50,49,21,25,22,13,13,16,5,5,18,9,14,6,10,15,14,12,18,30,16,42,48,55,92,146,185,215,229,221,244,277,269,282,326,262,268,248,230,219,176,263,192,218,190,233,195,204,205,194,224,196,220,185,251,200,220,194,227,192,187,225,224,206,229,212,222,245,199,215,196,183,206,195,211,227,223,199,200,153,171,128,138,129,110,132,133,109,123,131,84,93,84,86,48,47,14321
3120,BURKE_RD N of CANTERBURY_RD,045 J10,-37.82264,145.05734,6379,496,1,1,10/20/2006,47,41,33,25,26,21,19,14,15,11,15,16,12,14,12,13,9,16,21,27,31,29,38,67,111,133,184,190,216,241,264,282,272,289,318,255,248,246,219,244,201,233,216,189,201,190,199,180,163,238,202,203,200,214,200,203,204,207,178,215,168,214,181,180,243,181,238,201,215,222,207,207,241,212,194,221,208,193,187,171,164,159,128,128,118,114,87,132,114,122,95,102,105,100,88,79,14239
3120,BURKE_RD N of CANTERBURY_RD,045 J10,-37.82264,145.05734,6379,496,1,1,10/21/2006,88,66,58,58,38,30,18,39,33,26,18,19,15,17,25,23,12,14,22,21,30,25,25,38,48,62,73,89,72,97,117,145,147,151,171,202,208,207,241,196,228,237,217,244,232,231,244,226,193,233,265,217,231,173,236,258,231,244,213,211,228,219,194,217,249,215,212,226,187,237,228,199,233,211,225,196,190,178,166,151,134,110,122,141,113,112,146,108,109,95,110,143,128,130,114,102,13626
3120,BURKE_RD N of CANTERBURY_RD,045 J10,-37.82264,145.05734,6379,496,1,1,10/23/2006,30,35,23,22,18,9,12,12,8,10,6,5,13,9,9,8,6,18,10,24,37,30,56,50,81,127,182,190,225,261,264,256,298,268,279,292,243,216,219,201,209,180,199,184,180,177,199,205,194,218,224,217,186,163,205,193,202,205,175,184,164,225,216,232,224,199,197,198,184,192,227,213,199,205,173,203,149,166,140,136,129,93,108,86,101,119,118,100,95,83,64,55,42,47,35,28,13106
3120,BURKE_RD N of CANTERBURY_RD,045 J10,-37.82264,145.05734,6379,496,1,1,10/24/2006,32,31,25,38,21,12,6,9,3,7,6,8,15,11,7,13,5,11,12,34,26,39,60,78,109,134,197,207,261,226,256,260,287,330,329,281,197,254,191,229,195,199,209,204,223,196,179,193,154,218,212,187,224,238,210,213,173,189,188,191,201,224,168,203,186,186,211,226,212,206,227,199,203,196,159,210,193,157,168,151,118,128,140,124,130,136,129,138,130,106,80,82,73,74,48,44,13818
3120,BURKE_RD N of CANTERBURY_RD,045 J10,-37.82264,145.05734,6379,496,1,1,10/25/2006,36,50,25,31,19,14,11,14,4,4,11,7,9,7,6,9,8,12,16,24,24,37,48,71,92,132,178,189,220,263,257,287,266,287,311,280,233,275,218,191,221,202,222,192,175,212,193,206,211,191,200,208,204,186,208,195,201,173,168,225,214,227,204,180,204,224,205,236,232,224,201,205,237,210,172,190,163,191,172,162,134,147,128,126,123,95,124,118,125,85,74,96,72,83,47,48,13847
3120,BURKE_RD N of CANTERBURY_RD,045 J10,-37.82264,145.05734,6379,496,1,1,10/26/2006,38,32,26,22,23,14,11,8,8,10,6,10,11,10,12,10,8,15,20,34,25,34,49,64,90,144,194,217,190,269,278,279,280,314,283,241,239,220,229,217,199,228,203,191,200,208,220,201,212,222,171,183,195,194,200,210,194,204,210,193,194,221,187,171,184,196,235,207,198,240,254,230,185,214,210,190,234,210,180,150,142,131,137,141,125,140,143,124,114,113,93,81,87,99,77,40,14099
3120,BURKE_RD N of CANTERBURY_RD,045 J10,-37.82264,145.05734,6379,496,1,1,10/27/2006,42,30,34,29,22,17,20,16,13,11,13,13,22,12,8,9,10,9,16,26,29,27,41,88,94,128,166,212,235,276,227,295,258,331,304,273,214,245,223,252,222,232,202,214,222,194,183,214,193,234,229,201,186,132,156,158,186,215,214,228,191,186,167,205,201,183,189,209,208,233,204,201,210,218,190,224,192,201,151,191,140,131,130,122,137,110,133,102,96,114,129,106,87,101,96,79,14072
3120,BURKE_RD N of CANTERBURY_RD,045 J10,-37.82264,145.05734,6379,496,1,1,10/28/2006,71,80,69,77,41,43,53,50,38,33,17,22,21,36,22,19,16,17,14,18,20,22,13,41,35,56,82,76,92,115,146,133,142,156,165,200,197,180,214,244,217,213,207,226,229,181,225,213,186,200,202,215,230,227,212,246,225,254,200,209,228,232,208,222,199,241,200,199,199,215,236,211,222,236,223,220,197,214,176,162,142,140,127,115,101,98,105,145,120,118,100,127,119,107,100,105,13512
3120,BURKE_RD N of CANTERBURY_RD,045 J10,-37.82264,145.05734,6379,496,1,1,10/30/2006,38,23,28,27,19,13,17,11,6,9,13,2,11,6,8,8,7,9,16,19,25,30,38,54,64,136,159,222,210,241,267,306,297,310,299,289,235,233,187,169,206,192,184,178,192,181,176,197,231,203,200,205,191,187,215,222,211,184,207,210,188,205,209,202,199,203,229,212,170,209,228,180,224,186,190,178,169,162,133,125,140,127,116,111,110,97,108,91,68,76,93,55,43,45,37,37,13188
3120,BURKE_RD N of CANTERBURY_RD,045 J10,-37.82264,145.05734,6379,496,1,1,10/31/2006,31,30,29,19,18,22,8,5,9,12,5,9,9,7,5,13,10,4,14,32,22,33,29,52,82,120,177,195,234,252,289,271,290,349,274,255,219,225,253,220,198,202,199,189,197,194,192,198,220,201,192,206,184,207,181,208,197,231,185,208,176,198,217,218,208,216,173,208,190,245,190,204,204,195,187,216,207,159,161,152,146,145,113,113,114,104,122,114,108,116,81,75,68,50,53,42,13609
3120,RATHMINES_RD W of BURKE_RD,045 J10,-37.82284,145.05684,4175,496,7,1,10/5/2006,94,94,92,90,92,94,96,92,93,93,92,91,90,88,93,90,94,94,91,95,93,94,92,96,90,92,109,109,112,113,128,142,137,178,168,132,137,117,127,145,125,102,134,143,122,126,136,130,127,148,142,123,153,117,143,145,121,156,143,166,157,179,200,207,215,205,221,205,235,210,248,216,242,194,186,165,154,155,144,135,135,119,128,125,120,124,133,113,122,110,113,99,104,103,96,102,12680
3120,RATHMINES_RD W of BURKE_RD,045 J10,-37.82284,145.05684,4175,496,7,1,10/20/2006,95,92,92,96,89,94,93,86,88,91,89,91,93,90,94,88,92,90,92,90,94,95,94,97,94,98,100,109,108,107,118,127,154,153,133,122,109,150,123,111,134,130,123,139,146,121,128,130,153,156,146,138,146,161,150,169,147,161,167,150,175,173,234,219,196,218,195,209,223,237,235,191,204,240,172,186,135,142,143,135,115,104,93,96,97,96,99,92,98,93,89,92,105,94,94,91,12426
3120,RATHMINES_RD W of BURKE_RD,045 J10,-37.82284,145.05684,4175,496,7,1,10/25/2006,90,92,93,82,90,90,88,88,87,83,86,90,86,88,87,88,84,84,88,86,86,89,92,98,94,92,98,113,116,107,126,145,128,173,133,148,130,134,153,117,100,125,127,144,117,146,123,138,141,135,137,143,133,136,138,138,131,132,165,165,176,178,197,241,183,192,236,207,220,201,247,227,196,219,200,177,177,162,134,140,120,128,107,120,116,136,113,130,112,106,113,95,98,103,96,101,12540
3120,RATHMINES_RD W of BURKE_RD,045 J10,-37.82284,145.05684,4175,496,7,1,10/26/2006,91,92,91,97,88,90,90,92,94,96,91,91,90,91,93,90,90,89,91,89,88,92,94,94,98,90,95,99,117,98,130,134,144,178,181,135,139,132,146,107,116,132,133,116,119,119,126,133,140,119,139,129,122,160,130,120,126,139,132,143,169,200,210,213,209,209,208,233,240,234,250,209,229,184,186,181,176,165,143,149,122,118,112,125,141,116,118,118,113,114,112,108,111,111,95,100,12641
3120,RATHMINES_RD W of BURKE_RD,045 J10,-37.82284,145.05684,4175,496,7,1,10/27/2006,102,103,102,99,100,92,95,95,95,97,95,83,85,93,91,92,93,94,92,92,92,99,93,91,95,98,101,122,99,100,136,120,165,158,167,143,139,146,122,152,120,144,133,135,118,117,121,130,146,133,152,156,154,140,141,152,162,140,175,143,202,182,231,227,208,211,220,189,232,210,200,208,202,189,178,158,146,166,136,121,128,101,96,110,106,100,84,84,106,105,97,101,95,87,83,95,12534
3122,CANTERBURY_RD E of STANHOPE_GV,046 A10,-37.82379,145.06466,16153,498,3,1,10/2/2006,17,12,17,8,11,9,5,12,5,5,8,4,5,2,6,10,5,15,17,24,28,27,45,55,70,135,246,265,385,504,429,428,396,398,374,329,355,301,268,263,203,201,252,230,203,188,200,217,217,219,218,195,193,192,195,183,231,205,200,196,221,200,184,188,186,171,175,204,176,214,185,199,174,173,171,177,156,151,140,117,94,94,61,78,73,62,81,69,76,51,60,46,22,25,19,19,14128
3122,CANTERBURY_RD E of STANHOPE_GV,046 A10,-37.82379,145.06466,16153,498,3,1,10/3/2006,11,6,7,9,5,9,6,6,2,1,8,0,3,9,5,5,6,9,13,14,27,39,61,66,107,204,252,315,404,489,467,344,410,347,386,345,396,363,287,286,240,250,245,269,202,222,188,221,226,218,216,194,189,198,197,183,211,253,212,183,195,238,193,201,159,194,182,212,182,193,234,181,233,166,184,201,178,149,146,126,133,93,95,83,101,71,83,94,82,58,71,48,29,43,27,24,14928
3122,CANTERBURY_RD E of STANHOPE_GV,046 A10,-37.82379,145.06466,16153,498,3,1,10/4/2006,19,16,8,7,7,10,8,5,2,4,5,6,2,8,5,5,7,7,10,17,21,37,58,56,108,184,256,295,434,482,445,396,403,406,363,363,369,362,285,283,233,241,279,226,197,206,212,257,209,214,194,209,182,201,200,203,202,189,194,248,187,228,211,207,193,175,221,180,196,220,205,239,182,191,184,210,167,185,143,145,108,115,107,120,95,90,96,97,87,74,67,67,37,40,28,24,15181
3122,CANTERBURY_RD E of STANHOPE_GV,046 A10,-37.82379,145.06466,16153,498,3,1,10/5/2006,9,22,9,11,12,6,7,15,5,3,6,7,9,3,18,3,14,12,12,23,20,41,43,72,109,181,222,313,388,469,426,419,299,435,428,350,382,356,442,292,268,268,234,231,210,239,223,271,199,220,223,228,211,224,215,191,219,206,210,227,230,229,199,196,183,195,225,215,184,246,232,225,218,227,176,234,174,159,122,139,153,117,116,107,82,105,97,77,84,86,66,63,46,35,22,27,15701
3122,CANTERBURY_RD E of STANHOPE_GV,046 A10,-37.82379,145.06466,16153,498,3,1,10/6/2006,21,24,9,20,16,9,8,8,8,11,10,9,6,12,12,10,12,12,15,28,22,34,51,55,104,166,261,290,348,487,484,421,401,400,360,345,358,377,294,287,295,262,241,232,228,229,216,266,234,226,216,196,226,229,205,193,207,208,203,253,213,228,212,205,211,210,200,192,204,198,232,221,217,245,225,239,237,218,191,164,132,132,135,126,124,106,92,105,101,80,74,96,61,64,70,35,16165
3122,CANTERBURY_RD E of STANHOPE_GV,046 A10,-37.82379,145.06466,16153,498,3,1,10/7/2006,52,48,34,38,21,25,25,27,24,22,16,10,16,10,14,9,9,19,16,28,18,19,18,32,43,62,82,105,77,111,114,144,143,175,236,247,231,250,264,249,228,222,266,259,237,254,253,261,298,260,251,270,251,254,268,251,237,210,220,221,219,209,198,200,212,193,196,187,208,208,209,183,223,197,209,216,210,174,194,164,139,122,125,111,108,100,96,92,107,87,93,77,92,83,84,73,13652
3122,CANTERBURY_RD E of STANHOPE_GV,046 A10,-37.82379,145.06466,16153,498,3,1,10/9/2006,15,15,7,12,10,4,3,6,6,3,10,6,5,4,10,6,6,7,16,20,21,30,49,51,93,158,254,314,383,498,458,401,370,377,352,316,348,359,260,287,221,206,228,204,183,211,192,205,193,205,187,205,179,189,202,164,187,185,175,209,217,248,199,187,195,191,186,201,198,188,184,239,188,198,167,160,138,135,110,99,91,114,72,80,78,66,76,71,73,47,57,55,34,20,15,16,14073
3122,CANTERBURY_RD E of STANHOPE_GV,046 A10,-37.82379,145.06466,16153,498,3,1,10/10/2006,8,16,7,11,9,7,5,5,4,5,6,7,6,5,9,6,8,5,13,24,24,39,54,68,94,166,289,280,406,534,365,432,320,378,341,322,444,369,282,303,229,228,235,230,200,209,233,211,217,208,203,183,200,198,204,179,199,176,217,202,193,204,199,209,195,199,189,199,219,186,214,222,219,202,172,199,169,168,138,158,126,118,112,109,96,98,90,92,99,82,59,56,44,32,20,25,14948
3122,CANTERBURY_RD E of STANHOPE_GV,046 A10,-37.82379,145.06466,16153,498,3,1,10/11/2006,17,13,15,18,2,5,11,3,5,5,11,5,4,10,12,7,9,12,12,22,25,24,60,67,100,187,259,328,365,465,414,383,312,395,309,424,355,378,315,309,255,252,232,222,217,225,205,245,219,221,226,227,205,211,215,189,232,177,202,234,234,219,200,185,182,198,191,211,203,256,196,229,206,205,217,219,162,186,124,120,118,121,77,88,98,111,91,74,98,73,65,57,36,31,25,20,15209
3122,CANTERBURY_RD E of STANHOPE_GV,046 A10,-37.82379,145.06466,16153,498,3,1,10/12/2006,22,16,23,14,5,4,4,7,2,7,13,5,8,5,6,11,11,10,18,24,20,30,56,66,96,165,252,307,386,505,443,419,379,382,352,332,335,356,346,318,240,218,262,237,208,238,225,232,214,230,214,216,176,206,199,203,222,204,185,201,206,244,204,196,235,185,185,178,211,206,213,210,229,219,176,202,191,179,160,139,141,110,137,109,95,103,89,108,93,75,77,60,51,31,44,32,15413
3122,CANTERBURY_RD E of STANHOPE_GV,046 A10,-37.82379,145.06466,16153,498,3,1,10/13/2006,19,12,18,16,11,8,12,12,10,9,6,11,5,8,8,8,10,9,13,32,19,32,60,56,90,167,256,311,385,461,464,401,399,413,385,356,362,326,320,287,253,263,245,249,204,220,238,233,228,193,216,203,203,214,193,201,193,176,217,249,218,229,214,228,207,185,204,224,177,182,237,224,236,278,250,233,197,221,175,151,125,118,108,101,105,93,89,80,92,87,70,73,59,55,71,47,15821
3122,CANTERBURY_RD E of STANHOPE_GV,046 A10,-37.82379,145.06466,16153,498,3,1,10/14/2006,37,51,34,30,33,29,26,17,23,17,12,15,13,15,7,13,12,12,8,18,11,16,27,32,41,57,85,82,74,89,149,156,162,186,166,247,197,259,234,250,243,246,267,276,268,266,252,283,276,262,265,270,243,296,251,227,260,248,241,237,220,212,215,209,223,202,205,215,200,189,214,233,194,222,194,242,201,208,159,138,125,135,120,106,106,100,90,76,84,74,73,87,70,55,65,63,13643
3122,CANTERBURY_RD E of STANHOPE_GV,046 A10,-37.82379,145.06466,16153,498,3,1,10/16/2006,20,15,15,8,3,8,11,2,6,5,7,4,8,9,2,7,11,13,17,19,21,30,51,64,83,153,237,279,369,425,405,398,330,381,397,344,346,376,277,284,214,225,200,232,192,208,179,188,217,202,185,207,176,221,175,209,202,186,190,209,170,244,183,195,189,179,198,170,191,210,209,196,217,179,201,175,164,155,129,98,104,82,76,96,88,70,70,92,63,70,52,27,34,26,14,24,14097
3122,CANTERBURY_RD E of STANHOPE_GV,046 A10,-37.82379,145.06466,16153,498,3,1,10/17/2006,16,14,15,4,6,4,8,6,5,6,5,4,3,7,7,6,3,12,16,24,21,31,50,68,98,210,260,323,432,457,470,349,396,349,347,398,370,393,287,258,234,251,226,245,194,220,205,204,217,228,190,223,170,207,214,207,170,204,236,220,212,220,214,158,175,167,230,199,230,227,170,220,201,187,197,230,184,204,165,142,127,125,89,99,106,83,99,79,77,57,67,48,48,47,34,37,15157
3122,CANTERBURY_RD E of STANHOPE_GV,046 A10,-37.82379,145.06466,16153,498,3,1,10/18/2006,23,20,18,8,11,7,12,7,7,9,7,6,8,4,12,7,6,12,13,15,23,39,54,63,108,174,269,307,408,467,455,389,381,388,383,380,332,387,321,289,257,233,245,227,231,219,258,221,205,208,210,233,197,202,217,203,179,178,245,219,225,219,225,217,194,221,162,217,177,216,208,278,232,236,210,250,205,194,130,134,106,109,106,91,85,87,76,83,93,70,58,61,45,36,27,28,15527
3122,CANTERBURY_RD E of STANHOPE_GV,046 A10,-37.82379,145.06466,16153,498,3,1,10/19/2006,29,14,14,13,8,8,11,9,4,4,7,7,6,8,9,9,11,10,18,25,24,43,55,77,107,183,217,352,374,451,478,444,399,348,363,379,374,369,326,301,255,234,244,205,210,201,253,201,204,226,220,223,208,232,204,232,205,213,205,208,214,231,211,197,196,181,202,190,194,232,236,223,202,187,198,202,221,204,135,139,126,115,117,88,106,101,94,91,87,84,88,59,48,48,33,27,15578
3122,CANTERBURY_RD E of STANHOPE_GV,046 A10,-37.82379,145.06466,16153,498,3,1,10/20/2006,22,22,10,20,10,11,8,13,9,7,12,8,13,9,16,5,9,9,22,19,20,34,50,54,114,165,230,311,406,450,418,434,330,416,368,341,353,323,296,300,277,236,248,265,207,252,214,217,264,248,198,241,187,197,253,178,195,208,195,204,235,250,201,194,213,203,233,192,215,233,246,218,205,242,234,206,251,221,181,166,136,112,102,130,119,85,105,80,84,93,90,67,69,59,49,62,15932
3122,CANTERBURY_RD E of STANHOPE_GV,046 A10,-37.82379,145.06466,16153,498,3,1,10/21/2006,30,36,29,28,28,19,15,18,19,12,16,12,9,13,3,11,8,15,15,14,12,22,22,31,47,70,86,83,69,94,135,152,126,138,191,267,194,247,240,283,236,259,266,283,247,261,295,265,243,262,269,252,243,221,268,242,227,220,232,241,195,257,213,209,198,198,203,195,217,181,226,206,168,215,211,220,207,195,157,139,126,114,100,98,113,96,97,67,78,56,75,62,63,68,66,67,13247
3122,CANTERBURY_RD E of STANHOPE_GV,046 A10,-37.82379,145.06466,16153,498,3,1,10/23/2006,22,8,9,11,7,5,11,3,5,3,6,5,3,4,8,8,10,13,13,23,18,33,44,56,91,160,264,281,377,423,438,365,357,408,351,387,344,331,277,251,230,224,202,212,199,230,207,215,210,190,204,196,177,193,190,196,171,180,220,210,203,218,229,195,169,189,156,167,183,201,186,197,194,153,152,153,153,166,134,122,103,117,70,81,77,90,70,72,81,42,52,25,35,26,18,13,13981
3122,CANTERBURY_RD E of STANHOPE_GV,046 A10,-37.82379,145.06466,16153,498,3,1,10/24/2006,11,12,11,8,8,7,6,5,7,4,2,4,7,9,4,6,7,14,6,23,28,38,48,74,97,183,252,346,390,466,405,404,391,404,298,339,356,383,298,288,224,268,214,205,195,211,234,188,195,192,232,223,208,191,219,212,168,198,212,205,204,225,216,185,187,204,191,199,200,190,215,212,202,161,190,186,192,174,135,143,130,91,101,102,97,69,110,78,94,59,56,54,35,43,34,27,14834
3122,CANTERBURY_RD E of STANHOPE_GV,046 A10,-37.82379,145.06466,16153,498,3,1,10/25/2006,19,12,12,5,16,4,9,8,4,5,5,3,6,11,7,6,6,11,13,17,18,36,62,60,102,188,254,307,379,472,469,408,382,357,391,330,433,382,328,289,252,226,231,228,208,242,206,212,220,212,205,224,197,180,260,214,186,180,214,196,191,222,190,212,187,179,203,171,220,216,222,211,222,195,195,190,166,170,138,108,120,114,99,104,76,82,86,82,87,77,67,48,46,23,27,22,15087
3122,CANTERBURY_RD E of STANHOPE_GV,046 A10,-37.82379,145.06466,16153,498,3,1,10/26/2006,23,16,10,18,9,9,6,7,3,6,7,4,5,8,12,10,6,10,14,15,27,32,59,84,90,186,267,318,374,452,454,373,379,397,347,373,369,384,312,292,254,234,236,257,248,209,226,199,239,211,198,210,236,186,239,220,215,202,243,228,220,240,180,215,197,210,201,190,204,214,214,251,216,217,193,224,190,151,146,145,96,103,116,126,107,88,95,82,96,81,58,61,43,38,29,20,15514
3122,CANTERBURY_RD E of STANHOPE_GV,046 A10,-37.82379,145.06466,16153,498,3,1,10/27/2006,21,22,19,20,9,14,9,8,7,10,3,7,5,7,5,8,7,15,23,16,16,37,62,61,111,143,247,323,403,451,480,417,395,382,336,380,384,330,360,272,257,254,278,260,220,245,215,217,241,241,251,239,228,222,218,220,208,199,220,194,208,203,207,214,227,207,215,176,185,256,222,219,205,229,206,260,209,193,175,157,134,98,103,90,111,102,74,79,92,84,73,55,71,93,63,47,15994
3122,CANTERBURY_RD E of STANHOPE_GV,046 A10,-37.82379,145.06466,16153,498,3,1,10/28/2006,45,38,39,28,38,27,23,16,25,16,7,10,5,10,5,13,10,19,9,11,9,21,26,43,43,70,81,103,59,80,128,159,146,165,195,216,204,222,223,257,228,228,232,232,261,242,263,267,276,260,266,219,254,238,240,245,245,211,203,209,214,200,189,186,205,230,187,217,207,198,234,207,200,236,205,191,206,196,153,171,116,125,116,117,101,105,86,91,89,86,69,92,90,56,70,82,13186
3122,CANTERBURY_RD E of STANHOPE_GV,046 A10,-37.82379,145.06466,16153,498,3,1,10/30/2006,20,15,10,9,9,11,4,8,7,9,7,7,5,3,8,6,7,10,16,14,24,26,59,47,80,129,216,280,372,485,434,391,367,363,385,306,393,337,287,252,196,234,220,191,206,193,198,222,228,203,223,209,174,194,196,190,171,183,208,204,219,201,195,205,191,168,181,154,178,219,198,203,168,179,166,168,127,139,113,120,105,98,88,75,79,66,72,62,69,49,62,39,38,27,27,18,13927
3122,CANTERBURY_RD E of STANHOPE_GV,046 A10,-37.82379,145.06466,16153,498,3,1,10/31/2006,11,13,12,13,3,7,5,4,5,7,6,2,9,9,4,8,5,8,14,19,22,36,44,53,94,127,262,329,400,477,414,410,371,369,360,376,335,395,316,304,257,231,209,235,239,218,202,205,247,189,206,203,213,194,212,214,197,207,215,199,210,210,213,180,172,179,191,142,203,160,214,159,164,144,204,156,129,121,155,126,111,115,91,104,100,92,90,79,82,75,73,54,52,32,33,25,14590
3122,CANTERBURY_RD W of STANHOPE_GV,046 A10,-37.82374,145.06417,5895,498,7,1,10/6/2006,25,26,20,19,26,16,15,27,12,10,8,8,11,13,7,15,8,5,8,8,9,8,5,17,25,31,49,78,67,98,130,141,169,227,178,174,149,144,160,159,148,153,171,189,177,182,193,190,218,200,179,201,216,177,189,204,224,224,188,218,236,258,289,308,326,254,288,290,271,297,267,286,257,240,245,220,185,179,147,105,109,94,121,101,105,93,91,90,91,106,90,96,93,90,87,79,12630
3122,CANTERBURY_RD W of STANHOPE_GV,046 A10,-37.82374,145.06417,5895,498,7,1,10/27/2006,23,30,34,17,17,17,9,12,10,16,11,8,9,12,6,8,6,9,4,11,9,8,10,16,21,29,51,89,82,106,126,160,183,204,244,162,140,176,158,177,131,168,156,171,168,154,175,198,176,194,227,229,178,209,237,207,217,196,216,225,271,236,287,261,299,269,281,265,263,289,282,296,277,258,216,182,198,171,147,127,114,103,98,82,94,96,85,81,70,95,93,82,81,76,74,58,12509
3126,CANTERBURY_RD E of WARRIGAL_RD,046 H11,-37.82778,145.09885,16149,942,3,1,10/2/2006,16,9,8,10,13,10,10,15,3,4,13,3,6,7,8,8,9,12,14,27,28,34,47,59,78,147,274,306,400,457,466,403,423,309,388,320,278,262,257,233,181,233,205,194,212,181,193,203,204,215,189,198,171,191,173,188,196,216,179,182,205,178,191,177,157,183,159,181,172,225,192,186,188,185,190,172,124,123,153,100,97,87,76,90,74,69,88,86,75,59,56,39,44,40,21,19,13739
3126,CANTERBURY_RD E of WARRIGAL_RD,046 H11,-37.82778,145.09885,16149,942,3,1,10/3/2006,22,12,6,8,11,7,6,2,5,9,10,7,6,8,6,3,7,10,10,16,28,40,63,70,131,219,264,360,404,450,455,440,404,330,333,360,336,274,297,234,258,198,215,215,205,186,198,191,207,208,212,166,171,169,176,212,177,250,183,181,212,206,170,175,173,170,194,168,198,187,231,221,200,193,190,202,158,181,152,130,118,77,95,96,99,86,83,97,88,93,70,45,38,46,32,25,14540
3126,CANTERBURY_RD E of WARRIGAL_RD,046 H11,-37.82778,145.09885,16149,942,3,1,10/4/2006,18,18,9,10,9,8,9,3,1,4,9,5,4,4,10,6,8,5,11,20,27,38,60,69,106,199,268,374,403,446,427,436,395,390,332,355,338,338,258,236,223,210,256,216,190,210,203,230,191,179,187,203,179,170,152,184,167,210,188,187,207,199,176,210,142,167,180,166,214,223,216,221,195,241,186,166,171,150,147,118,111,101,104,104,98,102,100,94,100,77,72,61,45,45,32,19,14561
3126,CANTERBURY_RD E of WARRIGAL_RD,046 H11,-37.82778,145.09885,16149,942,3,1,10/5/2006,25,18,15,11,10,7,10,9,4,12,13,4,5,7,10,8,11,9,16,28,28,36,51,77,104,199,278,290,417,463,452,427,369,381,380,374,309,368,406,260,194,246,271,240,189,213,224,234,224,180,209,175,200,188,186,213,216,187,202,192,194,190,217,178,175,186,189,194,177,213,185,216,230,230,228,183,172,161,138,146,127,101,117,109,80,110,82,93,90,77,91,70,45,40,29,26,15173
3126,CANTERBURY_RD E of WARRIGAL_RD,046 H11,-37.82778,145.09885,16149,942,3,1,10/6/2006,22,15,11,12,14,9,10,11,8,11,6,7,5,7,9,6,11,11,18,27,22,41,47,66,99,198,259,323,386,465,480,376,386,392,373,338,318,314,271,289,231,261,243,220,205,245,242,223,198,197,216,192,179,212,199,173,202,203,217,218,201,197,191,182,184,172,198,168,196,180,239,230,210,229,210,191,233,189,186,148,132,139,115,141,117,109,101,115,110,93,89,71,74,58,62,45,15454
3126,CANTERBURY_RD E of WARRIGAL_RD,046 H11,-37.82778,145.09885,16149,942,3,1,10/7/2006,53,48,35,32,17,23,31,23,20,17,25,9,18,11,11,15,11,14,16,27,15,18,16,36,43,62,91,93,83,107,120,135,133,152,198,212,210,223,240,210,239,244,249,241,226,242,252,251,218,240,234,238,233,237,204,233,222,233,247,224,208,211,213,190,203,202,195,208,206,206,210,213,242,205,183,189,211,201,183,157,118,124,108,92,111,88,94,100,102,93,100,70,85,78,81,79,13119
3126,CANTERBURY_RD E of WARRIGAL_RD,046 H11,-37.82778,145.09885,16149,942,3,1,10/9/2006,14,13,14,21,9,4,6,4,4,3,13,7,6,4,7,8,7,8,18,23,24,33,46,53,98,188,286,337,424,434,464,410,414,321,331,292,422,290,238,233,207,207,200,213,196,193,209,190,186,196,208,154,161,222,176,183,185,212,159,184,189,208,181,185,163,185,157,184,175,200,230,189,201,241,157,183,131,126,126,112,82,103,69,97,78,77,69,81,85,53,57,51,33,32,14,23,13899
3126,CANTERBURY_RD E of WARRIGAL_RD,046 H11,-37.82778,145.09885,16149,942,3,1,10/10/2006,11,20,9,10,7,9,4,3,4,7,4,1,7,8,7,12,4,11,14,22,21,39,45,70,102,195,314,314,438,458,451,420,422,355,349,333,374,325,298,259,215,215,211,226,213,219,214,221,215,177,209,188,162,197,182,191,188,190,182,217,189,206,176,149,187,169,175,218,187,210,231,227,238,174,200,182,168,171,166,134,119,103,98,128,93,120,103,102,113,82,69,54,39,42,22,24,14856
3126,CANTERBURY_RD E of WARRIGAL_RD,046 H11,-37.82778,145.09885,16149,942,3,1,10/11/2006,20,14,17,16,3,4,8,7,8,2,12,7,10,13,7,8,10,9,15,27,12,36,65,77,87,194,317,369,407,513,427,423,382,395,355,345,345,328,296,257,206,233,203,256,218,192,223,220,213,226,212,180,181,233,205,214,181,193,211,230,179,195,229,192,154,217,166,193,217,182,199,227,228,216,199,232,162,159,150,133,114,113,99,122,102,115,89,92,113,86,70,69,45,33,38,21,15227
3126,CANTERBURY_RD E of WARRIGAL_RD,046 H11,-37.82778,145.09885,16149,942,3,1,10/12/2006,28,18,20,11,8,9,10,6,2,4,13,2,9,5,8,13,13,5,19,22,30,43,47,69,110,202,285,343,397,419,422,358,409,311,310,269,332,286,295,255,236,248,266,209,233,222,231,246,209,232,198,176,183,196,208,208,195,208,184,205,214,212,165,185,196,155,166,163,230,164,233,247,243,184,218,192,173,174,160,168,117,123,128,96,104,93,107,99,85,81,77,60,43,41,27,24,14857
3126,CANTERBURY_RD E of WARRIGAL_RD,046 H11,-37.82778,145.09885,16149,942,3,1,10/13/2006,20,19,16,18,12,10,14,11,10,6,11,10,10,7,4,13,11,8,14,24,27,39,54,63,91,203,282,322,394,406,468,396,420,345,365,334,298,294,286,249,262,243,240,219,198,199,209,224,221,217,179,204,186,202,167,209,191,196,185,221,203,218,217,193,176,181,203,193,180,195,205,200,203,217,228,210,216,188,185,153,133,114,110,107,118,104,92,102,89,87,61,81,60,60,53,43,15134
3126,CANTERBURY_RD E of WARRIGAL_RD,046 H11,-37.82778,145.09885,16149,942,3,1,10/14/2006,54,39,35,24,29,21,22,10,16,26,16,14,13,17,7,10,13,13,6,14,8,18,28,27,38,57,87,76,80,97,114,130,163,181,199,207,185,245,237,232,246,254,265,273,281,237,253,236,271,253,234,229,225,254,206,248,233,217,226,213,220,228,204,225,235,190,213,172,213,208,227,239,206,213,213,211,192,168,141,130,128,111,115,102,83,102,93,84,98,77,110,81,70,69,79,67,13179
3126,CANTERBURY_RD E of WARRIGAL_RD,046 H11,-37.82778,145.09885,16149,942,3,1,10/16/2006,16,21,15,12,8,10,9,3,3,7,11,3,16,3,3,8,14,7,15,11,25,42,39,67,93,187,226,354,387,422,391,375,371,360,342,282,340,332,286,228,244,202,215,213,215,203,176,178,204,178,199,207,179,195,201,203,178,200,183,206,191,212,168,189,143,178,171,165,198,211,218,204,201,207,184,177,147,148,129,105,119,87,100,96,105,81,68,92,82,61,71,52,38,27,20,22,13990
3126,CANTERBURY_RD E of WARRIGAL_RD,046 H11,-37.82778,145.09885,16149,942,3,1,10/17/2006,18,15,10,6,4,5,9,8,8,7,8,3,5,7,8,4,7,7,18,31,24,46,55,73,107,212,285,364,457,429,479,414,396,381,352,338,334,328,284,270,223,253,229,213,189,203,204,186,204,204,207,185,174,189,196,208,178,201,219,201,204,224,175,193,151,160,233,198,232,194,196,219,194,201,176,190,192,166,180,138,115,110,93,87,101,77,107,100,79,91,64,56,48,47,38,30,14941
3126,CANTERBURY_RD E of WARRIGAL_RD,046 H11,-37.82778,145.09885,16149,942,3,1,10/18/2006,29,18,16,13,7,10,6,5,3,5,11,10,11,5,10,6,6,7,19,15,27,44,56,67,118,201,304,343,469,416,429,468,378,385,380,314,358,295,286,275,228,230,223,197,202,249,232,227,196,210,214,212,167,203,211,195,184,194,192,216,196,203,197,205,195,162,158,202,211,222,184,251,185,207,193,188,178,131,136,133,105,103,97,112,110,108,74,79,107,67,88,65,44,38,22,35,14998
3126,CANTERBURY_RD E of WARRIGAL_RD,046 H11,-37.82778,145.09885,16149,942,3,1,10/19/2006,23,15,9,14,7,7,17,8,4,3,6,9,8,4,11,13,9,12,13,26,37,26,57,85,116,209,266,361,392,459,429,398,422,410,417,400,367,338,279,258,233,232,224,220,181,201,191,230,217,194,214,188,189,215,190,201,187,189,194,204,221,183,197,149,176,153,208,168,182,262,217,214,197,220,178,209,208,189,137,156,109,123,116,107,101,96,91,97,94,92,66,72,56,47,47,19,15195
3126,CANTERBURY_RD E of WARRIGAL_RD,046 H11,-37.82778,145.09885,16149,942,3,1,10/20/2006,30,19,12,17,12,16,6,8,7,11,11,8,11,7,7,15,13,11,21,18,22,36,54,75,127,200,280,344,380,470,437,399,382,360,348,319,313,292,286,250,275,232,244,240,215,235,188,238,246,178,204,193,241,204,189,191,180,176,208,223,195,182,224,188,172,197,168,165,230,195,232,219,215,207,194,190,208,210,178,163,121,135,126,114,113,82,108,86,91,103,93,62,57,58,45,48,15308
3126,CANTERBURY_RD E of WARRIGAL_RD,046 H11,-37.82778,145.09885,16149,942,3,1,10/21/2006,33,29,26,26,32,21,19,20,12,12,11,9,8,11,5,8,12,14,11,18,14,17,24,24,41,79,83,75,70,76,132,127,161,165,187,219,214,241,257,258,262,261,248,268,264,284,263,269,262,205,249,241,240,241,235,228,225,229,194,216,221,211,219,190,196,202,204,216,221,254,218,191,199,244,201,190,151,194,141,120,111,113,94,113,101,89,88,80,75,96,77,87,85,81,78,62,13098
3126,CANTERBURY_RD E of WARRIGAL_RD,046 H11,-37.82778,145.09885,16149,942,3,1,10/23/2006,19,12,16,7,6,7,9,8,4,6,6,4,9,4,7,12,8,10,12,21,26,43,35,66,96,181,266,316,413,460,443,396,426,360,367,318,299,250,248,236,207,209,206,235,205,217,192,235,222,194,166,185,188,201,168,213,166,176,183,196,208,199,195,172,174,169,155,197,159,199,224,194,192,193,164,158,148,152,119,121,127,111,92,95,101,83,72,91,75,53,53,36,43,32,22,22,13996
3126,CANTERBURY_RD E of WARRIGAL_RD,046 H11,-37.82778,145.09885,16149,942,3,1,10/24/2006,17,15,9,6,8,3,6,8,3,4,3,7,5,10,4,2,9,10,12,21,30,39,55,78,104,201,288,371,386,497,446,432,413,392,295,368,314,348,270,237,210,238,206,201,186,207,207,199,207,177,205,215,187,212,185,196,186,188,196,208,201,190,181,184,176,172,181,201,186,197,213,203,219,175,177,191,183,140,153,128,104,103,104,104,96,104,124,111,73,73,65,57,45,44,18,30,14648
3126,CANTERBURY_RD E of WARRIGAL_RD,046 H11,-37.82778,145.09885,16149,942,3,1,10/25/2006,18,11,10,9,7,8,7,10,2,7,10,3,9,8,7,6,7,12,9,25,28,28,63,80,98,220,279,377,401,454,457,403,414,347,285,336,371,323,349,239,266,200,232,226,220,213,211,225,206,190,184,182,190,221,233,186,165,172,170,215,204,186,196,195,191,220,169,168,191,226,214,233,203,173,194,185,165,186,147,158,131,124,97,90,90,85,95,104,112,63,85,55,38,38,29,31,14915
3126,CANTERBURY_RD E of WARRIGAL_RD,046 H11,-37.82778,145.09885,16149,942,3,1,10/26/2006,25,24,15,13,7,8,10,6,4,6,4,4,1,7,10,9,7,12,21,27,34,43,49,69,99,219,253,365,417,482,483,415,368,335,362,311,405,323,277,273,234,209,240,230,212,222,216,216,214,239,192,186,184,221,183,185,167,182,215,221,189,231,167,192,165,201,186,207,225,203,194,240,216,213,199,205,164,184,167,136,122,108,116,114,94,89,100,85,82,79,70,63,43,49,32,30,15130
3126,CANTERBURY_RD E of WARRIGAL_RD,046 H11,-37.82778,145.09885,16149,942,3,1,10/27/2006,24,14,18,13,8,6,7,8,8,10,8,7,9,4,5,5,10,9,18,21,22,39,49,69,131,183,282,365,405,465,429,403,417,394,347,343,324,379,278,248,250,270,246,195,239,213,220,222,224,232,214,199,188,195,197,193,177,203,207,205,183,180,187,181,167,166,196,163,174,245,187,227,192,228,216,249,220,174,174,148,115,106,108,116,101,114,87,75,85,100,83,65,101,69,66,47,15368
3126,CANTERBURY_RD E of WARRIGAL_RD,046 H11,-37.82778,145.09885,16149,942,3,1,10/28/2006,39,40,39,30,49,29,21,21,17,16,11,9,7,6,11,16,15,14,8,11,19,21,22,37,51,74,80,90,75,84,123,146,135,174,187,203,205,203,225,249,221,207,243,226,224,224,215,258,238,250,224,175,185,220,237,212,237,209,196,214,217,181,191,210,205,186,220,200,221,227,241,217,229,200,214,189,175,183,140,155,131,133,120,103,106,91,102,105,77,82,79,94,76,63,70,64,12724
3126,CANTERBURY_RD E of WARRIGAL_RD,046 H11,-37.82778,145.09885,16149,942,3,1,10/30/2006,15,16,13,9,16,5,2,6,4,10,12,6,1,6,9,3,11,9,16,11,26,34,50,49,67,177,262,317,392,454,494,407,393,364,355,325,331,332,250,252,250,230,210,206,209,194,187,184,211,183,196,207,188,180,203,210,159,170,223,188,200,221,196,170,170,185,177,208,187,233,201,227,214,157,219,149,136,121,118,119,106,113,92,94,84,81,67,102,85,63,60,40,40,17,25,15,14191
3126,CANTERBURY_RD E of WARRIGAL_RD,046 H11,-37.82778,145.09885,16149,942,3,1,10/31/2006,21,16,10,12,10,7,5,8,6,7,5,3,8,8,7,8,8,6,20,15,27,39,56,72,94,170,289,359,381,497,422,392,389,340,320,320,332,376,311,275,225,224,208,195,197,198,192,195,244,200,196,187,190,213,212,204,181,214,192,201,202,172,179,183,172,180,164,201,176,215,194,204,225,195,193,206,155,175,131,126,124,131,103,102,93,84,90,87,103,69,64,71,49,37,28,27,14629
3126,CANTERBURY_RD W of WARRIGAL_RD,046 H11,-37.82772,145.0983,5899,942,7,1,10/1/2006,107,96,105,87,83,81,78,57,66,49,40,38,40,29,19,26,28,23,13,11,14,28,33,28,22,53,48,56,76,72,86,80,99,106,117,175,141,165,194,155,193,188,241,253,211,199,236,245,268,220,249,214,259,222,251,229,251,262,179,237,237,260,196,199,224,234,212,201,208,218,237,191,192,202,158,206,186,181,138,136,159,111,114,147,184,133,145,123,119,105,111,65,67,69,45,46,13190
3126,CANTERBURY_RD W of WARRIGAL_RD,046 H11,-37.82772,145.0983,5899,942,7,1,10/2/2006,32,30,30,10,21,17,19,16,26,14,14,8,6,6,3,8,6,21,18,24,36,35,50,39,78,106,143,118,182,246,246,290,311,289,275,231,213,236,226,209,235,213,271,252,243,268,226,198,278,240,257,256,245,263,259,183,232,221,195,254,279,271,295,317,414,335,436,454,506,443,451,414,416,369,313,275,256,263,231,173,188,189,168,193,198,163,158,164,146,149,129,90,76,34,53,48,17734
3126,CANTERBURY_RD W of WARRIGAL_RD,046 H11,-37.82772,145.0983,5899,942,7,1,10/3/2006,41,24,21,9,25,10,16,10,12,11,5,5,5,10,14,10,9,13,10,14,19,45,47,66,86,114,142,124,196,247,271,312,313,277,313,237,305,214,232,285,226,216,224,227,231,239,246,265,227,238,254,273,212,241,250,236,217,325,271,284,246,212,208,280,381,498,379,411,433,495,448,484,405,423,352,274,299,266,228,227,202,199,175,211,192,177,174,169,198,144,140,127,117,78,84,58,18415
3126,CANTERBURY_RD W of WARRIGAL_RD,046 H11,-37.82772,145.0983,5899,942,7,1,10/4/2006,60,33,26,27,25,18,22,26,11,9,21,16,10,13,8,11,10,10,12,23,19,35,43,60,87,110,108,135,175,206,307,266,333,279,283,253,252,219,268,286,191,244,271,268,236,242,192,204,229,272,288,219,265,254,269,289,235,274,321,280,352,270,266,265,427,427,392,459,426,395,448,411,450,348,327,94,85,278,259,117,109,200,166,176,224,223,208,156,193,167,155,138,88,107,82,43,18089
3126,CANTERBURY_RD W of WARRIGAL_RD,046 H11,-37.82772,145.0983,5899,942,7,1,10/5/2006,46,49,18,22,20,15,30,18,15,11,6,12,10,15,7,6,21,20,10,14,25,30,52,70,87,101,127,123,183,232,248,311,297,264,315,241,248,248,232,248,263,190,230,221,249,229,298,242,260,309,223,252,255,222,268,248,261,299,266,262,260,339,238,294,373,401,395,421,458,444,404,426,476,389,329,272,284,293,267,239,245,199,199,179,203,166,207,201,191,173,145,132,119,80,79,43,18657
3126,CANTERBURY_RD W of WARRIGAL_RD,046 H11,-37.82772,145.0983,5899,942,7,1,10/6/2006,43,38,36,28,50,32,27,26,32,4,27,14,18,22,8,16,21,20,17,10,26,31,38,67,89,111,142,157,172,260,210,369,271,315,286,241,252,263,214,232,242,263,237,275,289,211,304,263,280,262,227,250,258,237,255,293,238,292,286,279,278,330,281,274,369,440,425,450,474,438,476,415,425,398,397,291,259,252,260,206,207,178,201,164,183,169,149,160,171,180,202,208,119,161,154,129,19349
3126,CANTERBURY_RD W of WARRIGAL_RD,046 H11,-37.82772,145.0983,5899,942,7,1,10/7/2006,134,109,95,72,72,64,65,58,37,37,23,50,30,19,24,26,24,27,22,23,16,45,43,43,45,57,96,82,105,105,120,162,146,185,212,227,242,223,207,279,246,280,302,256,308,276,329,294,269,279,248,258,262,271,285,261,280,247,243,215,273,249,246,213,225,294,219,234,210,253,199,224,245,281,218,215,190,214,170,179,138,134,158,130,193,152,151,128,159,143,174,165,164,162,167,157,16086
3126,CANTERBURY_RD W of WARRIGAL_RD,046 H11,-37.82772,145.0983,5899,942,7,1,10/8/2006,154,108,133,97,105,87,88,61,60,49,31,57,31,44,36,25,31,23,36,46,25,30,32,34,42,56,64,67,75,87,75,87,110,112,146,133,146,150,195,206,214,208,250,217,230,251,262,256,237,239,218,241,258,223,227,227,250,213,230,188,236,214,219,262,242,265,204,232,257,255,210,221,238,181,175,158,193,155,163,118,126,152,108,140,155,146,101,124,88,120,95,84,75,76,49,53,13703
3126,CANTERBURY_RD W of WARRIGAL_RD,046 H11,-37.82772,145.0983,5899,942,7,1,10/9/2006,37,46,14,21,13,9,12,23,12,7,4,6,6,7,7,11,10,10,18,17,27,31,36,48,74,119,136,140,178,254,287,299,302,310,266,290,234,240,217,285,242,228,240,236,194,272,218,274,220,243,228,244,249,260,264,298,237,214,232,284,275,235,247,334,354,446,455,401,413,393,440,491,402,434,321,224,281,258,211,198,160,181,162,187,209,185,151,134,125,111,121,89,73,61,42,43,17787
3126,CANTERBURY_RD W of WARRIGAL_RD,046 H11,-37.82772,145.0983,5899,942,7,1,10/10/2006,47,25,37,14,16,11,18,12,14,11,12,11,6,7,6,4,11,17,13,13,27,28,48,51,88,118,112,133,203,231,226,303,296,317,262,299,263,292,256,233,237,196,278,271,244,236,233,220,258,285,238,279,282,250,233,220,260,268,299,273,271,298,270,308,371,441,466,408,407,470,392,416,377,383,365,283,278,242,230,266,248,228,246,212,189,211,193,195,206,163,165,133,144,114,77,65,18882
3126,CANTERBURY_RD W of WARRIGAL_RD,046 H11,-37.82772,145.0983,5899,942,7,1,10/11/2006,68,46,36,27,25,38,9,11,24,12,26,11,9,7,8,11,16,9,22,15,18,39,48,78,84,120,130,147,195,197,306,315,271,333,285,206,273,261,227,293,262,226,248,254,268,269,244,234,280,254,260,257,242,228,250,175,253,262,264,266,308,280,233,243,379,484,406,410,437,499,420,392,483,337,325,301,235,290,257,218,194,202,218,185,211,191,221,187,175,151,169,141,101,86,80,53,18754
3126,CANTERBURY_RD W of WARRIGAL_RD,046 H11,-37.82772,145.0983,5899,942,7,1,10/12/2006,70,44,36,26,23,25,18,14,17,14,5,8,6,9,11,9,14,15,12,18,23,38,35,60,76,126,111,168,212,218,282,290,309,298,280,244,238,290,266,244,213,237,224,268,218,304,241,233,265,263,271,264,224,301,259,216,236,235,301,277,262,234,283,249,376,443,428,465,406,441,491,332,356,453,329,269,246,258,221,244,217,210,184,191,191,206,186,176,192,164,124,117,131,100,86,70,18583
3126,CANTERBURY_RD W of WARRIGAL_RD,046 H11,-37.82772,145.0983,5899,942,7,1,10/13/2006,68,51,50,46,25,42,37,29,16,22,12,4,10,29,11,15,11,9,13,20,18,44,47,52,82,137,132,148,173,239,269,315,238,303,268,209,228,210,269,215,220,212,255,264,251,296,238,292,276,205,268,247,281,277,290,258,232,251,259,279,260,229,278,263,355,388,407,466,505,523,451,420,490,438,367,341,270,248,271,209,169,201,171,193,167,160,167,153,185,185,182,187,139,160,136,132,19133
3126,CANTERBURY_RD W of WARRIGAL_RD,046 H11,-37.82772,145.0983,5899,942,7,1,10/14/2006,86,109,81,83,49,63,57,40,37,44,39,21,24,32,23,21,30,28,29,20,22,32,46,47,38,55,77,83,75,109,104,150,150,181,213,181,216,204,265,258,230,255,260,226,257,317,274,299,311,310,317,344,271,267,306,294,238,266,244,272,208,280,327,317,312,317,234,240,261,246,253,227,260,231,236,191,172,175,193,160,138,122,114,156,122,138,131,176,203,165,196,155,171,181,140,159,16287
3126,CANTERBURY_RD W of WARRIGAL_RD,046 H11,-37.82772,145.0983,5899,942,7,1,10/15/2006,146,151,127,114,91,95,75,58,55,55,32,36,34,35,32,51,28,27,32,19,24,44,41,43,46,39,60,74,54,73,114,85,98,123,125,158,203,204,210,225,200,195,237,216,216,231,250,257,260,201,291,252,232,247,257,263,256,229,187,235,215,255,232,262,242,269,243,237,217,227,211,161,213,241,197,207,168,172,154,149,139,130,119,132,174,132,134,126,121,99,110,80,66,44,63,36,14025
3126,CANTERBURY_RD W of WARRIGAL_RD,046 H11,-37.82772,145.0983,5899,942,7,1,10/16/2006,27,35,26,18,27,19,15,20,12,29,16,4,9,11,5,18,9,0,11,18,29,45,50,54,88,111,142,121,172,209,293,358,306,322,300,244,272,206,228,229,230,247,270,199,171,233,239,252,204,291,217,256,224,269,270,255,257,297,251,236,287,272,296,260,516,432,395,462,470,452,535,409,417,358,306,274,273,258,246,200,165,200,207,211,206,202,168,187,160,137,134,106,69,49,45,32,18372
3126,CANTERBURY_RD W of WARRIGAL_RD,046 H11,-37.82772,145.0983,5899,942,7,1,10/17/2006,39,28,33,19,21,21,11,9,10,10,6,9,4,0,12,2,15,5,10,17,33,30,67,64,80,119,128,140,182,265,273,316,316,222,281,201,244,275,266,202,254,234,245,220,254,211,255,248,267,249,229,253,274,283,264,282,255,251,276,281,273,320,196,314,345,431,382,445,500,467,405,399,402,428,332,309,297,336,296,212,261,199,214,178,244,211,211,216,186,163,141,123,139,108,78,97,18928
3126,CANTERBURY_RD W of WARRIGAL_RD,046 H11,-37.82772,145.0983,5899,942,7,1,10/18/2006,55,48,28,45,36,22,19,24,19,19,20,13,23,15,3,12,13,14,17,28,17,32,50,64,78,129,155,134,194,236,290,275,302,309,292,237,279,206,299,241,195,266,210,242,225,226,235,277,241,230,277,210,243,210,244,263,240,284,294,277,283,297,175,315,411,505,421,428,461,453,471,425,378,408,358,285,286,289,244,235,209,205,200,195,197,183,208,194,180,171,155,109,131,104,72,95,18917
3126,CANTERBURY_RD W of WARRIGAL_RD,046 H11,-37.82772,145.0983,5899,942,7,1,10/19/2006,53,39,21,32,17,26,16,19,22,10,9,13,14,5,17,6,13,10,9,19,27,41,50,60,85,100,140,138,171,223,301,312,298,324,250,238,269,283,260,221,218,246,264,250,249,245,254,254,225,238,223,254,235,265,290,276,216,272,235,262,301,272,211,269,412,431,414,452,420,485,453,485,397,425,333,276,264,271,224,243,203,202,178,219,191,193,193,180,184,184,130,139,110,86,97,74,18733
3126,CANTERBURY_RD W of WARRIGAL_RD,046 H11,-37.82772,145.0983,5899,942,7,1,10/20/2006,94,60,35,32,47,35,22,21,20,16,16,15,29,22,20,11,16,22,16,22,23,44,60,53,97,99,150,137,172,245,265,289,330,293,258,184,236,289,239,217,195,266,234,299,270,262,271,257,270,291,274,257,291,302,254,289,250,336,279,260,283,206,229,271,358,442,444,417,500,467,485,461,420,358,313,278,276,230,234,219,177,167,164,167,155,184,174,164,192,172,155,182,170,139,140,107,19158
3126,CANTERBURY_RD W of WARRIGAL_RD,046 H11,-37.82772,145.0983,5899,942,7,1,10/21/2006,116,88,81,58,53,49,50,55,21,31,42,42,18,31,13,19,23,12,21,28,18,26,36,49,47,70,65,74,97,114,103,142,155,176,209,203,212,213,213,201,292,258,274,253,242,263,286,281,280,283,328,283,267,250,245,239,291,240,257,238,212,279,247,264,271,227,213,255,256,258,257,224,224,210,219,179,182,183,151,140,146,119,138,111,167,115,143,151,145,135,165,155,168,180,153,140,15406
3126,CANTERBURY_RD W of WARRIGAL_RD,046 H11,-37.82772,145.0983,5899,942,7,1,10/22/2006,170,113,150,109,117,98,51,76,56,39,43,45,46,43,45,27,27,31,18,15,23,22,38,32,32,50,60,79,47,68,78,73,113,113,159,157,151,176,197,177,192,253,266,221,255,267,278,258,233,345,283,215,271,224,299,225,226,230,199,255,237,210,233,254,226,206,233,253,230,238,210,221,229,225,166,186,139,144,192,132,159,165,141,146,140,143,132,120,134,130,136,56,84,48,53,41,14151
3126,CANTERBURY_RD W of WARRIGAL_RD,046 H11,-37.82772,145.0983,5899,942,7,1,10/23/2006,62,34,34,27,35,14,9,13,7,20,12,9,5,7,5,11,13,13,21,9,25,35,50,51,93,106,142,140,167,219,255,303,329,272,231,237,228,294,222,228,232,234,253,204,273,223,231,246,225,283,232,233,272,275,282,231,242,229,252,278,292,239,274,312,410,412,412,384,386,466,440,395,411,401,333,249,275,248,199,178,204,193,142,171,184,179,166,138,172,120,114,84,89,58,45,25,17717
3126,CANTERBURY_RD W of WARRIGAL_RD,046 H11,-37.82772,145.0983,5899,942,7,1,10/24/2006,40,24,25,18,15,12,12,18,8,7,12,16,4,7,0,4,13,7,17,18,22,30,56,67,92,137,123,118,207,158,250,278,305,293,267,240,284,240,267,249,241,252,200,222,250,242,249,222,263,288,255,238,212,228,246,286,239,245,248,294,269,276,232,305,393,418,375,344,413,498,396,445,435,395,324,331,249,258,194,230,212,217,183,179,205,218,157,205,177,159,195,146,101,75,75,60,18224
3126,CANTERBURY_RD W of WARRIGAL_RD,046 H11,-37.82772,145.0983,5899,942,7,1,10/25/2006,55,36,67,37,34,34,11,30,22,13,10,13,9,12,15,13,16,8,17,20,26,41,39,71,101,121,148,119,168,218,326,258,308,318,345,252,319,265,258,255,247,246,219,250,258,251,249,209,233,214,239,333,244,214,213,224,233,246,276,317,260,304,252,286,462,420,424,502,447,466,364,403,489,452,328,305,265,249,224,225,231,232,220,189,193,194,206,203,182,144,137,128,119,102,64,63,19077
3126,CANTERBURY_RD W of WARRIGAL_RD,046 H11,-37.82772,145.0983,5899,942,7,1,10/26/2006,35,54,34,35,23,20,12,18,12,0,18,10,7,8,9,9,7,9,12,13,24,38,60,41,94,109,124,134,183,224,220,275,325,272,244,260,238,255,206,222,203,230,261,231,229,223,267,263,296,236,222,248,230,218,273,236,258,266,277,284,271,274,248,384,416,419,451,401,397,469,533,436,494,397,320,301,301,346,214,245,252,223,191,180,182,186,187,164,143,177,147,161,132,94,62,54,18696
3126,CANTERBURY_RD W of WARRIGAL_RD,046 H11,-37.82772,145.0983,5899,942,7,1,10/27/2006,54,39,61,36,33,31,26,28,17,16,19,17,16,16,8,13,16,11,16,13,37,32,37,69,81,102,124,166,221,200,256,270,324,335,315,277,243,245,278,241,234,190,251,226,238,255,222,236,190,205,214,173,247,233,238,194,280,199,257,216,243,211,226,276,280,434,449,427,458,457,486,481,468,431,335,303,279,239,266,206,209,179,197,141,184,201,182,157,139,203,186,191,171,132,149,137,18550
3126,CANTERBURY_RD W of WARRIGAL_RD,046 H11,-37.82772,145.0983,5899,942,7,1,10/28/2006,120,101,81,85,66,58,55,61,43,45,30,31,18,42,11,21,29,28,36,28,32,31,35,45,30,45,72,58,88,109,96,118,231,216,202,240,215,226,219,218,132,229,216,241,204,203,175,214,193,212,197,222,218,186,226,243,214,240,262,257,225,200,227,226,254,298,208,241,262,250,259,223,232,283,221,238,204,219,185,171,150,172,172,128,155,134,150,146,156,175,165,165,174,141,142,148,14898
3126,CANTERBURY_RD W of WARRIGAL_RD,046 H11,-37.82772,145.0983,5899,942,7,1,10/29/2006,167,162,129,97,91,77,82,58,56,49,32,53,73,47,43,48,47,43,40,34,23,37,22,49,27,54,50,59,67,65,74,97,72,88,143,162,159,162,190,214,208,225,279,199,204,204,231,220,207,247,222,243,216,222,234,245,248,247,209,229,222,176,248,253,273,240,247,248,246,270,241,186,241,211,205,209,226,153,184,192,147,160,160,157,151,148,134,106,129,122,119,100,86,94,75,64,14204
3126,CANTERBURY_RD W of WARRIGAL_RD,046 H11,-37.82772,145.0983,5899,942,7,1,10/30/2006,45,43,42,26,20,20,20,15,8,14,16,5,6,4,12,5,23,10,12,8,26,26,40,49,67,87,141,138,141,197,242,293,300,317,248,256,236,231,225,231,231,223,249,237,260,268,291,233,261,235,224,251,239,264,294,279,278,281,253,282,269,258,238,283,395,439,420,364,460,456,424,457,487,410,329,295,309,309,227,239,196,157,176,172,195,173,163,130,130,126,131,95,53,60,64,59,18126
3126,CANTERBURY_RD W of WARRIGAL_RD,046 H11,-37.82772,145.0983,5899,942,7,1,10/31/2006,35,45,36,8,10,24,18,10,7,19,13,10,12,8,7,9,15,10,13,12,20,32,61,55,91,127,128,140,194,192,275,319,280,271,258,257,282,232,253,216,232,260,232,265,282,269,298,270,210,237,249,256,274,275,268,219,262,249,286,291,280,264,285,328,456,380,366,358,337,450,453,318,373,299,367,306,287,308,282,243,259,219,236,187,210,191,223,180,174,186,143,117,110,70,59,56,18548
3127,CANTERBURY_RD E of BALWYN_RD,046 D11,-37.82535,145.07827,16152,502,3,1,10/2/2006,11,21,12,8,10,6,6,11,6,5,10,8,9,5,5,12,9,13,17,31,30,31,47,47,88,141,287,308,400,525,463,440,379,337,396,302,321,277,273,254,200,223,250,233,225,192,231,258,235,231,239,254,225,209,230,205,275,231,217,196,254,211,207,205,180,188,203,238,232,271,222,225,168,228,219,230,198,194,178,150,144,123,99,86,98,71,87,100,86,78,75,61,31,41,24,21,15546
3127,CANTERBURY_RD E of BALWYN_RD,046 D11,-37.82535,145.07827,16152,502,3,1,10/3/2006,14,17,14,8,6,10,8,8,4,3,8,4,3,13,7,1,5,10,17,16,35,46,60,73,119,218,284,370,411,538,450,449,409,353,322,338,342,325,310,269,264,269,266,266,240,232,221,246,268,220,240,219,235,224,231,222,223,295,244,230,235,251,230,230,196,246,201,244,227,263,260,261,250,208,219,221,214,211,175,141,155,117,132,139,114,109,112,102,106,79,99,62,42,51,54,34,16742
3127,CANTERBURY_RD E of BALWYN_RD,046 D11,-37.82535,145.07827,16152,502,3,1,10/4/2006,22,14,18,12,11,14,9,6,4,8,9,5,2,8,6,3,6,6,11,17,33,43,63,74,105,222,275,354,449,496,462,422,387,317,377,349,360,334,296,314,251,261,310,292,264,255,252,265,250,214,228,243,209,233,201,227,241,238,201,262,254,255,215,242,236,200,235,224,248,281,261,246,246,225,234,228,225,221,187,150,117,126,124,138,123,93,119,100,108,67,90,79,54,49,40,27,16887
3127,CANTERBURY_RD E of BALWYN_RD,046 D11,-37.82535,145.07827,16152,502,3,1,10/5/2006,23,23,11,15,14,5,9,9,4,4,11,5,12,8,20,9,16,12,16,24,29,35,47,74,125,185,269,304,419,445,538,405,359,381,353,366,308,365,334,248,288,269,223,286,231,240,257,282,231,244,257,231,227,205,241,245,223,232,260,249,279,275,218,209,259,213,239,233,245,280,273,255,291,234,254,251,223,202,156,173,166,163,130,140,102,124,131,115,107,91,88,79,59,50,30,31,17128
3127,CANTERBURY_RD E of BALWYN_RD,046 D11,-37.82535,145.07827,16152,502,3,1,10/6/2006,27,23,13,17,17,7,8,15,5,18,10,12,15,13,13,11,10,15,16,29,26,34,51,57,121,175,275,334,389,491,499,430,392,389,373,347,330,320,312,275,261,252,277,263,221,248,262,292,256,234,249,227,200,281,234,211,227,262,244,277,197,278,257,236,233,246,227,206,241,261,302,257,268,248,257,229,244,237,203,177,182,171,160,144,151,113,121,120,129,112,100,79,84,77,87,65,17591
3127,CANTERBURY_RD E of BALWYN_RD,046 D11,-37.82535,145.07827,16152,502,3,1,10/7/2006,60,62,43,38,29,42,26,35,30,23,25,14,18,11,19,11,10,15,21,33,20,22,19,27,49,84,91,122,84,149,125,167,163,205,235,244,272,267,274,262,241,249,266,273,267,291,253,279,257,272,280,268,287,269,246,249,251,249,251,239,239,237,230,214,254,220,215,209,251,255,227,210,267,229,265,210,238,218,208,178,167,154,125,128,136,114,114,114,135,100,115,90,97,99,108,105,15158
3127,CANTERBURY_RD E of BALWYN_RD,046 D11,-37.82535,145.07827,16152,502,3,1,10/9/2006,12,18,9,15,5,5,3,6,3,4,12,8,5,4,8,11,8,7,17,26,28,37,51,60,107,179,282,316,435,493,486,438,394,325,315,310,375,334,280,269,247,216,235,235,213,216,219,237,226,225,259,200,219,210,210,198,216,245,199,230,256,239,235,234,208,212,223,222,232,252,268,259,223,242,186,196,188,173,150,125,116,113,89,115,78,102,82,81,84,63,77,44,42,24,13,28,15629
3127,CANTERBURY_RD E of BALWYN_RD,046 D11,-37.82535,145.07827,16152,502,3,1,10/10/2006,14,18,13,13,8,3,8,6,6,7,7,1,10,10,7,8,7,8,16,27,30,35,58,86,118,184,303,332,440,484,513,435,414,344,336,347,379,334,331,305,289,228,264,251,226,264,231,285,263,231,215,200,240,242,213,241,255,231,201,218,205,269,220,240,177,206,224,258,260,280,255,250,238,250,221,228,202,225,203,218,137,147,120,140,130,129,112,123,107,97,79,67,47,31,38,43,16969
3127,CANTERBURY_RD E of BALWYN_RD,046 D11,-37.82535,145.07827,16152,502,3,1,10/11/2006,13,16,23,16,3,7,9,8,3,6,14,6,5,15,7,9,12,12,21,29,16,27,67,97,94,207,299,380,407,524,484,348,351,376,367,343,330,336,324,313,268,278,259,250,248,245,234,277,234,233,267,268,211,246,248,226,276,203,257,272,247,230,245,227,222,206,227,237,255,270,241,270,263,245,225,273,224,211,130,138,153,155,103,107,113,132,99,108,128,102,111,77,59,43,31,37,17068
3127,CANTERBURY_RD E of BALWYN_RD,046 D11,-37.82535,145.07827,16152,502,3,1,10/12/2006,19,18,26,13,5,7,5,6,2,7,12,7,8,5,5,11,21,8,13,28,31,33,68,77,126,197,288,331,402,493,502,385,375,348,348,312,302,333,350,287,258,251,285,273,256,224,269,235,259,273,248,220,218,236,217,244,214,227,217,239,235,256,231,270,250,194,203,199,287,270,244,263,281,254,219,238,218,209,204,199,151,145,154,152,133,127,124,120,115,87,86,67,66,33,49,40,17050
3127,CANTERBURY_RD E of BALWYN_RD,046 D11,-37.82535,145.07827,16152,502,3,1,10/13/2006,24,15,19,15,18,9,12,12,5,11,11,14,4,11,12,10,10,11,18,34,19,42,76,60,109,188,286,333,412,420,464,405,360,378,341,355,339,294,270,218,297,290,256,267,214,225,250,240,264,216,262,256,244,234,250,229,228,211,226,264,249,265,244,287,206,241,237,254,226,212,282,278,301,255,272,226,223,227,218,167,168,140,137,139,132,111,127,106,111,88,101,106,76,80,92,62,17213
3127,CANTERBURY_RD E of BALWYN_RD,046 D11,-37.82535,145.07827,16152,502,3,1,10/14/2006,75,64,47,35,39,27,27,18,21,22,22,10,12,15,11,19,9,14,12,17,17,19,25,26,40,65,103,101,72,123,148,200,183,197,211,244,211,275,284,243,261,278,276,258,254,278,290,321,313,268,288,259,251,266,265,255,258,270,267,235,230,238,243,239,230,231,213,234,205,218,225,261,235,229,229,266,205,215,167,180,140,147,137,119,113,119,94,108,132,102,106,110,91,74,81,91,14971
3127,CANTERBURY_RD E of BALWYN_RD,046 D11,-37.82535,145.07827,16152,502,3,1,10/16/2006,15,17,16,13,3,7,10,4,5,6,7,5,9,10,8,6,10,12,14,19,32,34,52,65,113,180,266,352,403,464,455,394,357,305,349,292,337,358,276,263,234,249,239,266,234,244,207,235,232,256,217,247,217,252,207,236,207,236,239,245,235,246,218,225,216,193,225,218,250,248,250,266,244,208,220,202,200,172,169,127,142,131,128,146,118,105,78,111,91,76,62,47,36,33,19,33,15930
3127,CANTERBURY_RD E of BALWYN_RD,046 D11,-37.82535,145.07827,16152,502,3,1,10/17/2006,21,17,19,6,9,10,13,8,6,4,9,6,6,13,8,3,9,8,19,28,22,37,61,79,118,225,285,372,444,525,482,428,371,369,330,356,330,324,335,253,269,266,244,261,207,265,209,222,221,248,238,249,197,220,245,250,216,234,253,248,244,269,226,231,192,194,253,280,262,253,230,234,255,201,204,260,245,242,226,180,160,133,121,115,127,108,122,110,106,101,81,67,78,58,42,40,16980
3127,CANTERBURY_RD E of BALWYN_RD,046 D11,-37.82535,145.07827,16152,502,3,1,10/18/2006,33,24,13,21,11,12,12,7,10,10,13,3,8,11,9,4,6,11,14,22,22,40,59,83,122,193,336,353,431,504,477,441,391,343,363,309,358,358,324,268,290,253,278,228,238,263,263,254,254,242,234,241,232,241,243,202,206,237,267,239,244,255,266,251,256,234,212,235,265,254,279,232,276,262,240,260,198,192,165,154,142,132,115,145,127,111,92,115,118,95,75,70,61,52,30,38,17182
3127,CANTERBURY_RD E of BALWYN_RD,046 D11,-37.82535,145.07827,16152,502,3,1,10/19/2006,35,27,14,14,9,5,13,7,5,5,6,8,11,5,11,11,12,11,16,35,35,43,63,90,124,200,272,396,393,497,454,390,391,353,359,348,372,409,324,296,260,279,243,250,233,221,262,254,219,235,245,234,235,248,231,230,242,237,224,221,238,231,223,244,216,201,221,247,180,300,261,260,228,264,220,246,236,221,204,178,155,118,137,123,117,138,115,135,100,98,110,73,75,56,35,30,17106
3127,CANTERBURY_RD E of BALWYN_RD,046 D11,-37.82535,145.07827,16152,502,3,1,10/20/2006,22,23,14,20,8,14,7,13,11,7,17,10,11,10,11,6,13,6,25,26,24,32,56,63,135,197,248,373,428,493,449,417,330,358,289,331,340,281,306,282,297,268,233,292,228,272,240,248,244,260,219,252,218,241,227,209,218,224,233,259,244,253,243,262,222,216,242,205,262,262,285,267,273,262,234,219,223,256,216,191,179,146,105,139,160,110,128,115,126,137,114,94,75,70,66,68,17257
3127,CANTERBURY_RD E of BALWYN_RD,046 D11,-37.82535,145.07827,16152,502,3,1,10/21/2006,43,58,37,34,30,22,27,20,21,14,17,8,10,20,10,6,8,14,13,23,15,30,21,40,60,74,97,104,82,90,148,156,183,174,211,250,228,237,253,276,277,275,276,268,253,251,288,300,277,267,275,295,250,292,278,263,243,238,282,240,238,267,272,219,229,232,244,216,236,244,217,223,194,246,247,239,202,228,168,155,134,146,119,125,128,116,112,73,82,82,104,82,91,97,111,65,14735
3127,CANTERBURY_RD E of BALWYN_RD,046 D11,-37.82535,145.07827,16152,502,3,1,10/22/2006,81,56,56,61,51,43,40,23,28,18,20,15,21,20,19,13,21,18,19,14,26,21,37,32,26,34,53,55,46,54,77,92,83,111,117,168,161,173,236,233,223,238,198,203,197,190,236,229,204,289,213,263,224,271,216,243,236,225,231,258,243,256,235,212,236,206,257,237,232,229,240,229,222,238,189,187,153,157,121,114,114,94,98,101,125,92,99,83,82,60,66,43,42,35,25,19,12430
3127,CANTERBURY_RD E of BALWYN_RD,046 D11,-37.82535,145.07827,16152,502,3,1,10/23/2006,22,15,12,8,7,8,10,3,7,5,8,3,3,5,9,10,10,12,14,28,26,43,49,79,97,183,288,322,409,523,427,416,382,362,342,333,315,306,286,268,252,250,224,249,220,240,224,243,229,217,203,237,209,230,213,244,202,197,253,229,232,233,244,222,164,199,198,182,231,268,261,215,234,189,184,203,188,197,170,155,133,148,109,119,112,85,98,86,86,66,87,43,49,28,24,25,15687
3127,CANTERBURY_RD E of BALWYN_RD,046 D11,-37.82535,145.07827,16152,502,3,1,10/30/2006,24,20,12,6,14,8,8,9,7,9,12,8,1,8,6,7,12,8,16,23,17,27,61,55,85,151,243,323,403,504,468,404,365,369,314,364,330,325,288,299,249,277,235,229,210,213,222,240,261,237,239,243,207,233,229,222,207,231,259,241,249,243,250,193,209,209,209,194,226,262,247,261,234,196,222,224,178,178,141,153,152,133,131,120,98,86,80,90,94,70,85,44,49,31,29,20,15887
3127,CANTERBURY_RD E of BALWYN_RD,046 D11,-37.82535,145.07827,16152,502,3,1,10/31/2006,26,23,15,18,18,15,10,6,6,7,5,0,5,15,6,13,5,9,18,28,26,51,46,71,109,169,268,368,435,468,479,374,389,310,341,372,367,339,330,308,286,268,249,257,251,236,242,240,262,222,214,232,247,233,216,225,213,212,233,245,265,205,233,209,207,201,234,236,258,266,292,217,239,220,213,233,242,187,175,176,157,125,159,138,118,95,120,100,88,92,102,73,63,45,40,38,16712
3127,CANTERBURY_RD W of BALWYN_RD,046 D11,-37.82527,145.07757,5896,502,7,1,10/2/2006,24,17,15,6,11,7,6,7,12,5,7,2,4,2,1,2,5,6,7,6,16,8,9,20,22,38,50,65,85,95,129,169,183,268,194,194,149,165,151,159,175,158,186,189,167,189,186,181,205,190,199,191,210,205,215,224,209,201,230,262,290,312,294,351,317,338,357,377,411,435,417,382,392,327,282,240,240,206,174,122,129,113,103,121,113,112,107,102,70,102,73,57,45,26,32,19,13881
3127,CANTERBURY_RD W of BALWYN_RD,046 D11,-37.82527,145.07757,5896,502,7,1,10/3/2006,21,13,8,5,11,15,9,5,4,7,6,4,3,4,3,3,6,7,10,5,8,17,8,16,21,41,38,78,91,104,142,188,184,250,234,215,185,194,165,166,171,157,176,194,175,172,175,184,227,208,219,224,215,208,193,224,215,325,235,243,294,297,309,329,378,355,377,409,360,429,376,438,369,375,320,296,251,217,184,183,133,127,127,128,146,158,117,124,113,107,105,66,72,51,48,34,14836
3127,CANTERBURY_RD W of BALWYN_RD,046 D11,-37.82527,145.07757,5896,502,7,1,10/4/2006,36,23,15,15,12,8,9,13,6,10,10,6,4,7,5,3,3,7,5,8,17,15,14,14,24,41,50,78,91,104,161,172,228,205,235,187,202,165,154,163,161,200,187,219,181,167,202,203,186,213,237,235,207,214,200,228,207,230,253,245,288,335,339,329,338,398,364,385,386,397,443,377,359,365,338,281,250,220,189,185,179,135,138,129,168,170,148,120,113,110,103,91,69,50,40,31,15060
3127,CANTERBURY_RD W of BALWYN_RD,046 D11,-37.82527,145.07757,5896,502,7,1,10/5/2006,38,25,15,16,13,13,15,11,11,4,7,4,5,4,7,4,8,9,5,8,20,13,12,19,25,33,32,77,73,107,153,167,174,252,246,223,174,182,165,170,161,159,178,201,190,215,203,211,244,219,244,225,226,195,164,224,259,282,241,283,265,307,325,314,394,369,401,369,413,402,418,400,406,353,329,264,240,219,213,166,146,136,135,140,134,160,136,138,115,112,126,86,69,71,56,38,15228
3127,CANTERBURY_RD W of BALWYN_RD,046 D11,-37.82527,145.07757,5896,502,7,1,10/6/2006,31,35,19,20,25,17,14,21,15,11,11,9,13,9,6,11,11,7,9,6,12,10,7,22,25,35,56,81,80,90,148,157,171,257,229,215,181,185,183,187,155,194,205,218,226,204,232,227,274,246,211,227,258,215,224,236,235,278,241,270,285,322,341,337,367,372,380,379,360,384,423,383,391,298,349,264,284,215,201,156,145,111,136,121,130,138,96,123,107,129,134,122,123,102,110,98,15623
3127,CANTERBURY_RD W of BALWYN_RD,046 D11,-37.82527,145.07757,5896,502,7,1,10/7/2006,83,61,54,47,35,32,41,38,26,19,20,27,20,10,15,16,7,13,14,16,10,11,15,15,12,23,30,29,44,45,38,80,96,104,125,145,169,153,159,202,207,222,223,238,229,205,270,239,239,255,259,265,235,236,264,255,243,263,244,247,263,243,233,226,232,243,240,232,227,245,200,220,194,208,140,171,168,151,152,118,90,93,105,79,114,118,102,111,111,100,114,137,125,118,128,118,12806
3127,CANTERBURY_RD W of BALWYN_RD,046 D11,-37.82527,145.07757,5896,502,7,1,10/9/2006,22,16,12,13,9,10,7,12,7,5,3,3,3,7,2,6,3,1,4,7,7,8,10,14,24,34,46,72,84,104,135,165,204,249,242,224,149,169,141,185,158,166,163,182,178,179,186,186,198,202,176,211,217,196,204,214,193,218,227,274,292,314,301,361,375,399,354,383,388,429,387,416,423,378,299,285,238,182,175,134,124,127,111,116,123,124,91,82,81,87,70,60,54,36,23,22,14190
3127,CANTERBURY_RD W of BALWYN_RD,046 D11,-37.82527,145.07757,5896,502,7,1,10/10/2006,28,14,21,18,11,9,10,5,12,9,3,6,3,5,3,6,6,3,7,9,10,12,8,21,17,31,48,66,102,110,132,167,199,211,251,177,202,189,174,166,182,199,187,192,179,168,219,214,230,220,202,180,196,233,217,233,230,218,252,277,262,287,332,338,363,380,389,369,367,400,364,376,301,353,373,275,262,223,193,182,180,164,150,146,119,165,132,144,144,123,105,101,79,66,44,34,14994
3127,CANTERBURY_RD W of BALWYN_RD,046 D11,-37.82527,145.07757,5896,502,7,1,10/11/2006,38,22,14,18,13,19,4,10,13,7,20,4,8,4,2,4,5,9,9,8,12,7,15,22,33,28,45,64,110,113,157,162,199,189,237,202,203,190,183,209,164,169,202,201,240,201,193,205,208,224,203,219,235,196,215,219,222,249,245,254,292,330,295,329,314,407,375,377,379,399,411,364,384,348,337,276,260,253,196,171,140,127,125,131,161,142,145,121,126,109,123,86,64,53,46,39,15110
3127,CANTERBURY_RD W of BALWYN_RD,046 D11,-37.82527,145.07757,5896,502,7,1,10/12/2006,35,24,19,13,17,12,12,11,14,11,7,6,4,4,6,5,9,4,4,9,12,14,8,25,23,37,52,69,100,123,148,190,188,216,216,205,190,182,164,205,185,181,161,191,207,181,206,233,250,199,211,220,206,203,231,209,266,257,258,235,295,315,307,322,351,357,336,398,373,401,391,364,363,387,325,264,242,214,204,176,147,133,144,127,151,151,137,144,132,102,120,81,73,78,54,35,15077
3127,CANTERBURY_RD W of BALWYN_RD,046 D11,-37.82527,145.07757,5896,502,7,1,10/13/2006,38,27,28,25,10,20,18,16,15,13,7,5,8,12,8,6,5,5,5,12,12,17,16,14,26,45,43,76,86,86,134,169,192,243,245,202,179,185,190,185,169,147,188,186,169,190,195,220,229,236,229,214,233,226,204,222,236,267,229,254,265,304,303,328,352,366,367,366,395,407,382,352,405,367,304,270,254,250,193,176,150,109,127,120,121,151,129,112,114,111,117,100,112,105,85,91,15131
3127,CANTERBURY_RD W of BALWYN_RD,046 D11,-37.82527,145.07757,5896,502,7,1,10/14/2006,85,96,45,50,45,46,35,29,25,26,17,14,18,15,15,7,17,17,14,5,11,17,12,12,16,22,26,30,40,51,56,92,111,106,115,142,137,158,148,205,196,212,193,239,238,233,248,258,246,270,255,274,279,259,242,238,252,236,219,233,229,250,290,256,222,224,269,250,265,251,263,214,222,211,186,156,148,136,116,101,100,88,82,99,84,98,99,108,122,102,113,101,131,132,96,99,12861
3127,CANTERBURY_RD W of BALWYN_RD,046 D11,-37.82527,145.07757,5896,502,7,1,10/16/2006,26,18,19,10,16,10,7,11,5,13,11,1,4,2,4,6,8,2,2,5,8,12,16,9,24,40,63,71,82,105,136,173,221,219,234,212,173,154,163,160,181,153,148,156,179,171,195,196,180,222,184,210,180,200,225,198,198,240,241,230,292,313,311,331,378,393,298,399,400,403,412,380,370,347,296,262,245,215,178,146,123,106,118,115,109,118,105,127,111,80,67,55,58,40,29,25,14097
3127,CANTERBURY_RD W of BALWYN_RD,046 D11,-37.82527,145.07757,5896,502,7,1,10/17/2006,23,21,10,18,11,5,8,4,9,4,4,3,3,3,4,3,3,1,6,5,16,13,16,18,28,45,44,83,101,118,148,192,188,244,199,223,183,181,166,162,183,178,171,172,162,176,182,190,235,212,218,191,215,214,237,224,236,220,254,248,310,281,284,350,378,374,369,390,381,385,418,364,407,376,319,279,261,223,173,170,160,142,137,127,157,155,143,130,128,116,100,92,86,59,57,61,14976
3127,CANTERBURY_RD W of BALWYN_RD,046 D11,-37.82527,145.07757,5896,502,7,1,10/18/2006,44,33,20,20,20,12,10,18,9,10,12,4,12,10,6,5,6,5,9,13,17,12,15,11,26,36,56,70,105,108,133,202,169,177,141,286,182,177,198,167,178,185,166,191,197,207,213,206,217,228,231,200,222,208,213,213,224,225,228,288,271,344,341,297,363,381,399,374,398,391,414,378,391,376,339,300,300,255,222,161,141,173,142,138,140,139,135,126,140,129,104,113,109,78,76,55,15439
3127,CANTERBURY_RD W of BALWYN_RD,046 D11,-37.82527,145.07757,5896,502,7,1,10/19/2006,43,31,16,13,12,11,11,15,8,5,13,8,7,7,9,4,1,8,3,8,17,17,16,30,21,35,51,75,94,98,146,174,203,223,265,200,204,186,196,191,207,170,213,190,180,204,181,220,218,208,230,208,239,214,243,218,222,232,281,295,273,306,311,338,359,354,399,386,393,386,351,429,366,431,292,270,246,224,185,191,175,139,141,151,161,162,126,131,132,109,135,155,80,65,49,40,15489
3127,CANTERBURY_RD W of BALWYN_RD,046 D11,-37.82527,145.07757,5896,502,7,1,10/20/2006,57,43,21,25,25,25,11,16,17,14,10,11,13,5,9,3,3,7,11,6,13,13,15,9,29,36,43,91,86,99,122,145,207,226,209,204,156,179,182,188,157,169,194,195,219,186,191,231,252,242,223,243,220,239,222,226,249,220,235,287,267,355,308,301,341,387,391,370,374,430,413,377,378,324,295,307,237,228,191,154,134,123,113,110,98,141,114,117,110,102,124,110,122,104,91,75,15200
3127,CANTERBURY_RD W of BALWYN_RD,046 D11,-37.82527,145.07757,5896,502,7,1,10/23/2006,34,15,18,13,19,11,6,11,8,10,5,5,3,4,2,4,5,4,11,4,11,8,14,11,31,41,53,73,89,123,125,152,174,279,189,202,181,174,164,163,154,147,180,177,173,190,167,202,204,195,216,191,213,203,212,212,215,232,231,252,261,321,312,334,369,354,348,362,351,426,389,382,417,351,335,248,220,209,165,139,127,121,119,102,109,95,99,93,101,70,72,46,57,41,32,13,14005
3127,CANTERBURY_RD W of BALWYN_RD,046 D11,-37.82527,145.07757,5896,502,7,1,10/30/2006,22,26,13,22,8,13,13,12,5,10,11,5,2,1,9,4,8,5,3,6,11,8,13,13,15,31,52,67,74,99,111,169,188,227,228,199,163,160,162,139,175,166,165,167,169,178,212,207,205,207,173,223,206,210,230,208,216,238,239,245,274,323,288,330,344,385,357,362,368,440,363,384,368,362,315,284,226,207,168,148,110,111,110,128,115,99,105,110,85,100,80,53,39,39,29,32,14007
3127,CANTERBURY_RD W of BALWYN_RD,046 D11,-37.82527,145.07757,5896,502,7,1,10/31/2006,28,18,29,13,8,13,6,5,8,9,4,6,5,2,2,6,3,7,6,6,7,11,15,18,22,33,51,66,93,101,153,160,191,234,233,190,209,161,178,163,167,159,180,151,197,205,231,212,203,205,211,216,200,197,218,194,242,276,250,258,274,294,302,334,327,377,371,390,380,400,362,396,393,382,330,241,235,218,199,154,170,132,151,127,128,158,143,119,107,126,84,79,85,45,36,35,14729
3662,PRINCESS_ST N of HIGH_ST,045 C06,-37.80876,145.02757,6297,289,1,1,10/2/2006,7,6,2,1,0,3,10,7,10,13,5,8,13,6,6,17,4,15,22,17,22,23,48,77,80,107,191,234,318,389,363,373,352,356,336,394,342,325,272,242,234,221,203,228,222,188,210,197,202,222,186,218,201,201,232,205,186,198,193,204,228,221,220,219,212,190,221,202,209,227,244,223,214,210,213,171,221,230,128,128,119,112,111,89,106,98,73,93,70,66,51,29,42,39,31,21,14448
3662,PRINCESS_ST N of HIGH_ST,045 C06,-37.80876,145.02757,6297,289,1,1,10/3/2006,22,17,8,14,7,11,6,4,4,9,7,7,10,8,7,7,6,18,20,19,26,29,49,91,88,164,273,296,378,396,377,355,371,360,385,382,385,361,260,280,242,249,218,186,216,198,215,202,205,224,242,200,187,217,200,218,202,260,195,240,249,220,227,237,214,224,228,233,219,265,242,254,217,241,199,227,183,215,165,159,167,125,108,104,134,98,111,84,75,97,93,61,40,49,47,32,15676
3662,PRINCESS_ST N of HIGH_ST,045 C06,-37.80876,145.02757,6297,289,1,1,10/4/2006,27,19,19,22,6,9,6,5,6,6,8,9,6,3,10,9,16,11,29,19,33,41,49,102,105,166,252,290,316,365,400,350,333,379,369,388,390,351,278,288,227,241,228,237,230,243,183,242,215,217,210,216,204,209,212,190,204,244,218,182,255,239,211,224,194,231,217,225,196,204,241,224,205,246,207,220,209,201,196,158,140,121,120,112,109,96,104,105,107,75,73,58,53,60,54,30,15562
3662,PRINCESS_ST N of HIGH_ST,045 C06,-37.80876,145.02757,6297,289,1,1,10/5/2006,26,20,10,21,13,8,16,3,5,7,10,6,7,8,9,10,7,16,17,19,29,41,65,98,118,187,239,310,375,361,346,375,320,359,355,362,388,360,278,258,238,245,229,258,225,239,207,201,247,216,225,186,199,232,245,223,213,229,233,264,245,243,233,227,214,226,257,240,230,228,280,230,216,201,219,227,220,221,167,161,128,124,109,114,111,118,108,90,115,88,70,69,60,49,33,22,15909
3662,PRINCESS_ST N of HIGH_ST,045 C06,-37.80876,145.02757,6297,289,1,1,10/6/2006,32,22,27,18,13,20,16,14,7,8,11,6,7,5,14,8,9,13,19,19,23,35,50,90,101,158,234,333,344,340,327,378,350,334,354,363,379,371,269,282,214,237,270,227,215,241,223,232,234,220,190,224,200,196,207,235,197,202,200,246,234,242,219,239,222,188,236,225,214,205,213,226,256,218,228,252,238,229,181,176,191,187,116,114,105,149,129,107,122,85,93,80,89,84,68,63,16036
3662,PRINCESS_ST N of HIGH_ST,045 C06,-37.80876,145.02757,6297,289,1,1,10/7/2006,65,44,44,58,36,29,25,23,21,20,18,14,12,9,14,15,19,12,17,21,9,22,21,44,40,76,81,90,103,90,112,133,120,175,176,222,208,243,248,249,263,299,245,224,252,247,254,225,245,222,275,240,224,223,241,223,247,208,232,225,185,227,160,168,218,194,177,183,213,203,219,203,208,235,268,236,219,224,191,170,162,133,124,102,124,147,150,95,108,114,113,93,85,117,110,85,13755
3662,PRINCESS_ST N of HIGH_ST,045 C06,-37.80876,145.02757,6297,289,1,1,10/9/2006,23,14,15,11,7,10,4,4,2,7,8,8,15,6,11,11,11,16,21,29,21,38,53,91,99,143,221,291,341,355,356,378,358,354,373,362,347,381,293,258,240,236,241,221,206,220,196,200,236,226,206,202,203,235,219,192,194,219,198,208,216,263,225,231,214,268,227,224,256,220,249,227,269,236,237,205,202,169,145,133,125,119,88,89,87,77,64,92,70,55,62,45,50,31,30,28,15172
3662,PRINCESS_ST N of HIGH_ST,045 C06,-37.80876,145.02757,6297,289,1,1,10/10/2006,16,15,17,13,8,6,9,5,8,1,14,1,7,2,10,13,7,9,24,24,37,39,48,91,86,162,232,302,403,366,355,375,374,340,347,363,380,342,250,224,287,237,223,237,224,224,216,209,237,204,181,187,196,213,240,206,227,229,218,227,225,256,220,242,224,256,242,211,234,215,229,268,226,247,236,247,209,254,177,159,141,127,111,118,124,126,101,99,112,68,76,65,45,53,38,32,15760
3662,PRINCESS_ST N of HIGH_ST,045 C06,-37.80876,145.02757,6297,289,1,1,10/11/2006,32,35,19,13,11,10,12,8,6,8,4,8,4,2,12,13,9,7,22,20,23,35,50,108,112,158,229,245,392,370,360,375,370,329,380,375,346,351,256,239,302,244,223,223,200,230,199,205,220,205,227,195,217,207,211,196,209,188,236,239,211,254,208,209,208,229,225,237,149,168,244,224,233,237,223,198,200,200,168,158,139,124,118,116,112,118,107,116,99,74,82,71,57,50,50,33,15383
3662,PRINCESS_ST N of HIGH_ST,045 C06,-37.80876,145.02757,6297,289,1,1,10/12/2006,30,22,22,18,12,6,18,11,9,4,9,3,10,6,9,17,13,17,22,31,29,40,72,100,114,165,236,317,363,395,362,369,361,335,327,379,375,359,321,261,282,210,235,250,208,220,235,198,197,235,225,201,204,212,186,228,203,238,200,199,246,233,222,253,195,234,234,246,222,238,219,232,240,263,201,225,210,195,165,154,149,132,124,117,134,132,109,95,99,110,85,63,50,70,46,35,15912
3662,PRINCESS_ST N of HIGH_ST,045 C06,-37.80876,145.02757,6297,289,1,1,10/13/2006,38,26,30,16,12,22,12,11,10,5,9,9,5,10,13,10,9,10,25,17,23,32,58,102,102,161,232,337,383,374,354,347,356,335,369,344,378,300,278,258,240,214,259,221,196,208,230,239,240,217,217,199,189,192,256,208,221,230,205,228,229,223,251,192,206,235,262,226,189,251,265,237,208,226,233,216,241,162,194,176,165,136,139,141,139,112,93,79,112,88,105,96,109,76,86,72,16001
3662,PRINCESS_ST N of HIGH_ST,045 C06,-37.80876,145.02757,6297,289,1,1,10/14/2006,67,62,46,54,38,37,38,41,35,13,19,16,21,16,18,18,17,26,22,17,13,27,29,43,34,65,76,97,79,108,128,151,135,196,202,236,244,217,227,267,218,260,210,219,252,268,263,223,279,235,281,251,252,278,196,257,241,247,224,238,234,203,206,215,201,238,230,223,222,209,227,257,198,252,250,236,216,188,227,142,134,127,132,94,117,87,95,107,90,82,82,95,86,85,86,67,14027
3662,PRINCESS_ST N of HIGH_ST,045 C06,-37.80876,145.02757,6297,289,1,1,10/16/2006,23,23,16,10,10,10,12,5,6,7,7,10,11,7,9,10,8,11,17,24,26,37,57,98,95,150,225,300,336,370,363,365,370,342,341,363,389,376,285,251,232,210,192,237,215,198,208,206,229,212,186,190,192,207,216,205,203,229,209,226,228,283,255,288,274,246,268,257,223,272,274,218,208,268,164,174,185,200,146,170,123,104,112,110,99,70,95,77,103,69,50,60,29,35,30,30,15374
3662,PRINCESS_ST N of HIGH_ST,045 C06,-37.80876,145.02757,6297,289,1,1,10/17/2006,21,19,23,7,17,11,5,4,4,6,5,6,4,6,9,11,4,12,19,27,39,44,66,95,100,172,254,295,404,377,365,349,356,358,357,352,398,352,318,288,231,232,220,238,206,225,225,220,180,235,193,223,187,225,236,224,192,182,222,251,257,254,216,250,214,209,243,206,226,210,223,251,206,227,207,221,200,202,178,177,129,141,114,106,129,122,130,188,92,65,59,74,48,55,43,44,15822
3662,PRINCESS_ST N of HIGH_ST,045 C06,-37.80876,145.02757,6297,289,1,1,10/18/2006,43,26,14,14,13,16,10,8,9,7,7,3,10,7,11,11,9,18,21,31,32,54,71,117,133,177,274,332,373,372,380,346,369,363,391,355,413,386,285,284,206,263,231,237,213,228,227,197,223,198,221,225,231,209,215,203,190,209,214,225,238,213,232,213,214,236,194,227,229,225,253,264,221,203,191,251,224,230,142,144,144,137,120,107,91,102,102,143,115,87,92,98,72,65,72,50,16101
3662,PRINCESS_ST N of HIGH_ST,045 C06,-37.80876,145.02757,6297,289,1,1,10/19/2006,33,15,28,20,12,14,11,20,9,4,12,15,12,5,6,10,4,11,12,33,40,53,69,98,103,152,270,327,357,371,364,354,339,355,370,357,369,354,242,255,301,232,241,250,215,215,212,248,219,243,212,190,239,210,235,193,200,206,240,241,222,235,244,201,263,224,237,248,259,236,225,265,206,235,256,230,233,224,219,195,143,102,133,126,124,146,108,121,94,77,100,76,63,60,46,39,16242
3662,PRINCESS_ST N of HIGH_ST,045 C06,-37.80876,145.02757,6297,289,1,1,10/20/2006,49,28,23,17,14,17,8,11,9,6,13,15,12,10,8,17,18,15,22,23,22,42,75,105,95,154,285,269,383,359,340,383,333,370,357,349,355,372,286,276,269,246,206,243,224,229,215,266,224,237,227,241,204,225,250,222,239,243,202,221,218,220,233,233,252,231,234,215,222,245,226,249,244,237,195,215,197,177,213,158,129,148,124,124,95,105,80,90,86,80,86,117,84,88,63,61,16152
3662,PRINCESS_ST N of HIGH_ST,045 C06,-37.80876,145.02757,6297,289,1,1,10/21/2006,60,51,40,41,29,21,26,23,19,18,15,10,13,16,10,13,13,16,22,17,15,16,29,40,46,66,101,109,77,104,126,141,158,187,194,241,209,253,260,287,252,238,227,270,242,233,235,244,246,263,250,249,257,258,229,230,252,243,196,219,208,212,210,202,207,230,182,227,214,221,225,233,208,213,239,206,199,230,179,171,154,126,119,107,77,89,87,91,88,85,82,87,87,97,100,85,13742
3662,PRINCESS_ST N of HIGH_ST,045 C06,-37.80876,145.02757,6297,289,1,1,10/23/2006,17,27,10,16,6,13,11,7,8,8,5,5,8,13,8,9,13,16,14,21,26,36,66,86,101,161,200,272,360,387,368,350,343,330,334,359,380,387,297,256,249,232,249,213,206,211,188,209,207,207,192,193,207,196,204,222,209,215,223,230,216,242,206,233,222,210,259,197,231,234,246,251,212,222,221,199,185,194,125,138,130,142,83,93,111,93,86,68,77,60,71,53,56,38,27,75,15102
3662,PRINCESS_ST N of HIGH_ST,045 C06,-37.80876,145.02757,6297,289,1,1,10/24/2006,68,34,26,14,27,18,14,6,10,5,8,8,6,4,5,8,10,15,18,27,33,46,50,96,104,174,240,323,360,361,334,340,367,343,347,361,344,358,264,269,265,250,219,244,214,204,221,213,207,223,200,247,192,200,226,189,228,203,233,212,235,241,204,223,221,200,231,241,209,230,250,261,257,206,241,223,202,227,185,134,103,134,120,117,106,120,110,84,117,91,62,54,50,51,45,30,15650
3662,PRINCESS_ST N of HIGH_ST,045 C06,-37.80876,145.02757,6297,289,1,1,10/25/2006,24,24,20,13,5,9,10,8,4,8,9,9,13,5,6,14,11,16,21,25,33,43,56,101,111,174,223,311,335,394,343,337,315,346,312,368,365,383,298,289,229,247,217,246,212,200,252,230,268,257,231,215,228,242,216,251,195,248,221,226,240,249,220,249,237,253,225,255,260,233,248,225,230,211,251,192,194,207,177,172,134,135,109,106,116,86,102,102,91,95,78,89,46,49,51,40,15979
3662,PRINCESS_ST N of HIGH_ST,045 C06,-37.80876,145.02757,6297,289,1,1,10/26/2006,24,29,16,18,14,14,5,10,8,5,7,9,9,1,11,12,15,11,18,24,27,40,55,92,134,158,240,313,395,361,392,351,375,353,349,344,393,369,260,259,223,257,220,249,222,233,208,201,244,216,220,191,237,216,196,213,220,211,251,223,243,241,244,226,267,233,288,230,222,259,242,269,257,218,237,235,209,199,181,158,164,123,119,115,111,108,103,107,86,89,91,67,65,45,43,34,16099
3662,PRINCESS_ST N of HIGH_ST,045 C06,-37.80876,145.02757,6297,289,1,1,10/27/2006,21,25,20,20,16,19,19,16,2,9,10,11,9,4,6,12,10,13,19,21,20,38,54,110,99,167,250,338,372,408,342,334,347,356,368,382,371,320,252,298,223,244,246,216,223,235,256,221,252,268,196,248,214,231,240,230,220,212,248,213,249,234,232,203,213,225,212,239,224,216,258,251,221,237,224,175,198,203,170,198,160,123,117,111,104,118,105,66,77,76,85,81,70,76,71,47,16013
3662,PRINCESS_ST N of HIGH_ST,045 C06,-37.80876,145.02757,6297,289,1,1,10/28/2006,54,60,47,43,32,25,28,23,10,18,16,19,19,14,17,13,17,16,10,13,13,22,37,37,46,67,73,89,81,88,128,139,144,178,186,234,198,243,250,242,242,268,209,294,245,236,260,265,229,272,240,272,262,238,218,251,216,260,231,232,211,193,210,204,214,209,231,243,212,213,226,219,252,215,228,247,207,186,212,160,158,132,117,115,102,101,112,100,79,92,92,76,92,76,86,76,13827
3662,PRINCESS_ST N of HIGH_ST,045 C06,-37.80876,145.02757,6297,289,1,1,10/30/2006,28,23,16,19,18,12,11,9,8,7,10,7,4,5,9,10,12,11,19,15,29,32,63,82,82,160,261,273,328,375,363,358,378,367,343,341,379,351,258,205,248,216,209,212,188,197,207,206,195,202,187,200,203,212,205,225,192,224,213,205,235,232,233,193,192,238,255,208,213,250,250,228,194,224,210,209,187,171,135,166,118,113,132,116,96,131,157,91,79,81,55,77,53,41,44,29,15063
3662,PRINCESS_ST N of HIGH_ST,045 C06,-37.80876,145.02757,6297,289,1,1,10/31/2006,33,26,11,17,12,10,7,6,6,7,8,2,3,6,7,7,6,6,20,16,28,40,56,76,95,173,214,349,354,385,373,383,389,379,377,361,394,358,277,280,224,258,212,211,200,229,216,232,204,226,243,200,177,230,198,233,167,224,211,230,235,247,249,248,224,235,241,216,232,242,223,247,223,247,236,201,226,182,188,161,145,138,129,121,130,142,93,111,109,99,78,76,96,75,56,59,16042
3662,HIGH_ST NE of PRINCESS_ST,045 C06,-37.80887,145.02793,15724,289,2,1,10/20/2006,30,24,17,22,22,13,13,11,23,7,11,12,9,19,6,14,12,9,15,30,15,29,51,54,73,117,182,218,237,311,324,255,294,284,287,266,376,255,206,176,226,175,182,166,189,145,185,171,174,178,181,151,179,167,147,123,184,144,177,170,209,169,170,199,175,169,183,169,164,212,200,158,148,159,139,129,157,135,125,121,120,84,126,107,91,95,99,92,98,68,69,67,74,71,63,60,12417
3662,HIGH_ST NE of PRINCESS_ST,045 C06,-37.80887,145.02793,15724,289,2,1,10/26/2006,22,26,20,8,20,9,13,13,7,7,3,11,4,15,13,13,5,8,5,20,16,34,57,54,69,112,179,243,284,359,402,371,410,360,358,364,271,260,206,234,189,173,204,172,137,172,163,163,181,139,176,181,158,137,159,150,144,150,155,156,161,142,159,162,154,152,120,157,160,161,136,161,171,142,161,143,126,145,127,156,98,102,93,91,66,97,106,104,93,73,68,64,57,55,48,39,12394
3662,HIGH_ST NE of PRINCESS_ST,045 C06,-37.80887,145.02793,15724,289,2,1,10/27/2006,32,13,12,20,16,23,14,11,12,14,12,1,9,8,12,10,14,11,17,16,14,36,50,76,65,120,159,229,295,337,365,394,333,352,362,307,243,224,203,174,195,173,183,196,169,154,180,166,157,176,181,174,159,158,159,134,159,159,177,148,162,149,155,184,161,173,133,160,148,172,159,153,164,153,163,154,145,142,150,126,123,110,99,102,100,85,83,82,67,82,82,60,80,63,63,53,12412
3682,WARRIGAL_RD S OF RIVERSDALE_RD,060 H02,-37.83799,145.09681,16484,1500,5,1,10/3/2006,18,19,12,6,2,4,5,5,8,3,2,3,3,6,4,5,5,10,3,10,9,17,28,45,57,89,125,133,166,225,247,247,243,251,257,294,226,204,220,166,187,169,187,182,162,194,157,165,169,188,193,186,197,201,195,180,192,262,197,193,233,232,250,257,241,266,265,327,273,288,282,283,275,277,282,219,175,164,150,131,110,98,85,92,93,113,86,96,73,64,55,54,58,43,31,33,13192
3682,WARRIGAL_RD S OF RIVERSDALE_RD,060 H02,-37.83799,145.09681,16484,1500,5,1,10/4/2006,23,15,15,10,12,9,8,7,3,10,5,2,1,2,6,3,4,6,8,9,4,20,25,38,58,83,123,152,163,236,197,257,246,242,251,279,232,217,200,207,211,182,169,188,186,173,177,173,191,202,174,216,175,162,185,189,193,188,190,219,198,258,239,283,255,244,264,278,271,295,275,310,292,283,248,202,166,186,143,128,111,91,108,118,76,78,97,91,70,70,61,64,50,52,29,25,13140
3682,WARRIGAL_RD S OF RIVERSDALE_RD,060 H02,-37.83799,145.09681,16484,1500,5,1,10/5/2006,30,25,11,14,14,17,5,13,5,5,4,7,5,4,5,3,4,10,8,11,7,12,19,39,50,83,98,139,179,187,203,250,240,290,286,216,278,233,205,208,168,192,165,164,175,184,190,188,167,196,214,187,182,193,184,212,217,222,242,234,229,231,253,275,277,255,240,294,299,267,295,286,254,334,251,225,193,175,169,125,141,121,115,132,91,143,121,107,76,81,59,61,57,60,43,34,13667
3682,WARRIGAL_RD S OF RIVERSDALE_RD,060 H02,-37.83799,145.09681,16484,1500,5,1,10/6/2006,19,24,13,3,8,6,7,5,5,11,6,9,6,4,5,4,7,6,8,7,15,13,23,44,61,70,102,159,178,192,219,225,210,306,285,265,211,187,211,193,205,163,180,165,177,208,176,214,159,212,212,162,218,173,176,224,228,232,203,217,204,248,235,301,280,294,304,291,261,290,300,293,291,301,267,258,199,183,188,160,132,118,125,115,124,149,121,93,88,77,83,77,78,70,74,65,13973
3682,WARRIGAL_RD S OF RIVERSDALE_RD,060 H02,-37.83799,145.09681,16484,1500,5,1,10/9/2006,23,18,12,10,7,9,4,3,1,3,6,6,3,1,4,8,6,7,13,13,10,16,20,40,66,57,112,125,136,210,253,228,274,237,246,267,233,202,199,209,168,142,151,190,161,158,169,207,157,183,178,154,180,185,178,194,179,190,175,210,202,257,237,240,252,273,246,293,250,322,273,280,276,292,216,173,159,148,155,109,106,79,82,101,72,86,74,56,58,64,101,37,31,31,18,19,12474
3682,WARRIGAL_RD S OF RIVERSDALE_RD,060 H02,-37.83799,145.09681,16484,1500,5,1,10/10/2006,17,11,10,7,6,6,7,2,7,3,4,5,5,5,4,5,4,9,13,7,9,21,31,45,68,74,137,154,156,205,202,240,238,258,287,258,242,228,173,218,164,168,195,185,182,183,177,181,161,166,211,172,197,186,208,196,201,240,213,209,203,242,225,270,287,269,296,313,248,280,299,296,286,272,266,200,199,161,128,125,109,91,111,107,90,96,98,93,71,72,68,58,46,46,34,39,13270
3682,WARRIGAL_RD S OF RIVERSDALE_RD,060 H02,-37.83799,145.09681,16484,1500,5,1,10/11/2006,17,18,11,9,5,11,7,6,4,4,4,7,3,5,2,2,4,6,7,16,14,19,30,34,68,87,119,147,193,167,220,244,253,265,219,274,266,240,238,234,197,202,185,191,152,184,165,202,163,195,167,184,216,174,204,211,202,185,201,216,242,221,222,277,255,256,307,252,285,270,248,283,274,310,268,204,191,169,132,145,118,102,101,82,104,106,97,84,100,101,75,56,52,43,44,34,13385
3682,WARRIGAL_RD S OF RIVERSDALE_RD,060 H02,-37.83799,145.09681,16484,1500,5,1,10/12/2006,21,21,17,10,15,6,8,15,6,4,3,4,2,8,5,9,5,9,11,12,10,20,34,40,54,89,146,149,189,192,224,260,252,220,302,292,227,218,209,233,196,197,164,173,189,185,195,188,168,206,201,207,207,186,183,220,211,207,186,219,222,237,227,267,261,265,239,308,304,271,270,316,307,263,232,194,228,165,177,145,127,112,115,110,127,157,104,122,105,73,76,68,53,51,39,36,13812
3682,WARRIGAL_RD S OF RIVERSDALE_RD,060 H02,-37.83799,145.09681,16484,1500,5,1,10/16/2006,19,22,11,13,3,9,3,7,5,3,5,6,5,2,4,1,2,17,8,10,12,19,22,67,61,83,122,142,164,210,223,211,257,258,218,223,233,220,191,200,159,158,159,167,147,178,176,176,164,188,173,177,176,197,197,176,186,188,213,201,249,217,245,273,272,267,294,265,272,289,290,322,297,279,220,202,157,148,143,131,92,88,86,67,83,97,62,65,90,59,40,41,40,29,28,24,12670
3682,WARRIGAL_RD S OF RIVERSDALE_RD,060 H02,-37.83799,145.09681,16484,1500,5,1,10/17/2006,12,12,21,9,10,13,2,9,5,5,4,5,5,6,5,2,2,14,7,11,8,18,33,31,63,101,126,127,191,225,194,221,233,290,246,237,270,238,212,175,188,195,174,191,156,201,171,194,177,194,180,173,181,181,191,190,191,205,209,199,233,228,235,230,273,288,313,252,282,224,332,263,290,244,274,214,185,154,146,95,105,94,85,80,104,98,107,76,100,72,54,59,42,45,36,33,13084
3682,WARRIGAL_RD S OF RIVERSDALE_RD,060 H02,-37.83799,145.09681,16484,1500,5,1,10/18/2006,21,19,10,11,13,10,3,6,5,7,6,4,9,5,3,4,2,5,10,18,7,19,24,45,47,90,142,141,178,233,230,246,238,276,242,217,266,212,164,222,172,174,182,196,156,182,161,207,201,191,182,198,176,219,164,218,179,207,186,226,166,197,279,249,291,262,319,229,258,274,277,265,308,325,273,211,171,178,140,127,109,94,100,103,109,108,114,97,89,80,58,45,45,37,24,27,13225
3682,WARRIGAL_RD S OF RIVERSDALE_RD,060 H02,-37.83799,145.09681,16484,1500,5,1,10/19/2006,24,29,18,10,12,12,4,5,7,1,6,5,3,8,7,6,7,10,13,9,12,19,26,35,54,94,134,153,148,193,197,245,244,255,271,270,194,210,212,202,200,190,185,176,176,182,203,191,199,197,184,183,186,186,208,197,202,196,219,223,230,232,211,229,252,284,255,271,269,250,299,254,318,293,278,214,217,176,136,142,144,117,124,92,108,101,146,91,94,83,65,65,59,42,38,22,13448
3682,WARRIGAL_RD S OF RIVERSDALE_RD,060 H02,-37.83799,145.09681,16484,1500,5,1,10/20/2006,20,22,23,16,11,14,6,8,8,7,13,12,8,3,5,4,8,8,7,18,15,20,27,35,71,80,126,145,172,197,232,167,230,276,224,273,219,191,196,207,163,169,205,186,181,199,192,201,214,204,208,244,167,228,203,222,194,197,232,197,261,223,257,232,344,252,280,318,261,244,314,286,235,296,238,215,219,184,169,156,129,88,84,119,111,170,112,86,97,110,93,76,74,78,67,59,13867
3682,WARRIGAL_RD S OF RIVERSDALE_RD,060 H02,-37.83799,145.09681,16484,1500,5,1,10/23/2006,27,19,15,13,15,9,10,0,7,3,5,4,0,4,2,5,3,10,16,13,17,19,23,37,61,84,118,145,162,180,228,218,247,284,258,261,212,187,202,201,168,166,184,157,159,194,164,169,181,188,158,150,172,181,173,181,179,186,181,227,229,231,210,261,238,248,257,247,330,256,302,297,301,254,221,196,156,156,138,103,87,80,107,77,82,87,95,89,52,64,50,50,43,30,19,21,12506
3682,WARRIGAL_RD S OF RIVERSDALE_RD,060 H02,-37.83799,145.09681,16484,1500,5,1,10/24/2006,18,16,14,11,6,6,4,3,2,2,3,8,2,2,6,3,4,7,8,6,15,17,35,39,52,97,132,158,162,212,194,244,229,236,268,252,238,213,182,206,189,176,207,192,169,175,158,172,157,188,181,197,171,186,186,170,197,187,205,197,220,215,237,263,257,245,299,259,298,255,303,294,269,283,231,239,168,147,147,103,107,108,102,82,96,87,96,89,64,71,56,51,57,40,33,22,12865
3682,WARRIGAL_RD S OF RIVERSDALE_RD,060 H02,-37.83799,145.09681,16484,1500,5,1,10/25/2006,20,12,22,7,13,10,9,7,11,7,1,3,5,2,6,4,6,10,11,13,13,18,25,38,59,79,120,149,180,195,211,245,248,236,265,226,240,202,211,226,186,198,174,165,184,183,210,180,205,185,186,197,179,180,201,162,194,194,213,195,208,229,215,264,294,260,285,268,276,315,304,288,256,316,253,233,182,168,152,135,101,98,115,88,85,96,100,106,74,87,82,61,51,42,32,28,13283
3682,WARRIGAL_RD S OF RIVERSDALE_RD,060 H02,-37.83799,145.09681,16484,1500,5,1,10/26/2006,24,26,14,10,14,7,5,6,6,5,3,6,4,2,5,2,8,10,13,7,11,25,27,44,85,93,154,154,178,173,210,270,231,302,283,238,223,204,225,183,195,178,188,179,165,169,186,190,199,214,201,174,188,186,205,203,197,198,199,239,227,235,274,223,266,260,252,295,295,273,237,299,291,269,269,226,182,194,195,152,107,126,114,105,166,170,127,108,95,77,78,63,58,47,33,29,13760
3682,WARRIGAL_RD S OF RIVERSDALE_RD,060 H02,-37.83799,145.09681,16484,1500,5,1,10/27/2006,26,18,18,16,16,9,11,4,7,5,5,7,5,4,5,4,8,7,9,12,19,17,25,45,66,100,121,127,164,215,205,234,228,278,235,249,254,197,195,182,155,157,166,206,176,176,171,224,189,227,194,232,192,214,193,206,242,238,219,224,223,228,236,237,259,272,276,274,308,275,287,281,268,332,260,198,198,204,169,155,127,117,113,123,143,163,121,84,87,72,80,60,113,76,81,63,13916
3682,WARRIGAL_RD S OF RIVERSDALE_RD,060 H02,-37.83799,145.09681,16484,1500,5,1,10/30/2006,24,19,17,12,15,10,10,7,7,2,8,3,3,3,3,1,8,7,12,10,12,17,15,36,56,82,117,130,115,206,197,232,194,264,272,265,208,235,196,175,175,186,148,137,173,153,171,166,172,156,171,123,210,185,195,197,203,204,211,205,225,239,227,254,250,232,258,271,267,288,291,301,275,286,264,177,182,150,122,127,107,105,99,88,86,78,75,84,71,58,48,53,42,49,31,21,12527
3682,WARRIGAL_RD S OF RIVERSDALE_RD,060 H02,-37.83799,145.09681,16484,1500,5,1,10/31/2006,23,20,11,11,7,12,6,6,3,7,4,2,2,4,5,4,1,9,14,13,14,14,20,33,49,80,115,158,186,179,206,218,259,235,258,264,239,230,209,205,182,152,186,199,167,166,159,173,147,206,199,164,165,182,197,209,178,182,225,187,206,222,242,262,256,273,252,313,292,289,288,288,272,280,284,210,176,169,156,125,98,120,104,87,95,93,82,98,78,88,67,57,57,39,26,30,13034
3685,WARRIGAL_RD N of HIGHBURY_RD,060 G07,-37.85467,145.09384,248,292,1,1,10/1/2006,97,96,71,87,66,57,36,43,39,31,23,25,38,23,22,14,24,16,14,22,18,22,32,25,25,49,54,50,73,69,79,81,69,102,106,153,158,169,227,248,263,258,262,269,281,284,299,291,337,322,333,289,336,313,303,308,334,303,262,285,308,281,265,279,266,284,251,263,277,273,254,206,259,199,184,180,165,148,133,122,141,128,103,113,128,133,113,104,118,81,89,62,66,56,44,42,14703
3685,WARRIGAL_RD N of HIGHBURY_RD,060 G07,-37.85467,145.09384,248,292,1,1,10/2/2006,46,42,30,14,14,17,12,15,13,23,10,9,5,7,17,10,15,21,21,23,29,31,73,64,75,144,121,151,236,338,263,385,324,361,312,353,259,305,291,265,263,272,244,280,253,279,260,257,271,273,254,262,247,271,261,244,279,261,271,273,243,261,293,290,316,299,328,305,280,358,335,362,283,294,234,199,190,197,164,169,153,150,135,139,107,109,133,126,97,121,87,74,78,59,66,41,17094
3685,WARRIGAL_RD N of HIGHBURY_RD,060 G07,-37.85467,145.09384,248,292,1,1,10/3/2006,30,43,28,11,19,16,16,16,10,13,14,13,5,9,17,13,8,18,15,20,25,42,73,92,103,174,217,253,282,262,317,347,363,357,354,332,308,311,263,278,271,265,269,285,258,244,259,248,251,283,247,269,232,268,272,295,235,269,263,247,288,292,301,299,322,330,343,307,328,305,353,329,341,286,260,215,195,213,177,180,155,147,169,139,154,145,130,157,128,106,123,104,84,65,40,61,17888
3685,WARRIGAL_RD N of HIGHBURY_RD,060 G07,-37.85467,145.09384,248,292,1,1,10/4/2006,28,31,34,17,18,18,17,12,9,14,15,14,12,6,13,15,6,16,15,16,21,32,66,97,101,156,223,217,236,321,233,366,338,383,308,390,299,291,316,270,264,228,287,290,271,262,263,262,282,312,238,259,223,245,296,296,280,262,275,268,270,319,285,325,311,310,313,309,309,325,336,333,336,296,276,210,270,206,202,111,176,163,151,147,154,161,135,128,142,133,135,105,101,75,75,54,18040
3685,WARRIGAL_RD N of HIGHBURY_RD,060 G07,-37.85467,145.09384,248,292,1,1,10/5/2006,49,45,38,18,25,18,28,18,15,9,12,3,10,6,12,12,20,18,14,25,24,37,75,85,93,156,212,226,254,300,308,314,340,367,328,342,278,304,305,284,271,272,274,278,289,328,278,283,300,297,244,267,267,230,272,302,262,291,226,271,282,274,317,275,349,317,322,316,305,339,364,300,317,292,290,251,254,249,229,190,212,160,171,152,146,176,176,148,123,132,126,101,78,54,79,33,18428
3685,WARRIGAL_RD N of HIGHBURY_RD,060 G07,-37.85467,145.09384,248,292,1,1,10/6/2006,42,35,34,26,35,19,28,26,16,11,7,13,15,14,13,13,16,14,23,19,28,28,65,82,89,176,202,242,260,286,359,347,366,323,354,302,267,311,326,296,280,270,291,278,255,284,313,298,275,267,281,262,313,297,279,311,267,286,242,289,322,265,307,306,293,380,282,311,294,329,293,349,289,333,309,295,168,245,277,216,176,165,167,162,177,175,149,135,153,144,140,140,132,119,112,96,18971
3685,WARRIGAL_RD N of HIGHBURY_RD,060 G07,-37.85467,145.09384,248,292,1,1,10/7/2006,74,96,71,66,70,31,49,33,27,33,24,21,25,38,23,35,25,26,21,29,22,26,44,42,55,93,119,124,101,138,146,172,177,228,271,231,288,272,303,322,296,330,321,345,329,363,301,255,393,325,375,303,345,302,302,374,354,304,317,285,285,267,331,261,299,274,275,239,249,281,309,291,274,253,258,231,244,226,199,191,171,177,130,139,121,159,136,170,124,142,154,138,136,140,141,151,18076
3685,WARRIGAL_RD N of HIGHBURY_RD,060 G07,-37.85467,145.09384,248,292,1,1,10/8/2006,137,111,99,86,80,64,56,44,45,26,43,20,36,31,28,46,35,40,29,30,37,38,31,47,47,67,116,123,109,91,106,99,103,144,143,158,171,209,261,248,280,254,275,263,292,306,353,335,337,376,317,320,307,331,298,293,314,275,278,312,292,286,276,299,286,274,289,267,296,289,259,263,237,224,182,175,189,151,163,137,135,127,144,132,116,133,125,107,110,106,94,71,72,59,57,53,16025
3685,WARRIGAL_RD N of HIGHBURY_RD,060 G07,-37.85467,145.09384,248,292,1,1,10/9/2006,44,35,26,34,18,20,22,15,7,15,12,15,4,4,10,13,12,12,16,18,28,37,63,76,90,148,199,222,204,338,317,297,340,375,327,345,318,319,259,279,254,257,269,257,260,238,281,253,262,237,209,276,233,246,281,244,280,266,222,262,293,288,304,299,315,287,329,304,286,370,261,360,240,329,224,230,215,217,160,161,126,143,122,121,115,112,124,127,104,110,101,92,67,45,34,43,17078
3685,WARRIGAL_RD N of HIGHBURY_RD,060 G07,-37.85467,145.09384,248,292,1,1,10/10/2006,34,35,21,28,25,16,14,19,4,13,6,10,12,9,5,15,11,16,14,15,27,33,70,62,97,161,216,264,240,339,336,346,322,380,355,339,320,304,298,316,278,257,255,277,243,252,266,282,265,290,280,255,304,244,259,270,282,266,284,279,257,294,307,289,322,330,301,281,315,317,365,297,322,296,276,225,230,201,186,191,171,180,139,152,161,164,175,142,153,136,116,134,96,72,58,40,18226
3685,WARRIGAL_RD N of HIGHBURY_RD,060 G07,-37.85467,145.09384,248,292,1,1,10/11/2006,54,39,35,27,22,22,13,8,22,24,14,9,13,9,14,19,14,10,23,24,23,37,79,99,104,159,199,112,271,250,370,324,379,351,380,315,336,282,305,236,268,301,294,254,260,292,255,236,344,272,246,220,310,252,247,236,263,290,278,281,292,267,296,273,252,193,348,304,326,331,300,355,356,264,276,263,251,166,205,167,179,181,156,179,154,150,168,110,166,142,118,116,81,72,69,54,18005
3685,WARRIGAL_RD N of HIGHBURY_RD,060 G07,-37.85467,145.09384,248,292,1,1,10/12/2006,50,32,31,22,22,21,23,23,19,15,10,16,14,10,10,22,17,17,17,28,27,56,70,88,119,160,232,262,271,309,345,344,363,358,368,338,314,318,335,302,287,280,304,297,258,313,269,283,294,316,287,264,267,254,272,270,279,279,263,259,325,257,319,306,341,330,313,307,311,366,349,346,322,298,276,270,219,229,230,202,200,178,174,167,139,146,174,165,152,133,130,105,105,67,59,47,19050
3685,WARRIGAL_RD N of HIGHBURY_RD,060 G07,-37.85467,145.09384,248,292,1,1,10/13/2006,49,56,28,45,21,21,26,29,27,41,12,16,20,14,11,11,17,11,15,16,35,47,58,84,110,158,228,248,241,320,296,370,350,346,304,367,272,305,306,331,266,280,260,289,279,310,288,285,258,295,275,278,268,286,319,316,279,309,257,273,279,251,345,349,305,330,320,346,328,324,376,339,318,296,311,276,308,278,205,179,121,152,155,140,160,151,136,131,150,129,130,128,120,131,95,99,19123
3685,WARRIGAL_RD N of HIGHBURY_RD,060 G07,-37.85467,145.09384,248,292,1,1,10/14/2006,75,77,79,62,46,41,43,33,39,29,23,26,21,21,22,27,16,27,25,31,31,42,40,52,59,30,91,100,101,119,146,199,183,229,251,267,264,269,304,305,298,304,335,334,337,337,322,335,371,324,356,359,356,321,328,336,328,316,337,289,283,332,286,286,312,273,255,249,267,256,277,292,263,230,256,247,226,253,189,184,173,154,129,138,121,117,147,154,160,106,173,158,107,147,129,110,17907
3685,WARRIGAL_RD N of HIGHBURY_RD,060 G07,-37.85467,145.09384,248,292,1,1,10/15/2006,126,120,84,101,71,57,48,47,34,49,26,38,37,26,26,20,26,39,32,18,25,23,33,32,60,53,77,63,61,69,94,84,78,116,122,131,175,242,251,305,248,255,283,298,258,275,287,324,310,307,306,347,306,307,357,292,358,292,329,285,322,297,268,300,288,264,268,272,269,262,256,222,228,268,188,180,155,151,161,154,143,123,135,131,117,132,114,115,115,113,82,59,42,61,52,34,15484
3685,WARRIGAL_RD N of HIGHBURY_RD,060 G07,-37.85467,145.09384,248,292,1,1,10/16/2006,29,31,33,16,10,26,11,12,22,6,16,10,4,5,15,17,18,13,18,14,22,36,72,80,90,162,229,204,257,287,391,236,353,333,365,317,312,267,300,284,240,274,264,279,237,266,277,285,255,307,251,270,264,264,282,292,283,268,248,292,301,266,349,315,296,358,341,283,254,315,359,352,298,297,228,231,179,202,151,114,172,132,127,130,138,129,107,152,141,123,121,102,54,50,37,42,17567
3685,WARRIGAL_RD N of HIGHBURY_RD,060 G07,-37.85467,145.09384,248,292,1,1,10/17/2006,25,28,25,21,8,7,18,15,8,11,12,13,6,7,11,8,15,13,17,19,30,42,80,89,118,172,254,241,289,320,351,333,354,373,354,338,318,295,319,291,250,262,270,260,238,285,279,284,275,290,241,248,280,257,281,267,269,263,295,282,261,298,329,261,326,307,307,285,303,335,345,303,323,293,266,249,255,234,177,194,184,177,153,144,168,156,122,166,144,127,108,100,117,71,77,76,18365
3685,WARRIGAL_RD N of HIGHBURY_RD,060 G07,-37.85467,145.09384,248,292,1,1,10/18/2006,74,49,33,31,30,24,33,22,17,20,32,26,15,10,16,25,16,12,25,33,34,37,74,88,98,170,257,260,284,302,368,346,349,317,354,351,304,287,244,301,263,282,241,262,262,258,281,275,260,291,230,236,261,253,267,296,283,263,292,256,285,280,308,305,204,263,315,321,330,313,358,322,305,263,264,257,147,241,205,180,194,158,134,144,159,159,149,160,162,143,115,108,85,41,48,56,18161
3685,WARRIGAL_RD N of HIGHBURY_RD,060 G07,-37.85467,145.09384,248,292,1,1,10/19/2006,48,46,38,27,24,18,22,22,13,15,19,21,12,17,15,20,24,13,25,21,32,44,87,86,111,175,236,251,243,292,256,347,353,361,354,338,308,287,331,274,272,271,290,321,310,299,255,256,265,280,283,251,285,294,304,249,273,250,289,244,290,292,293,265,350,317,310,340,361,318,362,346,361,301,302,249,197,272,209,198,182,163,164,144,186,162,173,129,130,135,117,103,91,69,72,66,18786
3685,WARRIGAL_RD N of HIGHBURY_RD,060 G07,-37.85467,145.09384,248,292,1,1,10/20/2006,60,46,33,27,37,30,33,18,26,26,17,14,21,20,28,21,21,13,20,40,23,52,72,110,98,186,214,217,254,185,295,377,323,360,311,342,309,276,315,299,264,267,275,282,249,270,292,319,341,272,272,261,271,291,274,313,297,283,281,292,310,274,271,328,322,378,347,345,332,357,327,377,296,373,271,290,297,273,243,236,179,189,175,162,152,168,121,158,130,175,135,115,124,135,124,81,19405
3685,WARRIGAL_RD N of HIGHBURY_RD,060 G07,-37.85467,145.09384,248,292,1,1,10/21/2006,99,84,53,59,48,44,44,43,28,27,28,19,20,14,9,27,26,14,16,27,27,33,47,53,58,69,95,113,111,106,141,196,213,259,265,287,284,309,298,302,311,326,296,331,285,365,353,304,314,316,363,355,343,313,323,338,324,318,307,308,315,269,298,275,288,249,274,245,239,267,279,263,267,245,226,239,214,200,222,165,190,163,145,135,139,121,118,145,137,103,123,164,156,135,165,131,17797
3685,WARRIGAL_RD N of HIGHBURY_RD,060 G07,-37.85467,145.09384,248,292,1,1,10/22/2006,129,129,91,84,77,76,47,40,50,41,43,35,31,26,31,27,25,19,10,17,18,18,21,30,40,45,79,70,57,69,70,70,93,127,123,180,180,182,267,268,265,257,280,290,297,278,332,306,283,345,309,297,301,318,335,352,300,299,301,314,293,330,300,270,303,244,268,289,301,284,250,234,232,227,217,206,155,152,167,147,147,133,113,134,137,121,125,123,118,100,92,84,66,70,67,41,15634
3685,WARRIGAL_RD N of HIGHBURY_RD,060 G07,-37.85467,145.09384,248,292,1,1,10/23/2006,36,37,35,16,21,22,12,13,11,9,11,13,14,17,7,14,13,19,19,14,21,55,58,82,98,154,216,232,249,293,339,359,356,361,317,302,293,286,305,284,244,256,259,248,245,269,264,267,277,253,247,242,253,268,262,250,260,265,237,256,286,253,289,292,273,330,295,281,311,333,345,295,316,300,239,209,219,199,166,150,176,128,132,145,144,149,129,148,126,110,83,78,76,49,44,48,17281
3685,WARRIGAL_RD N of HIGHBURY_RD,060 G07,-37.85467,145.09384,248,292,1,1,10/24/2006,36,27,27,19,17,25,10,18,13,14,16,5,9,10,11,6,18,18,19,16,30,43,69,76,101,175,229,228,280,308,309,390,317,374,355,349,337,280,310,316,264,320,271,242,242,272,288,234,241,279,277,267,253,255,268,293,268,281,262,257,281,283,301,284,350,303,324,301,324,325,324,315,327,272,256,239,223,243,188,165,165,192,138,156,154,163,172,161,127,158,117,109,73,63,75,56,18251
3685,WARRIGAL_RD N of HIGHBURY_RD,060 G07,-37.85467,145.09384,248,292,1,1,10/25/2006,48,49,35,34,24,11,28,24,15,24,18,7,16,7,10,17,11,16,27,23,32,50,80,87,96,182,140,129,197,338,255,381,313,356,332,322,281,302,239,273,291,262,262,274,251,304,252,261,257,267,266,262,273,257,275,276,288,275,260,287,306,259,322,299,335,335,281,336,314,348,333,339,315,294,238,249,152,211,180,185,174,129,138,153,153,153,152,132,125,135,114,101,71,85,70,42,17787
3685,WARRIGAL_RD N of HIGHBURY_RD,060 G07,-37.85467,145.09384,248,292,1,1,10/26/2006,39,46,42,32,19,17,24,18,6,14,9,15,7,11,15,22,13,8,19,22,35,51,77,72,110,198,220,246,275,333,342,363,337,383,350,332,288,308,308,268,271,272,289,265,258,256,312,272,276,299,251,278,260,299,266,292,279,269,255,283,278,245,333,307,334,335,289,323,319,378,371,392,325,340,285,276,219,221,205,211,178,183,181,158,146,160,198,178,147,126,123,81,79,89,60,41,18910
3685,WARRIGAL_RD N of HIGHBURY_RD,060 G07,-37.85467,145.09384,248,292,1,1,10/27/2006,37,37,25,24,34,18,28,23,10,18,16,9,17,13,21,15,15,21,13,33,26,53,63,90,114,179,121,184,284,328,311,397,366,340,332,338,277,330,294,297,278,256,321,310,279,298,299,282,288,244,194,264,228,312,294,262,251,282,277,308,299,335,320,318,291,330,316,321,308,397,337,357,324,357,283,325,284,253,245,235,207,159,156,137,146,162,152,145,144,132,162,126,144,112,128,87,19212
3685,WARRIGAL_RD N of HIGHBURY_RD,060 G07,-37.85467,145.09384,248,292,1,1,10/28/2006,78,87,60,65,47,42,40,30,44,40,28,24,23,26,16,24,39,16,36,35,36,38,64,54,47,79,94,81,103,108,151,183,200,236,248,290,271,278,305,307,335,333,322,348,332,328,361,345,328,370,364,341,351,336,301,342,327,346,333,319,327,310,322,280,309,297,302,276,301,233,290,266,266,241,259,262,264,236,228,222,192,165,153,148,154,120,147,145,141,101,144,124,154,136,143,132,18525
3685,WARRIGAL_RD N of HIGHBURY_RD,060 G07,-37.85467,145.09384,248,292,1,1,10/29/2006,101,124,125,86,52,58,46,0,0,0,0,43,50,47,47,38,29,28,32,26,36,46,19,28,45,51,53,59,54,63,74,90,73,84,114,129,137,190,212,268,213,236,257,278,288,280,295,281,315,334,307,357,304,353,312,302,307,316,308,295,332,314,271,296,300,299,284,266,264,268,269,265,248,239,244,208,200,157,190,134,133,125,145,161,150,138,142,112,111,113,98,77,90,63,56,56,15513
3685,WARRIGAL_RD N of HIGHBURY_RD,060 G07,-37.85467,145.09384,248,292,1,1,10/30/2006,66,55,30,28,17,20,16,19,13,13,15,9,6,14,13,14,16,19,20,20,31,36,70,80,72,133,232,203,253,253,321,330,378,308,360,336,324,296,296,289,260,262,236,234,265,246,253,255,274,247,290,289,273,276,275,287,271,289,259,258,289,265,291,264,260,296,309,279,301,339,335,356,314,270,254,228,207,210,176,147,178,146,134,146,145,123,112,131,121,106,77,75,72,52,56,46,17433
3685,WARRIGAL_RD N of HIGHBURY_RD,060 G07,-37.85467,145.09384,248,292,1,1,10/31/2006,39,30,25,27,17,22,18,22,17,13,10,11,9,13,13,12,24,12,16,14,28,45,65,77,102,151,220,207,221,306,325,297,288,376,370,268,365,284,331,295,270,272,275,245,255,285,272,275,236,267,262,289,290,291,254,267,247,265,272,279,274,281,333,312,350,317,327,305,337,330,356,342,284,260,255,254,257,239,183,178,171,167,167,150,191,167,138,129,149,126,102,95,93,72,65,45,18154
3685,WARRIGAL_RD S of HIGHBURY_RD,060 G07,-37.85513,145.09376,10504,292,5,1,10/1/2006,165,154,128,101,88,72,76,61,63,56,55,42,67,45,24,39,36,25,32,26,24,35,21,45,40,60,73,72,67,73,98,112,78,97,138,162,167,166,223,220,219,289,281,276,284,297,311,413,380,398,332,399,356,337,402,358,425,395,388,449,381,391,358,392,401,409,438,470,416,443,452,434,366,309,284,233,238,225,215,194,207,150,155,182,170,195,155,148,154,140,82,92,81,75,68,50,19468
3685,WARRIGAL_RD S of HIGHBURY_RD,060 G07,-37.85513,145.09376,10504,292,5,1,10/2/2006,48,33,41,30,24,15,17,16,8,16,25,10,5,13,16,8,12,13,9,30,23,37,36,71,93,171,197,221,261,362,392,432,483,452,478,407,341,360,373,355,316,340,316,318,299,315,355,358,329,338,331,345,321,370,357,348,353,349,416,411,413,391,465,483,465,542,561,495,571,568,527,580,547,550,417,361,342,293,321,295,235,203,227,203,209,193,151,171,169,145,121,90,111,85,70,54,24443
3685,WARRIGAL_RD S of HIGHBURY_RD,060 G07,-37.85513,145.09376,10504,292,5,1,10/3/2006,31,45,23,19,15,16,10,16,24,9,14,8,8,12,8,13,13,12,16,20,16,32,48,80,109,182,227,274,316,362,417,374,461,515,514,512,483,374,392,334,374,326,380,329,308,322,381,348,355,355,372,352,358,356,332,362,386,541,393,460,468,440,481,531,522,555,545,624,549,503,549,606,574,543,504,413,375,334,292,278,273,215,211,260,257,234,196,224,189,153,167,140,125,87,95,50,26306
3685,WARRIGAL_RD S of HIGHBURY_RD,060 G07,-37.85513,145.09376,10504,292,5,1,10/4/2006,50,61,49,27,28,28,24,8,16,13,16,4,4,5,14,15,13,13,24,18,13,29,59,77,108,153,262,263,299,379,380,493,450,453,489,449,411,420,358,421,336,356,348,372,367,359,373,358,404,372,351,358,361,345,372,363,359,382,414,377,459,433,494,520,461,534,559,570,530,554,549,580,565,536,468,408,375,372,305,220,247,254,229,214,206,226,234,187,207,179,125,134,133,123,78,73,26064
3685,WARRIGAL_RD S of HIGHBURY_RD,060 G07,-37.85513,145.09376,10504,292,5,1,10/5/2006,61,55,41,30,24,37,40,24,19,22,12,13,11,16,20,11,16,16,20,21,18,32,53,63,134,139,194,222,281,309,360,461,433,527,459,453,395,405,376,369,395,334,351,312,340,373,415,358,360,379,407,352,391,324,378,404,458,436,447,448,508,522,453,531,467,559,513,540,533,617,589,567,572,580,478,418,394,354,371,343,303,246,312,317,252,235,265,221,237,187,163,182,188,113,108,83,27175
3685,WARRIGAL_RD S of HIGHBURY_RD,060 G07,-37.85513,145.09376,10504,292,5,1,10/6/2006,63,70,52,34,29,18,32,20,17,16,16,19,4,21,7,15,25,14,24,29,26,29,40,85,114,160,218,271,307,325,399,430,479,485,519,455,367,342,445,387,375,331,327,380,360,355,345,413,328,359,415,382,406,379,437,357,428,421,451,438,478,515,518,463,491,590,576,545,559,528,576,544,571,527,572,457,393,366,387,327,255,259,234,275,291,376,275,223,191,195,154,188,188,157,155,156,27650
3685,WARRIGAL_RD S of HIGHBURY_RD,060 G07,-37.85513,145.09376,10504,292,5,1,10/7/2006,133,124,83,71,62,70,57,70,50,47,33,32,36,37,45,17,14,21,18,21,26,28,39,43,49,76,114,121,89,106,149,178,206,248,207,273,264,289,295,294,394,349,335,380,421,390,407,413,452,444,436,468,411,434,453,449,488,472,421,397,469,422,454,429,434,433,496,471,452,497,499,505,468,449,402,379,304,323,284,235,214,199,187,199,191,184,203,163,190,162,201,177,201,196,213,211,24045
3685,WARRIGAL_RD S of HIGHBURY_RD,060 G07,-37.85513,145.09376,10504,292,5,1,10/8/2006,168,188,150,104,109,100,100,86,62,59,59,56,50,48,32,43,35,35,29,36,16,26,33,46,33,50,82,70,54,77,110,97,104,144,115,167,173,194,246,247,248,313,273,313,276,296,347,350,434,426,415,386,406,439,470,374,475,412,439,411,385,419,393,451,417,455,448,456,509,451,487,406,389,388,321,281,233,255,210,203,177,175,173,211,182,173,135,119,121,119,116,103,97,65,60,38,20757
3685,WARRIGAL_RD S of HIGHBURY_RD,060 G07,-37.85513,145.09376,10504,292,5,1,10/9/2006,54,36,38,27,16,18,18,13,13,14,13,18,12,9,14,15,14,19,23,28,34,30,49,70,108,122,238,224,265,323,417,461,486,504,449,445,384,378,371,369,277,306,319,364,307,346,340,386,345,393,360,338,358,369,391,374,329,400,391,412,456,457,459,533,449,586,529,533,577,602,568,593,551,556,398,362,345,326,282,270,230,205,220,192,212,214,168,140,153,139,125,103,76,90,65,57,25065
3685,WARRIGAL_RD S of HIGHBURY_RD,060 G07,-37.85513,145.09376,10504,292,5,1,10/10/2006,48,44,25,24,19,24,35,18,18,11,3,10,18,2,12,25,8,23,21,20,20,48,47,71,101,156,241,271,256,382,371,387,504,515,491,472,441,393,367,369,353,325,383,378,363,350,362,345,334,342,397,368,358,400,378,378,363,418,426,423,477,523,524,514,486,566,550,570,548,557,508,636,565,543,505,397,355,345,305,275,258,217,243,226,252,241,271,223,234,175,189,176,124,90,116,83,26622
3685,WARRIGAL_RD S of HIGHBURY_RD,060 G07,-37.85513,145.09376,10504,292,5,1,10/11/2006,47,41,48,33,18,24,24,22,17,13,7,12,13,15,12,14,5,11,17,26,25,44,48,61,129,168,235,262,291,370,337,490,478,462,505,427,430,386,406,398,340,353,406,324,328,333,403,318,364,391,312,386,365,402,367,393,410,375,414,383,482,488,470,474,478,556,581,564,514,549,537,574,597,617,496,411,358,369,293,317,285,208,239,202,241,235,213,243,236,238,170,158,145,117,107,77,26577
3685,WARRIGAL_RD S of HIGHBURY_RD,060 G07,-37.85513,145.09376,10504,292,5,1,10/12/2006,47,45,43,31,22,26,25,22,23,19,12,24,10,17,12,19,15,18,31,19,16,38,64,65,121,162,253,223,294,401,380,465,444,542,476,477,394,376,414,429,346,354,359,348,257,317,393,380,348,378,375,422,369,387,355,437,444,407,436,475,472,521,487,531,436,505,561,557,593,551,558,575,560,514,458,408,390,388,388,353,281,290,316,295,252,235,303,259,236,171,175,153,143,115,112,85,27328
3685,WARRIGAL_RD S of HIGHBURY_RD,060 G07,-37.85513,145.09376,10504,292,5,1,10/13/2006,81,67,48,46,44,31,31,26,24,17,29,10,10,13,15,11,10,29,42,30,26,37,57,73,102,167,240,283,287,328,346,419,451,492,493,403,434,355,340,351,363,283,326,361,334,377,380,397,359,371,436,371,394,414,470,385,379,425,454,435,499,482,499,534,522,517,611,526,542,539,552,540,576,554,493,460,435,357,383,278,266,278,270,283,325,357,263,175,225,194,202,218,206,167,170,131,27641
3685,WARRIGAL_RD S of HIGHBURY_RD,060 G07,-37.85513,145.09376,10504,292,5,1,10/14/2006,111,120,101,62,80,78,46,66,48,56,43,28,32,34,44,14,20,25,28,27,22,25,39,42,49,90,102,120,111,127,184,208,198,222,257,276,309,273,295,378,368,353,390,347,398,390,437,424,453,441,401,465,382,445,410,499,443,437,411,407,413,403,435,403,483,459,480,459,489,496,495,544,465,425,397,378,381,270,275,255,207,175,223,168,199,213,207,193,206,169,191,198,218,198,198,192,24251
3685,WARRIGAL_RD S of HIGHBURY_RD,060 G07,-37.85513,145.09376,10504,292,5,1,10/15/2006,184,174,144,135,105,93,75,102,72,78,51,62,67,39,57,33,21,29,27,31,31,36,54,49,43,54,70,51,49,77,76,108,109,117,131,200,162,189,204,249,272,276,317,294,298,330,376,389,428,403,428,426,397,332,431,358,407,452,400,434,392,464,414,445,420,438,461,457,453,445,496,437,378,350,281,272,223,282,262,251,199,206,180,181,205,178,190,161,142,126,136,110,74,92,69,57,21013
3685,WARRIGAL_RD S of HIGHBURY_RD,060 G07,-37.85513,145.09376,10504,292,5,1,10/16/2006,34,45,33,34,19,18,17,17,13,13,21,16,7,10,12,8,10,28,21,22,40,34,54,64,116,164,247,247,283,380,344,416,442,489,452,460,351,426,382,359,340,292,330,329,299,380,317,314,314,346,359,375,349,362,370,393,365,431,389,399,448,485,475,473,528,519,590,523,494,509,539,583,543,502,428,385,373,308,295,284,229,229,215,182,229,224,167,164,173,149,116,108,122,104,71,55,25022
3685,WARRIGAL_RD S of HIGHBURY_RD,060 G07,-37.85513,145.09376,10504,292,5,1,10/17/2006,46,45,40,36,18,16,5,21,17,20,14,12,8,14,7,11,22,28,28,20,19,47,51,62,115,171,222,238,302,401,336,432,417,492,491,461,390,385,382,367,346,350,365,335,342,344,360,374,359,373,360,332,327,379,405,387,348,416,406,414,471,449,479,488,469,601,593,504,580,542,595,543,547,538,566,445,394,344,318,249,243,239,215,214,237,214,236,180,229,201,142,152,142,132,96,84,26202
3685,WARRIGAL_RD S of HIGHBURY_RD,060 G07,-37.85513,145.09376,10504,292,5,1,10/18/2006,67,40,50,42,30,29,9,21,12,15,13,10,20,9,14,7,10,21,24,22,19,34,52,80,117,174,252,235,327,353,366,467,497,484,472,432,370,446,388,415,331,356,313,329,309,343,358,347,388,372,357,348,406,372,407,360,364,365,430,454,456,499,506,483,555,528,571,536,545,558,548,543,629,561,542,428,430,373,304,258,249,261,214,251,280,209,241,231,202,203,152,143,110,115,79,75,26622
3685,WARRIGAL_RD S of HIGHBURY_RD,060 G07,-37.85513,145.09376,10504,292,5,1,10/19/2006,59,59,44,32,30,24,19,21,23,21,16,20,16,16,7,19,13,24,31,19,26,31,49,81,104,204,262,231,328,316,406,424,480,489,488,440,390,395,406,416,312,343,344,327,347,363,336,426,395,408,387,360,382,382,383,406,417,375,433,481,483,492,484,509,491,535,567,538,551,560,545,597,596,594,499,481,419,364,329,344,314,312,259,306,268,235,253,255,250,207,174,142,139,118,83,71,27450
3685,WARRIGAL_RD S of HIGHBURY_RD,060 G07,-37.85513,145.09376,10504,292,5,1,10/20/2006,59,63,62,44,42,28,34,27,26,30,30,18,18,16,12,13,19,19,22,22,37,32,42,68,103,158,264,261,290,349,400,393,538,494,487,387,370,410,330,349,354,317,368,350,310,370,396,395,399,386,406,398,362,427,391,413,395,370,463,444,458,552,470,475,515,541,480,544,527,464,559,550,618,499,473,470,407,401,379,315,317,248,245,264,326,391,334,240,220,223,185,179,198,186,164,138,27635
3685,WARRIGAL_RD S of HIGHBURY_RD,060 G07,-37.85513,145.09376,10504,292,5,1,10/21/2006,142,106,78,75,62,69,55,57,48,49,50,38,21,21,12,23,21,33,29,33,25,30,32,46,57,86,102,106,81,125,168,179,168,210,229,272,278,273,319,315,331,293,373,353,407,390,397,464,455,415,428,444,417,460,419,526,457,444,430,389,420,490,456,382,404,435,444,486,511,564,467,469,460,442,369,364,358,328,268,250,225,210,189,163,127,182,171,161,198,176,188,181,218,221,217,155,23764
3685,WARRIGAL_RD S of HIGHBURY_RD,060 G07,-37.85513,145.09376,10504,292,5,1,10/22/2006,178,152,129,140,108,119,77,60,64,50,59,52,40,42,47,35,37,38,34,26,29,36,47,31,42,43,82,70,64,65,101,120,105,153,137,197,170,186,231,271,267,296,308,310,319,323,345,365,415,394,457,471,388,433,380,400,373,396,413,426,432,379,383,421,424,446,481,486,501,530,515,457,436,358,335,305,237,262,259,225,201,196,162,175,198,149,176,137,143,131,110,110,85,88,41,54,21174
3812,CAMBERWELL_RD SE of TRAFALGAR_RD,059 K02,-37.83777,145.06115,14500,950,4,1,10/6/2006,36,17,11,14,14,12,4,9,11,3,7,7,18,9,12,18,16,7,13,21,21,17,50,50,77,82,135,182,210,208,222,359,471,338,440,336,247,207,173,162,218,234,216,164,193,128,163,124,208,126,167,289,212,116,187,214,185,146,191,133,212,161,145,315,309,180,197,206,232,172,172,225,163,279,210,173,205,140,200,217,137,85,73,86,93,62,49,59,56,64,47,81,55,41,52,43,13056
3812,CAMBERWELL_RD SE of TRAFALGAR_RD,059 K02,-37.83777,145.06115,14500,950,4,1,10/10/2006,11,16,8,21,7,4,3,5,3,4,5,3,4,1,6,13,5,8,16,6,21,27,32,78,78,80,134,168,235,190,363,351,519,399,444,330,356,234,188,187,206,160,192,127,185,126,180,129,181,132,115,191,180,133,146,250,176,171,162,306,185,163,294,223,169,247,200,154,127,193,195,160,150,247,299,168,136,148,214,92,91,76,89,107,61,72,61,73,49,30,82,42,28,66,27,8,12737
3812,CAMBERWELL_RD SE of TRAFALGAR_RD,059 K02,-37.83777,145.06115,14500,950,4,1,10/20/2006,27,37,17,21,11,11,17,10,3,5,24,11,6,14,10,9,12,10,16,12,35,27,44,58,113,135,107,147,307,294,253,341,338,334,332,326,201,377,274,171,149,155,170,134,186,246,180,130,129,160,117,124,139,124,146,170,124,189,152,165,221,167,212,300,306,152,166,114,227,159,146,151,240,305,421,361,271,243,127,144,90,73,75,66,75,64,62,55,137,53,56,53,52,40,32,30,13032
3812,CAMBERWELL_RD SE of TRAFALGAR_RD,059 K02,-37.83777,145.06115,14500,950,4,1,10/26/2006,19,26,27,23,16,6,3,7,4,2,4,7,3,4,4,5,5,5,9,12,29,31,49,48,103,124,110,174,251,226,333,291,513,353,352,437,220,212,256,164,158,156,297,168,137,250,228,149,189,210,172,248,179,138,134,248,191,124,184,134,160,176,189,160,201,194,186,164,200,173,246,171,233,309,200,133,134,102,143,106,74,88,89,73,70,76,60,99,133,45,43,41,63,23,19,23,12760
3812,CAMBERWELL_RD SE of TRAFALGAR_RD,059 K02,-37.83777,145.06115,14500,950,4,1,10/27/2006,23,23,17,21,15,13,7,9,6,6,2,6,8,6,18,9,12,9,9,19,19,22,43,57,103,56,138,148,200,328,335,323,373,363,366,339,483,208,168,174,224,135,151,244,192,127,161,143,158,117,225,303,196,169,183,123,160,135,152,167,142,196,164,226,177,168,295,279,124,191,173,143,219,278,310,180,139,173,256,99,122,76,84,61,74,62,56,56,97,66,43,46,81,43,34,32,12914
4030,BURKE_RD S of DONCASTER_RD,045 K02,-37.79561,145.06251,16625,373,5,1,10/2/2006,34,45,29,15,14,22,13,12,15,15,9,15,9,6,12,7,7,14,20,9,19,19,32,35,51,91,117,133,170,221,229,291,223,284,231,257,203,232,246,206,213,233,254,216,199,202,190,224,200,214,222,221,255,257,228,200,252,247,279,231,239,254,246,204,283,296,303,309,260,279,312,284,321,245,233,214,182,214,152,169,140,108,117,127,156,133,120,135,126,120,93,52,51,43,41,34,14744
4030,BURKE_RD S of DONCASTER_RD,045 K02,-37.79561,145.06251,16625,373,5,1,10/3/2006,45,23,23,15,7,11,14,6,11,7,11,8,8,6,7,6,17,10,15,14,25,29,36,38,52,112,142,140,162,213,261,258,275,260,269,210,233,224,297,264,189,274,285,218,250,215,237,226,211,225,210,237,213,214,231,194,185,260,309,225,255,255,259,249,281,294,286,293,290,306,252,317,280,286,302,250,257,261,232,199,193,158,193,162,147,165,154,206,155,157,112,101,80,80,71,46,15956
4030,BURKE_RD S of DONCASTER_RD,045 K02,-37.79561,145.06251,16625,373,5,1,10/4/2006,31,38,28,21,25,14,18,17,22,14,15,24,18,10,20,12,13,15,16,13,29,24,36,40,66,76,137,132,177,222,273,291,260,284,279,251,267,202,266,211,223,210,259,221,240,235,254,238,255,213,188,237,205,209,239,224,220,249,227,174,242,267,242,265,301,330,286,309,288,289,298,290,317,280,252,250,246,186,198,186,192,198,150,178,212,179,166,170,179,144,114,107,111,63,54,65,16031
4030,BURKE_RD S of DONCASTER_RD,045 K02,-37.79561,145.06251,16625,373,5,1,10/5/2006,51,35,29,29,27,21,22,8,16,17,12,17,26,17,27,7,10,12,21,19,20,31,34,45,68,85,160,156,135,222,229,266,349,233,285,273,271,233,224,217,227,226,213,223,249,202,242,231,201,256,226,260,225,244,299,224,242,307,258,241,248,235,308,249,309,310,313,287,293,232,301,285,307,277,284,232,280,249,192,218,175,170,155,160,205,185,177,136,145,126,115,117,120,89,84,60,16383
4030,BURKE_RD S of DONCASTER_RD,045 K02,-37.79561,145.06251,16625,373,5,1,10/6/2006,34,43,45,33,20,20,21,21,28,21,21,10,22,15,19,20,4,7,11,24,17,31,47,46,73,86,139,149,157,201,248,291,212,223,256,223,220,211,257,217,287,225,226,183,243,241,276,238,248,232,248,248,233,275,258,215,238,299,270,241,278,278,280,197,310,309,324,281,318,298,276,293,338,303,291,250,266,220,189,186,178,163,164,137,111,155,144,133,177,158,138,131,130,102,133,86,16392
4030,BURKE_RD S of DONCASTER_RD,045 K02,-37.79561,145.06251,16625,373,5,1,10/7/2006,105,94,84,82,61,54,52,40,61,40,24,29,18,32,29,15,29,16,21,17,25,24,45,34,66,62,118,76,72,91,99,125,107,105,166,143,182,202,208,238,190,255,244,247,289,275,306,248,367,332,344,342,379,321,358,296,289,324,265,313,289,339,321,389,325,347,348,296,293,393,347,342,330,327,279,269,231,229,237,149,180,177,135,172,140,166,156,141,125,161,122,183,174,161,189,166,17703
4030,BURKE_RD S of DONCASTER_RD,045 K02,-37.79561,145.06251,16625,373,5,1,10/8/2006,99,135,115,121,91,77,75,57,52,60,44,69,31,33,22,17,24,27,33,19,27,28,38,38,40,25,66,56,58,64,69,39,53,89,100,125,154,158,179,181,199,211,226,197,197,203,211,242,248,243,263,228,236,252,223,219,227,229,246,249,269,274,308,283,266,276,245,215,241,289,252,232,223,195,198,231,187,153,153,136,148,114,121,108,137,124,149,125,112,98,98,85,76,69,42,43,13612
4030,BURKE_RD S of DONCASTER_RD,045 K02,-37.79561,145.06251,16625,373,5,1,10/9/2006,34,31,28,21,30,22,13,9,9,7,16,8,4,12,12,13,6,13,16,16,20,35,30,53,64,115,123,150,156,237,239,272,250,268,262,251,220,190,263,217,207,227,226,221,192,235,248,216,279,243,268,229,239,209,241,198,227,278,259,258,221,248,260,207,301,279,285,290,270,265,259,266,296,284,252,239,220,223,169,172,157,160,143,130,155,154,128,143,110,95,103,86,59,36,62,39,15201
4030,BURKE_RD S of DONCASTER_RD,045 K02,-37.79561,145.06251,16625,373,5,1,10/10/2006,32,36,22,19,6,9,15,12,13,24,4,2,10,10,15,8,10,9,14,12,22,26,58,40,64,92,136,143,180,191,251,291,245,262,237,251,231,214,232,217,211,232,270,221,237,251,246,223,246,231,287,173,237,252,256,254,235,271,196,305,228,261,266,265,294,319,299,343,292,305,321,290,336,278,314,284,237,246,208,214,198,159,168,172,184,175,170,160,156,174,125,118,91,86,71,74,16380
4030,BURKE_RD S of DONCASTER_RD,045 K02,-37.79561,145.06251,16625,373,5,1,10/11/2006,51,51,57,23,31,23,27,21,16,14,11,14,9,11,12,18,17,25,13,12,21,33,49,48,82,94,160,150,190,188,242,291,243,251,265,251,248,234,267,217,201,273,231,229,213,275,270,238,218,225,279,217,231,260,280,284,280,246,251,249,247,232,278,250,276,309,312,330,289,308,283,306,295,289,303,250,280,228,217,184,204,202,183,171,207,186,177,180,212,165,163,135,86,85,69,73,16894
4030,BURKE_RD S of DONCASTER_RD,045 K02,-37.79561,145.06251,16625,373,5,1,10/12/2006,55,42,38,27,21,28,17,27,36,29,11,20,9,16,17,17,19,10,22,22,23,32,41,81,84,117,156,199,172,260,275,291,266,261,276,276,257,225,244,285,214,213,270,221,230,263,245,232,281,247,203,263,232,259,264,289,270,238,290,293,284,249,235,286,290,302,310,287,302,260,291,290,296,260,260,246,221,220,233,179,196,201,209,166,171,197,175,202,162,149,138,124,142,104,80,77,17115
4030,BURKE_RD S of DONCASTER_RD,045 K02,-37.79561,145.06251,16625,373,5,1,10/13/2006,66,53,47,52,42,47,17,17,31,34,21,33,20,28,21,22,8,16,9,26,17,27,58,57,84,132,138,156,177,208,251,260,247,238,292,251,245,228,248,217,260,287,261,281,231,257,292,252,272,243,267,249,274,266,277,224,269,256,272,266,241,245,293,281,316,293,286,293,299,301,304,302,301,302,276,238,214,211,204,220,211,163,167,130,142,179,185,169,128,131,164,147,133,131,87,110,17194
4030,BURKE_RD S of DONCASTER_RD,045 K02,-37.79561,145.06251,16625,373,5,1,10/14/2006,59,89,72,80,60,61,35,32,35,30,40,34,15,32,23,18,22,31,17,29,16,22,41,36,65,64,94,71,71,103,101,157,131,162,187,225,233,183,232,239,209,206,229,263,266,291,319,300,291,281,326,228,265,288,307,302,237,293,281,258,292,286,325,331,318,323,332,318,305,374,303,338,272,261,250,241,194,198,229,202,144,184,141,143,124,155,139,184,168,173,162,183,116,187,144,150,16876
4030,BURKE_RD S of DONCASTER_RD,045 K02,-37.79561,145.06251,16625,373,5,1,10/15/2006,160,179,118,108,101,84,88,61,65,37,55,34,53,42,35,48,42,37,30,32,33,37,45,34,48,39,61,47,48,42,61,39,93,103,113,143,130,146,184,165,182,189,189,248,228,224,235,223,258,291,260,232,224,299,222,258,244,227,212,254,257,242,236,280,266,306,313,307,289,289,275,296,301,218,258,239,170,180,159,136,182,120,172,148,173,162,173,133,131,107,94,102,64,57,39,54,14647
4030,BURKE_RD S of DONCASTER_RD,045 K02,-37.79561,145.06251,16625,373,5,1,10/16/2006,44,42,48,27,23,14,14,23,15,16,13,16,6,18,4,0,12,22,12,10,22,26,46,40,79,107,118,133,208,192,248,245,264,227,261,264,251,220,313,217,233,255,209,221,228,194,256,168,227,224,274,246,271,245,277,285,236,298,244,206,301,300,269,255,308,370,332,292,313,291,294,282,259,285,279,250,219,215,221,231,179,201,153,136,209,205,161,165,165,147,119,84,72,82,50,58,16409
4030,BURKE_RD S of DONCASTER_RD,045 K02,-37.79561,145.06251,16625,373,5,1,10/17/2006,57,37,39,34,29,14,17,7,16,7,23,9,14,12,10,12,12,16,18,27,25,31,63,56,74,100,181,146,185,212,254,252,266,269,278,269,250,251,260,217,213,241,228,233,226,228,238,238,221,221,259,243,238,249,237,242,214,231,236,199,226,212,264,295,316,284,292,273,283,277,256,290,268,292,292,285,224,234,208,230,156,160,149,151,178,171,170,176,171,155,126,158,132,95,77,71,16281
4030,BURKE_RD S of DONCASTER_RD,045 K02,-37.79561,145.06251,16625,373,5,1,10/18/2006,49,47,39,41,35,14,44,19,28,20,27,27,13,9,21,6,8,23,34,19,18,26,33,53,80,121,159,145,202,272,292,269,300,268,290,270,268,247,265,284,212,276,254,221,222,255,271,274,227,303,276,294,214,263,293,248,267,274,223,292,250,277,276,265,313,318,310,309,274,286,297,303,310,289,311,250,263,207,208,210,192,174,180,208,186,169,164,151,148,155,102,122,94,85,58,61,17319
4030,BURKE_RD S of DONCASTER_RD,045 K02,-37.79561,145.06251,16625,373,5,1,10/19/2006,63,61,35,27,28,28,20,33,22,14,16,17,13,19,11,4,17,14,18,32,41,32,33,62,63,136,118,165,189,208,249,257,258,273,265,284,213,209,261,217,214,282,209,231,232,203,184,230,250,208,246,237,228,232,267,234,285,237,254,244,274,256,252,290,260,316,273,282,248,309,302,313,279,263,291,250,217,238,195,167,192,210,173,187,211,164,203,140,217,137,136,158,131,86,58,54,16464
4030,BURKE_RD S of DONCASTER_RD,045 K02,-37.79561,145.06251,16625,373,5,1,10/20/2006,72,42,52,36,30,40,33,21,22,23,21,23,8,25,24,28,14,25,15,29,22,31,50,71,86,155,154,150,202,190,243,257,227,270,279,261,228,272,251,217,274,236,266,280,240,234,255,238,275,298,208,237,279,273,233,272,247,267,299,259,279,285,226,192,308,329,265,328,284,281,334,290,271,289,260,265,262,258,217,212,224,173,186,160,157,194,155,199,207,157,166,142,140,136,135,126,17461
4030,BURKE_RD S of DONCASTER_RD,045 K02,-37.79561,145.06251,16625,373,5,1,10/21/2006,122,109,127,84,50,70,50,45,32,28,42,29,12,38,21,29,19,25,35,30,18,24,56,43,55,57,94,78,67,93,82,136,153,147,142,202,231,198,227,220,275,265,257,290,221,265,301,248,297,279,329,315,368,340,311,320,283,276,275,328,368,324,292,318,337,291,286,253,311,346,360,278,279,246,312,279,204,216,174,177,161,184,158,146,155,161,152,149,145,164,147,152,214,168,190,137,17397
4030,BURKE_RD S of DONCASTER_RD,045 K02,-37.79561,145.06251,16625,373,5,1,10/22/2006,165,108,108,68,87,60,52,55,49,49,47,40,39,31,32,37,19,25,21,22,24,30,32,26,33,33,60,34,36,51,55,86,77,80,120,76,127,134,149,165,191,203,198,230,201,185,228,255,269,259,249,288,278,252,283,227,241,220,207,282,213,234,251,253,314,220,289,291,221,248,250,279,282,247,238,208,217,165,151,136,143,151,111,138,137,132,133,101,138,107,83,102,73,76,56,55,13731
4030,BURKE_RD S of DONCASTER_RD,045 K02,-37.79561,145.06251,16625,373,5,1,10/23/2006,40,48,48,42,21,13,22,4,18,11,12,13,10,14,10,15,14,10,20,26,22,27,64,62,79,119,127,149,179,202,237,291,250,246,251,249,194,255,245,217,268,283,228,216,232,231,215,223,223,219,260,237,248,205,263,293,263,234,243,284,275,277,300,349,306,293,313,328,271,302,348,290,311,271,243,232,242,216,245,187,152,178,156,200,177,179,137,147,158,110,114,107,71,68,56,51,16404
4030,BURKE_RD S of DONCASTER_RD,045 K02,-37.79561,145.06251,16625,373,5,1,10/24/2006,63,45,33,42,7,17,12,26,17,14,5,7,7,5,8,11,12,15,25,31,21,31,51,55,73,106,144,145,161,168,245,279,239,295,247,307,261,275,239,273,280,218,249,267,210,236,232,236,246,295,255,250,231,261,233,212,226,259,233,247,226,236,260,290,324,311,246,293,298,268,244,288,295,270,291,224,241,234,237,214,168,182,206,179,174,188,172,154,135,140,102,121,97,84,69,58,16412
4030,BURKE_RD S of DONCASTER_RD,045 K02,-37.79561,145.06251,16625,373,5,1,10/25/2006,46,48,42,30,25,37,23,17,13,14,19,22,18,13,9,16,21,21,20,28,22,19,51,57,57,102,143,181,143,202,239,263,235,227,244,259,255,230,243,247,238,238,225,221,247,202,242,228,214,221,213,223,217,255,253,208,270,254,207,241,267,290,229,285,252,307,312,291,298,311,303,298,283,293,314,269,244,227,193,186,183,188,159,161,162,178,168,173,144,117,109,112,89,77,81,46,16117
4030,BURKE_RD S of DONCASTER_RD,045 K02,-37.79561,145.06251,16625,373,5,1,10/26/2006,44,45,56,12,39,29,21,16,26,44,17,17,26,17,15,12,31,9,20,30,18,23,50,53,63,132,176,168,199,219,273,300,277,253,300,288,238,203,231,270,235,231,277,221,188,235,244,201,223,206,282,240,259,258,221,251,272,232,251,255,293,269,312,293,310,268,269,254,311,309,304,262,269,316,233,254,211,265,254,192,193,180,199,220,182,201,207,140,187,146,139,122,98,99,99,64,16966
4030,BURKE_RD S of DONCASTER_RD,045 K02,-37.79561,145.06251,16625,373,5,1,10/27/2006,58,62,49,64,40,27,16,15,16,19,19,10,33,28,19,19,24,17,16,29,27,29,51,70,79,137,138,150,171,212,240,282,252,273,266,288,236,210,264,213,249,221,180,228,248,205,251,233,204,219,292,255,266,225,259,250,244,242,242,244,303,254,282,218,337,301,356,343,285,319,336,230,360,297,290,271,244,216,225,250,177,222,160,162,150,216,196,162,149,158,113,150,177,145,114,89,17182
4030,BURKE_RD S of DONCASTER_RD,045 K02,-37.79561,145.06251,16625,373,5,1,10/28/2006,97,123,73,83,48,55,49,47,57,40,48,30,28,35,36,21,28,28,15,30,25,30,33,59,48,64,96,88,68,93,94,114,96,178,184,163,185,192,182,259,243,219,284,285,289,274,246,294,306,345,326,321,326,293,316,324,303,346,248,275,336,319,301,302,327,312,281,300,282,332,312,251,283,226,228,207,197,180,196,158,169,159,120,135,116,130,130,128,163,136,152,137,195,157,130,145,16717
4030,BURKE_RD S of DONCASTER_RD,045 K02,-37.79561,145.06251,16625,373,5,1,10/29/2006,128,178,106,112,64,66,57,57,52,49,47,61,46,38,47,41,31,41,29,22,41,35,32,37,25,40,46,50,53,50,52,75,71,84,105,103,97,104,137,174,138,162,159,170,180,249,178,188,227,255,238,259,261,241,237,214,230,242,241,289,271,238,257,299,266,271,299,250,312,306,279,296,252,264,205,224,190,172,150,159,157,144,127,105,145,142,107,127,109,97,93,108,85,74,62,33,13716
4030,BURKE_RD S of DONCASTER_RD,045 K02,-37.79561,145.06251,16625,373,5,1,10/30/2006,54,43,33,34,15,29,26,15,21,14,9,16,5,9,12,7,12,18,25,23,25,29,46,30,64,100,134,146,179,174,200,243,242,269,237,256,264,238,210,183,247,213,323,267,226,225,234,238,204,254,254,188,248,206,293,303,333,294,231,324,241,294,288,265,302,291,324,308,343,343,250,327,340,336,318,257,278,243,167,196,170,155,149,193,129,142,126,185,161,120,118,91,84,70,56,51,16505
4030,BURKE_RD S of DONCASTER_RD,045 K02,-37.79561,145.06251,16625,373,5,1,10/31/2006,41,53,19,23,19,13,19,7,15,15,17,12,21,7,5,10,6,16,19,21,18,23,40,32,64,113,142,153,190,195,270,248,232,237,271,232,188,220,219,268,287,227,190,248,226,258,293,263,212,228,261,204,245,269,259,275,206,264,262,268,240,236,292,305,293,306,291,294,331,301,296,290,309,326,291,301,227,268,210,237,193,215,205,197,194,186,164,193,169,105,154,126,87,86,69,68,16713
4032,BURKE_RD N of HARP_RD,045 K04,-37.80202,145.06127,6375,374,1,1,10/2/2006,21,24,15,15,8,15,9,14,12,5,10,8,4,15,7,4,10,10,11,24,17,33,33,49,85,113,216,220,231,303,327,313,302,305,302,300,292,249,229,209,169,205,178,161,179,187,162,171,165,204,160,183,169,170,157,169,179,160,172,202,219,226,183,203,164,202,183,197,192,220,210,229,206,193,185,177,150,167,122,95,105,88,94,88,82,69,87,72,90,65,52,29,38,36,26,23,12638
4032,BURKE_RD N of HARP_RD,045 K04,-37.80202,145.06127,6375,374,1,1,10/3/2006,22,22,12,8,9,10,11,4,3,6,8,9,6,9,9,6,4,13,15,30,21,30,48,71,98,141,214,276,255,324,331,314,306,323,315,280,252,290,253,227,208,201,222,144,183,197,163,189,207,229,187,172,201,160,158,150,181,201,162,194,214,229,237,190,204,240,221,200,207,222,209,246,243,229,204,161,160,159,168,143,120,101,89,91,101,73,98,97,82,85,77,62,56,42,34,33,13621
4032,BURKE_RD N of HARP_RD,045 K04,-37.80202,145.06127,6375,374,1,1,10/4/2006,28,28,22,15,13,6,11,7,3,4,3,9,9,14,7,7,4,10,17,26,18,30,59,64,116,141,227,267,297,288,331,313,317,295,288,240,298,270,244,230,201,219,224,152,178,176,157,163,206,181,198,166,185,192,157,174,182,182,163,196,211,221,176,194,199,212,170,206,195,231,224,227,235,227,212,161,196,185,153,142,100,116,90,116,97,87,104,99,96,69,75,61,52,46,22,47,13482
4032,BURKE_RD N of HARP_RD,045 K04,-37.80202,145.06127,6375,374,1,1,10/5/2006,29,23,20,12,11,21,6,7,2,3,1,15,5,11,2,11,5,9,24,22,22,33,48,81,107,142,172,227,277,308,344,328,336,310,282,275,315,286,229,197,199,245,213,152,183,200,222,191,215,213,195,172,176,191,190,171,186,200,199,196,200,230,190,184,202,217,202,196,222,213,231,205,194,252,207,180,212,160,145,134,111,87,116,109,118,76,105,113,89,90,76,56,57,38,34,39,13757
4032,BURKE_RD N of HARP_RD,045 K04,-37.80202,145.06127,6375,374,1,1,10/6/2006,40,31,17,15,24,12,10,16,8,7,8,16,7,11,10,8,8,5,14,33,26,28,43,75,105,157,229,217,260,291,362,313,285,339,285,286,245,266,217,197,193,209,246,152,185,228,213,191,215,201,220,210,180,168,215,171,176,195,200,196,200,206,225,203,228,167,211,211,223,202,200,224,217,205,215,165,189,225,174,145,125,122,108,114,76,93,85,101,75,93,97,85,61,74,59,76,13969
4032,BURKE_RD N of HARP_RD,045 K04,-37.80202,145.06127,6375,374,1,1,10/9/2006,20,17,11,10,11,7,6,4,5,4,7,3,11,11,7,4,9,7,17,28,15,44,61,54,93,148,176,272,253,336,330,334,308,271,260,287,246,220,224,185,214,180,178,152,174,188,178,167,156,180,157,161,169,190,165,150,179,178,210,194,214,205,194,203,197,183,149,211,188,202,232,225,186,206,195,200,165,168,126,145,89,102,73,92,91,79,94,64,92,68,62,39,41,30,34,25,12705
4032,BURKE_RD N of HARP_RD,045 K04,-37.80202,145.06127,6375,374,1,1,10/10/2006,16,20,10,11,7,7,7,8,10,5,6,8,6,5,9,7,4,14,22,33,25,30,53,70,104,116,206,289,251,300,330,313,312,305,232,286,272,287,266,197,195,210,232,190,207,173,179,187,178,162,185,184,176,202,191,174,168,179,188,193,218,231,193,203,210,192,210,200,200,229,224,227,203,194,196,201,197,168,133,145,110,105,107,98,84,112,88,99,81,84,67,53,49,39,39,34,13435
4032,BURKE_RD N of HARP_RD,045 K04,-37.80202,145.06127,6375,374,1,1,10/11/2006,26,24,12,14,19,4,14,7,4,6,5,8,8,9,11,3,6,11,12,35,23,26,50,59,98,132,198,230,282,280,286,313,320,293,250,230,255,262,274,234,215,197,195,152,206,151,165,191,183,207,166,163,167,194,169,174,197,166,160,210,176,222,196,179,180,187,205,199,190,250,193,219,209,167,184,125,208,192,128,134,137,93,112,117,96,107,80,122,91,61,74,62,55,42,32,25,13010
4032,BURKE_RD N of HARP_RD,045 K04,-37.80202,145.06127,6375,374,1,1,10/12/2006,28,24,28,21,12,16,14,10,5,4,7,6,6,6,8,8,6,12,16,35,23,34,51,68,120,150,208,232,268,271,282,313,317,262,254,273,286,279,257,234,227,214,207,173,157,180,207,181,196,177,194,180,176,173,181,188,166,190,161,224,226,219,190,193,203,225,194,198,214,222,235,227,232,223,165,171,178,168,134,132,99,108,105,103,107,126,102,99,105,72,81,59,47,52,39,31,13490
4032,BURKE_RD N of HARP_RD,045 K04,-37.80202,145.06127,6375,374,1,1,10/13/2006,38,27,17,18,12,13,15,10,7,5,4,14,7,8,13,9,6,5,20,28,17,32,43,62,104,135,215,238,233,256,320,319,307,278,310,286,278,279,205,197,198,209,213,199,172,176,215,211,166,212,182,182,176,179,193,182,209,183,187,203,188,224,229,240,224,193,165,200,210,218,224,198,187,204,218,199,202,163,165,169,149,115,106,98,87,102,89,83,78,84,93,70,81,73,55,62,13682
4032,BURKE_RD N of HARP_RD,045 K04,-37.80202,145.06127,6375,374,1,1,10/14/2006,65,53,36,36,24,29,23,17,18,22,12,14,7,13,18,15,12,16,16,14,18,21,29,35,39,63,81,91,64,79,103,145,125,145,218,219,208,210,241,218,208,221,252,200,219,249,215,174,231,218,210,212,238,235,208,220,191,215,173,223,206,207,205,213,178,216,188,216,226,213,225,238,210,258,190,241,204,205,132,128,135,128,96,118,102,98,74,84,90,73,93,87,89,88,82,91,12751
4032,BURKE_RD N of HARP_RD,045 K04,-37.80202,145.06127,6375,374,1,1,10/16/2006,31,24,21,17,7,9,11,7,4,7,5,5,5,8,8,3,8,11,13,27,18,25,57,47,84,154,214,247,263,321,343,298,338,297,269,283,291,241,243,197,174,171,172,152,192,156,161,191,172,187,179,185,201,167,204,154,160,170,184,196,182,226,186,199,212,211,188,159,162,212,183,239,204,210,196,161,161,126,128,91,92,102,91,89,78,73,80,92,90,60,51,51,43,39,24,26,12706
4032,BURKE_RD N of HARP_RD,045 K04,-37.80202,145.06127,6375,374,1,1,10/17/2006,18,20,9,4,6,7,12,1,5,4,1,6,15,5,5,10,9,7,18,29,20,25,50,71,80,136,234,283,268,288,317,343,315,297,258,268,310,287,271,197,236,219,189,198,180,182,195,191,165,189,185,176,192,187,197,146,163,182,177,196,219,204,187,213,207,182,218,200,172,228,209,227,213,193,183,182,179,170,136,139,103,97,117,105,106,103,104,89,97,70,83,66,57,44,31,33,13420
4032,BURKE_RD N of HARP_RD,045 K04,-37.80202,145.06127,6375,374,1,1,10/18/2006,34,22,14,17,11,13,11,15,5,5,6,12,6,6,7,3,9,17,19,24,26,23,52,64,83,131,230,271,261,308,323,309,334,291,250,286,274,231,229,197,204,215,206,152,208,193,170,195,190,203,175,188,196,191,176,173,189,176,197,192,202,213,186,216,198,196,180,197,193,237,238,237,222,192,201,161,189,197,128,163,112,97,80,113,96,80,93,98,103,67,57,55,73,50,68,51,13457
4032,BURKE_RD N of HARP_RD,045 K04,-37.80202,145.06127,6375,374,1,1,10/19/2006,42,23,17,15,10,12,14,9,6,3,7,6,8,4,11,11,14,4,18,27,17,40,50,65,96,137,222,243,268,318,327,317,309,320,276,286,268,262,229,197,226,214,195,208,193,209,215,204,194,202,198,182,185,221,196,177,197,190,201,198,215,232,205,224,227,223,188,230,177,219,198,214,213,190,198,146,210,196,156,147,120,111,99,111,102,107,90,94,94,84,62,71,69,57,50,48,13890
4032,BURKE_RD N of HARP_RD,045 K04,-37.80202,145.06127,6375,374,1,1,10/20/2006,26,35,18,24,19,9,14,13,11,6,12,14,14,12,8,9,7,11,20,31,24,24,52,69,106,149,238,257,268,282,302,313,340,248,234,238,282,262,222,197,178,229,214,177,184,187,205,193,203,166,191,194,201,212,204,196,177,174,154,206,197,238,193,221,199,193,200,204,197,236,209,217,187,200,227,224,226,171,167,169,126,120,110,131,95,98,84,111,83,117,74,90,55,65,65,68,13832
4032,BURKE_RD N of HARP_RD,045 K04,-37.80202,145.06127,6375,374,1,1,10/21/2006,56,51,44,35,41,19,16,20,19,9,10,14,10,16,12,13,12,13,10,16,17,19,20,34,49,71,93,85,70,89,110,158,129,162,221,218,219,223,221,236,225,214,219,211,225,199,224,174,217,210,215,210,220,226,216,223,202,219,220,198,185,173,211,199,184,193,214,177,167,203,192,208,229,208,190,194,176,184,143,140,117,108,96,79,93,113,123,93,83,79,89,91,78,88,75,74,12396
4032,BURKE_RD N of HARP_RD,045 K04,-37.80202,145.06127,6375,374,1,1,10/24/2006,25,20,17,11,7,8,8,7,3,4,6,6,11,8,9,10,7,8,13,27,27,33,51,57,102,141,224,218,283,245,262,310,279,293,245,244,241,262,265,235,193,181,216,209,180,161,159,170,154,178,165,153,189,199,164,164,170,152,162,171,164,181,173,163,174,207,167,200,204,188,207,161,185,179,198,155,172,158,134,156,99,106,90,110,102,97,85,111,82,64,76,60,51,47,41,29,12498
4032,BURKE_RD N of HARP_RD,045 K04,-37.80202,145.06127,6375,374,1,1,10/25/2006,25,33,17,19,13,9,12,9,6,5,8,12,5,5,10,4,6,13,17,31,19,24,52,65,87,131,168,213,261,300,335,349,278,288,263,264,296,243,236,198,209,227,195,152,146,172,152,176,168,192,191,174,129,170,180,198,177,168,181,196,223,176,163,221,158,198,166,169,185,217,184,187,207,207,205,178,199,163,118,145,108,90,103,107,99,91,75,109,101,71,56,72,55,43,31,24,12786
4032,BURKE_RD N of HARP_RD,045 K04,-37.80202,145.06127,6375,374,1,1,10/26/2006,30,23,20,14,7,11,13,7,7,8,7,12,9,11,9,5,8,13,16,35,22,36,56,62,93,143,219,245,221,261,297,308,309,308,244,301,250,251,266,241,167,208,209,152,187,193,202,218,181,199,165,201,191,198,196,187,162,179,172,218,181,227,168,176,173,163,140,171,204,191,201,179,168,228,207,161,179,148,146,136,127,107,124,95,101,106,94,120,93,80,90,52,53,53,43,40,13108
4032,BURKE_RD N of HARP_RD,045 K04,-37.80202,145.06127,6375,374,1,1,10/27/2006,20,24,22,15,18,8,16,7,8,8,10,10,15,9,12,9,5,6,14,29,28,24,47,74,97,157,201,256,273,310,341,305,297,275,254,242,271,245,236,197,185,231,202,202,169,191,164,196,200,192,219,147,222,202,170,169,161,190,181,203,210,238,190,191,166,203,204,195,217,198,182,227,189,217,207,222,162,167,140,143,109,99,103,126,105,88,90,69,100,86,81,82,67,71,64,55,13454
4032,BURKE_RD N of HARP_RD,045 K04,-37.80202,145.06127,6375,374,1,1,10/30/2006,24,23,25,9,13,9,16,5,8,9,6,10,7,4,5,5,2,8,17,27,25,20,38,53,75,144,177,250,261,321,286,307,262,308,252,254,257,220,192,214,202,210,201,205,184,172,183,191,150,191,153,155,190,183,180,183,161,186,184,203,215,186,191,203,185,179,228,164,216,239,169,242,201,207,178,186,167,141,112,135,86,93,88,106,81,90,81,72,74,69,64,40,41,43,28,24,12639
4032,BURKE_RD N of HARP_RD,045 K04,-37.80202,145.06127,6375,374,1,1,10/31/2006,31,24,17,10,18,17,10,11,3,7,8,8,5,11,3,10,10,3,17,19,20,29,31,68,91,137,227,249,290,296,343,299,264,301,236,228,244,230,223,211,211,186,164,193,160,173,158,149,174,180,175,194,165,170,172,146,167,185,149,211,193,181,193,180,171,169,185,171,191,225,209,227,233,159,217,212,183,171,152,123,122,121,106,88,88,102,92,94,82,81,81,72,44,39,39,33,12770
4032,BURKE_RD S of HARP_RD,045 K04,-37.80256,145.06117,16624,374,5,1,10/2/2006,30,45,22,20,10,17,14,9,10,12,9,12,8,6,8,7,3,9,13,17,24,17,27,37,56,82,101,135,123,201,232,198,210,305,244,195,179,204,187,188,190,200,187,170,192,183,192,200,196,212,196,202,185,242,220,207,197,229,222,247,222,244,237,204,333,302,328,332,296,360,327,356,332,302,282,204,185,182,158,146,127,105,113,122,139,122,107,133,99,100,95,63,53,43,39,29,14116
4032,BURKE_RD S of HARP_RD,045 K04,-37.80256,145.06117,16624,374,5,1,10/3/2006,36,20,18,7,9,13,11,7,12,4,6,11,5,4,5,7,8,11,10,17,27,23,40,42,58,85,143,155,171,195,233,228,231,269,223,249,172,224,205,199,174,236,238,181,212,218,196,200,217,206,201,178,214,205,232,185,203,246,236,233,251,250,253,319,309,341,342,313,339,350,371,313,327,337,278,254,250,225,204,151,155,139,153,131,120,141,123,162,125,131,119,94,74,75,66,44,15233
4032,BURKE_RD S of HARP_RD,045 K04,-37.80256,145.06117,16624,374,5,1,10/4/2006,33,32,29,22,18,12,12,11,20,8,9,13,9,8,14,9,6,8,12,9,12,28,39,58,55,99,140,143,182,228,206,213,236,258,229,225,214,206,233,186,218,181,239,181,195,194,204,206,228,193,220,206,200,206,248,214,207,217,222,236,217,281,275,302,302,331,298,311,354,340,336,327,297,309,279,256,252,206,201,178,169,154,151,139,138,155,133,139,135,136,106,98,82,62,62,48,15258
4032,BURKE_RD S of HARP_RD,045 K04,-37.80256,145.06117,16624,374,5,1,10/5/2006,45,36,22,23,19,20,13,18,11,7,12,12,12,18,13,6,8,10,14,13,21,36,35,45,62,73,125,138,125,180,220,254,277,243,300,257,205,221,209,209,225,206,190,176,214,171,208,213,252,183,238,208,220,220,245,214,215,237,240,239,250,285,215,332,294,304,323,318,305,331,308,360,327,328,270,266,286,228,174,197,166,137,136,136,173,159,179,116,141,96,108,98,87,76,76,54,15520
4032,BURKE_RD S of HARP_RD,045 K04,-37.80256,145.06117,16624,374,5,1,10/6/2006,39,34,40,19,18,17,22,12,24,19,16,6,12,11,6,8,7,6,12,23,22,33,42,43,63,85,118,140,153,179,186,213,215,265,259,225,194,226,197,209,198,177,194,185,211,236,209,176,219,221,232,217,216,250,257,248,224,270,219,239,211,283,299,299,341,342,317,306,318,322,324,343,351,322,312,194,278,244,167,178,158,138,152,147,129,136,125,138,136,159,150,132,145,113,117,102,15744
4032,BURKE_RD S of HARP_RD,045 K04,-37.80256,145.06117,16624,374,5,1,10/7/2006,74,77,68,63,53,46,37,30,44,21,20,19,14,30,19,12,21,16,17,17,16,23,40,29,43,56,96,74,73,80,85,95,107,133,168,166,193,189,200,195,217,211,199,243,265,243,256,185,249,278,289,249,301,269,275,223,226,225,244,265,252,289,266,285,278,267,262,269,249,322,293,306,266,213,200,242,190,174,158,148,127,116,112,118,105,126,117,118,116,106,120,136,134,129,151,132,14563
4032,BURKE_RD S of HARP_RD,045 K04,-37.80256,145.06117,16624,374,5,1,10/9/2006,23,30,23,17,26,6,7,10,9,6,12,8,6,6,6,8,7,11,10,10,23,37,33,42,58,99,109,138,152,198,215,227,225,259,259,208,186,197,200,209,229,196,221,185,173,212,223,188,219,191,197,211,195,218,219,169,222,242,236,227,236,269,269,299,299,325,319,322,310,330,363,355,356,335,282,254,220,195,168,178,161,138,118,106,139,139,133,111,91,91,82,72,63,59,51,31,14757
4032,BURKE_RD S of HARP_RD,045 K04,-37.80256,145.06117,16624,374,5,1,10/10/2006,31,27,18,15,8,11,14,9,9,17,5,2,6,4,11,5,4,9,14,16,24,27,52,41,74,85,134,139,160,205,213,213,235,299,259,225,204,189,224,209,205,205,214,178,212,186,227,192,242,183,228,212,224,212,234,216,185,235,228,222,219,279,268,299,311,283,317,256,315,329,341,326,338,302,338,282,225,223,205,178,138,132,140,149,152,152,138,131,145,141,97,86,79,68,58,49,15175
4032,BURKE_RD S of HARP_RD,045 K04,-37.80256,145.06117,16624,374,5,1,10/11/2006,48,27,32,18,19,14,15,14,10,14,7,9,6,9,8,8,9,14,11,14,20,30,40,40,72,87,132,134,169,203,224,213,211,258,273,225,194,192,227,231,195,227,222,169,219,207,197,194,202,203,215,238,204,222,221,237,200,214,230,236,238,259,301,303,290,315,300,333,294,358,302,354,322,319,340,248,225,221,177,165,140,158,156,129,148,139,142,156,141,147,131,131,77,64,56,58,15370
4032,BURKE_RD S of HARP_RD,045 K04,-37.80256,145.06117,16624,374,5,1,10/12/2006,42,36,30,17,21,14,16,22,12,9,7,6,8,9,9,7,12,10,8,22,26,23,35,55,65,92,116,159,137,199,187,220,224,227,269,264,215,189,212,211,219,213,215,163,209,235,228,218,226,211,199,237,215,219,237,229,227,259,245,246,241,253,252,315,287,329,336,304,291,367,370,326,322,306,255,248,216,204,193,178,162,189,188,167,140,164,151,138,118,129,119,122,97,79,53,53,15554
4032,BURKE_RD S of HARP_RD,045 K04,-37.80256,145.06117,16624,374,5,1,10/13/2006,42,43,31,32,22,27,14,8,20,18,10,15,15,14,16,12,5,12,5,17,23,32,35,57,76,103,122,133,148,167,192,213,213,248,269,219,221,203,209,193,195,210,214,218,190,222,207,206,247,219,233,230,222,241,224,172,211,252,220,240,223,262,259,298,305,324,290,322,299,340,365,302,325,335,290,263,219,203,195,192,161,157,131,122,138,140,150,146,111,124,131,147,122,119,102,82,15521
4032,BURKE_RD S of HARP_RD,045 K04,-37.80256,145.06117,16624,374,5,1,10/14/2006,64,94,60,60,46,53,29,32,21,27,25,24,20,20,19,15,16,19,17,16,16,16,50,37,45,51,69,56,66,86,78,117,133,160,158,181,175,174,196,202,185,219,206,225,237,221,271,247,249,262,284,248,257,305,227,252,259,258,268,244,291,285,258,270,269,267,255,251,279,284,324,265,284,264,237,220,233,196,172,150,148,146,128,123,117,120,118,156,140,138,137,161,112,140,127,123,14855
4032,BURKE_RD S of HARP_RD,045 K04,-37.80256,145.06117,16624,374,5,1,10/16/2006,40,33,22,26,15,11,7,15,13,12,6,11,10,9,7,2,10,12,6,11,17,30,44,46,76,81,102,121,183,185,223,189,218,246,248,221,218,223,208,209,189,217,193,185,197,184,172,213,234,222,229,205,226,202,227,209,178,211,217,239,222,265,291,295,327,343,318,298,285,362,335,349,311,323,266,248,212,191,156,184,173,153,118,108,151,152,108,119,116,119,80,69,65,65,37,36,14765
4032,BURKE_RD S of HARP_RD,045 K04,-37.80256,145.06117,16624,374,5,1,10/17/2006,40,29,25,14,21,9,11,11,7,6,12,6,4,5,4,11,12,7,7,22,15,29,49,50,71,83,128,127,170,190,212,221,203,241,285,220,192,212,213,209,209,236,218,207,205,192,211,213,197,208,220,238,215,215,231,197,190,233,233,239,251,248,271,331,314,321,319,329,297,358,315,299,306,346,332,276,247,213,197,194,159,137,121,159,163,141,159,153,152,121,111,133,122,78,61,56,15480
4032,BURKE_RD S of HARP_RD,045 K04,-37.80256,145.06117,16624,374,5,1,10/18/2006,55,37,27,30,29,15,21,11,20,12,18,17,8,8,14,8,5,12,19,12,24,21,21,57,78,103,121,116,188,212,213,214,220,257,248,225,231,193,214,209,194,208,195,185,206,208,251,240,219,217,210,236,207,220,225,214,215,243,213,237,229,265,264,284,347,325,304,323,345,318,337,353,315,356,290,248,235,220,213,205,158,153,161,151,174,155,158,122,140,129,99,99,101,82,70,51,15665
4032,BURKE_RD S of HARP_RD,045 K04,-37.80256,145.06117,16624,374,5,1,10/19/2006,55,40,29,19,22,21,18,14,13,10,18,9,9,13,11,7,9,13,9,20,35,24,33,49,63,109,103,139,144,188,213,241,214,258,245,240,206,173,219,209,196,236,199,214,205,200,209,232,234,216,218,206,206,222,235,201,241,224,223,239,265,252,259,302,310,304,301,327,304,329,365,322,351,319,290,213,249,253,196,161,179,192,165,134,162,154,156,122,158,136,119,143,93,73,57,46,15581
4032,BURKE_RD S of HARP_RD,045 K04,-37.80256,145.06117,16624,374,5,1,10/20/2006,52,46,33,30,22,29,20,10,14,14,15,14,10,10,14,17,10,12,11,15,18,22,41,64,70,110,116,131,160,164,242,185,247,248,266,236,208,216,194,209,176,211,175,223,193,206,225,212,220,230,223,208,233,249,264,238,223,216,274,247,271,270,245,256,359,349,289,316,322,308,360,326,275,289,274,260,220,220,194,171,180,132,118,141,133,131,137,148,159,127,138,122,133,106,123,105,15698
4032,BURKE_RD S of HARP_RD,045 K04,-37.80256,145.06117,16624,374,5,1,10/21/2006,99,92,83,60,41,46,28,20,23,20,32,23,13,23,16,19,12,11,23,18,13,23,40,43,44,48,66,55,65,68,68,104,129,106,153,185,157,180,207,203,223,197,223,248,230,222,265,185,260,260,309,265,268,258,247,268,256,228,265,247,259,283,266,260,226,216,231,238,266,295,264,251,286,268,249,201,169,187,156,147,121,127,134,126,130,117,105,113,114,114,132,136,160,113,161,108,14312
4032,BURKE_RD S of HARP_RD,045 K04,-37.80256,145.06117,16624,374,5,1,10/23/2006,38,35,32,21,14,11,11,6,8,10,6,8,4,10,10,8,9,12,11,17,15,32,48,62,78,99,102,138,140,200,213,213,235,264,237,197,171,182,192,176,188,205,203,190,200,189,200,196,203,233,220,208,223,225,242,238,195,214,186,230,264,261,272,346,254,264,317,308,297,320,373,326,302,312,224,229,190,176,203,145,126,148,126,126,142,115,108,118,109,90,92,70,49,50,45,29,14389
4032,BURKE_RD S of HARP_RD,045 K04,-37.80256,145.06117,16624,374,5,1,10/24/2006,25,40,18,15,12,14,7,12,13,6,2,9,5,3,7,11,9,9,14,23,18,28,42,51,78,107,108,119,165,165,232,213,235,265,275,226,206,200,203,212,196,210,237,184,188,191,209,251,229,224,214,201,190,213,216,214,219,220,251,237,252,247,268,315,305,334,307,316,304,321,339,343,339,319,276,285,242,210,218,182,184,144,155,171,155,171,136,136,124,105,109,98,86,67,62,46,15367
4032,BURKE_RD S of HARP_RD,045 K04,-37.80256,145.06117,16624,374,5,1,10/25/2006,39,32,30,26,16,20,16,16,8,12,9,9,8,13,9,10,10,6,10,15,17,26,40,53,54,86,139,144,147,176,214,237,218,236,259,247,204,206,244,205,204,199,179,185,176,202,225,217,212,213,214,199,218,221,241,220,227,213,194,239,246,289,289,302,330,336,283,302,284,351,335,328,322,320,290,262,250,205,185,178,143,191,134,133,133,161,132,155,126,102,104,83,95,70,62,36,15211
4032,BURKE_RD S of HARP_RD,045 K04,-37.80256,145.06117,16624,374,5,1,10/26/2006,43,36,32,10,28,20,9,13,18,14,9,9,10,5,14,6,12,8,8,14,17,33,42,58,63,92,138,133,145,176,235,212,256,242,270,216,214,185,213,222,183,182,218,185,161,187,216,183,221,204,238,243,241,233,246,214,233,240,206,249,260,252,288,299,328,274,305,264,309,313,346,336,294,314,296,244,235,220,215,170,186,163,163,163,144,176,160,123,129,117,108,91,90,72,77,57,15344
4032,BURKE_RD S of HARP_RD,045 K04,-37.80256,145.06117,16624,374,5,1,10/27/2006,38,33,38,42,23,16,18,13,12,11,16,9,14,13,9,7,6,11,13,21,26,28,42,56,73,96,110,141,148,184,177,230,214,266,270,224,205,212,208,209,223,213,235,185,230,198,228,213,223,214,218,236,259,230,241,207,221,209,249,232,274,264,288,315,296,309,318,342,273,317,337,349,356,288,260,221,248,216,239,192,140,141,142,143,138,154,130,119,126,112,83,121,130,105,98,83,15613
4032,BURKE_RD S of HARP_RD,045 K04,-37.80256,145.06117,16624,374,5,1,10/28/2006,77,86,60,57,38,49,34,29,30,27,24,22,22,18,23,15,18,18,18,15,19,19,22,41,39,45,55,66,50,72,78,87,110,136,160,170,169,168,187,207,244,223,230,231,250,207,265,185,262,292,299,280,263,257,222,260,255,243,236,270,226,271,271,234,263,234,239,232,248,263,257,237,231,241,229,187,173,198,162,148,139,136,109,109,109,111,109,116,146,122,110,141,175,142,119,116,14107
4032,BURKE_RD S of HARP_RD,045 K04,-37.80256,145.06117,16624,374,5,1,10/30/2006,38,31,27,20,11,16,18,9,15,10,9,9,8,8,7,5,9,15,16,14,23,19,38,34,66,84,118,127,150,171,173,203,234,277,238,225,222,200,161,181,204,206,196,190,180,182,172,205,186,216,212,162,216,238,256,222,198,210,207,231,217,266,306,218,286,281,303,305,325,354,378,345,377,313,301,256,200,196,158,144,150,151,120,151,110,122,114,123,107,83,102,70,81,50,40,41,14472
4032,BURKE_RD S of HARP_RD,045 K04,-37.80256,145.06117,16624,374,5,1,10/31/2006,35,28,26,20,17,14,16,4,9,13,13,13,13,7,5,11,7,8,12,12,20,30,37,30,70,91,125,132,183,206,202,202,232,236,246,199,180,194,202,209,249,228,204,209,212,186,234,223,201,174,227,186,216,211,230,190,189,220,248,254,250,255,340,296,298,288,304,339,310,358,337,326,340,324,339,308,217,229,202,180,131,166,173,161,143,142,130,128,120,125,110,108,82,73,59,46,15337
4034,BURKE_RD N OF WHITEHORSE_RD,045 K07,-37.81147,145.05946,6376,2582,1,1,10/2/2006,23,22,17,16,9,13,8,10,11,6,9,4,4,14,6,7,10,11,12,30,18,31,50,48,89,133,216,267,249,328,410,382,342,360,315,266,338,293,249,220,231,222,199,191,194,196,179,203,172,187,214,189,187,166,192,185,211,186,205,182,217,218,194,193,185,248,203,203,220,206,210,206,204,207,169,171,163,198,159,122,104,97,96,82,87,87,75,70,80,64,56,38,43,37,21,22,13692
4034,BURKE_RD N OF WHITEHORSE_RD,045 K07,-37.81147,145.05946,6376,2582,1,1,10/3/2006,13,27,12,5,8,7,12,4,1,8,9,8,6,11,9,7,4,13,16,40,30,39,52,79,111,166,237,244,336,350,417,344,382,358,288,328,335,286,288,265,212,220,232,190,185,231,196,205,220,207,217,181,213,177,175,205,201,263,199,204,226,232,218,225,204,254,210,214,227,209,222,249,233,218,211,201,177,176,163,155,143,108,109,116,104,91,111,104,101,82,88,68,62,49,39,32,14919
4034,BURKE_RD N OF WHITEHORSE_RD,045 K07,-37.81147,145.05946,6376,2582,1,1,10/4/2006,30,26,21,15,13,9,12,6,2,4,4,6,11,13,9,10,3,11,18,30,26,41,60,80,126,148,247,277,296,330,363,382,371,373,321,316,318,338,271,259,231,248,263,224,209,192,218,202,230,198,216,190,193,206,203,192,179,215,188,226,222,200,175,222,208,222,238,212,183,196,231,214,245,230,193,218,191,163,144,149,123,100,106,120,115,94,106,108,91,85,82,69,69,58,35,44,14880
4034,BURKE_RD N OF WHITEHORSE_RD,045 K07,-37.81147,145.05946,6376,2582,1,1,10/5/2006,27,26,22,18,10,22,11,7,7,5,6,14,9,14,4,9,10,14,23,28,27,42,47,81,112,148,222,281,276,343,341,419,370,358,326,288,326,311,284,264,234,243,235,214,203,219,211,231,239,227,194,211,195,213,218,199,191,206,225,209,259,251,185,233,211,200,207,204,206,248,240,207,199,241,219,184,214,197,143,161,117,92,140,143,105,101,111,119,87,93,68,86,69,41,35,43,15128
4034,BURKE_RD N OF WHITEHORSE_RD,045 K07,-37.81147,145.05946,6376,2582,1,1,10/6/2006,38,34,18,16,18,10,8,12,9,7,12,19,10,14,14,6,12,12,18,36,28,37,47,91,106,178,240,259,301,310,358,392,327,338,317,296,290,283,294,245,212,236,232,217,210,229,242,234,239,229,231,204,213,203,191,220,211,209,219,241,217,227,219,207,210,224,234,208,198,215,199,231,234,215,235,218,218,197,199,157,135,141,115,138,101,107,112,92,83,98,90,89,69,90,65,85,15354
4034,BURKE_RD N OF WHITEHORSE_RD,045 K07,-37.81147,145.05946,6376,2582,1,1,10/7/2006,55,61,47,44,39,31,26,28,20,21,19,18,25,21,16,15,13,16,19,14,24,8,27,31,41,70,83,112,80,96,116,140,142,197,213,268,239,274,268,248,252,241,253,270,226,259,266,298,277,292,212,234,269,269,232,277,234,226,226,218,216,238,198,230,191,204,230,206,230,207,195,198,225,254,224,232,226,212,185,141,153,140,116,110,116,108,121,119,101,93,106,109,102,124,123,117,14356
4034,BURKE_RD N OF WHITEHORSE_RD,045 K07,-37.81147,145.05946,6376,2582,1,1,10/9/2006,17,22,9,15,10,6,9,6,4,5,7,6,13,8,6,4,13,8,17,30,24,50,63,59,92,161,187,297,277,372,401,349,363,358,325,290,321,311,262,259,234,202,232,234,204,199,217,196,176,202,179,186,178,210,184,168,199,192,214,209,243,204,222,219,203,214,177,221,192,226,223,217,202,203,191,203,159,194,136,124,115,103,65,102,88,81,85,83,81,73,49,51,50,33,31,25,14139
4034,BURKE_RD N OF WHITEHORSE_RD,045 K07,-37.81147,145.05946,6376,2582,1,1,10/10/2006,15,20,13,16,11,5,9,5,14,6,6,7,5,7,6,9,6,18,23,39,30,46,50,79,102,146,238,295,317,341,400,356,370,354,315,293,310,329,286,247,212,260,253,225,242,191,230,190,209,220,208,200,183,210,200,197,194,174,198,214,251,229,218,193,233,199,245,243,221,224,202,248,220,202,236,239,210,176,158,149,125,121,97,110,98,120,105,113,83,98,69,64,64,39,34,47,15037
4034,BURKE_RD N OF WHITEHORSE_RD,045 K07,-37.81147,145.05946,6376,2582,1,1,10/11/2006,35,26,14,13,16,9,15,5,5,4,9,4,10,13,11,5,5,14,13,40,26,41,57,82,104,163,243,252,283,319,394,363,384,367,329,339,325,281,307,233,242,222,233,231,209,197,226,214,174,241,197,193,189,213,184,206,210,218,203,240,236,214,198,240,207,230,177,212,201,206,243,230,168,217,203,239,192,198,166,136,137,114,111,123,99,101,97,121,98,98,72,64,63,53,33,32,14929
4034,BURKE_RD N OF WHITEHORSE_RD,045 K07,-37.81147,145.05946,6376,2582,1,1,10/12/2006,27,28,23,31,12,13,16,11,8,5,11,8,7,10,9,9,5,14,17,34,26,36,60,65,123,183,241,256,294,384,331,365,344,355,402,284,381,308,318,234,257,233,225,221,214,220,224,261,213,213,197,220,208,209,206,185,195,189,197,239,237,204,205,201,180,211,181,211,190,221,240,223,215,187,182,211,191,170,197,149,127,121,118,118,113,130,120,106,111,75,98,65,45,59,45,30,15101
4034,BURKE_RD N OF WHITEHORSE_RD,045 K07,-37.81147,145.05946,6376,2582,1,1,10/13/2006,35,29,22,17,16,14,21,8,13,7,8,9,10,8,17,9,12,9,21,34,27,39,60,79,112,171,243,266,277,345,365,358,366,370,315,296,330,296,267,259,218,229,231,223,218,223,238,217,213,218,227,210,172,210,211,206,200,186,208,220,214,232,190,222,231,216,196,218,202,222,252,211,243,218,223,240,218,215,175,149,153,131,130,115,90,112,97,99,84,94,99,91,64,78,63,70,15295
4034,BURKE_RD N OF WHITEHORSE_RD,045 K07,-37.81147,145.05946,6376,2582,1,1,10/14/2006,68,60,50,37,35,30,26,28,19,27,11,13,11,17,17,18,16,22,18,17,24,25,29,40,44,62,103,91,76,95,110,143,150,166,216,218,223,254,253,252,223,262,254,276,258,262,287,292,262,265,243,272,278,257,231,262,228,215,235,239,231,227,217,242,219,232,231,235,220,210,228,274,247,281,279,238,224,218,176,157,144,150,120,117,117,111,104,98,94,101,100,94,104,94,80,97,14526
4034,BURKE_RD N OF WHITEHORSE_RD,045 K07,-37.81147,145.05946,6376,2582,1,1,10/16/2006,27,25,16,16,8,10,14,6,3,8,3,6,4,7,7,5,5,10,20,32,22,34,58,59,97,165,237,271,270,356,370,359,389,373,306,295,329,337,246,212,197,199,215,106,211,201,184,203,192,205,169,206,235,184,212,174,190,207,205,218,235,224,239,200,235,203,222,229,240,240,213,239,201,218,182,203,172,159,148,120,110,109,91,106,90,85,85,79,92,67,53,54,47,35,22,30,14207
4034,BURKE_RD N OF WHITEHORSE_RD,045 K07,-37.81147,145.05946,6376,2582,1,1,10/17/2006,18,23,11,8,13,7,11,3,7,5,2,4,13,3,6,11,7,11,20,33,28,29,50,75,107,160,266,271,331,316,398,388,396,343,341,343,353,350,326,254,254,244,257,223,186,203,225,193,193,217,205,211,202,195,198,162,201,217,207,223,243,208,211,204,218,228,218,273,171,232,186,231,204,208,208,218,203,186,142,148,121,112,121,125,112,109,120,123,132,86,83,60,60,43,38,38,15180
4034,BURKE_RD N OF WHITEHORSE_RD,045 K07,-37.81147,145.05946,6376,2582,1,1,10/18/2006,29,28,16,18,11,12,13,13,4,5,9,10,11,8,7,5,8,16,21,30,33,35,57,84,115,141,259,291,365,329,361,358,333,382,300,299,318,311,258,272,232,227,203,241,207,208,218,219,223,236,177,216,197,226,202,199,179,211,203,222,243,223,194,209,206,212,212,197,211,242,210,252,233,215,252,231,232,237,165,171,134,118,89,120,111,91,108,120,102,77,68,66,79,56,68,53,15228
4034,BURKE_RD N OF WHITEHORSE_RD,045 K07,-37.81147,145.05946,6376,2582,1,1,10/19/2006,44,28,17,15,11,13,18,10,4,9,11,5,12,4,11,15,11,6,24,32,21,44,52,75,111,178,234,266,306,353,347,441,380,325,314,296,380,301,284,283,252,279,216,231,212,241,217,215,203,221,220,210,192,218,223,184,228,186,241,220,240,210,209,240,225,239,226,232,190,213,213,215,223,205,239,224,228,206,161,151,140,123,128,129,89,121,104,106,97,93,68,72,66,64,58,45,15492
4034,BURKE_RD N OF WHITEHORSE_RD,045 K07,-37.81147,145.05946,6376,2582,1,1,10/20/2006,36,39,19,21,20,10,18,16,9,5,12,13,14,14,10,8,6,15,20,35,35,32,58,77,134,163,258,238,277,353,364,395,337,344,320,267,316,318,253,269,248,258,223,237,207,219,233,228,219,215,199,219,223,250,203,185,185,197,194,220,238,240,176,237,226,221,217,214,196,228,230,221,231,214,228,254,236,224,176,177,130,142,125,125,112,116,98,120,99,133,72,95,78,71,67,64,15541
4034,BURKE_RD N OF WHITEHORSE_RD,045 K07,-37.81147,145.05946,6376,2582,1,1,10/21/2006,49,56,54,49,44,17,14,28,26,16,11,18,8,14,15,18,9,14,22,19,22,24,18,38,52,77,93,97,80,94,132,175,151,167,214,247,256,280,268,262,269,259,224,265,236,274,280,311,298,256,277,257,248,255,269,271,233,266,237,216,204,224,203,236,205,248,217,215,217,231,217,233,245,234,201,220,173,195,166,160,134,119,121,97,113,122,138,97,94,103,97,109,96,97,103,87,14420
4034,BURKE_RD N OF WHITEHORSE_RD,045 K07,-37.81147,145.05946,6376,2582,1,1,10/23/2006,28,29,18,15,7,11,14,7,7,7,7,8,8,2,8,6,8,17,13,32,32,38,60,66,96,150,208,254,326,319,384,391,354,308,338,316,305,286,248,207,243,215,209,192,192,209,213,194,235,214,210,197,196,163,206,203,214,188,196,199,219,192,214,215,217,191,206,205,171,237,220,216,185,185,188,216,168,178,121,138,111,86,91,104,98,74,79,87,76,80,56,45,30,39,26,33,14023
4034,BURKE_RD N OF WHITEHORSE_RD,045 K07,-37.81147,145.05946,6376,2582,1,1,10/24/2006,22,22,17,13,6,10,5,8,2,8,5,4,10,11,5,15,6,14,15,31,26,49,60,84,117,170,260,267,313,344,371,356,422,368,319,310,312,352,274,290,219,235,233,228,212,195,201,186,183,203,237,188,218,237,202,176,178,174,193,204,210,203,219,203,186,217,218,207,199,230,229,201,193,195,218,224,194,193,152,156,129,129,115,126,120,97,105,117,98,99,80,71,73,48,48,34,14931
4034,BURKE_RD N OF WHITEHORSE_RD,045 K07,-37.81147,145.05946,6376,2582,1,1,10/25/2006,28,31,15,19,16,7,13,8,5,5,7,8,8,3,8,6,5,14,14,31,24,39,54,75,95,159,221,271,307,345,368,382,342,359,322,296,326,332,286,226,254,250,239,197,188,216,196,199,225,221,235,200,189,196,201,213,206,199,203,220,230,201,209,222,200,207,208,209,221,222,216,239,228,223,184,201,196,198,150,135,126,123,124,124,99,94,82,118,102,74,63,89,68,54,27,38,14831
4034,BURKE_RD N OF WHITEHORSE_RD,045 K07,-37.81147,145.05946,6376,2582,1,1,10/26/2006,35,25,23,19,10,10,14,10,3,8,7,8,11,10,13,9,9,16,18,41,30,44,56,68,104,180,240,266,295,352,342,399,408,344,345,310,309,278,289,270,244,273,240,223,243,212,224,240,220,238,201,203,225,243,213,225,211,233,207,228,237,227,206,271,227,194,220,200,233,210,247,230,193,226,211,223,233,208,183,155,128,125,132,127,114,124,125,112,107,101,89,77,57,68,42,41,15677
4034,BURKE_RD N OF WHITEHORSE_RD,045 K07,-37.81147,145.05946,6376,2582,1,1,10/27/2006,26,22,24,18,17,14,18,10,8,7,9,10,14,11,15,5,7,10,19,29,32,32,58,87,108,165,232,281,350,327,368,376,378,337,341,314,311,260,271,264,225,279,228,237,231,230,200,212,236,248,240,223,255,215,235,194,185,210,201,235,226,233,200,223,217,196,208,199,241,205,196,212,210,242,221,210,184,197,160,164,134,124,101,142,117,94,105,84,92,109,90,86,73,77,72,70,15418
4034,BURKE_RD N OF WHITEHORSE_RD,045 K07,-37.81147,145.05946,6376,2582,1,1,10/28/2006,67,61,50,33,31,23,36,23,23,22,20,13,18,26,16,12,13,13,15,19,27,15,20,43,34,56,93,80,110,112,110,157,134,180,199,263,198,241,246,264,256,249,248,224,235,274,267,286,253,249,223,283,265,256,248,288,239,282,214,201,239,212,190,245,226,221,221,217,206,234,257,242,231,226,224,227,231,201,141,172,150,146,124,117,90,81,95,113,105,93,100,119,99,103,89,84,14227
4034,BURKE_RD N OF WHITEHORSE_RD,045 K07,-37.81147,145.05946,6376,2582,1,1,10/30/2006,33,30,24,14,16,17,17,6,8,11,6,8,7,6,3,7,6,9,18,31,28,35,44,56,76,151,190,285,295,350,393,409,353,355,321,350,303,275,284,226,253,243,219,231,198,196,223,204,223,202,218,210,192,181,192,231,173,181,213,213,241,199,224,206,209,205,247,181,210,208,212,218,222,197,206,204,174,178,161,140,97,110,97,104,87,99,90,66,68,78,75,46,39,37,30,22,14439
4034,BURKE_RD N OF WHITEHORSE_RD,045 K07,-37.81147,145.05946,6376,2582,1,1,10/31/2006,28,26,24,18,17,18,6,10,2,10,5,7,4,7,4,12,7,4,17,30,24,39,34,70,90,154,219,241,332,385,387,401,400,341,329,297,306,295,255,280,257,203,200,222,209,210,208,214,214,216,208,204,202,197,208,190,201,225,179,223,218,202,229,223,227,233,193,217,207,211,184,202,257,208,211,214,193,181,175,139,142,136,111,101,100,91,106,107,113,91,84,75,54,48,38,36,14882
4034,BURKE_RD S OF WHITEHORSE_RD,045 K07,-37.81216,145.05933,16623,2582,5,1,10/2/2006,35,45,23,16,13,16,11,7,10,11,7,10,8,4,8,4,7,8,14,13,19,23,24,32,62,75,106,140,163,136,196,192,180,205,207,164,201,187,203,173,173,196,175,173,185,201,163,207,197,200,208,206,218,189,213,197,212,227,228,240,227,251,205,255,310,305,307,331,303,355,312,338,313,302,287,204,191,179,151,152,117,112,117,103,140,141,125,132,115,95,89,66,57,49,44,24,13770
4034,BURKE_RD S OF WHITEHORSE_RD,045 K07,-37.81216,145.05933,16623,2582,5,1,10/3/2006,29,14,15,8,10,15,12,7,11,8,7,10,8,3,7,5,8,8,9,18,22,23,38,44,58,90,154,141,142,163,202,179,211,211,192,197,198,205,184,204,171,219,211,187,207,217,184,176,235,189,195,219,188,239,213,202,180,262,247,235,255,258,220,250,262,342,318,287,350,320,375,325,326,331,264,273,256,218,187,150,144,133,152,116,131,146,127,148,149,145,133,95,78,79,69,50,14708
4034,BURKE_RD S OF WHITEHORSE_RD,045 K07,-37.81216,145.05933,16623,2582,5,1,10/4/2006,33,37,26,17,14,10,14,8,20,10,7,12,12,8,12,8,3,7,13,8,13,27,35,48,62,99,136,137,154,180,190,191,174,189,195,230,195,208,216,177,192,185,227,224,202,195,192,194,185,197,214,206,201,200,211,218,205,212,198,206,218,263,220,259,307,284,321,323,276,313,342,332,314,315,287,252,227,202,214,173,173,142,141,126,147,160,147,150,141,135,133,98,94,59,54,43,14584
4034,BURKE_RD S OF WHITEHORSE_RD,045 K07,-37.81216,145.05933,16623,2582,5,1,10/5/2006,49,36,22,19,17,15,20,11,9,7,10,9,12,11,11,7,5,7,10,14,20,28,33,36,53,92,132,137,128,154,207,205,149,189,230,226,192,203,257,186,194,189,204,207,209,160,227,216,225,202,214,234,199,208,234,199,208,243,229,249,252,282,220,284,307,279,286,312,289,333,345,317,367,288,297,252,264,218,184,196,177,146,131,154,174,152,162,115,123,106,102,121,93,68,84,44,14932
4034,BURKE_RD S OF WHITEHORSE_RD,045 K07,-37.81216,145.05933,16623,2582,5,1,10/6/2006,43,33,39,23,16,20,14,13,20,19,17,7,12,13,9,6,7,6,9,13,15,24,37,37,69,90,113,146,125,164,213,149,179,205,204,210,186,191,209,186,210,206,182,170,210,218,218,223,194,225,216,212,212,226,230,236,222,227,246,261,208,274,227,304,291,323,307,289,308,315,358,346,317,332,285,222,254,248,176,184,186,141,178,140,142,135,123,126,137,149,141,141,93,118,63,44,15060
4034,BURKE_RD S OF WHITEHORSE_RD,045 K07,-37.81216,145.05933,16623,2582,5,1,10/7/2006,76,76,67,77,49,41,32,26,34,22,31,18,17,23,19,13,21,13,13,10,12,28,36,27,34,65,80,76,67,83,89,102,109,133,142,172,154,182,192,191,201,188,198,249,223,253,241,255,242,269,266,250,285,269,233,291,241,246,247,264,261,285,280,274,256,259,261,273,265,291,285,287,266,195,213,212,202,191,173,165,123,118,123,141,121,119,123,113,120,108,134,136,133,133,164,142,14508
4034,BURKE_RD S OF WHITEHORSE_RD,045 K07,-37.81216,145.05933,16623,2582,5,1,10/9/2006,26,27,21,13,19,6,8,9,10,5,13,6,5,7,3,5,8,9,11,13,22,35,28,38,63,98,118,141,143,179,191,196,181,180,225,188,167,186,200,186,206,176,211,176,173,198,226,195,198,199,224,192,168,201,210,182,191,224,223,230,252,289,240,231,282,277,305,315,291,369,349,339,313,327,246,241,202,183,164,147,162,123,128,105,134,141,134,145,141,102,85,67,69,59,51,30,14030
4034,BURKE_RD S OF WHITEHORSE_RD,045 K07,-37.81216,145.05933,16623,2582,5,1,10/10/2006,39,19,15,11,8,12,10,10,8,16,2,3,8,3,8,8,6,6,8,15,21,28,40,34,79,94,130,132,141,181,182,181,179,216,218,170,186,196,230,198,209,209,190,196,228,187,214,176,210,191,250,210,198,213,234,213,183,243,237,209,264,252,219,272,319,285,317,327,310,346,333,352,364,318,306,284,217,211,180,162,155,140,157,153,160,160,136,151,159,125,95,101,86,66,60,48,14841
4034,BURKE_RD S OF WHITEHORSE_RD,045 K07,-37.81216,145.05933,16623,2582,5,1,10/11/2006,56,30,24,20,21,13,15,14,13,12,5,9,9,6,9,5,9,10,11,10,17,33,40,29,68,91,140,131,171,160,191,176,191,198,204,205,165,205,209,238,196,203,204,182,222,178,182,211,196,207,196,226,210,189,195,237,199,211,222,254,243,286,234,240,309,309,271,298,322,322,368,355,303,339,321,242,266,227,171,174,149,144,138,131,144,123,152,134,159,132,148,132,83,78,55,63,14848
4034,BURKE_RD S OF WHITEHORSE_RD,045 K07,-37.81216,145.05933,16623,2582,5,1,10/12/2006,36,40,28,22,13,15,12,19,14,16,4,8,10,3,8,7,7,7,6,14,24,25,35,45,70,89,121,149,134,162,166,192,172,182,200,244,185,203,224,205,166,184,183,199,209,226,204,207,205,199,222,231,183,225,193,212,203,257,228,232,223,247,183,234,318,312,324,299,315,349,316,365,288,312,254,263,205,233,188,191,167,170,173,144,154,156,154,162,125,135,111,126,90,79,49,58,14756
4034,BURKE_RD S OF WHITEHORSE_RD,045 K07,-37.81216,145.05933,16623,2582,5,1,10/13/2006,48,45,25,26,27,20,12,5,16,14,9,14,14,10,15,12,9,9,7,15,20,31,29,45,72,112,131,115,116,154,207,188,179,191,228,208,192,199,208,186,215,204,225,206,190,205,221,214,218,186,224,217,238,217,207,219,202,209,234,253,251,239,215,258,307,279,276,299,291,364,335,302,344,337,287,253,229,207,203,198,181,156,139,128,151,137,143,152,117,100,134,135,93,105,63,84,14959
4034,BURKE_RD S OF WHITEHORSE_RD,045 K07,-37.81216,145.05933,16623,2582,5,1,10/14/2006,73,101,56,65,50,53,23,27,26,34,27,29,19,16,18,13,13,13,18,17,18,10,36,33,36,42,66,71,59,88,84,99,123,145,155,185,193,171,187,188,210,205,205,239,200,223,271,240,239,299,295,260,225,269,225,230,252,250,283,237,280,259,274,266,269,237,261,250,295,274,321,239,321,246,230,223,213,202,188,166,163,148,147,118,119,133,118,139,145,136,149,141,113,134,128,117,14699
4034,BURKE_RD S OF WHITEHORSE_RD,045 K07,-37.81216,145.05933,16623,2582,5,1,10/16/2006,35,29,22,26,18,13,3,13,11,11,9,11,10,8,5,4,8,10,4,10,19,24,40,42,76,85,122,130,161,165,173,169,178,195,191,210,174,209,183,186,190,192,194,158,211,207,173,178,215,194,229,217,208,200,239,190,196,195,206,225,235,263,225,337,267,308,300,288,298,374,312,390,295,329,237,223,201,183,173,175,186,145,122,96,147,147,108,116,116,97,68,66,65,63,49,36,14049
4034,BURKE_RD S OF WHITEHORSE_RD,045 K07,-37.81216,145.05933,16623,2582,5,1,10/17/2006,48,26,26,12,23,10,7,6,7,8,11,5,8,4,8,8,4,6,9,22,16,28,33,49,76,86,139,112,151,172,182,178,154,183,216,188,181,213,227,238,176,244,187,224,169,214,176,197,190,224,209,206,207,203,209,187,180,213,223,209,274,290,222,236,286,343,295,282,339,324,326,332,342,345,303,266,241,212,192,173,123,144,109,130,168,164,140,148,178,113,120,130,118,79,63,53,14730
4034,BURKE_RD S OF WHITEHORSE_RD,045 K07,-37.81216,145.05933,16623,2582,5,1,10/18/2006,57,39,30,24,25,16,17,12,16,16,16,17,10,7,8,7,6,9,13,12,21,24,30,65,72,107,131,118,149,187,241,150,180,208,167,211,191,204,183,234,200,208,196,199,177,193,243,241,220,237,222,197,206,223,217,195,238,229,214,226,238,242,181,269,315,328,327,302,321,323,364,366,306,317,334,285,287,207,194,217,167,146,129,149,169,161,145,133,141,144,114,112,112,79,70,42,15247
4034,BURKE_RD S OF WHITEHORSE_RD,045 K07,-37.81216,145.05933,16623,2582,5,1,10/19/2006,58,41,26,17,21,19,15,13,7,15,16,9,12,12,9,2,10,9,13,16,24,23,30,44,55,113,108,137,166,182,164,209,158,218,214,201,187,191,233,181,212,203,197,217,192,196,192,222,214,208,225,208,206,210,243,199,218,226,211,233,264,259,250,270,300,291,319,297,286,342,347,349,334,329,286,239,243,212,192,169,171,145,159,122,155,166,140,145,164,145,152,112,84,77,51,46,15022
4034,BURKE_RD S OF WHITEHORSE_RD,045 K07,-37.81216,145.05933,16623,2582,5,1,10/20/2006,54,33,31,24,23,22,22,14,12,13,7,17,11,11,13,15,6,11,5,16,16,28,34,64,84,106,128,140,153,154,224,178,189,175,241,193,179,209,190,223,200,195,187,209,202,208,229,223,211,239,239,245,195,231,231,217,218,224,219,267,268,267,216,250,309,304,298,282,315,367,314,310,279,304,251,220,240,210,171,172,162,135,116,147,112,149,143,151,163,142,133,125,131,120,137,113,15183
4034,BURKE_RD S OF WHITEHORSE_RD,045 K07,-37.81216,145.05933,16623,2582,5,1,10/21/2006,106,84,82,54,43,48,34,33,25,23,28,19,15,18,13,15,14,12,18,17,13,19,31,35,41,42,56,64,56,58,95,103,142,115,160,172,160,194,231,202,212,222,215,227,208,239,269,242,278,297,307,280,261,248,275,275,243,238,237,268,246,252,246,273,220,220,244,257,269,289,245,265,272,243,221,218,175,186,177,150,123,131,142,135,139,118,114,107,125,98,126,143,184,141,166,119,14510
4034,BURKE_RD S OF WHITEHORSE_RD,045 K07,-37.81216,145.05933,16623,2582,5,1,10/22/2006,165,101,115,68,85,61,59,52,40,42,41,28,33,22,23,26,12,18,17,13,17,16,24,25,22,28,37,37,40,42,54,52,73,95,111,97,117,129,146,174,171,197,212,194,204,184,228,232,238,247,263,247,253,242,231,221,220,211,245,223,222,195,197,232,247,229,260,258,261,248,223,224,252,199,199,207,182,148,129,115,116,127,104,124,134,120,89,94,95,96,72,75,66,61,41,40,12501
4034,BURKE_RD S OF WHITEHORSE_RD,045 K07,-37.81216,145.05933,16623,2582,5,1,10/23/2006,35,33,35,18,19,9,9,5,12,10,4,9,4,8,10,9,4,8,12,13,14,34,36,67,71,102,121,129,136,166,184,205,182,203,212,145,195,172,173,188,178,191,202,184,194,189,199,208,193,237,194,190,232,204,215,225,203,187,188,227,271,247,267,324,241,262,349,285,279,345,356,317,320,322,242,230,181,208,163,130,121,142,118,118,151,126,110,120,92,83,97,67,43,49,51,36,13904
4034,BURKE_RD S OF WHITEHORSE_RD,045 K07,-37.81216,145.05933,16623,2582,5,1,10/24/2006,28,32,19,14,10,15,9,8,12,5,5,8,7,4,8,8,5,7,13,18,19,26,30,69,73,91,131,118,127,173,164,181,203,192,207,210,197,184,184,186,173,183,222,186,179,177,198,219,211,231,206,195,194,197,230,208,218,225,222,228,220,259,208,272,264,311,325,302,283,333,348,338,298,346,278,248,250,219,194,157,152,140,155,158,153,156,138,134,136,122,101,88,88,66,63,49,14454
4034,BURKE_RD S OF WHITEHORSE_RD,045 K07,-37.81216,145.05933,16623,2582,5,1,10/25/2006,39,34,28,28,15,21,14,11,8,13,12,7,9,7,6,12,11,7,9,13,15,25,44,48,60,92,139,129,132,147,201,191,161,199,191,215,184,195,205,205,214,200,207,232,202,201,212,220,220,228,214,199,200,210,228,203,215,218,208,231,270,267,253,273,274,303,273,320,299,320,367,306,336,332,274,248,234,219,171,152,161,140,140,125,158,140,138,135,115,106,106,82,99,75,62,36,14653
4034,BURKE_RD S OF WHITEHORSE_RD,045 K07,-37.81216,145.05933,16623,2582,5,1,10/26/2006,46,36,27,7,21,21,8,15,15,8,7,6,8,7,8,11,11,8,6,12,22,27,39,54,70,95,148,123,143,155,195,183,201,159,226,207,176,195,215,213,212,198,187,186,195,199,208,165,241,202,263,235,224,206,204,215,226,234,231,240,258,257,276,247,298,273,294,285,342,318,309,360,289,344,281,261,257,236,200,191,200,167,171,166,148,165,174,131,135,125,108,90,93,75,69,47,15045
4034,BURKE_RD S OF WHITEHORSE_RD,045 K07,-37.81216,145.05933,16623,2582,5,1,10/27/2006,40,45,26,38,20,20,17,14,10,16,16,6,18,10,7,9,7,5,12,15,22,27,39,51,77,108,127,130,124,169,172,199,191,181,219,214,158,207,195,225,214,201,222,193,220,195,235,196,203,210,268,223,236,231,216,220,205,232,245,232,277,291,202,286,309,257,339,278,315,306,338,338,318,299,283,219,239,214,206,184,141,150,169,133,144,152,145,128,117,126,99,126,129,114,114,90,15158
4034,BURKE_RD S OF WHITEHORSE_RD,045 K07,-37.81216,145.05933,16623,2582,5,1,10/28/2006,104,64,52,57,35,50,33,30,36,26,27,20,21,19,23,16,14,19,14,16,15,17,19,31,34,41,60,68,55,81,91,104,134,141,150,172,162,192,197,235,223,216,233,227,252,219,279,236,302,310,293,261,260,263,248,258,225,255,238,254,232,268,255,224,252,237,239,256,248,277,257,243,239,247,210,185,190,184,180,171,146,142,130,118,124,123,114,131,175,134,124,150,157,133,142,117,14481
4034,BURKE_RD S OF WHITEHORSE_RD,045 K07,-37.81216,145.05933,16623,2582,5,1,10/30/2006,35,21,26,19,13,17,12,8,16,11,8,15,8,11,9,5,7,15,17,14,20,21,34,38,73,88,129,131,134,148,175,177,164,193,205,205,218,178,175,182,210,198,178,177,189,183,177,198,206,182,198,208,200,217,204,207,199,219,198,223,252,280,273,283,307,274,304,288,330,346,345,355,326,329,314,213,243,193,155,139,140,147,117,140,113,131,130,124,110,135,95,68,76,52,38,46,14157
4034,BURKE_RD S OF WHITEHORSE_RD,045 K07,-37.81216,145.05933,16623,2582,5,1,10/31/2006,41,29,23,18,13,12,11,8,11,13,11,13,11,6,5,8,6,6,11,13,18,25,32,38,68,100,124,152,141,170,176,170,184,189,186,165,164,207,196,211,218,184,176,185,191,186,214,199,179,194,212,181,229,202,228,179,202,228,242,231,230,277,285,310,268,262,282,292,331,325,329,331,332,334,312,267,253,217,170,163,153,160,164,141,148,162,137,133,118,141,94,106,85,81,56,45,14539
4035,BURKE_RD N of MONT ALBERT_RD,045 J09,-37.8172654,145.0583603,6377,376,1,1,10/2/2006,28,26,17,13,12,14,12,11,14,7,10,3,10,15,6,10,7,20,14,23,20,25,43,41,95,128,201,245,235,292,280,283,281,269,358,218,244,308,206,244,200,185,210,186,188,180,163,181,160,177,183,206,174,165,200,181,179,179,210,208,178,227,170,170,213,184,216,172,184,236,202,187,194,187,141,162,152,189,153,130,99,86,111,89,107,86,91,81,76,76,57,46,43,71,30,23,12822
4035,BURKE_RD N of MONT ALBERT_RD,045 J09,-37.8172654,145.0583603,6377,376,1,1,10/3/2006,16,26,14,7,13,9,8,6,4,6,9,9,7,8,9,9,4,14,16,28,25,38,42,75,99,159,226,221,287,301,273,304,286,287,297,294,282,254,263,243,205,191,213,180,194,195,191,195,208,202,185,194,208,185,175,190,190,201,194,198,196,186,166,230,233,228,226,194,193,220,195,228,211,203,182,198,158,163,156,146,134,119,115,113,112,103,109,93,115,84,89,65,72,59,39,38,13743
4035,BURKE_RD N of MONT ALBERT_RD,045 J09,-37.8172654,145.0583603,6377,376,1,1,10/4/2006,23,33,29,14,17,11,10,8,4,6,5,10,9,11,8,10,5,11,14,25,17,42,50,55,129,144,223,248,261,277,270,290,274,346,266,286,235,291,258,212,203,223,248,205,211,186,171,202,248,196,206,199,184,196,189,179,178,215,186,203,190,186,137,224,178,200,232,222,195,181,236,181,223,165,215,187,196,174,163,146,125,100,116,109,136,107,96,107,110,100,76,64,61,90,41,42,13776
4035,BURKE_RD N of MONT ALBERT_RD,045 J09,-37.8172654,145.0583603,6377,376,1,1,10/5/2006,29,26,24,22,18,20,5,6,8,5,9,13,9,15,5,11,14,11,26,26,20,43,40,72,129,132,190,233,235,312,290,315,263,275,301,286,247,311,244,248,219,227,202,204,188,221,224,230,219,209,217,191,200,239,193,193,184,205,214,213,204,225,174,247,213,228,203,216,182,276,214,205,165,206,213,176,194,174,146,188,141,118,147,137,132,101,105,132,67,47,72,88,69,77,43,36,14241
4035,BURKE_RD N of MONT ALBERT_RD,045 J09,-37.8172654,145.0583603,6377,376,1,1,10/6/2006,46,38,20,19,22,9,8,15,6,9,9,18,11,13,15,9,14,13,19,24,22,39,45,77,105,192,215,240,271,257,282,323,291,299,315,285,236,247,260,247,196,254,227,238,213,230,227,209,203,243,246,201,228,201,185,217,187,215,232,213,192,230,180,243,208,206,197,243,213,198,175,221,208,204,214,222,234,201,215,191,154,155,145,174,139,124,103,96,96,95,102,111,80,98,76,87,14980
4035,BURKE_RD N of MONT ALBERT_RD,045 J09,-37.8172654,145.0583603,6377,376,1,1,10/7/2006,61,75,54,42,42,35,33,28,18,20,13,15,24,19,24,14,11,13,23,15,21,12,27,28,42,69,95,95,86,97,119,157,128,186,200,233,225,239,240,224,206,218,242,268,238,197,286,258,261,290,212,218,211,242,283,244,236,237,218,212,215,214,190,202,207,181,183,207,232,185,198,169,254,225,220,236,204,241,200,162,157,140,106,110,118,115,135,135,120,109,103,121,123,109,126,132,13963
4035,BURKE_RD N of MONT ALBERT_RD,045 J09,-37.8172654,145.0583603,6377,376,1,1,10/9/2006,20,22,8,14,11,7,7,10,5,5,11,7,12,6,4,7,12,8,17,22,21,43,54,56,90,144,178,278,251,286,282,322,260,319,281,253,266,232,214,244,216,223,156,208,199,193,214,192,170,188,214,175,174,193,161,164,197,180,186,206,201,210,180,190,234,204,178,199,210,194,206,219,169,175,202,199,151,178,140,121,107,97,73,115,102,78,106,83,89,75,64,50,43,43,31,26,13040
4035,BURKE_RD N of MONT ALBERT_RD,045 J09,-37.8172654,145.0583603,6377,376,1,1,10/10/2006,17,23,21,18,14,9,10,5,11,8,7,6,6,9,8,10,8,16,24,35,29,43,50,67,121,145,216,245,289,291,282,266,292,280,322,241,247,290,272,211,221,230,198,216,208,192,242,198,198,174,215,170,196,210,191,183,172,192,182,215,192,208,182,227,214,197,230,197,203,201,207,220,199,196,225,211,191,186,170,145,116,129,108,123,112,117,108,129,86,121,87,64,57,46,41,43,13955
4035,BURKE_RD N of MONT ALBERT_RD,045 J09,-37.8172654,145.0583603,6377,376,1,1,10/11/2006,31,40,16,14,19,12,15,8,6,5,11,3,9,10,9,8,6,12,15,27,19,39,47,78,98,168,240,235,243,284,308,276,323,306,318,273,266,242,283,216,222,192,210,223,187,186,216,193,186,261,202,173,182,188,180,178,197,206,204,216,217,209,186,199,217,231,195,181,195,216,218,198,198,182,187,214,175,185,171,143,120,123,117,139,101,94,107,130,105,101,75,71,72,65,34,30,13941
4035,BURKE_RD N of MONT ALBERT_RD,045 J09,-37.8172654,145.0583603,6377,376,1,1,10/12/2006,33,35,19,26,16,9,15,8,10,7,11,6,4,7,8,10,7,11,17,30,22,38,52,60,120,180,212,252,256,306,267,294,263,305,326,304,269,302,244,207,237,218,200,200,188,202,201,227,180,200,162,227,221,206,215,185,178,173,180,211,196,178,151,222,199,195,162,191,220,196,242,207,172,199,193,193,186,168,162,143,123,116,119,116,120,150,110,117,112,107,111,79,61,69,33,29,13926
4035,BURKE_RD N of MONT ALBERT_RD,045 J09,-37.8172654,145.0583603,6377,376,1,1,10/13/2006,36,40,24,22,27,18,20,8,12,11,12,11,12,7,10,13,7,12,17,24,18,37,49,69,103,161,208,258,234,269,303,282,277,309,263,256,257,270,256,244,208,225,206,225,210,213,241,198,213,222,226,164,186,192,192,216,197,183,182,213,198,221,178,265,191,254,179,233,202,231,187,211,205,216,201,220,188,237,153,170,157,146,122,136,103,108,90,107,95,115,139,98,99,90,93,90,14506
4035,BURKE_RD N of MONT ALBERT_RD,045 J09,-37.8172654,145.0583603,6377,376,1,1,10/14/2006,79,60,57,42,40,21,32,30,38,25,9,14,19,17,21,20,18,20,18,17,24,26,22,40,46,64,92,90,87,89,109,144,151,153,196,223,190,221,198,258,203,216,227,225,217,208,263,274,250,245,218,206,284,277,226,237,241,219,221,222,222,218,241,201,202,222,220,222,221,191,265,250,195,240,238,229,220,213,176,161,133,149,114,118,133,124,91,123,111,112,112,117,110,105,99,102,13899
4035,BURKE_RD N of MONT ALBERT_RD,045 J09,-37.8172654,145.0583603,6377,376,1,1,10/16/2006,33,26,19,17,9,12,16,6,4,8,5,5,3,9,8,5,5,8,18,23,18,31,47,54,86,146,218,251,225,306,307,291,282,306,276,294,265,275,241,213,190,189,192,191,197,201,168,185,201,231,171,198,203,185,199,186,193,183,192,221,180,193,232,208,213,226,204,194,248,199,228,201,185,194,189,171,145,159,130,130,122,117,94,105,97,91,105,82,87,79,53,56,53,50,23,31,13321
4035,BURKE_RD N of MONT ALBERT_RD,045 J09,-37.8172654,145.0583603,6377,376,1,1,10/17/2006,25,25,11,10,20,8,9,5,5,7,4,6,10,5,5,14,7,10,19,23,26,29,44,69,88,158,218,275,261,248,303,346,260,335,242,336,256,270,284,251,232,217,226,207,192,186,214,177,200,184,190,218,196,187,185,173,182,215,198,202,192,184,160,209,222,209,178,213,158,220,195,210,195,195,157,207,181,186,163,140,107,105,118,136,119,108,112,127,127,95,93,71,78,53,36,40,13807
4035,BURKE_RD N of MONT ALBERT_RD,045 J09,-37.8172654,145.0583603,6377,376,1,1,10/18/2006,35,30,19,19,15,13,14,13,7,4,9,10,12,11,8,7,7,11,14,24,33,32,52,69,102,162,229,252,290,315,305,311,290,275,303,282,252,270,220,280,226,202,183,209,199,216,197,213,216,233,165,176,232,217,204,191,207,195,203,191,234,185,184,197,225,198,224,175,187,250,204,228,203,184,239,210,216,193,173,176,119,105,102,140,102,105,112,113,120,90,80,74,81,63,57,58,14287
4035,BURKE_RD N of MONT ALBERT_RD,045 J09,-37.8172654,145.0583603,6377,376,1,1,10/19/2006,43,34,20,14,18,15,11,10,6,7,12,6,13,4,11,13,13,10,18,29,22,43,55,59,107,167,211,260,236,289,269,288,260,278,316,276,284,284,242,246,225,246,239,208,192,234,194,220,207,196,211,192,182,202,197,188,209,171,241,202,191,208,185,252,205,210,230,246,209,199,200,197,220,177,237,232,205,182,211,147,142,119,115,123,98,135,113,101,94,100,73,83,73,84,54,43,14348
4035,BURKE_RD N of MONT ALBERT_RD,045 J09,-37.8172654,145.0583603,6377,376,1,1,10/20/2006,41,40,25,27,19,14,20,14,13,8,14,9,13,14,12,9,9,14,20,26,35,40,44,71,124,160,235,219,265,276,294,316,289,301,289,258,271,260,241,239,213,241,223,228,205,197,225,216,204,226,204,188,214,213,199,199,176,182,241,198,198,195,212,199,224,214,191,208,187,238,195,201,219,189,202,247,217,209,176,188,144,166,108,133,130,97,104,109,103,128,85,100,82,74,71,84,14607
4035,BURKE_RD N of MONT ALBERT_RD,045 J09,-37.8172654,145.0583603,6377,376,1,1,10/21/2006,52,63,55,53,39,21,17,29,26,20,13,13,10,16,19,18,11,11,19,15,30,20,24,33,50,87,86,87,77,99,131,158,149,165,178,230,227,213,268,248,240,212,214,238,250,240,242,265,268,268,262,222,250,209,246,287,226,221,237,211,197,245,229,203,207,225,209,230,211,223,211,194,226,214,203,202,179,194,165,146,141,111,133,116,107,110,140,105,104,92,103,131,107,127,95,98,13821
4035,BURKE_RD N of MONT ALBERT_RD,045 J09,-37.8172654,145.0583603,6377,376,1,1,10/23/2006,28,30,46,21,13,12,11,6,6,8,7,5,9,4,9,6,7,14,9,25,30,37,54,53,96,147,207,242,271,272,307,263,318,253,339,285,252,252,223,212,225,185,192,189,181,186,182,194,191,213,187,199,196,159,192,167,207,190,193,161,175,211,190,227,205,187,201,172,192,207,205,201,164,191,169,196,160,156,128,138,118,93,94,102,92,82,95,98,79,88,57,41,30,40,27,29,13018
4035,BURKE_RD N of MONT ALBERT_RD,045 J09,-37.8172654,145.0583603,6377,376,1,1,10/24/2006,27,29,19,15,9,11,7,7,1,7,6,6,9,9,4,13,5,14,10,25,23,47,67,84,109,167,243,232,297,302,270,299,286,331,310,261,255,297,245,251,209,213,211,223,227,200,173,179,188,190,223,188,227,218,218,171,179,192,171,210,175,215,173,213,177,178,177,219,218,224,201,198,198,177,174,196,186,157,152,149,126,116,122,114,121,105,123,114,119,99,85,76,65,64,51,33,13909
4035,BURKE_RD N of MONT ALBERT_RD,045 J09,-37.8172654,145.0583603,6377,376,1,1,10/25/2006,33,40,16,22,16,8,12,9,7,4,8,10,7,4,7,6,6,11,13,27,23,40,48,70,101,153,208,225,270,273,310,279,297,300,305,265,270,272,264,230,224,233,233,183,173,217,181,200,216,206,234,193,171,188,201,180,180,187,170,223,199,203,157,233,257,190,196,222,217,220,212,191,213,219,148,233,173,181,138,167,125,134,139,123,114,97,106,112,105,76,64,82,67,63,30,38,13906
4035,BURKE_RD N of MONT ALBERT_RD,045 J09,-37.8172654,145.0583603,6377,376,1,1,10/26/2006,56,50,22,19,14,10,9,7,4,9,5,9,9,9,12,11,9,13,20,30,27,40,50,66,101,167,220,244,253,308,302,318,270,329,305,246,264,256,253,252,200,247,219,191,223,210,193,230,208,237,186,185,221,199,207,207,210,191,216,198,207,185,188,224,225,196,233,185,243,198,256,226,192,199,183,186,214,186,190,151,119,141,137,137,106,115,149,110,112,105,89,75,58,94,72,33,14495
4035,BURKE_RD N of MONT ALBERT_RD,045 J09,-37.8172654,145.0583603,6377,376,1,1,10/27/2006,39,22,23,20,22,14,16,10,11,11,11,12,14,11,10,5,9,11,11,23,27,35,58,86,96,149,215,243,270,292,318,277,295,328,270,264,255,241,256,251,209,217,228,201,194,216,189,206,201,209,223,216,221,219,213,190,185,206,195,245,185,211,174,223,202,203,163,178,223,224,194,199,210,227,197,208,199,175,173,178,120,129,112,134,117,95,114,94,100,115,114,92,81,87,90,75,14329
4035,BURKE_RD N of MONT ALBERT_RD,045 J09,-37.8172654,145.0583603,6377,376,1,1,10/28/2006,71,73,57,45,42,30,42,24,27,23,15,13,16,25,22,12,13,19,13,16,21,20,20,42,36,54,83,80,111,109,118,138,131,157,189,209,200,217,227,221,235,212,234,219,217,251,241,229,236,230,231,255,259,250,214,247,246,282,195,219,220,239,201,200,209,203,203,219,182,237,217,216,211,220,216,217,192,210,185,174,149,136,115,119,95,92,95,148,113,105,81,127,122,102,91,97,13641
4035,BURKE_RD N of MONT ALBERT_RD,045 J09,-37.8172654,145.0583603,6377,376,1,1,10/30/2006,32,24,25,15,17,12,17,9,11,7,9,3,14,4,7,5,8,10,14,23,24,30,43,51,67,147,184,254,265,257,338,307,294,278,255,343,236,258,244,203,226,203,200,204,175,174,187,191,206,191,190,194,168,161,201,214,181,186,183,219,175,220,172,182,205,190,212,257,179,205,210,182,210,175,191,175,158,154,117,124,109,103,100,110,85,86,93,71,72,80,81,49,32,42,37,26,13067
4035,BURKE_RD N of MONT ALBERT_RD,045 J09,-37.8172654,145.0583603,6377,376,1,1,10/31/2006,26,23,28,17,18,17,8,7,7,9,3,6,7,5,4,10,11,6,15,26,24,42,34,60,77,137,193,230,272,337,289,328,284,326,293,268,241,223,252,227,211,206,195,182,199,184,183,189,215,201,191,198,193,191,186,179,201,193,187,190,176,195,181,218,204,215,186,174,194,208,195,189,230,170,192,181,184,178,171,137,136,125,121,97,105,93,111,115,110,91,86,74,53,55,44,38,13496
4043,BURKE_RD N of TOORAK_RD,059 H05,-37.84683,145.05275,6384,383,1,1,10/2/2006,29,20,31,19,15,16,12,5,5,9,6,5,5,9,8,9,5,14,7,14,18,39,43,42,87,106,154,179,210,253,249,340,277,260,244,293,231,210,231,248,177,160,177,177,170,179,196,197,178,180,183,188,218,175,193,170,197,198,211,193,217,221,204,204,202,253,199,192,264,237,243,253,205,195,175,123,147,154,148,116,111,94,98,109,99,103,100,102,79,92,65,59,39,36,23,17,12852
4043,BURKE_RD N of TOORAK_RD,059 H05,-37.84683,145.05275,6384,383,1,1,10/3/2006,23,20,18,16,8,8,4,4,3,6,7,6,9,6,7,10,6,9,13,15,20,39,48,65,99,138,181,183,198,258,323,276,284,249,283,275,230,238,242,222,254,233,187,191,185,197,198,181,178,224,218,200,192,219,203,179,175,239,172,191,197,207,211,230,191,213,226,230,249,271,239,240,214,247,193,247,182,149,149,135,131,108,96,95,116,127,100,118,155,97,122,64,61,53,43,31,13802
4043,BURKE_RD N of TOORAK_RD,059 H05,-37.84683,145.05275,6384,383,1,1,10/4/2006,40,19,28,18,21,16,8,14,5,9,2,13,8,11,7,6,10,9,6,25,17,34,50,65,103,135,171,192,214,256,258,291,282,273,236,271,233,220,222,196,183,191,179,222,210,171,187,213,171,204,210,170,233,196,195,205,178,201,226,230,228,221,211,217,191,252,218,210,258,258,251,254,200,229,187,199,189,175,160,143,120,105,102,105,104,128,118,101,104,127,94,79,67,50,49,41,13714
4043,BURKE_RD N of TOORAK_RD,059 H05,-37.84683,145.05275,6384,383,1,1,10/5/2006,20,21,26,14,20,19,14,4,9,2,8,7,12,13,7,6,9,14,13,19,20,38,36,54,105,134,177,179,220,229,288,302,272,229,271,273,233,243,214,269,208,217,222,223,199,221,186,198,220,189,205,215,194,217,202,231,202,187,215,203,208,227,193,206,231,230,235,248,239,299,260,266,219,235,237,216,191,224,181,139,149,137,144,137,127,116,108,114,108,107,84,88,58,62,64,40,14324
4043,BURKE_RD N of TOORAK_RD,059 H05,-37.84683,145.05275,6384,383,1,1,10/6/2006,34,29,28,27,25,14,8,25,11,12,3,10,10,14,13,11,16,14,9,21,19,37,43,53,92,156,189,186,202,285,255,263,273,240,266,274,242,238,236,222,215,216,239,204,204,209,231,219,224,229,250,212,205,242,203,196,194,233,206,224,212,220,198,214,208,212,212,196,259,260,249,230,223,216,211,220,191,202,186,165,160,141,115,129,122,128,125,127,126,116,122,122,118,110,100,78,14683
4043,BURKE_RD N of TOORAK_RD,059 H05,-37.84683,145.05275,6384,383,1,1,10/7/2006,70,62,67,55,46,32,29,35,24,26,19,14,22,21,20,18,18,16,20,19,25,18,22,28,45,54,69,90,79,89,90,103,109,150,159,191,199,203,221,214,201,211,234,232,233,248,224,230,212,257,252,202,203,234,221,227,245,200,191,233,196,184,213,183,186,196,158,189,186,249,195,207,183,178,190,201,185,171,178,177,138,110,109,105,113,111,131,119,122,116,118,126,107,127,133,109,12980
4043,BURKE_RD N of TOORAK_RD,059 H05,-37.84683,145.05275,6384,383,1,1,10/9/2006,20,20,13,11,16,7,2,10,7,7,10,5,3,9,7,5,5,11,12,16,24,34,44,51,72,130,160,166,217,236,308,259,258,257,272,263,229,237,211,222,215,202,170,164,172,207,197,198,189,170,196,213,189,226,209,196,182,206,194,204,237,204,229,224,205,193,229,195,237,280,255,249,216,209,173,181,158,143,161,113,102,124,80,93,109,98,78,94,82,68,61,55,52,35,37,23,13027
4043,BURKE_RD N of TOORAK_RD,059 H05,-37.84683,145.05275,6384,383,1,1,10/10/2006,28,17,16,19,10,11,9,9,8,6,5,11,7,6,2,9,6,16,13,17,22,40,63,54,99,128,192,187,214,250,257,270,190,279,244,300,220,236,257,223,222,191,213,219,211,192,205,219,208,218,218,210,196,205,223,192,200,216,211,208,221,195,208,200,203,212,206,256,246,272,243,225,220,218,170,211,223,163,133,147,138,98,95,129,143,137,122,118,135,122,114,119,75,58,57,47,14006
4043,BURKE_RD N of TOORAK_RD,059 H05,-37.84683,145.05275,6384,383,1,1,10/11/2006,24,15,18,10,25,13,14,9,5,5,5,6,13,9,8,9,9,11,9,23,16,33,47,66,87,133,191,188,186,274,275,277,259,249,283,230,269,255,212,239,226,203,204,171,237,202,232,195,230,213,216,197,198,218,182,187,190,208,180,219,227,226,215,204,202,204,236,240,253,262,262,255,255,211,213,180,177,210,146,131,121,118,105,118,107,145,106,120,115,88,92,91,76,66,64,43,14001
4043,BURKE_RD N of TOORAK_RD,059 H05,-37.84683,145.05275,6384,383,1,1,10/12/2006,35,29,22,25,13,9,15,8,8,9,5,9,5,12,8,9,8,16,12,19,21,32,37,58,94,140,198,196,215,251,253,287,265,266,218,273,246,228,252,223,234,199,200,200,204,204,238,198,220,224,177,185,202,178,198,214,206,186,186,169,204,226,196,208,225,220,237,239,228,254,267,239,241,215,206,223,164,187,172,150,124,117,103,120,143,138,143,110,104,113,105,86,70,64,50,33,13975
4043,BURKE_RD N of TOORAK_RD,059 H05,-37.84683,145.05275,6384,383,1,1,10/13/2006,31,35,22,26,25,11,15,11,11,8,3,11,9,9,6,14,12,11,11,25,22,30,53,65,85,126,174,180,230,231,257,258,262,234,304,244,223,231,224,222,215,199,206,225,188,194,212,209,218,211,216,210,194,191,179,184,188,205,197,195,211,208,228,203,232,211,210,230,249,224,244,217,248,248,219,207,179,211,150,156,124,131,114,126,144,119,98,107,128,87,108,107,123,89,87,64,14038
4043,BURKE_RD N of TOORAK_RD,059 H05,-37.84683,145.05275,6384,383,1,1,10/14/2006,67,67,63,43,39,37,29,19,18,18,19,17,16,19,21,15,16,15,14,14,30,23,32,39,44,62,73,99,77,84,112,115,143,136,185,180,169,205,200,242,201,178,243,242,269,245,241,261,238,249,246,236,200,226,273,225,195,208,216,217,235,206,183,209,227,200,192,198,194,215,214,235,214,200,165,194,166,156,149,117,144,119,102,120,126,116,102,161,157,122,134,140,124,140,127,109,13337
4043,BURKE_RD N of TOORAK_RD,059 H05,-37.84683,145.05275,6384,383,1,1,10/16/2006,32,31,22,19,17,6,16,12,7,8,7,3,4,7,3,3,9,10,7,16,20,27,49,65,84,137,173,191,213,263,246,318,252,272,287,234,226,225,214,211,203,165,227,204,204,188,188,205,209,206,175,169,204,216,183,213,173,185,213,190,190,235,200,194,215,230,223,210,260,240,240,238,228,247,191,170,141,148,129,114,117,128,89,97,119,135,112,110,103,101,66,71,66,40,32,31,13326
4043,BURKE_RD N of TOORAK_RD,059 H05,-37.84683,145.05275,6384,383,1,1,10/17/2006,31,26,21,9,17,3,10,4,5,6,5,6,11,5,6,9,11,8,14,20,16,29,41,63,94,108,189,202,223,259,241,297,248,298,252,246,247,184,258,222,215,162,208,221,236,202,219,214,194,212,201,175,196,185,185,205,179,212,217,220,207,225,204,202,188,212,227,222,243,252,251,261,197,190,168,199,198,193,150,127,113,98,99,123,118,136,117,127,134,97,88,85,72,45,43,32,13645
4043,BURKE_RD N of TOORAK_RD,059 H05,-37.84683,145.05275,6384,383,1,1,10/18/2006,35,33,19,19,25,10,12,11,6,5,4,4,10,8,10,3,8,12,10,15,27,36,56,58,99,126,174,194,212,276,289,289,315,240,291,235,232,221,211,200,192,213,241,234,237,245,222,231,250,223,209,229,236,239,227,205,197,207,217,211,209,219,225,204,202,215,215,198,234,220,246,257,218,220,192,195,193,181,157,107,142,112,81,102,147,123,112,102,115,112,96,71,77,72,37,57,14170
4043,BURKE_RD N of TOORAK_RD,059 H05,-37.84683,145.05275,6384,383,1,1,10/19/2006,43,39,40,21,10,10,9,11,7,4,12,9,8,5,5,12,16,12,9,21,21,32,55,50,104,123,189,179,215,264,262,274,268,276,279,250,274,211,244,218,219,238,215,204,193,187,204,225,217,206,202,200,215,172,225,222,197,218,216,237,219,254,200,222,200,238,198,279,267,255,265,255,208,217,174,192,183,213,140,178,123,111,108,107,110,146,119,113,98,132,101,80,76,67,57,43,14251
4043,BURKE_RD N of TOORAK_RD,059 H05,-37.84683,145.05275,6384,383,1,1,10/20/2006,37,34,28,31,24,11,12,11,9,7,5,8,18,11,11,10,5,17,16,18,23,40,44,66,78,130,174,204,207,250,270,244,282,283,240,255,216,212,232,202,231,214,214,235,200,217,238,222,199,200,217,231,183,218,190,196,202,214,198,204,205,194,217,242,200,210,228,238,222,239,246,254,182,208,175,196,202,194,158,142,144,93,116,111,147,110,88,92,96,111,106,106,110,94,100,61,14035
4043,BURKE_RD N of TOORAK_RD,059 H05,-37.84683,145.05275,6384,383,1,1,10/21/2006,68,68,52,42,31,30,27,35,28,19,18,11,9,18,17,16,18,13,12,14,26,21,27,33,59,70,79,74,78,87,116,132,143,131,158,166,170,213,228,232,232,255,261,259,220,216,256,249,234,226,276,229,233,183,233,205,219,235,202,204,211,175,192,191,202,221,209,207,190,213,215,191,197,198,174,205,204,170,119,139,130,120,117,123,101,114,137,131,112,104,108,134,145,114,134,120,13183
4043,BURKE_RD N of TOORAK_RD,059 H05,-37.84683,145.05275,6384,383,1,1,10/23/2006,33,26,17,20,16,14,11,7,4,8,3,7,11,3,6,9,6,17,9,15,25,35,47,54,74,118,179,193,224,247,265,239,259,227,273,254,231,217,219,187,203,212,204,188,173,216,197,223,207,166,202,204,183,186,154,198,169,208,193,192,198,230,210,262,219,223,213,199,228,250,233,201,208,239,190,176,184,140,115,108,105,126,110,110,86,87,100,112,117,100,68,41,51,49,30,27,13032
4043,BURKE_RD N of TOORAK_RD,059 H05,-37.84683,145.05275,6384,383,1,1,10/24/2006,30,15,25,16,17,12,7,7,4,5,4,7,11,12,6,10,8,8,11,17,21,43,57,83,111,141,160,203,216,292,268,248,259,273,262,278,250,220,209,200,215,202,192,188,190,213,195,165,207,192,193,215,187,169,219,207,213,186,182,184,209,218,244,189,204,227,202,189,215,229,251,212,248,241,162,213,197,167,147,158,119,105,101,111,107,128,84,147,125,115,104,68,65,72,42,35,13590
4043,BURKE_RD N of TOORAK_RD,059 H05,-37.84683,145.05275,6384,383,1,1,10/25/2006,36,29,24,19,21,9,14,12,5,4,10,4,6,4,5,2,8,12,14,15,29,51,57,70,92,132,178,179,203,255,261,293,276,270,269,273,232,231,237,208,177,205,201,202,200,220,195,205,209,190,210,202,211,221,231,218,203,235,210,208,209,202,231,167,202,219,210,223,258,270,213,254,233,231,188,174,189,181,154,139,123,123,111,105,117,137,108,113,123,94,71,81,56,63,46,34,13854
4043,BURKE_RD N of TOORAK_RD,059 H05,-37.84683,145.05275,6384,383,1,1,10/26/2006,29,26,22,14,16,15,9,5,3,12,5,6,7,12,6,9,12,16,6,22,28,35,51,63,99,121,170,213,199,206,279,285,272,300,269,214,262,244,210,193,209,179,216,204,204,207,204,214,198,214,246,219,200,169,201,208,194,248,240,192,214,222,228,205,196,223,212,231,249,273,260,223,259,217,223,214,201,164,165,122,111,140,134,154,148,125,145,132,119,99,86,89,77,55,57,48,14151
4043,BURKE_RD N of TOORAK_RD,059 H05,-37.84683,145.05275,6384,383,1,1,10/27/2006,32,27,31,22,18,9,16,13,15,8,9,11,13,10,10,6,7,11,7,12,26,29,43,66,112,124,186,188,205,259,280,253,259,263,269,249,206,259,211,210,198,188,205,203,219,208,219,218,210,231,195,200,202,215,187,195,239,200,227,242,227,218,211,191,214,204,217,230,271,244,249,211,204,206,197,214,215,176,154,138,152,121,98,117,122,107,102,103,113,114,88,109,111,93,90,63,14079
4043,BURKE_RD N of TOORAK_RD,059 H05,-37.84683,145.05275,6384,383,1,1,10/28/2006,70,73,53,51,34,34,29,32,25,24,17,12,14,21,17,12,18,13,14,17,22,25,15,30,39,48,72,68,71,87,109,112,105,152,131,144,174,158,213,193,220,182,235,219,207,231,229,260,247,242,249,240,219,223,236,180,239,206,219,212,177,209,262,242,197,176,178,198,193,207,212,210,228,177,201,209,206,156,151,132,130,139,99,116,95,95,90,135,117,109,107,139,110,118,106,92,12761
4043,BURKE_RD N of TOORAK_RD,059 H05,-37.84683,145.05275,6384,383,1,1,10/30/2006,38,17,22,16,21,15,12,11,6,4,7,3,6,10,6,6,8,13,7,21,13,37,38,66,68,107,150,175,219,220,283,280,244,249,259,274,233,252,204,222,163,185,169,228,190,159,162,167,172,212,176,205,242,189,220,183,187,189,167,192,215,223,182,203,188,195,175,228,230,268,231,238,235,209,190,167,172,142,106,112,141,110,100,118,120,86,127,103,78,62,94,66,62,41,38,24,12878
4043,BURKE_RD N of TOORAK_RD,059 H05,-37.84683,145.05275,6384,383,1,1,10/31/2006,43,24,22,13,27,10,8,6,5,8,9,4,6,8,6,10,10,5,7,13,22,36,54,54,87,112,159,186,215,257,298,298,271,286,264,264,217,210,217,206,196,198,212,191,196,203,232,205,172,223,231,202,193,241,203,221,228,205,219,253,196,198,209,215,176,204,236,213,210,241,242,238,239,204,223,192,202,186,124,137,119,118,87,100,110,128,123,157,136,104,99,80,56,52,46,37,13818
4043,TOORAK_RD E of BURKE_RD,059 H05,-37.84726,145.05308,12526,383,3,1,10/2/2006,25,13,10,18,16,8,10,16,5,6,13,13,4,6,8,14,15,13,9,34,33,52,68,90,104,159,239,303,323,418,417,318,384,335,360,293,231,245,208,189,179,200,152,171,176,169,183,170,183,152,188,167,151,165,172,142,168,133,187,148,171,140,168,143,158,167,217,144,173,233,174,186,182,165,164,162,138,121,102,97,67,83,87,80,65,64,68,84,73,61,60,46,47,25,33,17,12546
4043,TOORAK_RD E of BURKE_RD,059 H05,-37.84726,145.05308,12526,383,3,1,10/3/2006,18,14,11,14,10,5,8,9,6,6,12,4,5,6,10,11,11,8,16,25,36,59,82,115,126,241,310,322,396,418,397,370,341,367,319,269,293,259,236,255,192,171,239,164,178,193,152,190,180,204,191,152,187,160,179,165,168,180,152,160,172,198,187,172,164,177,195,205,178,176,179,214,206,166,174,166,154,122,158,106,111,79,82,76,89,91,82,99,91,56,65,52,56,56,23,22,13576
4043,TOORAK_RD E of BURKE_RD,059 H05,-37.84726,145.05308,12526,383,3,1,10/4/2006,24,16,18,9,12,8,13,8,7,7,11,5,4,6,5,13,14,10,15,24,32,49,80,111,123,231,275,354,431,397,437,365,362,339,364,289,293,212,235,223,199,204,204,186,225,199,180,186,180,193,175,177,168,178,171,151,142,151,178,155,172,183,182,182,176,201,183,193,205,186,188,205,217,187,170,187,154,160,119,123,103,108,112,111,91,89,79,87,81,78,81,57,60,45,38,22,13848
4043,TOORAK_RD E of BURKE_RD,059 H05,-37.84726,145.05308,12526,383,3,1,10/5/2006,24,26,17,19,14,8,6,9,8,9,7,11,5,6,10,14,16,10,18,29,31,49,86,97,119,217,295,310,393,393,403,412,361,320,352,319,306,205,219,215,194,187,182,185,196,194,208,178,171,190,167,174,205,175,183,166,169,184,198,154,189,172,183,180,168,205,191,194,205,177,198,168,202,177,180,185,179,135,114,147,131,112,91,103,99,90,109,78,88,91,83,66,58,36,46,53,13911
4043,TOORAK_RD E of BURKE_RD,059 H05,-37.84726,145.05308,12526,383,3,1,10/6/2006,28,24,18,29,14,13,6,14,13,10,9,15,10,10,11,20,16,14,20,30,38,49,84,102,144,198,293,302,378,386,386,411,334,358,314,347,271,240,229,227,193,203,205,186,179,194,242,188,198,171,198,193,180,159,183,171,218,175,172,179,175,164,178,197,183,200,172,171,187,258,185,205,198,202,191,214,202,189,176,157,127,136,119,103,124,92,106,92,117,81,100,74,87,74,73,72,14583
4043,TOORAK_RD E of BURKE_RD,059 H05,-37.84726,145.05308,12526,383,3,1,10/7/2006,46,54,44,42,42,32,34,35,22,26,22,17,18,26,17,20,21,17,14,23,18,30,37,42,48,86,110,95,64,94,114,124,125,187,187,209,172,200,217,222,190,195,209,212,196,203,189,209,223,233,202,175,207,196,199,198,184,182,164,179,213,191,162,177,179,188,173,169,214,173,191,193,217,230,218,223,246,186,171,157,124,124,119,113,89,95,102,105,96,89,115,93,103,82,86,88,12392
4043,TOORAK_RD E of BURKE_RD,059 H05,-37.84726,145.05308,12526,383,3,1,10/9/2006,21,14,15,14,13,11,11,9,4,8,10,5,7,13,3,11,17,17,22,36,31,42,81,116,122,207,318,282,388,431,404,394,330,348,315,331,296,255,224,193,195,211,171,155,186,173,170,180,148,177,206,150,157,193,162,158,157,160,172,173,152,192,173,180,153,196,192,178,220,180,210,181,145,208,169,166,150,119,105,103,92,80,67,85,73,59,65,64,68,60,51,35,36,26,23,20,13099
4043,TOORAK_RD E of BURKE_RD,059 H05,-37.84726,145.05308,12526,383,3,1,10/10/2006,21,15,19,11,9,7,5,8,2,8,6,6,6,5,12,7,17,16,16,26,36,51,71,112,137,220,262,349,353,242,308,340,346,313,352,319,290,265,244,229,174,209,205,195,154,207,172,179,167,156,193,154,160,183,163,156,150,169,150,156,189,161,200,171,175,201,215,154,191,185,215,203,190,200,179,177,170,170,144,117,92,109,96,77,68,74,76,65,79,72,76,53,42,50,31,29,13209
4043,TOORAK_RD E of BURKE_RD,059 H05,-37.84726,145.05308,12526,383,3,1,10/11/2006,25,18,18,11,17,4,8,9,12,6,12,4,6,6,6,7,10,17,13,24,29,52,84,112,132,249,285,330,409,367,430,372,337,293,289,274,305,247,255,228,200,190,197,194,177,192,171,231,184,171,189,174,173,170,200,158,180,159,162,157,168,188,174,171,177,189,176,181,211,206,209,214,199,239,192,179,171,167,146,108,132,92,90,92,105,106,85,82,67,78,76,75,57,47,36,30,13856
4043,TOORAK_RD E of BURKE_RD,059 H05,-37.84726,145.05308,12526,383,3,1,10/12/2006,22,28,20,14,15,10,14,12,7,10,4,15,9,2,8,13,11,10,15,31,38,53,92,105,146,231,303,319,389,401,431,364,397,321,324,292,287,280,224,213,219,207,181,188,181,190,162,214,204,168,199,166,182,154,162,162,169,174,165,163,187,181,170,151,184,199,177,192,208,196,225,215,200,176,217,180,146,155,133,120,103,100,110,86,105,85,114,90,75,88,88,79,74,50,35,42,14026
4043,TOORAK_RD E of BURKE_RD,059 H05,-37.84726,145.05308,12526,383,3,1,10/13/2006,32,28,21,31,15,24,9,14,14,15,6,11,3,9,15,14,7,20,17,26,33,56,88,115,136,200,287,344,377,371,434,400,339,372,323,361,243,241,239,236,172,200,205,185,193,188,190,179,183,197,198,202,158,155,151,192,154,177,203,172,182,167,194,178,150,213,233,168,152,199,226,197,215,174,226,192,177,167,168,137,135,116,111,83,104,110,100,99,90,97,108,100,97,79,68,62,14454
4043,TOORAK_RD E of BURKE_RD,059 H05,-37.84726,145.05308,12526,383,3,1,10/16/2006,21,20,18,14,14,17,11,8,7,11,4,8,6,8,5,11,14,12,19,29,35,46,101,97,136,216,264,335,361,434,429,373,386,354,351,276,288,204,237,175,176,218,203,139,129,177,178,186,178,157,180,171,158,163,177,167,158,148,145,165,177,184,159,180,165,187,190,172,183,223,203,189,159,169,196,147,143,127,125,94,84,77,84,86,93,70,65,51,59,51,56,45,33,37,31,18,13040
4043,TOORAK_RD E of BURKE_RD,059 H05,-37.84726,145.05308,12526,383,3,1,10/17/2006,12,16,16,12,16,4,7,8,7,8,12,6,4,10,7,12,19,17,16,28,26,70,89,111,140,262,290,317,384,406,455,323,340,302,371,326,301,272,262,227,193,216,211,196,162,176,170,189,166,172,171,168,163,182,177,139,159,165,153,158,183,168,178,161,180,186,213,168,200,212,192,227,242,181,189,220,194,162,131,118,96,96,86,88,93,100,77,93,66,87,66,61,38,45,49,32,13875
4043,TOORAK_RD E of BURKE_RD,059 H05,-37.84726,145.05308,12526,383,3,1,10/18/2006,29,24,22,11,13,9,14,6,5,9,9,8,5,7,11,9,10,10,15,29,32,53,82,127,149,207,310,330,392,388,411,406,320,332,301,378,245,277,230,229,222,207,203,189,187,196,186,194,177,179,201,160,172,180,170,151,120,165,163,157,179,189,184,173,219,179,185,208,181,202,181,205,197,191,223,202,181,158,142,143,99,112,101,107,109,98,85,77,88,86,92,60,56,61,40,31,14057
4043,TOORAK_RD E of BURKE_RD,059 H05,-37.84726,145.05308,12526,383,3,1,10/19/2006,27,24,18,19,12,13,15,11,9,3,8,5,5,10,11,11,14,19,20,25,21,58,84,120,137,261,261,372,360,364,424,371,323,334,293,337,279,292,238,249,237,205,196,195,178,196,169,160,179,204,175,190,160,199,175,180,175,177,185,162,166,198,208,161,171,175,208,190,198,216,192,216,211,184,184,196,188,198,132,115,103,103,95,115,87,110,84,88,88,75,74,48,92,67,46,43,14179
4043,TOORAK_RD E of BURKE_RD,059 H05,-37.84726,145.05308,12526,383,3,1,10/20/2006,31,37,29,25,12,19,19,14,12,8,20,11,8,11,15,8,18,13,22,32,28,52,80,115,140,232,315,339,362,410,455,389,358,310,339,351,250,252,249,248,170,181,205,201,153,174,233,227,193,199,197,201,186,186,185,167,152,190,198,189,181,193,179,151,166,170,179,241,188,167,195,206,198,170,183,196,185,185,158,158,127,118,91,106,91,96,85,81,105,95,97,75,66,68,55,68,14498
4043,TOORAK_RD E of BURKE_RD,059 H05,-37.84726,145.05308,12526,383,3,1,10/23/2006,30,22,16,16,4,9,14,9,9,6,5,8,8,12,8,9,14,15,15,31,48,48,77,126,129,226,279,328,354,415,421,376,320,353,292,343,296,216,220,261,205,187,179,165,180,174,187,153,169,161,167,163,159,176,148,152,174,159,165,155,171,165,182,156,189,163,179,166,184,223,190,196,171,202,167,166,152,121,118,116,92,83,89,61,73,81,67,87,69,61,47,40,31,25,35,12,13096
4043,TOORAK_RD E of BURKE_RD,059 H05,-37.84726,145.05308,12526,383,3,1,10/24/2006,16,19,17,8,9,6,14,4,4,3,5,7,6,8,7,8,11,10,18,27,35,54,91,112,168,203,299,309,385,434,415,402,349,308,361,328,274,260,250,224,181,183,202,211,165,186,160,198,147,183,185,174,157,165,150,160,187,156,163,179,194,184,149,200,196,163,185,181,179,205,212,180,171,212,189,192,152,155,139,135,91,85,76,91,93,77,77,88,60,78,62,60,44,47,41,30,13633
4043,TOORAK_RD E of BURKE_RD,059 H05,-37.84726,145.05308,12526,383,3,1,10/25/2006,23,12,21,11,8,8,7,4,8,4,9,10,5,8,5,13,13,17,17,28,42,54,92,127,161,227,301,312,355,420,393,426,360,319,330,306,312,258,251,214,215,194,209,176,194,175,197,183,166,189,179,181,148,163,188,188,153,163,164,158,183,154,181,197,183,205,189,175,189,222,210,169,213,202,201,175,156,135,134,123,103,102,99,88,111,87,116,75,72,78,72,74,59,33,35,30,13904
4043,TOORAK_RD E of BURKE_RD,059 H05,-37.84726,145.05308,12526,383,3,1,10/26/2006,26,20,9,14,11,13,12,10,7,7,10,7,6,4,8,15,15,14,14,20,36,48,87,121,160,222,299,338,334,246,383,379,366,335,337,275,330,258,248,242,156,228,202,153,155,207,179,192,164,207,186,181,172,203,207,190,182,169,177,208,183,159,195,170,178,176,181,208,183,214,203,210,180,200,182,191,180,157,149,128,125,116,95,91,89,87,108,112,77,89,67,70,58,54,41,26,13936
4043,TOORAK_RD E of BURKE_RD,059 H05,-37.84726,145.05308,12526,383,3,1,10/27/2006,24,21,14,22,14,18,12,19,14,11,11,16,5,13,12,14,12,7,16,20,41,51,81,118,152,193,304,338,374,368,440,338,400,322,353,323,231,259,274,206,245,226,202,200,184,189,199,191,189,181,190,143,132,179,216,196,174,177,173,192,185,165,192,172,176,181,182,209,196,215,200,208,205,197,211,200,155,195,182,138,105,110,100,98,89,82,111,76,81,96,72,86,71,64,79,56,14379
4043,TOORAK_RD E of BURKE_RD,059 H05,-37.84726,145.05308,12526,383,3,1,10/30/2006,18,22,19,20,12,11,11,10,6,7,6,9,6,9,9,14,13,16,17,23,31,49,86,105,121,200,279,288,398,406,405,390,375,338,311,318,295,291,235,200,192,177,182,158,185,179,155,187,160,180,184,166,166,178,173,162,183,147,161,160,173,150,182,163,147,204,216,158,185,225,205,218,177,203,177,142,131,154,123,132,98,83,88,74,70,83,63,80,73,51,47,35,27,29,24,16,13220
4043,TOORAK_RD E of BURKE_RD,059 H05,-37.84726,145.05308,12526,383,3,1,10/31/2006,20,17,11,15,16,10,3,10,8,10,3,9,3,7,10,11,10,9,18,24,26,58,72,108,124,221,300,296,398,410,399,377,347,327,290,321,312,252,268,226,164,213,209,184,189,168,167,183,197,160,176,213,184,187,176,159,145,142,174,155,184,165,187,178,178,204,216,180,203,192,189,222,208,201,194,189,134,151,139,126,124,93,110,98,94,83,82,89,91,61,69,59,37,54,34,34,13753
4043,BURKE_RD S of TOORAK_RD,059 H05,-37.84741,145.05263,16615,383,5,1,10/4/2006,51,37,18,23,8,9,11,10,9,6,9,9,7,4,10,5,10,10,16,21,12,33,52,58,92,155,162,170,205,241,221,234,220,271,248,239,209,222,196,178,193,188,183,181,142,199,194,172,164,177,185,179,194,177,181,174,168,172,154,213,177,203,206,191,196,197,248,234,225,200,264,227,255,238,242,175,215,151,172,114,129,96,97,100,96,113,89,114,82,76,83,72,74,44,39,37,12762
4043,BURKE_RD S of TOORAK_RD,059 H05,-37.84741,145.05263,16615,383,5,1,10/5/2006,27,20,21,17,16,14,11,13,9,6,12,9,8,9,15,4,6,9,21,20,20,35,45,81,82,115,176,200,172,181,221,219,220,279,225,242,209,210,186,202,168,206,154,184,181,189,176,171,203,173,186,193,175,191,171,148,189,186,188,164,187,206,191,191,190,169,203,224,211,212,252,210,215,226,214,202,154,176,165,141,130,105,132,128,113,128,125,104,82,90,107,78,75,44,38,33,12634
4043,BURKE_RD S of TOORAK_RD,059 H05,-37.84741,145.05263,16615,383,5,1,10/6/2006,30,31,22,15,14,12,15,12,13,14,13,9,10,7,12,8,6,8,19,24,21,32,54,86,105,135,150,200,186,251,253,221,241,264,290,242,198,231,209,178,156,155,174,181,156,205,138,163,180,195,212,185,175,187,191,204,180,205,207,201,207,217,210,216,225,231,205,224,211,214,266,227,281,277,229,209,194,183,178,147,153,130,138,115,94,114,90,102,80,76,115,90,78,69,64,37,13387
4043,BURKE_RD S of TOORAK_RD,059 H05,-37.84741,145.05263,16615,383,5,1,10/10/2006,30,35,9,15,15,10,4,6,12,17,4,8,7,7,9,8,6,13,16,26,23,35,44,77,102,127,168,197,156,252,235,198,239,289,198,311,218,210,238,159,208,183,187,155,152,164,188,169,168,164,155,183,169,193,181,187,160,190,202,184,192,223,167,205,179,214,198,185,193,204,238,198,291,211,218,202,176,166,173,123,102,95,106,91,110,122,73,130,88,97,55,74,60,53,46,34,12567
4043,BURKE_RD S of TOORAK_RD,059 H05,-37.84741,145.05263,16615,383,5,1,10/11/2006,28,28,13,50,17,8,6,9,8,10,7,8,9,5,10,8,13,11,12,21,16,23,64,83,83,148,158,200,199,221,211,277,220,269,241,252,225,250,213,195,202,185,189,187,165,181,185,171,175,159,188,206,173,187,206,167,179,171,174,193,206,192,170,200,190,199,213,207,212,226,255,246,220,221,186,195,183,159,155,130,86,107,118,99,121,84,103,95,104,111,79,76,57,51,42,45,12815
4043,BURKE_RD S of TOORAK_RD,059 H05,-37.84741,145.05263,16615,383,5,1,10/12/2006,47,36,14,18,9,15,7,10,9,12,6,12,9,7,9,10,11,9,13,22,19,29,40,88,85,113,162,212,187,244,224,207,205,269,272,245,208,189,201,202,184,173,163,216,178,179,200,186,178,189,149,164,183,190,173,187,206,182,180,156,203,205,202,216,186,238,224,205,210,216,234,232,258,202,208,224,216,208,159,161,123,115,123,105,145,134,101,128,83,88,88,83,61,62,47,50,13045
4043,BURKE_RD S of TOORAK_RD,059 H05,-37.84741,145.05263,16615,383,5,1,10/13/2006,40,28,20,30,12,15,11,6,11,11,13,12,10,11,14,11,12,10,17,26,20,31,54,85,100,119,166,190,169,247,224,185,235,203,255,252,198,221,184,178,181,173,162,163,171,182,187,176,157,206,172,168,180,198,153,179,175,166,175,189,184,212,196,171,199,218,232,224,211,235,255,223,239,210,190,210,177,193,146,151,119,121,92,130,114,123,118,107,81,114,111,72,79,97,82,74,12859
4043,BURKE_RD S of TOORAK_RD,059 H05,-37.84741,145.05263,16615,383,5,1,10/16/2006,26,26,18,16,9,14,12,11,8,6,7,8,8,8,3,5,11,12,16,19,22,29,62,81,100,124,153,200,174,213,221,249,233,253,241,211,219,193,201,211,203,170,170,181,156,175,177,184,166,176,164,181,207,187,165,177,168,152,161,193,181,202,194,209,199,202,196,196,232,198,254,227,255,257,204,198,162,198,169,122,116,95,109,87,105,82,70,98,82,68,53,52,64,52,27,33,12394
4043,BURKE_RD S of TOORAK_RD,059 H05,-37.84741,145.05263,16615,383,5,1,10/17/2006,27,21,16,31,15,8,6,16,8,6,4,12,8,6,7,4,6,6,18,25,20,33,50,80,86,132,147,203,199,233,201,248,199,296,242,264,198,197,200,153,159,173,197,177,168,191,157,161,160,163,171,164,177,173,182,176,181,152,178,187,183,169,177,195,219,197,201,224,194,220,257,238,242,249,220,225,173,197,184,143,106,108,102,107,105,97,67,101,75,85,62,85,59,46,41,48,12479
4043,BURKE_RD S of TOORAK_RD,059 H05,-37.84741,145.05263,16615,383,5,1,10/18/2006,40,30,22,17,10,13,7,9,11,7,9,11,7,8,7,8,6,10,15,27,16,35,46,76,98,131,138,227,176,224,205,248,222,252,284,187,198,196,217,193,189,155,167,175,157,177,160,185,177,182,192,178,179,176,184,176,179,162,184,193,162,208,218,215,182,193,194,198,207,194,234,236,258,256,228,213,158,153,176,123,113,116,118,116,124,109,82,105,111,78,73,82,62,50,38,31,12584
4043,BURKE_RD S of TOORAK_RD,059 H05,-37.84741,145.05263,16615,383,5,1,10/19/2006,65,35,23,19,16,13,17,11,16,11,13,11,10,12,8,10,9,8,20,25,20,33,40,84,76,150,163,169,176,207,197,241,229,200,292,239,209,199,201,193,163,188,203,169,160,180,183,216,214,166,184,143,206,183,217,190,192,194,184,198,169,219,221,200,190,201,193,242,198,203,252,227,254,225,244,193,212,181,165,163,120,116,121,104,120,140,90,104,87,97,92,73,83,64,41,47,13054
4043,BURKE_RD S of TOORAK_RD,059 H05,-37.84741,145.05263,16615,383,5,1,10/20/2006,38,28,23,21,14,22,12,10,9,14,7,4,11,8,8,10,9,8,15,30,15,33,46,107,96,101,189,200,155,238,211,239,219,246,280,211,184,193,181,154,174,169,174,212,184,201,194,175,185,197,173,194,172,175,200,168,180,163,197,187,228,176,191,178,221,183,225,204,224,179,252,227,255,213,201,203,163,197,146,135,124,109,124,89,101,117,112,90,93,103,70,81,74,80,70,68,12779
4043,BURKE_RD S of TOORAK_RD,059 H05,-37.84741,145.05263,16615,383,5,1,10/24/2006,35,22,25,12,8,15,8,9,7,4,6,5,10,7,7,7,5,6,21,29,16,37,47,107,90,151,180,198,180,181,240,234,180,304,253,255,209,194,177,140,181,150,182,192,167,158,215,159,182,197,204,195,199,181,229,176,173,184,164,187,200,174,207,200,206,222,240,233,249,255,240,268,280,249,185,237,221,158,138,115,104,102,122,104,106,89,76,97,72,86,72,63,63,43,48,37,12857
4043,BURKE_RD S of TOORAK_RD,059 H05,-37.84741,145.05263,16615,383,5,1,10/25/2006,47,23,27,12,14,11,8,5,6,14,5,10,8,5,5,15,6,4,17,23,19,28,61,94,73,148,155,179,160,207,257,203,220,227,201,242,223,218,166,199,182,167,189,183,165,186,205,170,196,160,176,183,188,177,154,170,179,191,179,187,137,228,177,200,204,185,209,236,211,264,263,242,242,240,221,178,163,163,167,135,116,126,84,92,125,103,80,91,89,62,57,67,60,73,38,63,12523
4043,BURKE_RD S of TOORAK_RD,059 H05,-37.84741,145.05263,16615,383,5,1,10/26/2006,55,23,19,10,16,11,9,10,7,7,5,13,12,13,11,4,8,6,16,15,22,29,52,81,94,145,153,208,207,232,295,239,242,257,230,237,167,227,232,193,199,155,173,181,156,182,184,151,208,182,191,169,164,189,184,171,184,215,171,194,170,226,188,182,185,188,243,205,213,228,236,249,216,202,237,218,193,196,172,131,142,126,107,134,134,145,102,87,102,85,76,90,62,72,68,67,13092
4043,BURKE_RD S of TOORAK_RD,059 H05,-37.84741,145.05263,16615,383,5,1,10/27/2006,30,24,33,27,16,18,8,10,9,15,6,6,13,8,12,6,10,4,23,20,27,29,56,95,101,134,158,204,182,215,238,212,258,222,229,245,208,192,201,213,205,148,209,191,177,166,168,190,201,205,180,181,175,180,172,184,207,173,190,215,147,204,186,176,219,191,189,194,268,227,248,221,197,237,206,218,202,183,178,138,133,110,123,95,116,125,98,89,103,80,78,79,85,86,78,66,13007
4043,BURKE_RD S of TOORAK_RD,059 H05,-37.84741,145.05263,16615,383,5,1,10/31/2006,30,19,21,9,16,15,6,6,6,9,8,10,8,6,10,11,10,8,15,22,24,39,43,65,104,145,158,240,197,229,225,236,196,275,248,257,192,165,196,200,225,171,168,162,156,171,173,193,173,163,201,142,177,202,187,170,185,192,193,177,177,193,161,218,168,222,195,215,201,210,225,223,231,214,233,175,207,181,163,155,131,128,109,83,96,70,84,82,76,78,78,49,59,52,54,38,12494
4043,TOORAK_RD W OF BURKE_RD,059 H05,-37.84714,145.05205,2271,383,7,1,10/2/2006,39,36,31,25,33,15,9,10,19,15,20,13,4,6,5,10,11,7,4,17,7,14,27,31,31,57,72,94,105,142,173,152,180,187,196,163,147,170,150,177,167,170,154,166,178,198,156,176,163,162,180,196,164,177,168,189,223,166,195,185,187,233,238,244,277,266,349,325,334,383,368,325,348,348,290,273,196,201,175,158,140,106,99,103,113,93,90,123,100,100,72,64,66,66,57,32,13079
4043,TOORAK_RD W OF BURKE_RD,059 H05,-37.84714,145.05205,2271,383,7,1,10/3/2006,32,30,19,21,10,21,18,16,12,15,10,9,14,10,6,4,7,9,6,11,7,17,20,27,33,56,90,87,106,115,130,190,167,170,203,172,200,203,183,206,183,161,159,157,180,162,173,175,172,171,183,208,218,195,184,206,186,230,211,214,246,240,236,266,278,292,316,360,373,386,329,375,356,378,300,290,284,251,197,168,154,153,142,117,120,133,116,111,107,119,99,82,73,77,76,50,14040
4043,TOORAK_RD W OF BURKE_RD,059 H05,-37.84714,145.05205,2271,383,7,1,10/4/2006,46,45,35,20,16,14,13,12,16,15,12,15,10,6,7,5,11,13,8,11,8,13,23,35,31,63,79,94,116,144,168,173,204,150,197,187,170,170,172,191,163,198,188,159,182,173,187,213,209,193,189,197,169,219,193,182,166,181,165,195,184,201,223,244,274,279,265,383,330,392,333,376,361,362,338,274,246,234,230,168,154,160,164,127,107,127,131,140,128,118,124,106,85,60,70,41,13978
4043,TOORAK_RD W OF BURKE_RD,059 H05,-37.84714,145.05205,2271,383,7,1,10/5/2006,44,38,29,22,20,22,25,19,14,13,13,13,11,17,7,6,11,7,7,12,13,17,16,48,45,48,79,88,105,125,167,198,170,157,182,189,176,209,183,176,189,171,192,186,184,183,189,173,187,224,203,189,243,207,189,211,219,193,198,201,210,213,286,263,288,310,306,343,380,336,404,404,381,325,303,317,219,228,229,160,147,158,135,132,121,153,121,126,110,126,123,102,97,80,100,66,14474
4043,TOORAK_RD W OF BURKE_RD,059 H05,-37.84714,145.05205,2271,383,7,1,10/6/2006,48,48,28,46,28,25,35,26,27,26,25,15,9,13,17,11,15,8,12,12,11,9,20,40,34,86,62,141,108,134,141,170,192,182,159,189,157,177,183,176,173,184,190,175,180,183,198,176,206,210,213,191,204,185,196,190,192,171,206,198,209,222,258,253,282,328,304,389,345,408,337,350,377,350,315,294,253,221,192,174,144,149,135,120,115,115,117,129,129,134,141,151,128,126,97,122,14579
4043,TOORAK_RD W OF BURKE_RD,059 H05,-37.84714,145.05205,2271,383,7,1,10/9/2006,49,36,26,25,23,15,16,15,18,12,13,7,8,7,8,6,10,10,12,6,9,19,29,34,37,53,105,85,85,141,142,169,167,184,199,174,157,172,166,176,173,166,186,164,176,173,178,211,181,192,189,173,178,188,178,189,167,212,216,232,182,246,240,225,277,317,279,324,375,366,375,367,383,370,304,281,197,186,154,145,133,127,124,101,97,131,103,86,74,101,95,56,64,43,33,38,13346
4043,TOORAK_RD W OF BURKE_RD,059 H05,-37.84714,145.05205,2271,383,7,1,10/10/2006,26,29,27,15,19,16,11,11,12,14,9,2,10,6,6,16,10,7,7,14,8,14,20,35,49,49,95,77,110,120,169,148,220,173,180,204,203,188,187,189,192,203,173,187,170,170,197,173,168,163,174,185,204,183,198,183,178,198,214,219,233,205,260,244,273,291,317,344,342,357,369,375,315,403,303,310,264,242,205,196,175,172,160,120,111,127,134,120,119,119,100,97,99,85,45,48,14116
4043,TOORAK_RD W OF BURKE_RD,059 H05,-37.84714,145.05205,2271,383,7,1,10/11/2006,51,34,21,29,20,14,13,11,13,11,12,9,12,11,10,3,9,9,5,15,6,14,30,40,40,60,91,91,106,142,179,194,178,191,170,203,168,211,181,176,192,139,188,180,170,166,209,203,204,195,206,174,181,204,194,198,190,192,213,183,208,198,223,244,277,289,297,315,301,340,349,357,337,343,302,278,250,227,225,177,165,155,163,132,130,159,146,135,121,149,124,104,94,62,74,53,14067
4043,TOORAK_RD W OF BURKE_RD,059 H05,-37.84714,145.05205,2271,383,7,1,10/12/2006,51,39,40,24,34,22,21,17,13,15,15,14,5,9,8,17,10,7,6,15,20,10,37,43,42,51,86,107,113,170,170,133,190,182,208,195,193,172,165,172,189,186,158,179,170,192,190,221,211,181,192,181,182,170,162,182,187,172,165,189,229,199,259,205,269,284,297,249,290,373,314,270,341,227,254,235,199,218,200,175,136,139,151,139,148,113,126,136,140,142,122,113,85,65,66,61,13469
4043,TOORAK_RD W OF BURKE_RD,059 H05,-37.84714,145.05205,2271,383,7,1,10/13/2006,58,51,42,42,29,26,22,26,23,23,10,21,17,17,9,16,11,8,9,9,10,13,36,45,38,57,96,98,115,150,154,201,159,196,174,196,176,161,153,176,173,151,186,188,192,182,227,195,210,213,193,226,211,203,193,201,208,213,235,220,217,235,276,262,271,296,322,341,316,409,329,373,358,338,331,254,236,210,178,167,164,150,122,121,130,101,150,92,102,119,127,111,124,132,76,116,14549
4043,TOORAK_RD W OF BURKE_RD,059 H05,-37.84714,145.05205,2271,383,7,1,10/16/2006,48,39,37,24,25,14,16,18,17,15,15,6,5,4,7,7,10,12,12,13,7,11,21,34,49,51,84,104,103,132,190,162,182,187,161,136,155,148,153,189,172,150,168,149,143,159,172,182,183,179,161,202,192,176,192,148,156,177,180,186,213,228,257,237,279,249,343,366,332,414,366,374,333,346,260,274,204,224,161,172,157,127,116,99,106,116,121,117,93,95,81,66,72,52,48,41,13169
4043,TOORAK_RD W OF BURKE_RD,059 H05,-37.84714,145.05205,2271,383,7,1,10/17/2006,49,30,27,31,24,12,17,10,13,11,13,10,11,9,8,10,11,8,9,14,9,15,22,37,39,81,67,95,100,125,167,185,209,193,204,211,176,193,191,176,173,169,186,176,187,167,215,171,188,170,197,174,174,162,190,212,213,204,193,197,180,184,275,230,258,308,331,310,339,370,392,362,304,364,307,270,273,197,216,175,157,138,150,128,123,125,113,98,106,110,99,97,104,100,111,83,14027
4043,TOORAK_RD W OF BURKE_RD,059 H05,-37.84714,145.05205,2271,383,7,1,10/18/2006,53,44,22,24,28,16,17,10,11,18,9,11,10,12,9,5,9,5,5,10,5,16,23,41,35,46,84,104,112,136,141,177,178,212,164,196,191,194,179,167,164,139,157,185,180,192,211,189,190,188,219,170,186,173,181,191,190,205,217,198,218,208,235,241,347,297,313,338,308,364,349,334,374,336,327,274,268,252,187,178,149,162,130,138,166,123,142,139,102,117,106,103,81,92,74,75,14101
4043,TOORAK_RD W OF BURKE_RD,059 H05,-37.84714,145.05205,2271,383,7,1,10/19/2006,66,42,39,30,27,26,24,16,26,16,12,10,8,17,10,12,13,12,7,17,16,14,29,41,40,49,83,89,124,129,173,164,163,196,206,196,169,163,171,159,188,158,185,208,164,166,203,209,183,204,195,205,161,209,176,202,211,206,221,221,259,214,256,253,294,332,378,339,360,373,320,412,328,353,318,298,254,215,193,196,145,155,163,146,133,130,118,120,119,136,131,102,93,70,77,73,14535
4043,TOORAK_RD W OF BURKE_RD,059 H05,-37.84714,145.05205,2271,383,7,1,10/20/2006,62,51,32,34,37,37,26,24,22,19,27,26,21,11,18,12,19,10,7,13,12,11,23,49,39,52,84,83,98,156,149,192,161,194,168,196,202,185,190,190,192,164,184,195,209,190,207,200,210,232,196,188,204,196,195,214,196,180,222,193,207,269,253,244,293,296,328,348,339,370,349,362,356,373,304,245,219,214,172,163,178,138,144,114,101,117,109,122,123,110,118,130,126,93,112,89,14537
4043,TOORAK_RD W OF BURKE_RD,059 H05,-37.84714,145.05205,2271,383,7,1,10/23/2006,42,48,24,15,25,15,13,14,12,7,8,7,6,10,6,10,9,18,9,10,9,19,21,39,34,55,78,93,108,130,142,194,173,194,174,197,167,167,166,175,178,172,148,168,159,178,199,180,168,181,187,200,192,172,177,199,192,172,207,194,217,232,243,252,273,274,325,289,301,363,322,339,343,324,303,260,215,231,178,158,133,152,121,94,91,103,85,86,94,104,77,68,52,59,42,44,13113
4043,TOORAK_RD W OF BURKE_RD,059 H05,-37.84714,145.05205,2271,383,7,1,10/24/2006,18,31,22,20,12,9,15,14,15,11,9,2,5,10,12,4,11,4,11,11,9,21,17,44,48,55,108,86,129,118,175,169,184,169,173,170,170,181,178,198,169,158,197,175,164,210,174,150,170,182,201,184,177,177,174,183,171,205,205,179,212,208,206,275,257,248,320,265,333,314,286,320,330,325,276,260,278,251,156,164,160,176,128,126,138,126,125,127,117,105,111,94,92,84,80,38,13364
4043,TOORAK_RD W OF BURKE_RD,059 H05,-37.84714,145.05205,2271,383,7,1,10/25/2006,47,29,24,26,19,14,11,10,12,9,7,8,7,6,6,8,11,13,2,8,10,15,26,46,46,59,80,96,107,153,151,136,189,187,181,153,208,184,173,159,192,157,177,152,183,181,195,179,176,168,194,192,208,179,188,187,179,191,194,198,212,218,246,244,269,301,320,332,334,356,349,372,370,323,318,297,252,224,195,168,154,154,160,127,124,129,124,113,121,135,89,69,89,81,62,72,13809
4043,TOORAK_RD W OF BURKE_RD,059 H05,-37.84714,145.05205,2271,383,7,1,10/26/2006,37,40,39,35,25,21,13,15,13,6,7,11,13,13,5,4,8,10,9,11,7,13,24,40,38,53,81,70,128,133,188,145,164,169,193,174,185,180,208,157,173,168,194,142,180,179,171,199,176,170,200,177,188,170,197,191,196,184,178,199,205,189,210,231,282,283,286,364,382,365,362,333,361,348,314,274,240,227,228,187,191,161,150,135,148,141,114,127,132,143,101,128,103,103,85,62,14012
4043,TOORAK_RD W OF BURKE_RD,059 H05,-37.84714,145.05205,2271,383,7,1,10/27/2006,49,33,40,43,31,21,27,19,19,22,13,11,21,25,17,11,7,11,12,16,8,9,21,50,39,38,85,98,99,144,193,126,190,167,188,165,182,178,177,164,170,213,151,162,185,202,213,189,172,203,206,135,162,193,178,206,182,220,224,207,228,220,266,275,304,311,360,361,359,381,363,324,333,295,307,246,246,200,174,155,149,159,164,142,104,143,95,113,127,151,130,121,120,111,76,102,14257
4043,TOORAK_RD W OF BURKE_RD,059 H05,-37.84714,145.05205,2271,383,7,1,10/30/2006,29,40,34,34,17,21,19,13,8,16,8,9,8,8,12,9,13,10,8,14,6,14,28,19,40,52,78,83,105,127,140,174,195,196,187,199,171,172,157,162,175,150,160,159,145,168,167,191,173,182,203,189,192,177,172,159,188,169,199,188,239,224,250,242,309,290,309,288,297,375,322,352,336,329,287,281,205,200,159,158,129,155,122,105,114,89,107,111,99,111,88,74,63,69,51,48,13128
4043,TOORAK_RD W OF BURKE_RD,059 H05,-37.84714,145.05205,2271,383,7,1,10/31/2006,33,28,31,18,24,10,17,11,12,13,15,5,8,9,7,9,8,10,7,10,10,16,18,31,31,50,78,78,85,149,134,131,199,190,221,201,154,171,189,177,169,160,162,177,174,203,169,181,178,184,192,203,184,182,200,204,183,188,183,198,237,201,283,235,283,262,322,273,303,361,372,358,359,382,343,278,236,250,214,184,161,185,107,127,132,135,123,136,118,122,100,87,76,64,67,45,13793
4262,BRIDGE_RD SW of BURWOOD_RD,002HJ07,-37.82155,145.01503,4240,649,6,1,10/3/2006,24,35,29,15,14,13,16,15,10,10,13,8,10,13,9,13,3,7,9,19,21,15,16,24,35,43,70,77,87,129,137,177,174,192,191,182,129,132,138,144,128,143,162,160,138,146,166,179,164,189,161,175,185,152,158,175,193,266,195,224,228,242,193,220,221,218,296,278,314,368,392,366,336,350,265,288,219,228,190,137,164,135,146,132,152,138,137,121,116,122,119,70,87,82,70,60,13057
4262,BRIDGE_RD SW of BURWOOD_RD,002HJ07,-37.82155,145.01503,4240,649,6,1,10/4/2006,51,41,37,34,21,27,20,14,21,14,15,11,10,11,8,10,16,9,8,13,10,20,16,34,39,47,78,84,106,116,136,155,184,186,171,184,146,140,166,123,115,131,145,148,163,163,162,173,161,168,166,168,184,169,178,191,178,162,182,187,241,225,227,211,236,251,285,274,334,357,348,384,351,326,246,145,234,192,194,67,158,156,168,163,137,165,139,137,153,123,136,104,117,93,74,56,13033
4262,BRIDGE_RD SW of BURWOOD_RD,002HJ07,-37.82155,145.01503,4240,649,6,1,10/5/2006,60,36,41,43,31,20,21,16,18,22,17,8,15,13,11,15,12,7,12,15,12,18,17,35,42,41,61,82,104,120,130,158,162,197,207,186,134,144,77,135,139,131,165,148,157,145,138,153,173,176,168,155,188,181,200,175,197,184,217,200,212,233,220,231,228,240,282,310,344,338,331,365,321,354,254,238,238,202,193,170,180,144,158,151,152,183,154,136,134,143,137,117,104,83,74,65,13304
4262,BRIDGE_RD SW of BURWOOD_RD,002HJ07,-37.82155,145.01503,4240,649,6,1,10/6/2006,80,57,42,42,38,30,23,36,27,25,23,19,39,23,18,12,13,9,14,22,21,7,25,30,46,44,67,85,109,92,148,163,170,204,174,194,140,136,133,158,141,144,152,178,164,177,175,205,179,189,165,185,192,192,187,183,178,170,181,237,193,247,245,222,258,268,261,294,306,342,303,359,363,361,282,214,236,197,148,165,161,152,131,147,109,138,138,120,148,162,146,125,163,151,128,147,13842
4262,BRIDGE_RD SW of BURWOOD_RD,002HJ07,-37.82155,145.01503,4240,649,6,1,10/9/2006,39,40,27,14,27,20,22,17,11,13,11,7,14,11,5,9,16,12,5,14,16,18,18,34,42,41,67,70,86,134,154,174,175,186,168,165,124,134,154,125,152,136,157,110,160,171,157,145,179,170,155,169,189,152,188,172,181,160,170,202,203,228,227,217,241,229,269,272,326,386,350,348,324,342,285,251,239,177,181,134,152,109,124,107,134,114,115,105,118,92,97,48,54,60,51,38,12441
4262,BRIDGE_RD SW of BURWOOD_RD,002HJ07,-37.82155,145.01503,4240,649,6,1,10/10/2006,40,33,32,25,25,11,14,12,15,14,11,14,13,11,10,6,10,9,7,8,19,10,19,31,39,53,72,82,82,124,150,166,168,174,198,184,164,145,136,153,133,153,166,172,170,162,144,169,174,132,174,166,187,190,176,155,185,204,192,214,239,215,210,214,242,213,265,261,335,357,384,367,362,334,290,252,232,212,184,159,200,163,149,117,139,139,133,146,148,145,108,110,119,81,87,52,13270
4262,BRIDGE_RD SW of BURWOOD_RD,002HJ07,-37.82155,145.01503,4240,649,6,1,10/11/2006,52,35,41,29,33,24,26,13,21,16,10,14,10,8,14,12,11,13,12,18,11,19,18,37,31,60,61,89,102,117,150,180,172,180,178,192,147,128,144,149,132,127,138,162,170,179,174,177,186,195,200,176,175,166,154,174,194,195,177,213,196,263,224,228,224,253,242,284,303,340,299,388,343,355,286,282,218,216,173,155,151,153,129,144,166,153,135,121,141,156,135,99,115,92,88,59,13350
4262,BRIDGE_RD SW of BURWOOD_RD,002HJ07,-37.82155,145.01503,4240,649,6,1,10/12/2006,52,53,30,31,28,24,14,14,21,16,15,17,13,12,8,8,9,13,8,15,15,17,19,40,38,52,70,97,87,124,162,154,187,175,204,192,138,148,172,120,120,134,139,163,163,144,166,170,164,188,199,142,189,181,175,187,178,170,174,173,232,252,216,204,239,207,253,246,321,362,362,366,367,343,267,254,226,199,176,167,182,155,159,147,153,169,154,129,141,147,129,104,110,81,85,77,13312
4262,BRIDGE_RD SW of BURWOOD_RD,002HJ07,-37.82155,145.01503,4240,649,6,1,10/13/2006,55,48,51,47,41,41,26,34,30,9,12,20,17,16,18,24,13,14,14,17,14,14,26,31,42,49,71,93,81,136,142,177,179,203,178,180,154,132,155,62,153,162,160,145,152,182,166,172,163,175,191,183,166,183,188,165,210,183,177,192,210,209,244,222,233,237,270,262,305,357,323,378,336,313,294,217,207,184,174,158,150,151,125,134,123,129,130,116,115,147,126,146,139,138,121,138,13395
4262,BRIDGE_RD SW of BURWOOD_RD,002HJ07,-37.82155,145.01503,4240,649,6,1,10/16/2006,50,27,25,30,29,20,20,15,19,7,16,5,6,14,8,17,16,6,12,14,21,19,23,37,39,42,67,84,97,126,146,156,176,202,187,165,129,148,134,153,137,119,152,124,148,163,126,167,158,160,184,153,163,182,176,167,191,177,200,162,238,204,209,261,218,215,276,289,339,341,378,371,343,342,297,224,210,198,170,160,130,133,99,132,122,88,113,110,92,106,96,67,63,62,55,57,12524
4262,BRIDGE_RD SW of BURWOOD_RD,002HJ07,-37.82155,145.01503,4240,649,6,1,10/17/2006,55,44,30,32,24,19,21,13,12,11,12,10,14,12,8,9,13,13,6,17,18,12,17,27,50,50,75,98,101,127,151,181,191,195,188,186,130,139,143,141,132,151,161,160,144,165,162,157,168,171,185,166,181,156,165,178,162,188,150,204,222,218,226,216,220,202,286,272,300,329,342,398,336,377,307,262,233,212,166,153,168,147,109,103,159,166,148,176,111,134,112,103,91,78,102,60,13145
4262,BRIDGE_RD SW of BURWOOD_RD,002HJ07,-37.82155,145.01503,4240,649,6,1,10/18/2006,55,42,37,31,36,28,22,15,13,12,14,7,12,14,16,10,13,10,13,20,18,16,14,29,32,50,77,95,113,116,137,175,168,190,201,176,135,138,153,152,142,122,145,171,147,156,153,170,168,157,171,157,169,176,170,202,185,206,183,180,226,221,224,193,241,226,289,290,340,319,342,419,346,345,271,253,228,208,184,168,146,180,170,151,130,143,148,129,139,139,135,95,97,95,83,69,13317
4262,BRIDGE_RD SW of BURWOOD_RD,002HJ07,-37.82155,145.01503,4240,649,6,1,10/19/2006,62,45,46,39,33,20,18,18,15,20,15,14,19,12,16,11,12,12,17,11,15,18,21,25,41,60,65,92,120,130,164,140,178,186,200,177,163,153,139,131,167,144,160,143,162,147,192,183,185,177,178,183,169,186,145,163,163,184,188,202,214,235,203,237,259,293,238,303,299,388,343,360,345,339,270,269,229,201,175,182,159,152,159,138,153,139,167,151,150,163,113,112,119,98,79,77,13605
4262,BRIDGE_RD SW of BURWOOD_RD,002HJ07,-37.82155,145.01503,4240,649,6,1,10/20/2006,58,69,43,46,58,34,26,30,27,27,20,24,23,13,16,15,13,9,20,16,24,21,23,28,34,62,73,85,103,97,138,159,192,187,194,191,134,147,133,157,132,136,138,180,169,160,160,204,185,171,210,186,166,212,187,160,188,196,182,192,220,252,239,244,241,242,306,298,340,348,356,352,351,277,242,206,208,203,180,155,156,150,128,130,138,128,123,135,135,111,128,129,119,138,135,145,13671
4262,BRIDGE_RD SW of BURWOOD_RD,002HJ07,-37.82155,145.01503,4240,649,6,1,10/23/2006,61,45,32,28,32,18,14,18,8,17,9,9,11,8,11,12,14,10,9,7,16,16,16,33,33,50,71,82,92,114,123,163,187,202,180,184,134,115,141,152,129,135,135,130,152,142,169,150,176,185,155,169,185,155,162,164,175,180,156,184,203,213,251,230,257,243,280,263,306,353,340,390,360,315,285,261,210,183,162,136,135,143,126,115,128,124,116,86,104,93,96,66,61,72,41,30,12442
4262,BRIDGE_RD SW of BURWOOD_RD,002HJ07,-37.82155,145.01503,4240,649,6,1,10/30/2006,54,36,40,28,37,24,22,24,17,8,16,10,13,9,9,12,10,10,19,15,10,8,17,25,41,35,64,77,87,112,130,166,182,188,167,150,144,143,139,125,141,149,144,137,136,150,138,166,137,149,172,169,180,179,167,169,177,182,198,205,219,224,228,220,249,230,278,270,344,337,358,371,360,340,301,235,217,174,170,152,151,155,116,114,130,108,103,97,94,100,92,76,73,51,70,63,12538
4262,BRIDGE_RD SW of BURWOOD_RD,002HJ07,-37.82155,145.01503,4240,649,6,1,10/31/2006,29,28,37,22,15,17,18,15,16,10,6,12,14,12,6,8,8,23,10,10,13,15,21,29,25,43,61,82,100,109,141,173,198,197,188,174,152,128,145,151,142,135,158,127,128,149,156,178,181,174,158,165,186,175,161,165,160,182,199,196,213,232,240,223,216,244,272,260,289,378,321,395,379,313,289,290,206,193,203,142,188,164,134,147,131,136,129,135,129,138,110,88,79,71,79,44,12936
4263,POWER_ST N of BURWOOD_RD,045 B10,-37.8228462,145.0251292,6300,650,1,1,10/3/2006,13,11,4,7,8,9,1,3,3,4,4,3,7,5,6,9,5,7,10,14,16,26,38,51,54,101,185,224,242,307,315,292,242,284,253,260,251,265,250,265,206,173,254,196,165,172,196,183,213,237,214,192,166,171,176,188,186,237,199,206,216,224,226,225,229,211,240,197,226,207,248,222,246,213,191,193,192,140,148,113,110,92,107,90,94,98,70,77,72,54,43,66,30,32,24,12,13162
4263,POWER_ST N of BURWOOD_RD,045 B10,-37.8228462,145.0251292,6300,650,1,1,10/4/2006,13,15,10,10,4,12,4,3,3,5,7,7,4,9,7,8,5,4,9,13,12,29,41,68,63,109,191,230,234,305,298,275,236,286,250,300,259,263,246,272,176,172,230,202,200,228,224,210,212,212,200,200,202,219,214,187,186,210,209,232,220,265,229,246,183,226,226,226,211,206,249,217,210,207,215,209,182,179,144,102,122,102,80,92,99,61,81,82,91,61,58,59,35,35,26,20,13500
4263,POWER_ST N of BURWOOD_RD,045 B10,-37.8228462,145.0251292,6300,650,1,1,10/5/2006,18,20,7,8,13,9,9,4,2,4,5,4,7,6,11,7,4,11,6,13,20,25,44,57,74,89,188,229,242,272,335,303,255,263,273,266,284,249,250,242,219,209,208,188,189,187,202,213,183,198,202,193,168,205,218,190,159,213,211,197,218,257,236,201,214,261,255,203,224,244,246,230,240,203,220,192,185,175,143,138,147,103,83,79,100,101,120,84,86,80,69,46,60,34,23,22,13602
4263,POWER_ST N of BURWOOD_RD,045 B10,-37.8228462,145.0251292,6300,650,1,1,10/6/2006,32,15,18,18,10,4,5,2,7,4,7,11,8,6,4,7,7,8,10,9,17,23,42,57,62,107,171,252,243,275,290,289,212,287,214,310,252,249,217,247,196,220,199,196,213,206,239,207,225,222,218,192,191,197,203,192,193,209,198,201,226,244,226,216,226,252,223,217,216,229,227,209,234,235,213,215,197,211,171,131,127,101,98,94,88,99,85,83,72,70,75,66,67,68,54,53,13743
4263,POWER_ST N of BURWOOD_RD,045 B10,-37.8228462,145.0251292,6300,650,1,1,10/9/2006,14,11,8,13,3,14,9,7,1,4,7,3,9,8,7,3,6,5,13,15,14,34,46,49,51,115,153,208,227,290,315,306,275,237,216,288,266,262,253,241,186,181,195,201,171,160,197,159,169,190,165,187,160,189,182,159,173,187,186,190,212,214,213,215,210,189,188,243,222,218,247,215,236,229,173,201,180,133,142,98,108,73,98,67,59,58,69,82,55,52,44,38,27,35,22,17,12475
4263,POWER_ST N of BURWOOD_RD,045 B10,-37.8228462,145.0251292,6300,650,1,1,10/10/2006,20,12,11,9,6,11,4,5,6,5,4,2,6,4,5,3,8,8,12,20,26,24,33,52,62,112,185,226,261,300,317,261,284,264,279,266,264,256,261,226,225,182,197,193,221,165,191,178,173,199,166,174,167,188,207,202,180,200,202,201,221,246,230,246,223,243,263,218,224,227,254,229,231,214,230,215,187,167,151,132,117,103,84,100,70,89,118,78,86,73,54,48,44,36,29,19,13430
4263,POWER_ST N of BURWOOD_RD,045 B10,-37.8228462,145.0251292,6300,650,1,1,10/11/2006,15,19,15,15,8,8,5,7,5,7,2,4,5,4,6,9,5,3,11,8,19,21,55,61,68,107,188,217,265,307,304,241,242,243,273,238,231,299,240,228,237,217,184,217,180,236,186,194,207,201,177,173,187,199,188,180,176,175,182,223,216,241,262,230,205,232,222,231,179,238,251,240,241,224,208,236,188,182,135,119,97,93,99,90,70,87,91,93,83,78,72,45,50,35,35,7,13332
4263,POWER_ST N of BURWOOD_RD,045 B10,-37.8228462,145.0251292,6300,650,1,1,10/12/2006,18,11,14,10,2,9,8,4,10,4,6,6,7,6,3,6,4,7,10,10,16,37,39,58,61,116,190,271,268,330,285,228,238,264,213,282,231,296,272,221,215,240,202,221,182,210,208,217,207,197,189,182,201,187,192,170,181,202,208,212,205,233,228,224,240,204,251,213,228,243,228,244,234,197,209,200,172,168,141,133,133,98,100,81,81,106,82,92,85,84,64,56,46,40,34,28,13499
4263,POWER_ST N of BURWOOD_RD,045 B10,-37.8228462,145.0251292,6300,650,1,1,10/13/2006,19,25,17,8,13,8,11,10,6,8,7,3,11,5,5,5,7,7,10,19,10,27,44,61,68,113,178,229,264,282,288,297,258,279,272,251,251,215,191,172,228,225,240,197,187,194,236,236,216,214,230,199,202,180,202,172,207,200,223,238,249,239,233,240,218,226,245,214,218,277,210,254,234,211,210,192,191,171,179,142,133,96,103,84,101,81,71,82,56,86,66,74,50,55,56,51,13778
4263,POWER_ST N of BURWOOD_RD,045 B10,-37.8228462,145.0251292,6300,650,1,1,10/16/2006,20,7,9,9,9,16,7,4,6,6,4,4,8,6,9,8,5,8,7,12,15,22,36,54,61,102,164,215,238,276,316,231,323,217,274,248,252,266,239,234,221,155,173,199,176,179,199,195,173,185,169,170,198,190,210,192,169,195,167,217,228,236,249,203,208,249,217,223,198,225,224,233,199,192,196,203,187,148,135,117,81,70,92,92,70,64,72,59,63,53,38,44,32,26,28,17,12650
4263,POWER_ST N of BURWOOD_RD,045 B10,-37.8228462,145.0251292,6300,650,1,1,10/17/2006,13,10,8,5,7,6,2,6,1,5,2,5,3,11,7,7,2,6,9,16,15,33,38,53,63,125,178,226,295,317,285,309,274,238,231,254,301,300,241,239,234,212,212,199,205,218,210,220,198,182,212,232,167,176,188,177,177,168,194,205,252,230,221,208,247,228,223,222,214,225,252,238,226,232,228,228,209,197,152,142,116,122,101,99,85,104,81,65,81,63,63,62,52,44,34,29,13707
4263,POWER_ST N of BURWOOD_RD,045 B10,-37.8228462,145.0251292,6300,650,1,1,10/18/2006,27,18,7,11,2,13,8,5,3,10,8,3,9,8,7,6,8,7,10,7,22,32,47,62,62,125,181,224,271,285,327,265,218,301,254,270,266,255,269,247,214,200,215,207,212,177,202,203,215,207,175,198,217,194,207,179,180,197,229,213,222,206,230,220,215,220,229,208,223,240,231,235,227,227,178,213,213,227,151,151,124,103,88,82,81,86,90,95,91,84,67,68,44,43,22,28,13663
4263,POWER_ST N of BURWOOD_RD,045 B10,-37.8228462,145.0251292,6300,650,1,1,10/19/2006,25,17,9,12,11,6,6,7,3,4,5,6,9,3,3,13,4,7,7,13,22,38,43,52,73,98,195,231,253,284,282,275,288,238,288,233,295,252,265,262,215,210,181,198,204,173,201,221,241,201,210,225,178,196,204,187,198,170,243,222,256,246,222,210,221,263,239,226,224,263,237,230,203,209,222,214,239,195,175,126,135,105,99,82,106,102,98,94,73,81,47,56,59,55,37,43,13907
4263,POWER_ST N of BURWOOD_RD,045 B10,-37.8228462,145.0251292,6300,650,1,1,10/20/2006,29,29,14,16,7,7,12,9,8,4,5,8,9,7,5,16,10,9,8,15,12,29,57,70,57,118,193,209,249,307,276,296,269,278,278,263,264,279,226,241,240,211,188,237,174,220,239,228,219,211,207,224,227,198,244,193,207,211,186,206,217,227,223,229,245,232,231,201,218,228,256,249,231,235,196,179,205,165,155,123,124,97,101,96,72,87,81,71,67,61,53,60,67,57,49,51,13907
4263,POWER_ST N of BURWOOD_RD,045 B10,-37.8228462,145.0251292,6300,650,1,1,10/23/2006,14,15,11,6,8,4,12,3,3,5,5,5,8,6,8,6,14,5,8,9,15,21,49,57,54,110,177,210,247,269,308,303,226,236,253,269,240,275,261,239,190,225,182,194,170,178,192,194,176,181,161,173,197,180,206,188,165,172,179,194,230,209,252,238,220,220,222,247,212,205,239,262,202,201,190,197,164,156,110,135,112,88,80,77,64,93,63,52,52,51,38,42,30,25,16,16,12681
4263,POWER_ST N of BURWOOD_RD,045 B10,-37.8228462,145.0251292,6300,650,1,1,10/30/2006,12,16,13,14,16,12,8,3,8,4,2,7,7,2,7,7,13,7,11,12,13,17,42,40,59,98,174,189,247,273,288,330,250,272,268,239,254,243,230,199,190,199,176,181,185,185,172,161,204,215,199,171,196,191,184,228,185,197,210,220,244,202,221,229,195,239,212,212,219,230,247,216,199,214,198,172,164,151,124,102,90,103,83,79,59,81,57,66,60,54,48,48,33,32,17,19,12674
4263,POWER_ST N of BURWOOD_RD,045 B10,-37.8228462,145.0251292,6300,650,1,1,10/31/2006,17,17,18,9,5,6,5,3,4,3,3,4,4,5,3,5,4,2,13,9,10,18,44,55,64,118,166,233,259,310,313,307,284,294,244,290,257,276,246,201,186,206,189,200,183,197,183,192,199,207,212,206,186,163,181,179,177,191,222,208,200,240,244,239,209,226,222,228,200,246,271,225,214,201,227,212,194,161,142,141,112,119,112,101,90,87,91,77,72,75,53,53,42,35,23,28,13407
4263,BURWOOD_RD E of POWER_ST,045 B10,-37.82313,145.02565,14482,650,3,1,10/6/2006,47,37,35,25,26,32,29,21,35,25,21,26,17,16,19,20,23,16,7,14,22,31,56,74,90,110,163,209,245,265,333,295,273,232,312,274,208,167,197,178,179,165,178,149,139,173,181,168,173,167,165,158,168,169,142,155,156,159,159,144,148,156,177,187,175,158,169,161,196,159,159,222,165,177,193,181,161,155,146,150,109,117,100,109,143,114,104,101,103,94,97,101,77,104,81,84,12505
4263,BURWOOD_RD E of POWER_ST,045 B10,-37.82313,145.02565,14482,650,3,1,10/13/2006,61,42,47,35,28,22,19,21,9,9,19,14,14,14,9,10,15,9,23,22,19,34,48,75,83,105,149,199,229,281,340,327,318,286,264,252,243,202,201,189,157,173,174,154,180,158,185,179,167,173,169,187,166,155,159,154,158,170,153,169,173,170,174,164,144,183,172,156,178,191,197,155,183,149,168,134,157,169,119,111,132,114,116,116,99,116,112,100,107,94,90,105,91,97,90,66,12518
4263,BURWOOD_RD E of POWER_ST,045 B10,-37.82313,145.02565,14482,650,3,1,10/20/2006,43,47,28,37,31,22,20,27,19,18,13,18,16,16,13,18,13,12,13,15,22,31,56,63,80,112,180,194,234,296,361,323,290,328,283,254,209,209,201,182,183,168,162,177,171,158,184,174,159,165,169,144,164,194,137,144,157,182,154,158,157,162,167,184,177,132,160,181,154,185,179,186,162,168,169,179,140,150,129,115,112,127,97,108,120,129,85,106,107,85,95,110,84,91,87,72,12502
4263,POWER_ST S of BURWOOD_RD,045 B10,-37.8232985,145.0250328,16537,650,5,1,10/6/2006,29,26,26,25,14,20,12,10,14,14,13,10,5,8,7,8,10,8,13,13,11,14,15,34,41,60,76,106,129,152,169,209,209,192,207,191,211,189,170,163,173,174,157,177,158,180,174,180,180,178,186,175,168,192,170,190,213,227,184,219,223,259,247,286,256,273,250,300,251,267,257,293,286,253,238,196,204,217,193,149,140,103,84,81,92,92,75,74,103,87,99,99,94,100,59,76,12844
4263,POWER_ST S of BURWOOD_RD,045 B10,-37.8232985,145.0250328,16537,650,5,1,10/12/2006,25,14,22,12,8,16,13,5,11,8,4,5,6,2,4,5,2,9,4,14,10,14,21,26,46,60,78,115,123,170,146,225,168,239,214,222,181,205,179,227,164,167,151,176,155,169,153,167,181,196,185,169,175,151,187,192,208,205,190,198,225,215,237,255,271,250,289,251,264,278,272,249,275,246,270,203,195,158,158,135,132,102,123,95,101,108,94,101,109,101,79,74,68,59,52,47,12538
4263,POWER_ST S of BURWOOD_RD,045 B10,-37.8232985,145.0250328,16537,650,5,1,10/13/2006,39,23,27,27,14,12,9,14,16,8,10,6,10,6,3,5,11,9,8,10,9,11,27,33,47,51,98,106,96,151,167,198,218,203,188,228,201,175,150,210,197,174,174,175,146,195,163,203,212,207,176,212,180,191,201,165,191,168,206,202,236,241,241,229,289,259,268,266,279,298,276,282,268,276,226,236,179,204,191,133,96,111,96,102,109,85,73,98,100,96,111,80,79,70,96,74,12925
4263,POWER_ST S of BURWOOD_RD,045 B10,-37.8232985,145.0250328,16537,650,5,1,10/17/2006,23,10,14,7,7,11,8,7,10,6,2,7,4,8,3,3,3,4,7,8,9,12,21,29,38,50,101,112,128,147,166,190,198,217,242,246,195,190,188,180,165,162,154,165,154,166,160,179,175,155,170,160,150,173,169,158,187,213,159,232,182,246,237,231,231,284,261,255,270,288,275,296,275,253,220,263,234,178,190,156,132,135,98,100,90,114,107,104,93,76,71,88,69,54,77,55,12505
4263,POWER_ST S of BURWOOD_RD,045 B10,-37.8232985,145.0250328,16537,650,5,1,10/18/2006,54,29,25,16,18,13,10,10,8,4,9,6,4,5,4,6,2,7,6,8,8,11,24,22,39,57,84,118,136,166,164,194,189,243,175,212,205,168,162,177,184,143,174,164,162,171,166,182,169,181,183,193,160,173,183,205,177,147,222,216,199,249,243,233,258,247,287,248,307,268,268,302,231,327,257,237,192,216,183,153,125,126,117,104,116,102,114,125,111,95,83,80,73,60,70,61,12820
4263,POWER_ST S of BURWOOD_RD,045 B10,-37.8232985,145.0250328,16537,650,5,1,10/19/2006,46,31,20,10,11,12,9,14,10,5,10,11,10,7,5,7,7,8,3,11,11,12,30,24,34,69,80,113,119,150,191,183,224,197,235,221,179,175,175,157,194,171,153,147,140,183,153,149,185,182,192,157,187,177,192,201,164,175,178,213,246,231,240,241,248,227,258,286,289,285,293,307,245,281,237,243,212,175,152,124,113,138,97,88,112,109,117,102,98,92,104,82,105,70,51,39,12656
4263,POWER_ST S of BURWOOD_RD,045 B10,-37.8232985,145.0250328,16537,650,5,1,10/20/2006,42,30,28,28,6,24,19,20,14,8,10,15,5,8,10,9,14,4,14,11,10,14,22,23,49,50,87,101,117,168,161,211,205,219,208,226,167,153,185,172,134,163,144,191,149,179,197,167,198,171,225,186,184,143,185,177,203,167,212,236,215,254,243,228,290,291,236,274,283,264,291,290,218,229,227,194,210,172,151,118,100,88,95,94,93,87,90,68,96,72,85,87,93,79,74,85,12542
4264,BURWOOD_RD E of GLENFERRIE_RD,045 D10,-37.82416,145.03445,14481,651,3,1,10/2/2006,30,17,16,16,10,11,6,11,14,14,4,7,7,5,7,15,11,12,23,24,14,28,39,54,80,105,150,208,267,330,408,439,390,394,364,360,243,222,172,210,200,178,178,183,174,171,151,193,205,177,170,157,191,201,162,171,161,194,200,190,167,204,178,166,169,151,195,179,190,197,207,176,190,173,170,180,148,128,114,113,121,98,114,88,88,88,76,86,59,62,37,51,47,28,24,22,12828
4264,BURWOOD_RD E of GLENFERRIE_RD,045 D10,-37.82416,145.03445,14481,651,3,1,10/3/2006,16,16,12,9,13,9,6,7,3,8,9,8,7,9,10,11,8,20,17,15,14,30,45,85,99,137,176,249,286,344,428,386,419,427,343,345,283,223,201,208,187,196,192,194,168,182,210,168,146,197,168,199,170,189,115,170,175,243,212,178,178,199,205,155,179,155,207,198,179,209,201,227,206,195,164,162,160,142,133,107,128,113,107,101,107,113,112,95,96,82,71,71,78,58,55,43,13591
4264,BURWOOD_RD E of GLENFERRIE_RD,045 D10,-37.82416,145.03445,14481,651,3,1,10/4/2006,33,29,39,35,20,27,29,20,25,25,15,21,10,15,16,9,15,24,16,11,19,30,53,66,101,144,175,260,302,332,402,395,391,387,346,313,284,227,169,145,189,194,205,195,193,177,183,192,196,172,193,191,167,157,170,146,188,171,179,180,167,183,174,185,172,181,181,176,204,216,185,220,184,160,203,110,164,162,171,112,128,93,132,101,129,89,100,88,85,71,83,66,62,43,25,25,13443
4264,BURWOOD_RD E of GLENFERRIE_RD,045 D10,-37.82416,145.03445,14481,651,3,1,10/5/2006,28,23,20,25,17,12,13,9,13,9,19,15,9,15,14,17,13,13,23,17,18,28,54,86,98,115,193,219,258,332,383,401,367,406,364,319,255,250,220,223,201,185,202,207,188,196,195,191,198,166,192,162,154,174,207,178,171,178,181,165,206,181,198,169,193,176,192,196,211,196,205,217,202,180,183,188,181,159,148,140,124,136,124,122,118,153,105,101,99,77,72,86,61,76,35,39,13853
4264,BURWOOD_RD E of GLENFERRIE_RD,045 D10,-37.82416,145.03445,14481,651,3,1,10/6/2006,51,47,33,35,37,36,34,33,28,24,27,27,26,14,14,18,22,13,13,14,22,33,67,74,90,126,173,224,290,325,383,387,406,406,389,319,236,205,229,212,198,191,195,171,182,177,209,205,207,203,197,160,188,189,196,131,169,191,173,186,174,189,208,187,191,186,192,201,214,217,187,241,212,223,202,198,177,184,164,162,142,112,123,111,161,148,109,115,120,108,109,93,82,112,99,72,14585
4264,BURWOOD_RD E of GLENFERRIE_RD,045 D10,-37.82416,145.03445,14481,651,3,1,10/9/2006,16,12,9,15,23,12,14,16,12,5,11,9,9,16,4,12,9,6,16,15,10,40,38,69,97,127,164,209,236,336,425,423,395,417,430,322,255,235,211,213,188,175,191,173,160,186,186,156,198,179,197,186,171,199,168,172,161,190,170,175,168,179,184,173,207,133,174,179,205,191,211,197,195,163,122,126,140,133,127,100,96,87,97,87,93,88,77,99,82,75,62,48,35,26,25,29,12887
4264,BURWOOD_RD E of GLENFERRIE_RD,045 D10,-37.82416,145.03445,14481,651,3,1,10/10/2006,21,18,16,14,10,9,9,6,7,7,10,6,7,12,10,6,10,13,12,13,16,31,42,80,97,138,174,235,278,318,353,432,430,403,439,318,264,246,221,233,164,196,211,210,184,197,183,191,208,178,177,161,182,104,168,179,171,170,181,162,180,188,193,157,181,184,196,172,190,213,189,217,189,223,169,184,159,176,144,129,123,113,131,100,108,115,114,100,99,70,71,89,67,38,50,39,13601
4264,BURWOOD_RD E of GLENFERRIE_RD,045 D10,-37.82416,145.03445,14481,651,3,1,10/11/2006,32,32,35,18,27,15,20,23,20,15,15,13,8,15,16,15,15,9,9,19,23,30,56,80,103,137,179,234,269,330,392,432,410,412,384,345,273,221,253,226,214,194,195,195,201,198,190,191,207,184,172,173,175,172,155,181,171,170,178,160,161,196,182,155,166,174,192,179,184,173,212,189,197,211,172,167,141,163,143,139,124,113,114,105,91,109,126,98,95,59,87,68,61,42,46,23,13693
4264,BURWOOD_RD E of GLENFERRIE_RD,045 D10,-37.82416,145.03445,14481,651,3,1,10/12/2006,28,24,24,12,17,8,10,18,6,6,9,13,7,9,8,12,11,10,20,14,16,30,37,67,93,117,166,248,282,315,409,416,412,414,391,356,242,266,247,209,200,182,228,205,196,174,182,195,153,178,183,162,191,166,168,177,189,176,156,158,161,200,189,159,177,149,183,164,186,178,219,203,225,167,191,144,161,153,148,140,114,116,128,130,126,110,125,111,88,86,95,63,75,56,55,63,13656
4264,BURWOOD_RD E of GLENFERRIE_RD,045 D10,-37.82416,145.03445,14481,651,3,1,10/13/2006,55,41,44,40,41,41,33,22,13,18,19,13,23,17,11,17,19,9,18,26,20,31,63,78,102,112,169,231,260,311,400,444,357,428,364,350,268,208,222,213,199,195,212,180,178,178,208,201,194,195,204,194,192,179,190,178,178,182,185,193,178,184,196,188,182,207,187,196,203,178,184,212,214,185,174,141,184,171,152,159,131,124,142,127,114,121,131,98,110,106,82,103,89,95,76,63,14353
4264,BURWOOD_RD E of GLENFERRIE_RD,045 D10,-37.82416,145.03445,14481,651,3,1,10/16/2006,26,30,22,15,11,8,12,10,11,10,12,6,6,8,4,8,17,10,15,20,21,24,43,69,92,123,171,199,300,343,360,460,405,367,353,363,235,265,218,218,167,194,195,195,149,188,151,143,186,168,173,184,163,189,170,154,124,133,201,179,170,182,190,150,185,150,170,205,175,214,195,209,154,156,165,142,143,190,143,128,96,116,102,99,106,91,86,64,126,68,62,59,48,37,32,31,12935
4264,BURWOOD_RD E of GLENFERRIE_RD,045 D10,-37.82416,145.03445,14481,651,3,1,10/17/2006,40,23,17,11,9,13,13,8,9,10,7,5,6,7,8,6,8,13,10,12,18,28,58,78,95,138,201,239,305,353,361,418,414,414,317,296,200,226,210,217,200,100,197,141,180,202,195,187,182,82,155,158,183,158,96,158,170,179,177,165,182,197,167,190,168,172,175,183,212,197,238,222,196,200,195,165,187,178,169,121,129,115,120,132,113,121,125,124,86,81,60,69,68,66,41,39,13289
4264,BURWOOD_RD E of GLENFERRIE_RD,045 D10,-37.82416,145.03445,14481,651,3,1,10/18/2006,57,48,31,23,33,23,19,22,32,24,19,20,16,12,20,14,15,11,14,15,15,24,53,68,106,130,192,226,265,379,386,429,398,393,391,340,279,245,223,210,177,184,214,188,174,205,174,183,187,164,170,188,185,124,135,153,163,156,191,169,177,193,185,178,181,167,191,197,202,202,221,224,213,184,192,98,202,163,152,131,107,110,143,110,128,120,102,101,96,72,87,62,54,44,42,44,13779
4264,BURWOOD_RD E of GLENFERRIE_RD,045 D10,-37.82416,145.03445,14481,651,3,1,10/19/2006,35,24,22,13,25,13,8,20,10,10,10,11,11,10,7,7,13,14,14,22,15,26,54,73,91,134,164,233,253,355,386,401,402,357,388,336,270,266,237,213,208,195,209,195,204,191,208,210,191,190,214,171,159,193,199,178,192,211,160,190,161,146,172,198,182,184,187,180,187,198,214,224,191,215,176,172,145,162,152,166,114,102,116,131,115,117,117,106,116,88,89,95,58,57,58,44,13956
4264,BURWOOD_RD E of GLENFERRIE_RD,045 D10,-37.82416,145.03445,14481,651,3,1,10/20/2006,50,40,38,34,35,40,24,32,25,17,22,17,22,20,19,17,13,10,15,18,32,30,51,68,107,137,181,216,284,342,394,431,402,393,340,319,226,268,227,242,198,175,176,199,176,199,197,193,228,167,183,193,180,195,155,172,179,188,165,172,187,183,201,164,187,208,169,192,236,214,205,201,226,195,182,161,157,148,143,124,159,152,160,147,161,161,123,128,97,101,104,126,101,100,73,82,14546
4264,BURWOOD_RD E of GLENFERRIE_RD,045 D10,-37.82416,145.03445,14481,651,3,1,10/23/2006,24,20,19,12,18,14,10,9,13,9,9,5,7,7,14,13,11,12,18,19,20,33,52,71,91,105,179,206,257,333,385,442,437,441,364,336,235,257,155,215,107,115,153,92,157,177,162,166,175,161,181,195,186,178,205,183,179,150,118,154,185,176,195,167,190,177,167,163,190,181,197,206,167,181,148,154,114,124,143,120,122,110,104,102,91,72,68,71,75,44,46,53,44,27,28,22,12495
4264,BURWOOD_RD E of GLENFERRIE_RD,045 D10,-37.82416,145.03445,14481,651,3,1,10/24/2006,25,11,9,14,8,14,6,10,5,9,5,9,2,10,13,7,15,7,11,18,20,23,64,85,100,124,205,234,302,328,399,414,410,414,344,368,242,254,244,199,192,156,174,187,117,119,168,163,132,183,179,180,164,191,153,177,174,156,185,182,179,176,85,163,169,197,200,163,186,204,102,239,209,181,175,161,172,134,139,130,134,123,128,110,112,90,122,113,80,64,99,68,58,45,42,46,13111
4264,BURWOOD_RD E of GLENFERRIE_RD,045 D10,-37.82416,145.03445,14481,651,3,1,10/25/2006,42,29,35,21,41,27,28,30,23,20,14,15,9,14,17,5,14,15,9,18,18,30,62,84,97,114,168,224,260,328,426,402,379,358,364,353,268,256,215,233,191,190,223,199,180,178,209,200,189,180,168,194,157,184,168,190,168,202,169,194,178,197,180,190,198,136,201,185,191,209,189,224,186,203,169,169,184,148,157,127,113,129,131,116,98,105,125,106,93,55,69,66,62,40,38,31,13796
4264,BURWOOD_RD E of GLENFERRIE_RD,045 D10,-37.82416,145.03445,14481,651,3,1,10/26/2006,30,29,26,17,11,12,16,12,13,11,8,6,10,10,9,7,16,13,15,16,19,30,53,81,88,146,176,220,260,350,428,447,380,412,410,306,260,238,220,215,209,205,208,184,206,122,199,186,197,189,183,213,184,196,165,181,174,194,211,179,192,198,190,173,178,182,179,181,177,178,196,207,208,180,194,167,165,172,145,137,120,127,145,125,128,99,117,110,92,96,90,76,64,65,46,47,13957
4264,BURWOOD_RD E of GLENFERRIE_RD,045 D10,-37.82416,145.03445,14481,651,3,1,10/27/2006,44,38,28,31,31,22,29,19,25,14,22,18,12,14,10,7,15,10,11,19,24,31,61,76,98,120,173,243,261,360,413,401,404,409,342,338,284,213,223,213,188,205,193,221,196,199,212,175,198,193,171,186,203,200,204,182,197,159,188,179,193,164,198,154,173,176,217,175,205,204,215,228,172,187,167,178,200,168,152,156,133,106,90,99,125,144,114,106,98,109,63,83,85,89,101,75,14257
4264,BURWOOD_RD E of GLENFERRIE_RD,045 D10,-37.82416,145.03445,14481,651,3,1,10/30/2006,36,22,22,9,13,20,12,15,6,14,9,9,3,5,12,11,8,7,12,19,15,27,54,58,79,97,163,206,277,300,397,422,403,390,347,333,258,256,219,180,190,181,165,195,171,187,189,147,192,176,171,189,171,169,170,185,176,178,177,179,187,184,166,164,184,199,190,174,172,217,191,203,195,159,141,125,145,121,154,100,89,92,93,98,89,79,93,73,65,53,61,43,52,37,31,24,12746
4264,BURWOOD_RD E of GLENFERRIE_RD,045 D10,-37.82416,145.03445,14481,651,3,1,10/31/2006,27,28,9,15,13,16,9,11,7,15,10,7,6,7,10,11,10,12,19,19,15,25,47,67,91,105,169,215,282,320,382,421,426,390,374,361,276,231,223,202,212,179,175,160,192,195,186,186,183,187,177,195,189,185,180,174,169,159,184,168,172,191,168,175,158,167,189,193,187,202,202,221,191,151,181,151,150,158,128,134,110,114,110,101,89,98,96,92,97,84,58,76,77,48,21,34,13292
4264,BURWOOD_RD W of GLENFERRIE_RD,045 D10,-37.82405,145.03349,4242,651,7,1,10/5/2006,47,35,30,32,30,17,24,15,13,15,18,17,9,15,11,13,17,13,13,18,9,11,19,26,35,49,56,61,110,103,150,122,136,178,193,165,162,152,155,161,173,184,160,159,169,184,164,166,191,207,180,184,192,184,185,179,185,196,165,181,186,203,205,212,222,200,237,249,287,277,273,287,260,254,248,210,200,183,190,164,162,130,138,131,133,147,131,121,113,115,101,109,83,82,62,50,12398
4264,BURWOOD_RD W of GLENFERRIE_RD,045 D10,-37.82405,145.03349,4242,651,7,1,10/6/2006,77,43,51,45,40,48,38,42,39,48,16,22,26,25,20,15,20,11,15,22,17,10,17,36,37,43,57,81,96,114,135,157,168,178,162,165,167,136,151,146,155,179,161,169,182,179,171,192,214,188,198,155,180,185,184,182,197,167,188,187,212,180,164,217,201,227,259,228,254,271,260,299,270,263,240,204,185,179,172,159,138,147,106,124,130,108,122,99,134,135,129,113,116,108,119,98,12719
4264,BURWOOD_RD W of GLENFERRIE_RD,045 D10,-37.82405,145.03349,4242,651,7,1,10/11/2006,46,59,54,34,40,21,25,26,20,36,14,13,18,24,22,11,13,13,23,20,13,15,14,31,25,43,53,76,106,123,109,180,169,179,166,190,134,173,156,158,160,167,165,176,154,201,158,161,206,198,193,185,182,205,176,159,212,175,187,183,173,182,177,215,208,236,242,204,255,304,265,296,290,254,230,223,219,192,219,150,147,157,122,111,126,135,131,120,110,132,95,99,98,79,60,46,12550
4264,BURWOOD_RD W of GLENFERRIE_RD,045 D10,-37.82405,145.03349,4242,651,7,1,10/13/2006,57,45,44,47,36,37,34,35,30,20,23,17,16,10,18,17,11,4,16,21,12,15,20,33,38,51,57,67,95,121,134,150,161,204,172,159,175,136,138,131,170,145,151,176,181,179,177,161,175,179,185,189,188,178,188,173,202,162,195,190,207,192,190,186,198,198,225,262,230,335,276,293,279,248,225,203,178,181,166,165,154,139,128,122,131,99,111,80,98,108,121,104,124,109,123,113,12452
4264,BURWOOD_RD W of GLENFERRIE_RD,045 D10,-37.82405,145.03349,4242,651,7,1,10/20/2006,53,75,45,53,50,43,44,43,28,25,25,26,18,16,14,17,14,10,19,14,22,23,14,31,36,54,65,77,91,125,141,170,166,164,181,165,148,152,138,178,147,161,170,178,181,172,152,174,196,193,183,193,199,161,192,177,175,181,197,167,199,145,204,204,194,245,265,245,294,284,303,264,254,283,178,208,171,181,178,122,144,114,132,135,128,126,129,116,123,104,100,92,104,105,113,127,12635
4264,BURWOOD_RD W of GLENFERRIE_RD,045 D10,-37.82405,145.03349,4242,651,7,1,10/26/2006,32,37,30,24,22,15,14,11,8,13,13,7,21,9,16,6,9,17,12,9,16,19,18,32,33,47,59,67,104,126,124,143,196,168,186,152,167,188,140,175,166,203,143,170,170,170,170,172,209,210,186,166,188,181,179,194,181,188,194,184,210,217,180,207,206,232,279,229,316,235,313,284,275,265,259,233,213,178,158,152,156,130,137,95,141,137,105,128,122,117,107,97,91,76,71,63,12523
4264,BURWOOD_RD W of GLENFERRIE_RD,045 D10,-37.82405,145.03349,4242,651,7,1,10/27/2006,54,57,46,42,34,44,40,25,33,36,22,19,10,13,13,16,9,15,12,27,14,16,16,33,38,46,59,91,89,120,134,154,136,191,162,154,159,134,191,157,148,172,161,186,170,165,172,194,164,182,185,159,196,174,185,169,202,175,196,196,218,186,221,186,199,212,262,247,274,259,261,282,260,278,248,188,196,159,144,154,127,123,116,140,124,112,114,99,121,103,122,99,119,125,103,124,12517
4266,AUBURN_RD N of BURWOOD_RD,045 F11,0.0,0.0,4397,653,1,1,10/6/2006,22,12,10,11,8,5,14,3,9,7,4,8,1,8,5,5,7,11,8,13,13,23,42,46,74,91,133,188,261,270,292,300,292,307,249,290,207,222,241,186,172,196,221,187,202,181,206,190,185,201,183,189,176,158,200,179,172,189,180,189,200,230,202,217,202,195,180,182,224,174,180,186,168,207,209,204,191,151,152,143,100,101,96,89,88,94,66,64,87,64,82,75,61,53,57,36,12664
4266,AUBURN_RD N of BURWOOD_RD,045 F11,0.0,0.0,4397,653,1,1,10/13/2006,17,21,24,12,10,7,7,8,5,1,10,8,8,4,5,7,15,3,11,20,18,20,49,44,64,96,136,169,218,280,299,333,271,312,252,244,227,216,212,209,197,173,177,206,178,172,181,176,191,195,179,180,165,176,164,172,188,164,163,196,189,196,209,209,229,190,186,157,214,191,220,187,210,213,221,204,160,160,168,106,114,106,94,96,77,84,77,77,61,82,75,59,65,70,55,46,12522
4266,AUBURN_RD N of BURWOOD_RD,045 F11,0.0,0.0,4397,653,1,1,10/19/2006,27,20,13,17,13,9,15,8,7,6,5,12,6,6,6,5,5,6,5,21,16,29,41,55,63,96,153,192,236,278,311,290,269,280,284,287,238,209,191,223,192,191,181,194,159,172,176,168,176,160,173,179,174,201,182,164,162,164,210,190,194,205,205,199,184,222,190,216,178,200,185,198,196,194,203,190,180,154,135,135,118,94,74,111,99,102,65,63,94,55,49,47,40,43,26,27,12391
4266,AUBURN_RD N of BURWOOD_RD,045 F11,0.0,0.0,4397,653,1,1,10/20/2006,26,26,13,15,16,17,7,10,7,8,4,9,8,9,8,9,8,12,8,13,16,18,43,51,66,97,137,169,213,307,277,315,283,280,306,254,230,215,205,202,198,192,202,188,199,191,177,185,197,217,188,209,188,172,180,182,171,197,180,175,212,194,208,201,200,157,193,201,195,197,197,206,202,167,188,169,177,170,140,115,89,102,88,79,71,70,69,76,67,64,67,68,68,71,55,60,12558
4266,AUBURN_RD N of BURWOOD_RD,045 F11,0.0,0.0,4397,653,1,1,10/26/2006,16,11,15,11,8,7,11,5,3,3,4,5,5,2,6,4,1,5,3,17,20,25,42,55,72,104,146,182,223,289,297,325,308,276,312,281,221,241,201,206,195,196,193,171,188,177,162,146,196,196,160,167,179,169,202,198,169,154,210,185,186,210,213,215,221,209,215,189,203,215,201,200,203,144,198,195,190,170,136,122,85,89,90,96,80,83,94,67,72,81,60,56,43,37,29,22,12500
4266,AUBURN_RD N of BURWOOD_RD,045 F11,0.0,0.0,4397,653,1,1,10/27/2006,14,24,14,13,8,10,8,3,10,8,7,6,3,2,6,9,2,4,8,19,17,31,48,57,78,95,124,188,240,297,286,301,282,294,273,250,232,196,217,200,195,219,188,182,183,157,178,177,168,178,179,197,198,167,189,213,191,202,177,206,193,184,193,201,200,184,199,167,188,182,194,184,167,192,209,233,193,153,150,129,116,88,89,82,88,79,77,52,58,55,68,55,62,62,64,42,12460
4266,BURWOOD_RD E of AUBURN_RD,045 F11,-37.82529,145.04387,14480,653,3,1,10/6/2006,30,26,16,19,25,20,12,12,15,15,12,13,9,11,12,13,14,7,10,13,20,23,42,52,67,85,113,160,171,237,318,343,359,334,308,295,231,196,167,168,172,170,179,156,162,174,177,191,186,191,189,169,173,185,175,173,164,171,177,183,180,175,181,153,164,146,171,193,197,205,223,194,223,204,172,161,163,150,128,154,128,109,90,107,93,96,76,76,80,78,84,66,68,68,75,50,12391
4266,BURWOOD_RD W of AUBURN_RD,045 F11,-37.82518,145.04301,4243,653,7,1,10/4/2006,49,42,34,24,28,25,20,16,27,18,16,18,18,12,12,17,15,16,11,16,20,23,15,25,24,46,65,58,105,107,117,125,164,168,171,165,151,133,147,156,160,150,169,152,190,186,175,177,198,186,179,203,168,192,205,201,200,192,201,183,201,202,203,211,240,222,275,253,267,285,321,269,315,264,207,216,210,215,206,170,176,143,146,152,156,131,151,129,163,119,101,95,95,68,48,51,12762
4266,BURWOOD_RD W of AUBURN_RD,045 F11,-37.82518,145.04301,4243,653,7,1,10/5/2006,51,33,28,30,28,15,17,20,13,16,19,12,12,14,10,14,13,12,12,12,13,15,20,26,32,56,52,51,106,102,122,153,140,149,184,153,142,153,158,150,164,158,185,153,176,189,173,183,184,218,196,178,196,199,195,221,177,184,206,179,193,194,189,222,243,264,265,244,277,302,304,277,253,234,227,214,213,191,188,190,164,169,164,185,153,176,179,160,132,120,109,126,102,70,67,60,12892
4266,BURWOOD_RD W of AUBURN_RD,045 F11,-37.82518,145.04301,4243,653,7,1,10/6/2006,76,45,45,46,42,38,38,27,33,29,24,23,31,19,18,19,22,10,17,21,14,15,15,33,33,44,50,76,85,109,124,138,146,183,186,163,164,125,163,161,154,161,163,192,194,180,164,203,180,173,193,187,177,189,193,215,197,180,206,192,180,180,208,204,214,213,296,262,255,293,287,241,266,243,233,208,210,170,183,154,137,141,130,115,165,144,130,118,138,149,142,130,119,132,109,92,12934
4266,BURWOOD_RD W of AUBURN_RD,045 F11,-37.82518,145.04301,4243,653,7,1,10/10/2006,22,20,26,12,22,18,14,12,13,8,8,12,11,13,7,2,18,10,17,17,14,22,20,31,34,38,51,55,89,121,123,137,147,194,172,170,151,144,158,136,147,162,170,181,179,195,161,180,159,184,162,177,178,171,197,171,208,203,207,209,193,193,214,214,212,255,235,223,303,257,302,285,310,246,240,221,218,189,203,170,191,167,151,154,169,171,145,139,147,109,114,88,116,73,65,49,12621
4266,BURWOOD_RD W of AUBURN_RD,045 F11,-37.82518,145.04301,4243,653,7,1,10/11/2006,42,63,32,33,38,28,16,18,23,21,14,11,17,11,9,18,16,21,14,15,13,22,16,28,30,36,43,69,90,121,108,135,172,164,173,163,146,138,150,144,154,143,157,163,151,188,165,175,204,210,204,190,207,215,190,168,193,186,193,189,189,189,205,211,227,246,236,228,273,265,283,297,303,254,241,205,231,213,211,181,164,162,167,153,142,142,141,134,127,131,117,96,90,90,63,55,12728
4266,BURWOOD_RD W of AUBURN_RD,045 F11,-37.82518,145.04301,4243,653,7,1,10/12/2006,32,39,24,24,25,19,12,12,17,16,9,13,11,11,10,8,6,15,14,12,9,15,19,27,30,38,55,76,90,96,119,155,163,171,172,175,168,141,169,180,153,165,158,180,185,203,178,192,180,187,176,181,143,201,194,183,192,206,187,199,176,203,200,215,224,252,245,185,298,293,283,288,284,273,237,184,229,166,179,159,176,151,152,150,167,192,147,128,132,148,89,96,101,76,82,68,12668
4266,BURWOOD_RD W of AUBURN_RD,045 F11,-37.82518,145.04301,4243,653,7,1,10/13/2006,62,55,44,50,47,38,39,25,35,24,14,22,19,17,16,19,16,13,11,20,13,15,21,34,31,47,59,62,90,95,132,127,148,166,203,175,136,155,150,152,178,160,183,161,199,209,167,188,186,180,165,202,183,213,199,211,182,207,184,180,200,200,228,201,222,214,255,245,246,285,254,285,277,271,228,222,190,167,191,148,147,132,160,154,173,164,118,134,145,122,159,126,116,111,69,100,12993
4266,BURWOOD_RD W of AUBURN_RD,045 F11,-37.82518,145.04301,4243,653,7,1,10/17/2006,32,41,25,27,20,18,14,12,10,13,6,8,12,3,14,13,7,11,15,6,16,19,13,22,39,50,50,68,106,112,129,143,135,188,173,172,145,145,182,147,123,169,138,146,157,195,171,170,197,190,185,159,218,188,186,186,171,180,187,196,191,202,211,210,208,227,214,273,278,280,310,255,292,244,238,216,204,202,170,140,157,173,150,158,169,156,139,175,157,117,105,106,102,82,69,83,12536
4266,BURWOOD_RD W of AUBURN_RD,045 F11,-37.82518,145.04301,4243,653,7,1,10/18/2006,78,52,36,33,34,21,26,40,26,17,19,18,17,20,16,24,15,13,21,19,12,26,21,21,33,46,51,52,105,87,124,149,157,177,181,152,121,132,161,171,145,143,166,170,160,160,180,153,180,201,171,172,195,191,180,157,193,207,173,196,186,209,210,195,218,235,274,257,295,223,294,284,330,242,254,192,198,223,195,176,176,167,162,145,150,124,148,146,134,131,96,104,75,66,75,72,12678
4266,BURWOOD_RD W of AUBURN_RD,045 F11,-37.82518,145.04301,4243,653,7,1,10/19/2006,52,46,36,28,23,15,19,7,15,14,15,8,9,14,13,12,9,6,18,16,13,22,18,34,35,44,47,78,98,113,111,127,160,154,175,163,158,144,168,152,174,154,174,174,161,183,196,179,147,182,168,183,214,190,202,187,214,190,171,199,177,197,185,181,215,242,303,235,289,305,316,268,269,250,232,209,206,183,182,183,151,147,191,150,160,161,144,160,124,138,119,87,86,86,88,68,12718
4266,BURWOOD_RD W of AUBURN_RD,045 F11,-37.82518,145.04301,4243,653,7,1,10/20/2006,64,63,53,52,57,36,43,27,25,29,26,25,20,20,14,19,17,13,26,17,25,23,10,29,29,57,56,72,81,107,131,141,137,184,172,169,140,133,147,157,167,186,166,188,178,185,173,171,181,147,194,189,178,206,203,194,176,186,194,193,202,200,180,187,212,248,255,254,281,286,336,259,315,294,195,201,202,173,188,144,127,116,159,145,134,150,129,131,130,120,105,93,111,115,114,122,12914
4266,BURWOOD_RD W of AUBURN_RD,045 F11,-37.82518,145.04301,4243,653,7,1,10/25/2006,46,54,41,23,28,24,27,23,24,17,16,16,14,16,18,14,19,14,12,13,13,17,18,42,33,40,50,64,86,89,116,114,155,156,180,142,134,139,159,149,154,173,164,175,176,190,171,178,177,188,204,179,195,207,202,188,167,169,190,202,197,181,210,252,247,249,255,245,285,256,309,307,313,274,228,222,196,207,187,173,186,173,142,118,130,159,156,139,122,119,111,94,77,70,59,51,12703
4266,BURWOOD_RD W of AUBURN_RD,045 F11,-37.82518,145.04301,4243,653,7,1,10/26/2006,41,40,26,31,19,23,18,10,15,15,15,5,19,8,9,8,6,16,8,17,15,11,21,34,29,43,56,60,96,104,112,139,166,187,180,164,160,144,148,152,145,178,166,181,155,190,202,191,202,164,192,211,203,208,206,196,219,188,192,206,178,194,238,209,207,238,262,256,271,323,279,339,269,240,243,210,199,206,183,191,184,177,171,142,177,164,147,140,140,134,108,112,96,82,77,51,13002
4266,BURWOOD_RD W of AUBURN_RD,045 F11,-37.82518,145.04301,4243,653,7,1,10/27/2006,53,52,49,34,38,34,30,17,24,29,18,22,15,19,14,19,7,17,11,21,16,19,9,24,31,41,46,86,93,105,114,133,142,166,196,170,138,165,143,164,151,158,170,173,182,179,178,189,192,162,188,179,186,185,197,180,188,193,209,193,214,224,215,212,247,244,245,280,262,318,267,315,260,272,237,171,198,178,161,178,134,134,140,137,142,168,126,105,127,118,142,110,104,105,109,100,12855
4273,TOORAK_RD E of TOORONGA_RD,059 F05,-37.84686,145.04508,12527,659,3,1,10/2/2006,24,20,11,13,20,10,13,14,8,10,11,15,4,6,11,17,16,16,9,35,41,53,70,83,98,150,190,255,323,295,331,345,318,340,263,375,250,276,197,221,184,163,127,186,141,128,164,207,208,187,118,161,145,187,203,171,160,173,191,186,185,184,177,197,218,242,264,202,288,298,252,275,249,203,179,193,136,149,119,98,78,78,96,82,73,85,75,81,65,66,51,43,34,35,29,20,13246
4273,TOORAK_RD E of TOORONGA_RD,059 F05,-37.84686,145.04508,12527,659,3,1,10/3/2006,23,13,10,12,8,6,11,11,10,11,12,6,9,10,6,11,10,10,19,26,40,53,79,76,122,221,256,325,328,333,378,303,368,327,307,308,283,263,278,255,210,203,224,192,180,200,209,199,189,219,196,180,189,191,207,173,174,183,174,167,201,233,226,191,220,233,223,255,303,271,262,264,268,201,210,197,161,156,167,126,107,90,85,75,92,80,87,81,108,72,64,64,54,56,37,26,14542
4273,TOORAK_RD E of TOORONGA_RD,059 F05,-37.84686,145.04508,12527,659,3,1,10/4/2006,25,22,20,11,12,8,14,11,8,6,11,8,10,6,8,12,15,10,17,29,37,46,88,113,112,229,296,322,343,345,369,362,318,334,302,345,301,262,244,273,214,206,217,165,193,243,203,211,163,199,192,185,226,187,199,169,131,183,190,190,191,200,206,187,230,247,223,243,288,289,278,227,254,283,213,178,206,168,129,116,105,103,107,118,96,92,86,84,85,93,78,66,61,45,45,24,14814
4273,TOORAK_RD E of TOORONGA_RD,059 F05,-37.84686,145.04508,12527,659,3,1,10/5/2006,23,29,11,23,16,9,8,10,9,10,7,10,6,7,9,16,14,11,17,31,38,56,83,100,118,183,274,298,371,304,352,298,317,360,297,308,350,256,230,257,202,195,193,214,200,192,223,221,186,233,202,200,215,155,145,170,169,210,219,229,213,208,195,201,239,219,249,277,309,320,302,260,263,262,228,191,194,169,125,142,126,108,100,58,88,94,96,87,81,94,91,61,52,43,42,54,14940
4273,TOORAK_RD E of TOORONGA_RD,059 F05,-37.84686,145.04508,12527,659,3,1,10/6/2006,32,22,16,33,16,11,7,19,9,10,12,16,10,10,14,17,16,19,16,37,40,50,86,104,67,164,275,292,239,345,381,317,344,287,333,285,331,291,263,221,202,203,159,186,242,206,226,157,206,212,243,192,205,176,201,227,209,189,199,218,231,219,208,234,251,229,218,252,265,329,261,241,233,283,211,241,209,191,184,148,135,117,111,120,111,87,110,99,111,78,102,85,91,74,82,73,15339
4273,TOORAK_RD E of TOORONGA_RD,059 F05,-37.84686,145.04508,12527,659,3,1,10/7/2006,47,53,39,47,46,35,35,40,26,30,23,24,17,25,20,21,18,21,20,19,26,34,35,43,56,87,110,102,71,92,110,118,115,174,186,214,163,200,191,230,191,197,208,211,181,219,204,205,219,228,201,200,210,197,209,226,170,179,179,160,197,191,184,170,153,201,179,182,177,210,193,191,214,207,239,229,231,196,170,157,122,119,109,113,100,98,112,101,101,90,112,121,98,97,66,94,12481
4273,TOORAK_RD E of TOORONGA_RD,059 F05,-37.84686,145.04508,12527,659,3,1,10/9/2006,21,17,15,8,19,8,12,9,8,8,11,7,9,12,7,14,18,19,24,38,35,50,78,117,114,191,291,282,342,304,326,323,313,349,307,303,335,277,237,245,212,201,181,177,195,185,191,172,201,198,191,204,186,207,166,159,173,171,212,160,195,210,219,197,172,245,266,217,297,309,295,272,234,232,208,172,171,122,118,108,85,88,75,90,77,64,64,67,77,42,64,50,37,26,26,13,14049
4273,TOORAK_RD E of TOORONGA_RD,059 F05,-37.84686,145.04508,12527,659,3,1,10/10/2006,24,14,12,11,10,6,5,9,6,8,7,8,4,8,12,7,15,14,18,29,40,49,77,104,147,203,222,292,323,323,352,383,318,355,338,344,314,291,257,245,193,203,219,219,207,200,222,212,191,173,207,194,183,198,178,184,163,163,199,176,214,195,186,210,223,242,292,236,274,293,331,264,221,226,219,209,164,177,150,146,103,119,92,81,74,95,78,69,86,79,70,66,52,54,35,32,14745
4273,TOORAK_RD E of TOORONGA_RD,059 F05,-37.84686,145.04508,12527,659,3,1,10/11/2006,23,19,15,9,17,7,8,11,11,6,15,5,6,6,6,7,7,14,14,31,31,57,94,102,135,220,299,258,323,316,352,361,286,292,307,274,341,276,260,277,232,228,222,163,192,231,205,213,206,198,209,191,176,193,186,180,189,189,206,186,190,221,211,197,234,234,251,251,269,307,306,264,249,272,220,205,179,189,145,115,134,108,91,95,102,109,92,89,80,88,68,67,46,53,42,32,14898
4273,TOORAK_RD E of TOORONGA_RD,059 F05,-37.84686,145.04508,12527,659,3,1,10/12/2006,32,38,20,17,16,9,11,11,9,11,6,21,8,6,7,13,13,9,10,31,44,51,97,94,139,194,281,287,323,326,334,343,291,321,305,344,306,293,249,233,212,186,216,198,202,213,211,209,241,206,195,196,199,183,182,180,156,182,164,197,210,221,201,197,246,256,256,231,288,274,303,267,256,243,239,237,169,171,148,124,101,77,92,58,100,94,119,90,76,81,92,69,72,60,47,54,14900
4273,TOORAK_RD E of TOORONGA_RD,059 F05,-37.84686,145.04508,12527,659,3,1,10/13/2006,29,23,21,31,21,12,18,14,13,16,7,11,6,12,15,12,6,16,19,35,34,53,92,114,133,161,292,292,310,319,375,337,318,306,302,296,314,238,263,245,220,214,232,221,206,232,228,216,233,206,209,188,201,186,165,180,188,185,198,203,210,218,191,201,242,263,285,247,288,296,309,264,201,226,235,225,185,185,172,140,126,117,106,87,106,92,112,90,101,84,114,100,84,85,71,54,15354
4273,TOORAK_RD E of TOORONGA_RD,059 F05,-37.84686,145.04508,12527,659,3,1,10/16/2006,21,19,17,16,11,13,13,11,4,11,6,6,8,9,4,12,21,14,19,36,42,51,92,54,129,200,253,300,321,356,337,370,367,304,350,308,321,276,260,203,227,187,236,186,161,217,199,199,178,205,182,182,164,202,176,185,168,176,159,197,163,196,193,204,229,223,279,212,287,329,295,250,232,206,232,181,157,141,129,108,80,91,82,85,91,80,72,72,69,51,56,37,33,35,34,23,14188
4273,TOORAK_RD E of TOORONGA_RD,059 F05,-37.84686,145.04508,12527,659,3,1,10/17/2006,18,14,19,9,17,3,5,11,9,8,13,7,8,8,8,8,15,18,19,25,32,74,96,112,139,234,281,295,305,358,326,344,318,353,312,326,343,302,270,245,212,194,208,186,216,174,211,208,197,213,206,188,213,235,196,183,172,183,172,178,220,192,197,185,254,231,259,273,270,296,283,265,281,234,243,203,206,186,154,116,93,106,95,91,96,99,86,91,65,92,66,57,47,43,49,28,15004
4273,TOORAK_RD E of TOORONGA_RD,059 F05,-37.84686,145.04508,12527,659,3,1,10/18/2006,33,23,23,13,13,9,11,8,7,8,10,7,6,6,10,11,10,9,21,30,43,58,84,121,146,213,282,304,290,359,355,334,354,286,360,268,320,278,238,248,227,219,219,170,200,232,191,222,222,222,206,157,190,215,189,180,186,179,210,180,198,183,205,169,225,230,261,269,301,276,281,277,233,237,256,229,221,176,149,133,119,110,92,111,116,109,83,73,107,87,84,68,65,55,44,37,15094
4273,TOORAK_RD E of TOORONGA_RD,059 F05,-37.84686,145.04508,12527,659,3,1,10/19/2006,26,32,15,20,10,15,19,17,10,4,10,5,7,10,11,13,13,23,20,25,23,60,94,100,125,242,265,302,329,326,303,332,352,328,321,312,322,262,294,257,225,233,215,194,200,199,198,199,235,216,226,169,154,188,200,146,154,176,219,213,195,222,221,197,217,245,260,247,277,292,295,289,255,236,233,240,187,211,151,110,117,101,105,94,88,123,86,91,85,85,89,54,85,67,53,42,15158
4273,TOORAK_RD E of TOORONGA_RD,059 F05,-37.84686,145.04508,12527,659,3,1,10/20/2006,35,29,35,22,11,22,19,14,15,8,17,13,9,9,12,11,17,13,27,41,30,47,90,117,132,224,300,283,293,346,364,391,287,327,333,257,323,266,234,258,214,196,211,210,187,196,209,153,241,240,241,232,193,197,208,196,184,205,214,224,235,210,202,223,228,261,294,303,281,277,230,264,292,251,176,189,220,191,187,153,131,113,109,96,90,106,95,80,96,98,110,78,83,66,59,83,15592
4273,TOORAK_RD E of TOORONGA_RD,059 F05,-37.84686,145.04508,12527,659,3,1,10/23/2006,28,23,13,20,7,10,13,11,8,7,5,5,8,11,7,14,15,20,18,34,55,52,85,113,120,211,288,294,308,323,381,296,316,327,282,322,294,267,223,227,219,202,183,165,206,147,209,194,195,167,174,196,160,187,162,152,175,186,160,186,185,211,177,217,254,202,261,245,246,311,246,272,236,242,182,177,146,145,146,117,86,91,89,74,73,89,71,88,76,68,49,50,30,25,31,18,13912
4273,TOORAK_RD E of TOORONGA_RD,059 F05,-37.84686,145.04508,12527,659,3,1,10/24/2006,21,17,13,11,9,3,17,7,6,4,8,5,6,9,8,8,13,9,23,29,41,62,91,117,149,207,295,302,310,323,380,366,280,324,292,308,265,276,262,208,214,219,207,223,175,196,216,192,193,170,183,195,179,182,192,148,191,164,199,197,202,204,187,215,251,244,246,247,252,269,270,273,244,257,229,180,153,163,152,151,93,103,89,93,90,94,70,95,69,67,63,59,44,48,46,33,14464
4273,TOORAK_RD E of TOORONGA_RD,059 F05,-37.84686,145.04508,12527,659,3,1,10/25/2006,29,14,17,12,11,8,9,4,8,6,6,10,5,8,7,7,12,19,22,29,39,64,100,119,150,224,289,265,333,323,359,337,348,297,266,315,305,322,271,245,209,208,230,183,208,198,212,192,206,245,228,186,152,190,223,177,178,172,199,197,191,208,231,184,258,267,223,247,295,312,301,305,251,280,212,211,171,155,125,99,104,115,102,72,116,89,116,80,83,84,77,65,59,37,39,30,15001
4273,TOORAK_RD E of TOORONGA_RD,059 F05,-37.84686,145.04508,12527,659,3,1,10/26/2006,25,21,13,10,16,11,12,14,6,12,6,10,6,6,6,15,13,16,12,20,38,52,85,117,143,195,302,255,323,323,343,343,340,313,316,302,321,265,272,253,205,211,219,186,225,211,219,195,175,187,231,187,197,203,191,194,201,176,205,219,212,213,210,208,204,214,250,247,249,292,276,275,265,245,232,203,194,185,151,109,111,125,105,96,88,89,109,113,90,79,70,47,36,46,46,33,14905
4273,TOORAK_RD E of TOORONGA_RD,059 F05,-37.84686,145.04508,12527,659,3,1,10/27/2006,30,20,21,28,14,19,11,19,20,11,13,19,10,10,8,11,8,10,20,20,39,54,89,111,143,193,297,294,323,309,329,340,302,313,292,316,321,276,259,234,242,225,219,204,215,220,209,199,215,216,226,188,196,169,228,207,223,190,185,217,188,213,209,193,250,264,262,291,296,289,307,263,254,220,186,203,142,194,165,142,103,73,88,101,100,85,105,82,81,94,81,85,67,69,79,72,15245
4273,TOORAK_RD E of TOORONGA_RD,059 F05,-37.84686,145.04508,12527,659,3,1,10/30/2006,21,21,21,20,14,8,12,15,6,8,6,10,9,10,10,12,14,14,21,24,42,49,95,94,125,195,253,243,331,342,382,312,336,315,352,293,323,286,263,216,172,173,200,169,182,195,178,179,187,207,198,162,223,177,194,166,163,169,172,211,191,187,194,182,218,241,231,220,278,245,238,276,251,255,234,178,157,157,126,108,103,90,85,81,70,89,69,77,66,51,54,44,18,28,24,19,13935
4273,TOORAK_RD E of TOORONGA_RD,059 F05,-37.84686,145.04508,12527,659,3,1,10/31/2006,14,19,14,17,18,7,2,12,12,11,4,11,3,7,9,11,7,9,13,26,25,64,75,106,123,215,280,304,342,316,389,329,297,261,281,352,350,298,270,228,196,219,215,206,166,196,188,206,190,177,178,189,144,204,192,142,171,152,137,131,152,129,179,219,191,138,153,170,165,230,237,191,196,210,231,213,182,166,124,115,108,103,96,83,103,105,82,91,96,76,63,63,34,48,37,31,13540
4335,HIGH_ST NE of CHARLES_ST,045 D06,-37.80619,145.03532,5485,679,6,1,10/6/2006,21,30,26,23,16,21,16,12,14,10,7,6,8,11,16,7,10,9,9,6,11,4,11,29,30,25,44,58,88,103,98,146,161,161,149,172,132,157,159,159,148,142,177,184,161,151,174,172,172,194,183,183,173,178,185,189,213,205,215,210,243,247,237,247,218,219,216,245,252,279,281,271,246,257,252,259,249,232,213,191,196,151,154,125,135,113,102,100,126,100,107,107,98,89,81,65,12487
4335,HIGH_ST NE of CHARLES_ST,045 D06,-37.80619,145.03532,5485,679,6,1,10/20/2006,39,31,18,23,19,19,13,17,16,9,4,12,10,5,7,3,14,7,11,5,6,12,10,20,32,27,45,73,59,103,99,157,148,170,209,194,154,140,157,154,164,161,159,157,197,169,178,195,189,218,199,188,201,177,206,175,183,216,220,213,220,246,254,257,224,285,258,258,237,249,277,276,287,236,259,237,227,210,186,187,157,108,109,111,117,118,89,84,87,95,80,103,90,71,98,79,12482
4335,HIGH_ST NE of CHARLES_ST,045 D06,-37.80619,145.03532,5485,679,6,1,10/27/2006,32,34,25,23,14,17,16,4,16,9,10,6,14,6,3,7,12,7,9,2,2,11,14,21,27,38,34,71,79,90,121,106,161,168,186,180,145,157,138,152,124,152,168,152,167,169,180,211,194,185,194,215,181,188,202,206,193,179,226,205,233,231,241,246,232,223,231,279,239,272,270,291,274,250,258,263,245,213,185,203,173,165,136,104,133,109,131,94,82,102,101,110,79,53,69,58,12436
4812,MADDEN_GV S OF SWAN_ST,002HJ11,-37.82912,145.01576,16535,791,5,1,10/4/2006,24,12,15,11,5,12,10,10,4,4,2,4,2,2,1,0,4,2,1,6,4,12,11,14,36,42,65,115,122,142,216,215,195,254,245,256,216,192,199,184,148,144,162,164,151,183,178,172,183,177,165,198,163,198,161,194,164,193,185,206,252,251,229,241,244,251,250,263,291,280,268,338,300,284,260,225,172,195,108,120,88,103,83,108,82,81,93,99,77,88,75,77,48,47,43,28,12397
4812,MADDEN_GV S OF SWAN_ST,002HJ11,-37.82912,145.01576,16535,791,5,1,10/5/2006,18,21,10,12,7,15,9,4,7,3,2,4,3,3,2,2,3,1,3,7,2,8,12,17,24,43,71,96,113,134,196,195,233,265,240,252,218,235,181,183,166,155,189,164,164,182,173,172,161,172,176,180,171,182,177,176,202,192,177,233,251,251,268,238,253,225,262,273,259,298,295,280,315,282,254,217,179,179,126,123,97,81,83,94,92,72,86,84,74,74,83,50,64,50,42,26,12398
4812,MADDEN_GV S OF SWAN_ST,002HJ11,-37.82912,145.01576,16535,791,5,1,10/6/2006,21,25,24,18,12,19,11,4,11,9,13,6,7,6,3,1,5,2,8,8,4,7,13,18,29,47,68,98,114,137,164,249,272,230,238,233,221,217,174,165,153,162,189,185,185,184,181,201,176,165,165,192,164,174,177,198,206,209,197,232,251,253,306,252,251,261,256,241,234,266,259,291,317,284,223,231,186,230,189,120,108,87,65,75,57,65,94,63,85,81,84,89,83,68,72,74,12757
4812,MADDEN_GV S OF SWAN_ST,002HJ11,-37.82912,145.01576,16535,791,5,1,10/12/2006,21,13,13,11,8,17,10,10,4,8,3,4,3,1,5,3,1,2,6,11,7,9,15,20,31,61,69,131,127,159,171,280,245,215,294,226,237,218,167,169,195,148,177,144,155,174,159,214,171,227,169,188,155,180,180,194,174,222,219,193,261,221,249,265,251,208,285,236,295,274,276,313,234,225,268,197,146,161,146,115,100,116,93,99,81,92,82,81,93,91,89,61,57,51,40,36,12531
4812,MADDEN_GV S OF SWAN_ST,002HJ11,-37.82912,145.01576,16535,791,5,1,10/13/2006,22,27,26,22,12,9,8,8,14,6,8,6,9,4,5,3,6,4,5,6,8,4,18,26,40,43,80,99,94,148,202,221,261,231,241,196,267,209,180,177,164,195,175,175,158,214,210,212,200,189,187,193,171,160,203,181,184,189,211,243,273,263,272,269,268,241,250,255,278,283,286,348,298,246,212,239,195,175,131,83,92,83,67,79,76,74,70,69,86,76,94,76,77,79,69,70,12871
4812,MADDEN_GV S OF SWAN_ST,002HJ11,-37.82912,145.01576,16535,791,5,1,10/17/2006,20,17,14,8,7,3,6,5,5,6,3,3,4,2,0,3,1,3,4,7,4,10,14,22,31,48,82,119,135,146,221,230,248,243,259,243,233,170,170,179,143,181,154,148,161,181,199,208,166,140,182,154,159,167,156,172,192,190,206,241,232,256,272,258,223,254,262,231,243,293,298,302,279,285,208,276,182,197,169,150,134,105,76,90,81,73,93,74,84,80,62,97,55,50,58,51,12561
4812,MADDEN_GV S OF SWAN_ST,002HJ11,-37.82912,145.01576,16535,791,5,1,10/18/2006,32,20,12,15,10,10,4,5,1,5,6,2,3,2,3,1,1,5,3,7,4,8,17,19,39,45,70,139,134,150,172,225,237,290,245,239,210,201,177,177,170,145,175,167,146,141,199,156,163,183,179,149,176,180,162,172,166,183,200,220,232,295,234,248,228,261,233,289,270,301,284,282,293,296,263,205,203,184,148,108,110,107,98,89,68,91,95,98,82,79,70,63,55,56,46,44,12485
4812,MADDEN_GV S OF SWAN_ST,002HJ11,-37.82912,145.01576,16535,791,5,1,10/19/2006,36,23,14,9,10,6,10,7,5,6,8,8,4,5,3,4,8,4,3,7,3,8,17,21,31,52,76,117,109,129,169,265,248,227,253,197,224,230,179,158,191,178,159,152,165,158,174,178,190,176,182,186,191,187,185,176,186,191,243,226,230,237,262,284,261,251,231,241,305,296,278,294,301,267,289,237,215,161,121,132,101,96,86,85,69,80,104,92,92,71,85,82,70,48,34,30,12685
4821,VICTORIA_ST E OF BURNLEY_ST,002HF02,-37.81293,145.00865,16911,1513,3,1,10/3/2006,14,16,10,10,9,12,5,7,7,5,0,6,5,6,7,10,10,11,13,12,22,37,50,69,71,101,157,195,256,298,351,311,303,312,327,348,347,288,227,187,197,180,168,185,201,190,161,170,172,179,202,193,185,171,185,182,173,182,167,167,186,185,174,193,141,172,173,184,180,179,219,218,205,190,143,164,130,140,121,115,95,80,96,89,94,75,81,62,46,59,60,53,45,41,28,17,12475
4821,VICTORIA_ST E OF BURNLEY_ST,002HF02,-37.81293,145.00865,16911,1513,3,1,10/4/2006,25,13,10,18,8,6,8,10,7,6,3,5,11,8,12,10,10,12,19,9,18,34,40,67,71,104,183,236,260,270,287,351,322,349,298,348,316,312,223,221,192,204,193,185,164,190,183,199,185,193,186,193,191,181,168,191,182,186,177,173,171,185,190,184,170,181,182,187,195,193,211,218,210,165,164,164,145,139,118,132,88,91,94,117,99,81,86,66,70,64,74,55,48,37,30,35,12875
4821,VICTORIA_ST E OF BURNLEY_ST,002HF02,-37.81293,145.00865,16911,1513,3,1,10/5/2006,23,16,20,13,16,8,14,10,10,9,5,9,11,9,10,17,10,16,19,15,20,37,43,80,58,103,161,199,269,330,350,328,333,349,312,377,365,255,217,207,180,215,193,185,195,183,178,179,171,193,171,196,197,208,167,175,212,180,192,173,158,198,204,195,174,176,188,185,212,222,207,172,229,217,195,216,152,160,147,132,155,121,134,115,129,106,106,88,78,77,63,62,53,49,28,30,13529
4821,VICTORIA_ST E OF BURNLEY_ST,002HF02,-37.81293,145.00865,16911,1513,3,1,10/6/2006,20,19,25,19,21,14,8,13,10,12,14,9,16,9,15,17,10,19,15,24,23,32,43,73,68,113,157,205,243,285,283,312,291,333,289,367,306,276,251,207,205,206,187,185,195,188,189,199,213,178,239,157,193,182,183,203,190,174,198,172,171,193,207,192,169,201,180,185,190,195,201,218,234,229,206,164,157,126,176,68,152,142,130,126,157,137,108,95,91,92,87,90,74,67,75,51,13638
4821,VICTORIA_ST E OF BURNLEY_ST,002HF02,-37.81293,145.00865,16911,1513,3,1,10/10/2006,21,14,16,14,13,6,15,6,11,4,3,11,5,4,7,9,7,15,10,17,26,36,47,66,79,93,154,192,249,296,281,353,293,312,312,328,379,268,227,207,196,176,196,176,189,174,183,184,186,193,197,192,137,201,199,191,162,175,182,173,149,174,185,181,186,194,153,192,210,209,210,218,219,204,147,144,151,137,135,132,99,96,91,99,121,87,105,72,96,78,61,57,59,42,33,20,12814
4821,VICTORIA_ST E OF BURNLEY_ST,002HF02,-37.81293,145.00865,16911,1513,3,1,10/11/2006,29,21,19,9,14,9,5,9,12,8,6,7,8,11,12,9,4,12,21,22,24,32,43,75,91,115,183,220,253,301,349,387,277,324,403,308,281,272,262,207,198,193,172,218,160,186,170,205,184,198,189,173,181,223,202,184,197,182,163,173,179,162,172,187,198,165,169,177,197,224,192,198,213,188,199,73,163,112,117,94,112,88,83,96,79,74,73,79,67,65,70,64,55,41,27,29,12886
4821,VICTORIA_ST E OF BURNLEY_ST,002HF02,-37.81293,145.00865,16911,1513,3,1,10/12/2006,14,18,14,7,10,9,17,10,15,9,7,7,5,9,8,13,15,16,15,22,19,28,51,63,77,119,152,204,270,324,298,353,329,353,282,352,334,269,235,251,202,190,186,154,180,193,179,203,171,204,202,197,156,144,143,202,153,165,165,159,146,174,164,195,173,189,160,197,219,180,217,218,198,176,188,184,169,166,121,113,129,117,113,117,130,114,87,72,71,58,83,75,59,33,41,43,13040
4821,VICTORIA_ST E OF BURNLEY_ST,002HF02,-37.81293,145.00865,16911,1513,3,1,10/13/2006,28,22,19,21,22,21,11,15,14,8,7,12,9,8,12,12,16,14,11,16,26,30,54,73,78,104,153,211,249,294,293,306,337,346,343,345,298,282,222,207,222,196,228,194,188,187,202,195,189,189,203,195,181,188,191,191,170,183,170,186,154,188,179,180,205,197,191,179,210,196,220,217,182,186,190,208,163,204,130,151,158,131,131,134,153,119,95,61,73,66,72,79,98,65,56,63,13681
4821,VICTORIA_ST E OF BURNLEY_ST,002HF02,-37.81293,145.00865,16911,1513,3,1,10/16/2006,21,6,10,14,14,8,10,8,12,4,11,10,6,4,4,8,14,15,11,22,15,24,43,61,80,97,159,195,220,322,300,353,314,327,357,367,355,274,228,207,196,171,183,178,183,177,168,185,193,186,163,195,186,179,190,174,203,167,160,173,171,182,191,155,181,165,200,179,212,192,195,195,154,175,143,144,113,150,120,111,82,91,95,75,71,87,81,51,67,51,56,29,41,28,18,29,12400
4821,VICTORIA_ST E OF BURNLEY_ST,002HF02,-37.81293,145.00865,16911,1513,3,1,10/17/2006,26,16,15,11,10,9,13,5,7,7,11,5,7,9,8,5,9,13,17,19,26,28,40,73,74,113,176,202,247,297,362,376,295,303,312,345,376,344,254,207,212,171,199,171,180,172,202,185,175,191,194,162,164,175,205,164,176,166,140,173,161,173,185,160,191,189,174,151,217,218,208,218,186,229,175,150,156,150,116,105,84,82,85,107,82,84,70,67,74,64,52,54,57,34,31,45,12833
4821,VICTORIA_ST E OF BURNLEY_ST,002HF02,-37.81293,145.00865,16911,1513,3,1,10/18/2006,25,22,14,16,12,14,13,7,14,5,5,7,3,6,10,7,15,11,17,19,25,29,52,70,78,106,176,224,260,296,306,350,336,318,344,384,323,293,248,214,208,171,161,176,197,164,160,195,180,179,185,181,187,187,189,191,170,141,177,166,160,197,205,194,168,169,175,191,215,220,206,187,195,171,167,144,152,171,132,99,93,100,99,94,88,70,81,89,80,62,65,56,47,40,37,29,12887
4821,VICTORIA_ST E OF BURNLEY_ST,002HF02,-37.81293,145.00865,16911,1513,3,1,10/19/2006,23,18,17,19,14,17,13,12,11,8,6,14,16,6,12,13,12,12,13,25,24,34,50,64,69,107,161,205,258,332,291,367,314,285,302,345,379,338,252,207,239,203,187,194,186,196,181,185,197,186,169,192,178,203,189,171,161,175,199,160,169,168,177,175,189,187,180,179,194,196,214,205,174,185,204,144,159,175,159,132,102,136,132,137,131,138,85,83,75,71,66,59,61,43,53,37,13390
4821,VICTORIA_ST E OF BURNLEY_ST,002HF02,-37.81293,145.00865,16911,1513,3,1,10/20/2006,35,21,28,18,22,16,14,11,15,9,12,19,8,15,13,13,12,13,16,21,19,34,45,74,75,81,167,207,233,296,317,336,320,312,276,300,349,293,213,203,217,201,181,200,191,195,245,170,207,228,193,192,199,176,208,194,194,189,230,184,182,214,186,187,195,176,179,204,169,208,241,218,190,198,205,173,184,168,163,171,150,128,131,146,139,130,78,104,64,90,79,78,60,79,60,66,13868
4821,VICTORIA_ST E OF BURNLEY_ST,002HF02,-37.81293,145.00865,16911,1513,3,1,10/24/2006,15,14,12,12,5,11,9,8,10,7,6,1,8,7,9,7,9,11,11,23,14,33,46,78,76,97,168,239,291,293,321,352,314,301,292,341,346,293,267,206,199,182,205,176,189,182,167,209,197,190,190,196,161,170,187,191,187,173,173,181,157,158,161,165,171,176,164,179,180,212,200,221,194,203,149,144,158,138,130,110,92,79,80,91,107,86,85,67,65,73,57,53,41,40,30,45,12729
4821,VICTORIA_ST E OF BURNLEY_ST,002HF02,-37.81293,145.00865,16911,1513,3,1,10/25/2006,36,14,21,11,18,10,11,9,5,2,7,14,11,7,7,10,12,11,11,28,25,30,49,69,79,110,152,219,274,312,321,351,350,331,366,365,305,318,246,236,190,211,207,176,197,163,180,185,190,192,193,232,174,223,167,193,184,191,179,173,181,182,203,213,201,169,178,187,213,176,205,201,224,191,170,168,146,125,151,116,105,90,96,91,79,80,76,75,76,62,68,51,39,34,26,38,13249
4821,VICTORIA_ST E OF BURNLEY_ST,002HF02,-37.81293,145.00865,16911,1513,3,1,10/26/2006,30,18,19,7,9,9,7,10,7,8,11,14,3,8,16,9,13,12,14,25,22,30,48,66,79,113,159,212,264,287,324,315,333,312,327,327,374,297,267,219,196,213,204,176,184,185,184,199,178,226,211,188,211,192,196,176,173,188,188,178,175,187,198,188,199,178,195,200,196,191,208,217,195,220,192,187,184,158,156,116,133,133,135,117,132,103,99,78,93,78,73,52,68,56,41,36,13637
4821,VICTORIA_ST E OF BURNLEY_ST,002HF02,-37.81293,145.00865,16911,1513,3,1,10/27/2006,38,36,11,17,21,13,18,12,13,19,14,6,8,10,9,18,17,13,17,15,22,30,43,65,74,99,154,214,264,315,366,362,352,304,307,326,318,281,214,212,169,202,207,171,188,162,195,205,198,202,212,224,221,190,175,211,185,191,209,188,171,172,181,205,212,187,179,188,158,209,218,220,201,207,232,182,174,173,146,178,133,132,117,129,141,113,74,73,71,74,89,77,78,83,65,65,13859
4821,VICTORIA_ST E OF BURNLEY_ST,002HF02,-37.81293,145.00865,16911,1513,3,1,10/28/2006,49,53,47,42,33,39,25,24,12,27,20,29,16,19,11,14,17,12,17,16,16,21,32,44,48,64,75,91,61,75,88,116,130,134,168,173,155,193,203,200,196,181,192,218,238,227,218,239,257,244,259,248,225,232,236,257,237,246,244,250,207,230,189,218,211,251,222,239,210,190,220,233,198,163,185,184,161,174,137,137,113,113,104,112,98,91,67,82,77,73,90,82,79,73,56,82,12604
4821,VICTORIA_ST E OF BURNLEY_ST,002HF02,-37.81293,145.00865,16911,1513,3,1,10/31/2006,15,19,16,14,9,10,3,9,3,6,6,3,6,6,11,7,16,9,14,24,14,31,41,63,63,86,187,203,250,293,279,328,253,300,286,343,313,344,252,233,177,167,200,170,176,209,189,203,173,205,179,184,188,185,209,193,171,163,175,173,165,162,152,186,182,176,187,167,222,190,203,178,185,181,167,142,139,131,119,112,81,106,103,105,84,65,75,74,71,62,77,68,44,35,30,28,12511
4821,VICTORIA_ST W OF BURNLEY_ST,002HF02,-37.81296,145.0083,6673,1513,7,1,10/3/2006,30,23,21,17,17,16,13,10,10,9,8,8,13,10,7,12,9,15,14,18,18,22,24,42,43,50,105,96,117,143,154,160,169,206,196,149,148,164,123,165,169,163,166,169,178,194,147,200,179,184,192,181,207,209,187,188,217,201,196,192,236,230,218,218,218,264,255,243,266,278,288,266,238,281,257,234,205,188,164,172,148,115,134,144,131,127,134,111,99,84,96,87,67,60,47,53,12649
4821,VICTORIA_ST W OF BURNLEY_ST,002HF02,-37.81296,145.0083,6673,1513,7,1,10/4/2006,43,23,24,19,19,11,23,5,23,8,16,9,12,10,12,11,11,10,9,9,16,18,26,55,58,48,81,102,117,130,141,163,188,175,156,165,127,137,153,139,161,168,144,169,176,163,171,180,160,172,177,181,177,201,183,186,216,175,194,192,208,221,207,218,230,214,261,255,310,300,288,266,306,272,218,234,243,195,150,154,137,117,153,121,164,124,129,108,135,123,107,86,80,70,50,60,12562
4821,VICTORIA_ST W OF BURNLEY_ST,002HF02,-37.81296,145.0083,6673,1513,7,1,10/5/2006,39,41,31,38,22,22,21,25,20,9,7,15,10,11,9,13,12,10,12,16,20,18,30,51,46,57,73,105,102,109,175,174,182,196,157,168,145,149,149,139,160,182,166,169,178,170,192,182,177,217,166,200,187,186,205,190,214,217,199,192,227,231,209,200,260,248,267,243,300,278,298,277,294,281,282,241,197,216,178,123,150,141,134,124,134,136,122,118,137,125,113,124,85,75,62,51,13058
4821,VICTORIA_ST W OF BURNLEY_ST,002HF02,-37.81296,145.0083,6673,1513,7,1,10/6/2006,49,49,31,28,27,23,32,20,19,24,23,23,20,15,16,25,15,15,10,14,14,21,33,60,36,69,88,86,110,117,170,171,191,164,130,152,148,147,135,139,167,164,181,169,146,189,191,180,190,168,207,181,187,167,189,226,200,193,227,183,240,264,216,232,225,253,261,243,270,281,285,266,286,283,270,234,220,217,186,154,180,164,129,134,134,120,133,132,99,124,126,125,122,104,110,93,13279
4821,VICTORIA_ST W OF BURNLEY_ST,002HF02,-37.81296,145.0083,6673,1513,7,1,10/10/2006,39,28,19,29,20,17,17,19,16,9,7,9,9,7,8,15,12,11,16,16,17,21,22,44,33,76,70,92,99,130,158,163,189,210,155,165,160,169,166,139,157,204,176,154,166,170,181,173,168,174,186,181,164,174,200,186,185,223,209,188,179,251,214,202,239,231,285,271,286,318,300,266,265,303,228,221,185,181,136,171,128,128,153,130,134,123,120,127,121,103,82,106,85,74,46,51,12663
4821,VICTORIA_ST W OF BURNLEY_ST,002HF02,-37.81296,145.0083,6673,1513,7,1,10/11/2006,39,39,30,28,16,19,11,20,14,13,16,11,11,7,10,6,11,12,9,24,13,22,23,48,56,43,67,95,113,123,121,168,183,183,162,169,139,155,140,135,174,164,169,185,137,196,181,161,158,176,164,167,210,217,176,183,224,151,219,188,220,199,185,224,188,243,274,221,295,246,279,290,258,263,225,221,194,184,167,154,134,112,147,127,118,145,107,152,152,129,90,88,89,76,65,48,12413
4821,VICTORIA_ST W OF BURNLEY_ST,002HF02,-37.81296,145.0083,6673,1513,7,1,10/12/2006,52,38,32,31,20,24,21,19,10,20,17,6,15,8,9,7,17,12,13,20,19,31,22,53,30,64,88,84,117,111,153,163,188,173,168,193,151,148,137,139,139,163,180,154,172,183,186,174,170,206,184,172,191,172,177,186,201,186,209,211,187,204,230,214,197,243,259,218,286,281,288,250,277,280,262,248,219,193,161,146,161,127,156,124,133,139,106,155,114,115,96,85,106,63,78,47,12687
4821,VICTORIA_ST W OF BURNLEY_ST,002HF02,-37.81296,145.0083,6673,1513,7,1,10/13/2006,55,42,43,27,39,34,30,28,26,12,21,16,15,11,8,11,10,19,14,16,19,15,34,57,52,60,83,86,109,140,139,169,200,163,152,165,135,151,147,139,145,177,198,169,176,176,151,180,171,160,189,212,184,174,221,186,206,242,217,212,211,241,243,199,224,261,241,232,264,248,300,256,249,266,234,234,184,214,139,144,165,158,144,124,110,128,130,133,124,117,118,132,129,126,65,98,13023
4821,VICTORIA_ST W OF BURNLEY_ST,002HF02,-37.81296,145.0083,6673,1513,7,1,10/17/2006,34,33,17,20,14,17,12,12,13,15,8,10,7,7,8,13,16,18,21,6,26,18,31,47,30,61,90,97,96,125,172,163,186,185,168,161,144,161,159,139,140,169,176,168,190,188,181,173,156,192,154,195,157,187,170,179,220,197,237,188,204,235,209,200,221,252,268,252,271,270,284,266,264,252,277,197,219,172,131,146,104,130,119,130,113,117,105,118,109,128,107,106,96,71,75,46,12441
4821,VICTORIA_ST W OF BURNLEY_ST,002HF02,-37.81296,145.0083,6673,1513,7,1,10/18/2006,40,30,25,24,30,23,15,17,13,16,11,10,8,7,11,11,12,17,11,14,19,20,41,35,46,64,77,94,101,141,161,162,175,169,167,160,132,147,161,154,146,167,165,154,185,155,171,202,156,188,189,201,153,203,183,206,188,206,199,192,203,253,218,218,217,246,258,243,247,291,257,277,262,281,255,235,220,172,159,146,138,129,125,136,109,128,103,118,112,112,95,107,71,66,60,54,12501
4821,VICTORIA_ST W OF BURNLEY_ST,002HF02,-37.81296,145.0083,6673,1513,7,1,10/19/2006,50,38,27,34,27,32,25,13,16,11,8,19,11,15,11,13,19,9,16,21,12,29,21,45,51,46,88,113,117,124,155,164,182,198,150,167,146,168,155,139,159,163,150,184,192,143,193,201,181,204,204,181,202,178,198,186,213,179,222,165,224,210,225,221,247,238,279,251,281,276,282,302,270,276,256,221,201,180,179,159,156,156,121,123,155,137,136,126,126,121,97,99,96,61,61,65,12997
4821,VICTORIA_ST W OF BURNLEY_ST,002HF02,-37.81296,145.0083,6673,1513,7,1,10/20/2006,52,42,38,40,37,28,14,26,23,16,17,16,16,17,20,13,19,15,34,12,20,18,36,52,43,49,88,94,96,150,143,141,182,187,175,162,148,152,129,139,172,187,147,188,199,164,192,193,195,187,189,181,200,195,224,209,232,188,205,192,239,230,220,241,212,243,275,282,252,306,299,266,291,291,230,258,197,209,155,181,168,144,142,116,123,133,119,118,109,109,123,126,112,112,65,54,13288
4821,VICTORIA_ST W OF BURNLEY_ST,002HF02,-37.81296,145.0083,6673,1513,7,1,10/24/2006,33,30,23,22,24,17,14,15,19,13,4,15,9,13,9,4,11,12,7,15,18,22,32,47,55,52,77,108,93,133,149,190,196,199,150,165,146,113,150,153,180,171,188,154,188,164,193,174,172,196,176,169,180,195,169,188,203,208,209,188,223,229,214,232,221,245,245,232,266,290,288,265,256,241,262,244,188,167,137,137,142,122,140,129,146,117,110,136,117,111,102,75,78,64,65,68,12526
4821,VICTORIA_ST W OF BURNLEY_ST,002HF02,-37.81296,145.0083,6673,1513,7,1,10/25/2006,53,35,25,24,22,23,18,24,11,12,9,15,5,16,10,18,11,7,13,16,26,17,33,47,40,54,79,108,118,133,163,171,199,181,166,175,147,127,145,173,158,164,147,154,179,193,184,173,206,165,189,196,199,225,181,236,195,191,217,188,212,243,218,193,229,236,284,243,313,281,290,304,278,300,219,235,204,172,170,151,144,137,112,167,122,116,125,140,113,93,110,106,80,75,64,52,12940
4821,VICTORIA_ST W OF BURNLEY_ST,002HF02,-37.81296,145.0083,6673,1513,7,1,10/26/2006,44,47,33,34,22,21,26,14,22,19,12,12,7,11,15,5,15,13,15,21,17,24,23,52,41,49,97,90,109,137,150,163,190,194,159,148,148,153,153,154,175,169,162,169,181,188,173,161,171,180,178,213,175,205,174,186,183,214,224,215,225,218,221,189,243,266,258,254,288,287,279,288,287,268,255,234,212,210,178,154,135,145,135,127,123,123,147,137,123,128,102,113,111,78,68,64,13028
4821,VICTORIA_ST W OF BURNLEY_ST,002HF02,-37.81296,145.0083,6673,1513,7,1,10/27/2006,51,56,43,29,35,19,24,21,15,20,19,14,16,15,13,14,11,15,14,21,17,22,34,51,36,66,109,103,113,136,138,141,218,174,167,168,166,146,163,142,170,158,173,147,194,173,186,151,206,199,218,197,201,197,232,206,205,212,194,215,224,229,253,223,240,261,305,268,303,270,333,264,341,255,214,229,224,204,150,189,164,167,115,133,127,122,122,121,127,103,122,124,117,99,108,88,13547
