x,y,fid,objectid,tfm_id,tfm_desc,tfm_typ_de,movement_t,site_desc,road_nbr,declared_r,local_road,data_src_c,data_sourc,time_categ,year_since,last_year,aadt_allve,aadt_truck,per_trucks
145.05552050592388,-37.77236692100448,7015,7315,11438,LOWER HEIDELBERG RD 10M AFTER RAVENSWOOD AVE,INTERSECTION,Scheduled PubTpt Bus flow,LOWER HEIDELBERG RD 10M AFTER RAVENSWOOD AVE,5762,MAIN HEIDELBERG-ELTHAM ROAD,LOWER HEIDELBERG ROAD,PUBTT,Other,Greater than 10 Years,0,0,0,0,0.0
144.84957709466548,-37.72616130331927,7028,7328,7624,KEILOR PARK DR N of CALDER FWY WB OFF RAMP,INTERSECTION,All Moves,CALDER FWY WB OFF RAMP & KEILOR PARK DR,5054,KEILOR PARK DRIVE,KEILOR PARK DRIVE,TMVMT,Manual,Greater than 10 Years,19,1997,20000,1600,0.08
145.1401065970711,-37.990369286468635,7033,7333,26777,LOWER DANDENONG RD E OF CENTRE DANDENONG RD DEPARTURE,INTERSECTION,All Moves,CENTRE DANDENONG RD & LOWER DANDENONG RD DEP,2050,STATE (LOWER DANDENONG/CHELTENHAM) HIGHWAY,LOWER DANDENONG ROAD,TMVMT,Manual,Between 2 and 5 Years,3,2013,24000,1200,0.05
145.83924297457793,-37.530531389788074,7070,7370,24034,LAKE MOUNTAIN RD S BD 500M N OF MARYSVILLE-WOODS POINT RD @ 0.5KM FROM NORTH OF,MIDBLOCK,All Moves,LAKE MOUNTAIN RD 500M N OF MARYSVILLE-WOODS POINT RD @ 0.5KM FROM NORTH OF,4083,LAKE MOUNTAIN ROAD,LAKE MOUNTAIN ROAD,APARX,Classification,Between 2 and 5 Years,2,2014,20,0,0.1
145.0699136597465,-37.78463159846671,7084,7384,21184,EFWY/BETWEEN BURKE RD & BULLEEN RD OUTBOUND,INTERSECTION,All Moves,SVO_Map_LTD:38||SITE DESC: EFWY/NEAR PHONE 310,9999,Missing Data,LIBRA STREET,INDET,Freeway Data Station,Less than 2 Years,1,2015,68000,0,0.0
145.04572239882555,-37.79138878204856,7152,7709,5790,KILBY RD AT PAGE AVE,INTERSECTION,Scheduled PubTpt Bus flow,KILBY RD AT PAGE AVE,9999,Missing Data,KILBY ROAD,PUBTT,Other,Greater than 10 Years,0,0,0,0,0.0
145.03979544688204,-37.903872989891966,7214,7821,7124,KATANDRA RD N OF NORTH RD DEPARTURE,INTERSECTION,All Moves,KATANDRA RD N OF NORTH RD DEPARTURE,9999,Missing Data,KATANDRA ROAD,TMVMT,Manual,Greater than 10 Years,0,0,0,0,0.0
144.84409479735197,-37.8498554005917,7227,7228,28232,KOROROIT CREEK RD W BD W OF MILLERS RD,INTERSECTION,All Moves,KOROROIT CREEK RD W OF MILLERS RD,5833,KOROROIT CREEK ROAD,KOROROIT CREEK ROAD,APARX,Classification,Greater than 10 Years,13,2003,8700,0,0.0
145.0550379044035,-37.899862900154574,7233,7914,7123,KOORNANG RD N OF NORTH RD DEPARTURE,INTERSECTION,All Moves,KOORNANG RD N OF NORTH RD DEPARTURE,9999,Missing Data,KOORNANG ROAD,TMVMT,Manual,Greater than 10 Years,0,0,0,0,0.0
145.19075310189882,-37.955014702073115,7248,7632,6707,JACKSONS RD 40M OPP HALTON RD,INTERSECTION,Scheduled PubTpt Bus flow,JACKSONS RD 40M OPP HALTON RD,5170,JACKSONS ROAD,JACKSONS ROAD,PUBTT,Other,Greater than 10 Years,0,0,0,0,0.0
144.9476055731491,-37.83453160673087,7252,7419,8892,CROCKFORD ST NE of INGLES ST,INTERSECTION,All Moves,CROCKFORD ST & INGLES ST,9999,Missing Data,INGLES STREET,TMVMT,Manual,Greater than 10 Years,28,1988,8400,670,0.08
145.069073649302,-37.7595830061945,7265,7234,11874,LOWER HEIDELBERG RD N OF BANKSIA ST,INTERSECTION,All Moves,BANKSIA ST/LOWER HEIDELBERG RD,2850,GREENSBOROUGH HIGHWAY,LOWER HEIDELBERG ROAD,SCATS,Scats,Between 5 and 10 Years,10,2006,15000,0,0.0
144.12577530045087,-35.633596096697126,7312,7838,20691,KERANG-KOONDROOK RD N BD 200M S OF MURRAY RIVER BRIDGE @ 25.6KM FROM KERANG,MIDBLOCK,All Moves,KERANG-KOONDROOK RD 200M S OF MURRAY RIVER BRIDGE @ 25.6KM FROM KERANG,5578,KERANG-KOONDROOK ROAD,KOONDROOK-MURRABIT ROAD,APARX,Classification,Less than 2 Years,1,2015,1600,170,0.1
145.37743250064165,-37.73501608315864,7322,7243,25407,INGRAM RD E OF MAROONDAH HWY,INTERSECTION,All Moves,MAROONDAH HWY & INGRAM RD,9999,Missing Data,INGRAM ROAD,TMVMT,Manual,Greater than 10 Years,0,0,0,0,0.0
144.97106131643434,-37.77547339918155,7324,7840,7097,LYGON ST N OF BRUNSWICK RD DEPARTURE,INTERSECTION,All Moves,LYGON ST N OF BRUNSWICK RD DEPARTURE,9999,Missing Data,LYGON STREET,TMVMT,Manual,Greater than 10 Years,0,0,0,0,0.0
144.84955642384384,-37.726664002154976,7359,7437,7638,KEILOR PARK DR N of ELY CT,INTERSECTION,All Moves,ELY CT & KEILOR PARK DR & OLD CALDER HWY,5054,KEILOR PARK DRIVE,KEILOR PARK DRIVE,TMVMT,Manual,Greater than 10 Years,19,1997,15000,1400,0.09
144.98606901461707,-37.806593516529865,7369,7935,7100,WELLINGTON ST N OF VICTORIA PDE,INTERSECTION,All Moves,VICTORIA PDE & WELLINGTON ST,9999,Missing Data,LANGRIDGE STREET,TMVMT,Manual,Greater than 10 Years,0,0,0,0,0.0
144.99604006045223,-37.81009300307469,7424,7748,6824,NICHOLSON ST N OF VICTORIA ST,INTERSECTION,All Moves,LENNOX ST & NICHOLSON ST & VICTORIA ST,9999,Missing Data,LENNOX STREET,TMVMT,Manual,Greater than 10 Years,0,0,0,0,0.0
145.14176919858028,-37.99055617438324,7438,7852,7130,CENTRE DANDENONG RD N OF LOWER DANDENONG RD DEPARTURE,INTERSECTION,All Moves,CENTRE DANDENONG RD & LOWER DANDENONG RD DEP,2050,STATE (LOWER DANDENONG/CHELTENHAM) HIGHWAY,LOWER DANDENONG ROAD,TMVMT,Manual,Between 2 and 5 Years,3,2013,5000,260,0.05
143.9516665767165,-35.7032307587108,7456,7854,20665,KERANG-MURRABIT RD S BD 5.2KM N OF KERANG-KOONDROOK RD @ 6.9KM POST,MIDBLOCK,All Moves,KERANG-MURRABIT RD 5.2KM N OF KERANG-KOONDROOK RD @ 6.9KM POST,5332,KERANG-MURRABIT ROAD,KERANG-MURRABIT ROAD,APARX,Classification,Between 2 and 5 Years,3,2013,200,20,0.14
145.05756201631695,-37.88659530177022,7472,7946,7362,KOORNANG RD N OF NEERIM RD,INTERSECTION,All Moves,KOORNANG RD & NEERIM RD,9999,Missing Data,KOORNANG ROAD,TMVMT,Manual,Greater than 10 Years,0,0,0,0,0.0
145.06824060504704,-37.94875452228406,7486,7115,10900,KEYS RD W BD W OF WARRIGAL RD,INTERSECTION,All Moves,KEYS RD W OF WARRIGAL RD,5313,WICKHAM-KEYS ROAD,KEYS ROAD,MOTSV,Manual,Greater than 10 Years,0,0,0,0,0.0
145.05236000528515,-37.772002077842544,7491,7755,6114,LOWER HEIDELBERG RD E BD BTWN HEIDELBERG RD & HARTLANDS RD,INTERSECTION,Scheduled PubTpt Bus flow,LOWER HEIDELBERG RD BTWN HEIDELBERG RD & HARTLANDS RD,5762,MAIN HEIDELBERG-ELTHAM ROAD,LOWER HEIDELBERG ROAD,PUBTT,Other,Greater than 10 Years,0,0,0,0,0.0
145.01237968027965,-37.89966269931436,7519,7758,21092,KOOYONG RD N OF NORTH RD,INTERSECTION,All Moves,NORTH RD/KOOYONG RD,9999,Missing Data,KOOYONG ROAD,SCATS,Scats,Between 2 and 5 Years,5,2011,6600,0,0.0
145.18306791383424,-37.99559836625535,7556,7271,21122,KIRKHAM RD WEST W BD E OF CHANDLER RD,UNDEFINED,All Moves,KIRKHAM RD WEST E OF CHANDLER RD,9999,Missing Data,KIRKHAM ROAD,APARX,Classification,Greater than 10 Years,17,1999,2000,0,0.0
145.04171416058696,-37.918602897870095,7567,7674,13141,JASPER RD N OF CENTRE RD,INTERSECTION,All Moves,CENTRE RD/JASPER RD,5847,JASPER ROAD,JASPER ROAD,SCATS,Scats,Less than 2 Years,0,2016,0,0,0.0
145.0197728390924,-37.86089030534108,7570,7460,12561,KOOYONG RD N OF WATTLETREE RD,INTERSECTION,All Moves,KOOYONG RD/WATTLETREE RD,9999,Missing Data,KOOYONG ROAD,SCATS,Scats,Greater than 10 Years,13,2003,8600,0,0.0
144.9706260598018,-37.7787029926387,7574,7273,12100,LYGON_ST N OF PARK_ST,INTERSECTION,All Moves,LYGON ST NR PARK ST,9999,Missing Data,LYGON STREET,SCATS,Scats,Between 5 and 10 Years,7,2009,15000,0,0.0
145.02072165071863,-37.855233601765406,7577,7675,12558,KOOYONG RD N OF HIGH ST,INTERSECTION,All Moves,HIGH ST/KOOYONG RD,9999,Missing Data,KOOYONG ROAD,SCATS,Scats,Between 5 and 10 Years,8,2008,7200,0,0.0
144.2046781903244,-36.69092890158943,7638,7281,21885,LODDON VALLEY HWY NWBD 2.7KM. N OF ALLIES RD @ 12.3KM FROM BENDIGO,MIDBLOCK,All Moves,LODDON VALLEY HWY 2.7KM. N OF ALLIES RD @ 12.3KM FROM BENDIGO,2630,LODDON VALLEY HIGHWAY,LODDON VALLEY HIGHWAY,APARX,Classification,Greater than 10 Years,18,1998,770,90,0.12
144.97882579401187,-37.79837578958746,7640,7682,25183,JOHNSTON ST E of BRUNSWICK ST,INTERSECTION,All Moves,BRUNSWICK ST & JOHNSTON ST,5853,JOHNSTON STREET,JOHNSTON STREET,TMVMT,Manual,Greater than 10 Years,31,1985,15000,650,0.04
143.9751213518111,-36.336004494279805,7663,7470,28673,LODDON VALLEY HIGHAY S BD 600M S OF FYFES RD @ 59.0KM FROM BENDIGO,MIDBLOCK,All Moves,LODDON VALLEY HIGHAY 600M S OF FYFES RD @ 59.0KM FROM BENDIGO,2630,LODDON VALLEY HIGHWAY,LODDON VALLEY HIGHWAY,APARX,Classification,Greater than 10 Years,18,1998,600,140,0.24
145.05407016768524,-37.904944396512406,7673,7539,14480,KOORNANG RD N OF NORTH RD,INTERSECTION,All Moves,NORTH RD/KOORNANG RD/TUCKER RD,9999,Missing Data,KOORNANG ROAD,SCATS,Scats,Between 2 and 5 Years,4,2012,4800,0,0.0
144.35242251495526,-38.14844640191202,7675,7285,7659,LATROBE TCE N BD N OF MYERS ST,INTERSECTION,All Moves,LATROBE TCE N OF MYERS ST,2800,CORIO-WAURN PONDS ROAD,LATROBE TERRACE,TMVMT,Manual,Greater than 10 Years,0,0,0,0,0.0
144.78263650673412,-37.844255113134615,7676,7686,25535,KOROROIT CREEK RD E of FITZGERALD RD,INTERSECTION,All Moves,FITZGERALD RD & KOROROIT CREEK RD,5833,KOROROIT CREEK ROAD,KOROROIT CREEK ROAD,TMVMT,Manual,Greater than 10 Years,20,1996,9400,0,0.0
145.44995888176223,-36.28329089353237,7682,7969,28681,KATAMATITE-SHEPPARTON RD N BD 2.8 KM N OF GOULBURN VALLEY HWY @ 33.2K,MIDBLOCK,All Moves,KATAMATITE-SHEPPARTON RD 2.8 KM N OF GOULBURN VALLEY HWY @ 33.2K,5419,KATAMATITE-SHEPPARTON ROAD,KATAMATITE-SHEPPARTON MAIN ROAD,APARX,Classification,Between 2 and 5 Years,2,2014,1800,290,0.16
145.3147001256451,-37.803102602930565,7687,7138,20693,LIVERPOOL RD 50M AFTER MT. DANDENONG RD,INTERSECTION,Scheduled PubTpt Bus flow,LIVERPOOL RD 50M AFTER MT. DANDENONG RD,9999,Missing Data,LIVERPOOL ROAD,PUBTT,Other,Greater than 10 Years,0,0,0,0,0.0
143.3182398782695,-37.94372559693103,7693,7287,25779,LISMORE-SKIPTON RD N BD 800M N OF HAMILTON HWY @ 30.2KM FROM SKIPTON,MIDBLOCK,All Moves,LISMORE-SKIPTON RD 800M N OF HAMILTON HWY @ 30.2KM FROM SKIPTON,5962,LISMORE-SKIPTON ROAD,LISMORE-SKIPTON ROAD,APARX,Classification,Between 2 and 5 Years,2,2014,150,40,0.3
145.14322230818524,-37.99071816185768,7710,7142,8553,LOWER DANDENONG RD E BD BTWN CENTRE DANDENONG RD & SPRINGVALE RD,MIDBLOCK,All Moves,LOWER DANDENONG RD BTWN CENTRE DANDENONG RD & SPRINGVALE RD,2050,STATE (LOWER DANDENONG/CHELTENHAM) HIGHWAY,LOWER DANDENONG ROAD,APARX,Classification,Between 2 and 5 Years,3,2013,24000,1800,0.07
145.01720402155985,-37.8745415951729,7719,7545,11471,KOOYONG ROAD NEBD NE OF GLEN EIRA ROAD,INTERSECTION,All Moves,KOOYONG ROAD NNE OF GLEN EIRA ROAD,9999,Missing Data,KOOYONG ROAD,TMVMT,Manual,Greater than 10 Years,0,0,0,0,0.0
144.8107318685158,-37.73148629585962,7748,7886,26912,LESLIE ST SO of TAYLORS RD,INTERSECTION,All Moves,ARTHUR ST & LESLIE ST & TAYLORS RD,9999,Missing Data,LESLIE STREET,TMVMT,Manual,Greater than 10 Years,29,1987,480,0,0.0
144.85158192768935,-37.73895567252613,7755,7294,25987,KEILOR PARK DR E of WESTERN RING RD,INTERSECTION,All Moves,KEILOR PARK DR & WESTERN RING RD,5054,KEILOR PARK DRIVE,KEILOR PARK DRIVE,TMVMT,Manual,Greater than 10 Years,21,1995,15000,600,0.04
145.22361299209055,-37.9996062942294,7781,7786,26473,LONSDALE ST E of PLUNKETT RD,INTERSECTION,All Moves,LONSDALE ST & PLUNKETT RD,2510,PRINCES HIGHWAY EAST,LONSDALE STREET,TMVMT,Manual,Greater than 10 Years,28,1988,27000,0,0.0
144.96290140891455,-37.801686520446125,7794,7484,28405,GRATTAN ST E BD E OF SWANSTON ST,INTERSECTION,All Moves,SWANSTON ST N OF GRATTAN ST,9999,Missing Data,LINCOLN SQUARE,TMVMT,Manual,Greater than 10 Years,0,0,0,0,0.0
144.35124277234567,-38.15467029979108,7835,7987,9072,LATROBE TCE N of MC KILLOP ST,INTERSECTION,All Moves,LATROBE TCE & MC KILLOP ST,2800,CORIO-WAURN PONDS ROAD,LATROBE TERRACE,TMVMT,Manual,Greater than 10 Years,0,0,0,0,0.0
144.92392628157128,-37.764366062283294,7838,7897,23929,KELLAWAY AVE NE OF MT ALEXANDER RD,INTERSECTION,All Moves,MT ALEXANDER RD/KELLAWAY AVE/TAYLOR ST,5598,KELLAWAY AVENUE,KELLAWAY AVENUE,SCATS,Scats,Greater than 10 Years,15,2001,2400,0,0.0
145.1556875513348,-37.95156795716767,7840,7058,6715,LIGHTWOOD RD 30M AFTER ELM GR,INTERSECTION,Scheduled PubTpt Bus flow,LIGHTWOOD RD 30M AFTER ELM GR,9999,Missing Data,LIGHTWOOD ROAD,PUBTT,Other,Greater than 10 Years,0,0,0,0,0.0
144.9476055731491,-37.83453160673087,7841,7988,25531,INGLES ST SE of CROCKFORD ST,INTERSECTION,All Moves,CROCKFORD ST & INGLES ST,9999,Missing Data,INGLES STREET,TMVMT,Manual,Greater than 10 Years,28,1988,7700,940,0.12
145.27542651650043,-37.91619678544518,7843,7158,24302,KELLETTS RD SEBD SE OF LAKEFIELD DR,INTERSECTION,All Moves,KELLETTS RD SSE OF LAKEFIELD DR,5428,KELLETTS ROAD,KELLETTS ROAD,APARX,Classification,Greater than 10 Years,15,2001,4300,0,0.0
145.10679140358488,-37.956789186692575,7872,7162,8261,KINGSTON RD E of OLD DANDENONG RD DEPARTURE,INTERSECTION,All Moves,KINGSTON RD E OF OLD DANDENONG RD DEPARTURE,5970,HEATHERTON ROAD,KINGSTON ROAD,TMVMT,Manual,Greater than 10 Years,0,0,0,0,0.0
144.35225724683107,-38.149299029089214,7877,7064,11461,LATROBE TCE N OF MYERS ST,INTERSECTION,All Moves,LATROBE TCE & MYERS ST,2800,CORIO-WAURN PONDS ROAD,LATROBE TERRACE,TMVMT,Manual,Greater than 10 Years,18,1998,17000,0,0.0
145.1795192434085,-37.9069173055277,7899,7167,9588,LUM_RD N OF FERNTREE_GULLY_RD,INTERSECTION,All Moves,FERNTREE GULLY RD/LUM RD,9999,Missing Data,LUM ROAD,SCATS,Scats,Between 5 and 10 Years,8,2008,2100,0,0.0
145.1052951068216,-37.98613202073098,7901,7570,23894,LOWER DANDENONG RD EB BTW SIBTHORPE ST & BOUNDARY RD,MIDBLOCK,All Moves,LOWER DANDENONG RD BTW SIBTHORPE ST & BOUNDARY RD,2050,STATE (LOWER DANDENONG/CHELTENHAM) HIGHWAY,LOWER DANDENONG ROAD,APCLM,Permanent Classification,Between 2 and 5 Years,2,2014,13000,1000,0.08
147.00310157697027,-36.25282501161107,7928,7175,24059,KIEWA VALLEY HWY S BD 700M N OF KIEWA EAST RD @ 17.9KM FROM WODONGA,MIDBLOCK,All Moves,KIEWA VALLEY HWY 700M N OF KIEWA EAST RD @ 17.9KM FROM WODONGA,2790,KIEWA VALLEY HIGHWAY,KIEWA VALLEY HIGHWAY,APARX,Classification,Between 2 and 5 Years,2,2014,1500,130,0.08
145.2275999889849,-37.80548248148314,7964,7089,11683,LOUGHNAN RD NE OF RINGWOOD ST,INTERSECTION,All Moves,LOUGHNAN RD & RINGWOOD ST,9999,Missing Data,LOUGHNAN ROAD,TMVMT,Manual,Greater than 10 Years,19,1997,10000,180,0.02
145.25807929479055,-38.05030099835091,7966,7591,8615,LYNBROOK BVD NE OF SOUTH GIPPSLAND HWY DEPARTURE,INTERSECTION,All Moves,LYNBROOK BVD NE OF SOUTH GIPPSLAND HWY DEPARTURE,9999,Missing Data,LYNBROOK BOULEVARD,TMVMT,Manual,Greater than 10 Years,0,0,0,0,0.0
145.0478601148809,-37.791635438447365,2010,2406,13161,KILBY RD AT BELFORD RD,INTERSECTION,Scheduled PubTpt Bus flow,KILBY RD AT BELFORD RD,9999,Missing Data,KILBY ROAD,PUBTT,Other,Greater than 10 Years,0,0,0,0,0.0
145.01572581938615,-37.88210389933258,2042,2921,3959,KOOYONG RD N OF ALLISON ST,INTERSECTION,All Moves,KOOYONG RD NR ALLISON ST,9999,Missing Data,KOOYONG ROAD,SCATS,Scats,Greater than 10 Years,0,0,0,0,0.0
144.97244990887813,-37.76734790310866,2050,2925,3338,LYGON ST N OF VICTORIA ST DEPARTURE,INTERSECTION,All Moves,LYGON ST N OF VICTORIA ST DEPARTURE,9999,Missing Data,LYGON STREET,TMVMT,Manual,Greater than 10 Years,0,0,0,0,0.0
145.7216864032352,-38.62576659810495,2055,2928,3462,KORUMBURRA-INVERLOCH RD N OF BASS HWY DEPARTURE,INTERSECTION,All Moves,KORUMBURRA-INVERLOCH RD N OF BASS HWY DEPARTURE,5697,KORUMBURRA-INVERLOCH ROAD,INVERLOCH-KONGWAK ROAD,TMVMT,Manual,Greater than 10 Years,0,0,0,0,0.0
143.14172781736832,-38.2398192042732,2065,2933,5653,LEURA ST NEBd btwn CAMPERDOWN-COBDEN RD & MANIFOLD ST,MIDBLOCK,All Moves,LEURA ST NBTWN CAMPERDOWN-COBDEN RD & MANIFOLD ST,5029,CAMPERDOWN-COBDEN ROAD,LEURA STREET,APARX,Classification,Between 2 and 5 Years,2,2014,1100,120,0.11
145.27122020591483,-37.91318907172344,2074,2437,13327,KELLETTS RD 45M BEFORE NAPOLEON RD,INTERSECTION,Scheduled PubTpt Bus flow,KELLETTS RD 45M BEFORE NAPOLEON RD,5428,KELLETTS ROAD,KELLETTS ROAD,PUBTT,Other,Greater than 10 Years,0,0,0,0,0.0
143.21048506952857,-38.49635098843718,2080,2940,2815,LAVERS HILL-COBDEN RD N Bd btwn PRINCETOWN RD & TOMAHAWK CREEK RD,MIDBLOCK,All Moves,LAVERS HILL-COBDEN RD BTWN PRINCETOWN RD & TOMAHAWK CREEK RD,5033,LAVERS HILL-COBDEN ROAD,LAVERS HILL-COBDEN ROAD,APARX,Classification,Between 2 and 5 Years,2,2014,0,150,0.0
145.22442902262182,-37.698300287214884,2090,2945,15947,KANGAROO GROUND-WARRANDYTE RD N BD BTWN RESEARCH-WARRANDYTE RD & ELTHAM-YARRA GL,INTERSECTION,Scheduled PubTpt Bus flow,KANGAROO GROUND-WARRANDYTE RD BTWN RESEARCH-WARRANDYTE RD & ELTHAM-YARRA GL,5810,WARRANDYTE-KANGAROO GROUND ROAD,KANGAROO GROUND-WARRANDYTE ROAD,PUBTT,Other,Greater than 10 Years,0,0,0,0,0.0
145.05398681051892,-37.90537809740234,2091,2446,13329,KOORNANG RD 40M AFTER NORTH RD,INTERSECTION,Scheduled PubTpt Bus flow,KOORNANG RD 40M AFTER NORTH RD,9999,Missing Data,KOORNANG ROAD,PUBTT,Other,Greater than 10 Years,0,0,0,0,0.0
145.02145060805032,-37.6960068185987,2097,2449,13076,KEON PDE E BD BTWN HIGH ST & CHEDDAR RD,INTERSECTION,Scheduled PubTpt Bus flow,KEON PDE BTWN HIGH ST & CHEDDAR RD,5910,CAMPBELLFIELD-GREENSBOROUGH ROAD,KEON PARADE,PUBTT,Other,Greater than 10 Years,0,0,0,0,0.0
145.10740971069978,-37.95686545979348,2106,2453,15729,KINGSTON RD 50M AFTER PEACE RD,INTERSECTION,Scheduled PubTpt Bus flow,KINGSTON RD 50M AFTER PEACE RD,5970,HEATHERTON ROAD,KINGSTON ROAD,PUBTT,Other,Greater than 10 Years,0,0,0,0,0.0
145.09939531593403,-37.95586745232439,2115,2956,17249,KINGSTON RD 50M AFTER OLD DANDENONG RD,INTERSECTION,Scheduled PubTpt Bus flow,KINGSTON RD 50M AFTER OLD DANDENONG RD,5970,HEATHERTON ROAD,KINGSTON ROAD,PUBTT,Other,Greater than 10 Years,0,0,0,0,0.0
144.96750783582863,-37.83331674817838,2209,2821,15296,KINGS WAY AT PARK ST,INTERSECTION,Scheduled PubTpt Tram flow,KINGS WAY AT PARK ST,2510,PRINCES HIGHWAY EAST,KINGS WAY,PUBTT,Other,Greater than 10 Years,0,0,0,0,0.0
145.01576627924453,-37.88189990357873,2279,2838,15149,KOOYONG RD AT ALLISON RD,INTERSECTION,Scheduled PubTpt Bus flow,KOOYONG RD AT ALLISON RD,9999,Missing Data,KOOYONG ROAD,PUBTT,Other,Greater than 10 Years,0,0,0,0,0.0
144.97105036945408,-37.77554349579034,2285,2841,14380,LYGON ST S BD BTWN GLENLYON RD & BRUNSWICK RD,INTERSECTION,Scheduled PubTpt Tram flow,LYGON ST BTWN GLENLYON RD & BRUNSWICK RD,9999,Missing Data,LYGON STREET,PUBTT,Other,Greater than 10 Years,0,0,0,0,0.0
145.37031075452236,-37.88496614265043,2286,2345,14703,KALLISTA-EMERALD RD AT CHURCH ST,INTERSECTION,Scheduled PubTpt Bus flow,KALLISTA-EMERALD RD AT CHURCH ST,9999,Missing Data,KALLISTA-EMERALD ROAD,PUBTT,Other,Greater than 10 Years,0,0,0,0,0.0
145.2108307283955,-37.97144400104749,2301,2849,15606,JAMES ST 30M OPP DEVILLIERS ST,INTERSECTION,Scheduled PubTpt Bus flow,JAMES ST 30M OPP DEVILLIERS ST,9999,Missing Data,JAMES STREET,PUBTT,Other,Greater than 10 Years,0,0,0,0,0.0
144.9716861090582,-37.80953621296754,2311,2854,14816,LONSDALE ST 200M BEFORE SPRING ST,INTERSECTION,Scheduled PubTpt Bus flow,LONSDALE ST 200M BEFORE SPRING ST,9999,Missing Data,LONSDALE STREET,PUBTT,Other,Greater than 10 Years,0,0,0,0,0.0
144.96415588035148,-37.81172884237261,2353,2875,17165,LONSDALE ST 20M BEFORE SWANSTON ST,INTERSECTION,Scheduled PubTpt Bus flow,LONSDALE ST 20M BEFORE SWANSTON ST,9999,Missing Data,LONSDALE STREET,PUBTT,Other,Greater than 10 Years,0,0,0,0,0.0
144.86424460207235,-37.85527577253559,2356,2380,14631,KOROROIT CREEK RD 50M BEFORE ORANGE ST,INTERSECTION,Scheduled PubTpt Bus flow,KOROROIT CREEK RD 50M BEFORE ORANGE ST,5833,KOROROIT CREEK ROAD,KOROROIT CREEK ROAD,PUBTT,Other,Greater than 10 Years,0,0,0,0,0.0
145.04153967904588,-37.9196001985565,2368,2386,13330,JASPER RD 50M AFTER CENTRE RD,INTERSECTION,Scheduled PubTpt Bus flow,JASPER RD 50M AFTER CENTRE RD,5847,JASPER ROAD,JASPER ROAD,PUBTT,Other,Greater than 10 Years,0,0,0,0,0.0
145.06475699588307,-37.94833029017093,2384,2394,14006,KEYS RD E BD BTWN CHESTERVILLE RD & WARRIGAL RD,INTERSECTION,Scheduled PubTpt Bus flow,KEYS RD BTWN CHESTERVILLE RD & WARRIGAL RD,5313,WICKHAM-KEYS ROAD,KEYS ROAD,PUBTT,Other,Greater than 10 Years,0,0,0,0,0.0
144.8680049147776,-37.85568075233357,2494,2634,14321,KOROROIT CREEK RD 100M AFTER MADDOX RD,INTERSECTION,Scheduled PubTpt Bus flow,KOROROIT CREEK RD 100M AFTER MADDOX RD,5833,KOROROIT CREEK ROAD,KOROROIT CREEK ROAD,PUBTT,Other,Greater than 10 Years,0,0,0,0,0.0
145.0141243526706,-37.8904908910978,2502,2732,15698,KOOYONG RD AT TREVELYAN ST,INTERSECTION,Scheduled PubTpt Bus flow,KOOYONG RD AT TREVELYAN ST,9999,Missing Data,KOOYONG ROAD,PUBTT,Other,Greater than 10 Years,0,0,0,0,0.0
145.0203865741031,-37.857246502787184,2514,2736,15146,KOOYONG RD 25M AFTER MOREY ST,INTERSECTION,Scheduled PubTpt Bus flow,KOOYONG RD 25M AFTER MOREY ST,9999,Missing Data,KOOYONG ROAD,PUBTT,Other,Greater than 10 Years,0,0,0,0,0.0
145.2245466494586,-37.720154384325006,2542,2247,14065,KANGAROO GROUND-WARRANDYTE RD 10M BEFORE FLOODS RD,INTERSECTION,Scheduled PubTpt Bus flow,KANGAROO GROUND-WARRANDYTE RD 10M BEFORE FLOODS RD,5810,WARRANDYTE-KANGAROO GROUND ROAD,KANGAROO GROUND-WARRANDYTE ROAD,PUBTT,Other,Greater than 10 Years,0,0,0,0,0.0
145.2272984696157,-37.723193317043744,2546,2248,15833,KANGAROO GROUND-WARRANDYTE RD 5M OPP BLOOMS RD,INTERSECTION,Scheduled PubTpt Bus flow,KANGAROO GROUND-WARRANDYTE RD 5M OPP BLOOMS RD,5810,WARRANDYTE-KANGAROO GROUND ROAD,KANGAROO GROUND-WARRANDYTE ROAD,PUBTT,Other,Greater than 10 Years,0,0,0,0,0.0
145.1909724192271,-37.89680579716926,2553,2250,14271,JELLS RD 35M AFTER HEYSHAM DR,INTERSECTION,Scheduled PubTpt Bus flow,JELLS RD 35M AFTER HEYSHAM DR,5308,JELLS ROAD,JELLS ROAD,PUBTT,Other,Greater than 10 Years,0,0,0,0,0.0
144.9706681462614,-37.77845689000217,2555,2501,13843,LYGON ST AT BRUNSWICK RD,INTERSECTION,Scheduled PubTpt Tram flow,LYGON ST AT BRUNSWICK RD,9999,Missing Data,LYGON STREET,PUBTT,Other,Greater than 10 Years,0,0,0,0,0.0
144.92235973729663,-37.79719792702851,2596,2011,15411,KENSINGTON RD 5M OPP MERCANTILE PDE,INTERSECTION,Scheduled PubTpt Bus flow,KENSINGTON RD 5M OPP MERCANTILE PDE,9999,Missing Data,KENSINGTON ROAD,PUBTT,Other,Greater than 10 Years,0,0,0,0,0.0
145.0427968987402,-37.77191988730056,2622,2664,13142,LOWER HEIDELBERG RD 50M BEFORE WATERDALE RD,INTERSECTION,Scheduled PubTpt Bus flow,LOWER HEIDELBERG RD 50M BEFORE WATERDALE RD,5762,MAIN HEIDELBERG-ELTHAM ROAD,LOWER HEIDELBERG ROAD,PUBTT,Other,Greater than 10 Years,0,0,0,0,0.0
145.14074413869605,-37.77290135893652,2629,2017,14211,KING ST 20M BEFORE CHURCH RD,INTERSECTION,Scheduled PubTpt Bus flow,KING ST 20M BEFORE CHURCH RD,5353,KING STREET,KING STREET,PUBTT,Other,Greater than 10 Years,0,0,0,0,0.0
144.9785688790982,-37.80845629702426,2645,2763,14464,VICTORIA PDE E BD BTWN BRUNSWICK ST & LANSDOWNE ST,INTERSECTION,Scheduled PubTpt Tram flow,VICTORIA PDE BTWN BRUNSWICK ST & LANSDOWNE ST,5102,LANSDOWNE STREET,LANSDOWNE STREET,PUBTT,Other,Greater than 10 Years,0,0,0,0,0.0
144.90911621345015,-37.744081687056415,2656,2765,15676,KEILOR RD W BD BTWN BULLA RD & HOFFMANS RD,INTERSECTION,Scheduled PubTpt Tram flow,KEILOR RD BTWN BULLA RD & HOFFMANS RD,5592,KEILOR ROAD,KEILOR ROAD,PUBTT,Other,Greater than 10 Years,0,0,0,0,0.0
145.05335019957045,-37.957623159598846,2662,2766,14508,KAREN ST W BD BTWN TENNYSON ST & NEPEAN HIGHWAY,INTERSECTION,Scheduled PubTpt Bus flow,KAREN ST BTWN TENNYSON ST & NEPEAN HIGHWAY,9999,Missing Data,KAREN STREET,PUBTT,Other,Greater than 10 Years,0,0,0,0,0.0
144.92640578607228,-37.79486728137744,2663,2268,15800,KENSINGTON RD 10M OPP DERBY ST,INTERSECTION,Scheduled PubTpt Bus flow,KENSINGTON RD 10M OPP DERBY ST,9999,Missing Data,KENSINGTON ROAD,PUBTT,Other,Greater than 10 Years,0,0,0,0,0.0
145.03901440366587,-37.76746487269018,2680,2123,13173,LIVINGSTONE ST 15M BEFORE WALLACE ST,INTERSECTION,Scheduled PubTpt Bus flow,LIVINGSTONE ST 15M BEFORE WALLACE ST,5745,LIVINGSTONE STREET,LIVINGSTONE STREET,PUBTT,Other,Greater than 10 Years,0,0,0,0,0.0
145.189445679085,-37.905078698882924,2685,2124,13180,JELLS RD 25M AFTER AJAX DR,INTERSECTION,Scheduled PubTpt Bus flow,JELLS RD 25M AFTER AJAX DR,5308,JELLS ROAD,JELLS ROAD,PUBTT,Other,Greater than 10 Years,0,0,0,0,0.0
145.31469942760643,-37.803098595252095,2686,2272,13247,LIVERPOOL RD 45M BEFORE MT. DANDENONG RD,INTERSECTION,Scheduled PubTpt Bus flow,LIVERPOOL RD 45M BEFORE MT. DANDENONG RD,9999,Missing Data,LIVERPOOL ROAD,PUBTT,Other,Greater than 10 Years,0,0,0,0,0.0
144.93949987439558,-37.823445680563594,2701,2029,14869,LORIMER ST 50M BEFORE HARTLEY ST,INTERSECTION,Scheduled PubTpt Bus flow,LORIMER ST 50M BEFORE HARTLEY ST,5597,LORIMER STREET,LORIMER STREET,PUBTT,Other,Greater than 10 Years,0,0,0,0,0.0
145.01222430128422,-37.69494608718556,2704,2275,14530,KEON PDE AT HIGH ST,INTERSECTION,Scheduled PubTpt Bus flow,KEON PDE AT HIGH ST,5910,CAMPBELLFIELD-GREENSBOROUGH ROAD,KEON PARADE,PUBTT,Other,Greater than 10 Years,0,0,0,0,0.0
145.0673621379399,-37.7649191932121,2749,2533,15275,LOWER HEIDELBERG RD 15M OPP CARLSBERG RD,INTERSECTION,Scheduled PubTpt Bus flow,LOWER HEIDELBERG RD 15M OPP CARLSBERG RD,5762,MAIN HEIDELBERG-ELTHAM ROAD,LOWER HEIDELBERG ROAD,PUBTT,Other,Greater than 10 Years,0,0,0,0,0.0
145.12882030146406,-37.76983199699159,2760,2039,13462,LYNNWOOD PDE 10M AFTER WILLIAMSONS RD,INTERSECTION,Scheduled PubTpt Bus flow,LYNNWOOD PDE 10M AFTER WILLIAMSONS RD,9999,Missing Data,LYNNWOOD PARADE,PUBTT,Other,Greater than 10 Years,0,0,0,0,0.0
145.0193238651636,-37.86340699420624,2785,2690,14844,KOOYONG RD AT DANDENONG RD,INTERSECTION,Scheduled PubTpt Bus flow,KOOYONG RD AT DANDENONG RD,9999,Missing Data,KOOYONG ROAD,PUBTT,Other,Greater than 10 Years,0,0,0,0,0.0
145.01909567654104,-37.864587997022085,2791,2691,15701,KOOYONG RD AT ALMA RD,INTERSECTION,Scheduled PubTpt Bus flow,KOOYONG RD AT ALMA RD,9999,Missing Data,KOOYONG ROAD,PUBTT,Other,Greater than 10 Years,0,0,0,0,0.0
145.1194356675084,-38.15131459375376,2793,2290,14682,KARS (WEST) ST 15M AFTER WILLIAMS ST,INTERSECTION,Scheduled PubTpt Bus flow,KARS (WEST) ST 15M AFTER WILLIAMS ST,9999,Missing Data,KARS STREET,PUBTT,Other,Greater than 10 Years,0,0,0,0,0.0
143.21228769864155,-38.459879697858,2800,2045,1475,LAVERS HILL-COBDEN RD N Bd btwn TOMAHAWK CREEK RD & TIMBOON-COLAC RD,MIDBLOCK,All Moves,LAVERS HILL-COBDEN RD BTWN TOMAHAWK CREEK RD & TIMBOON-COLAC RD,5033,LAVERS HILL-COBDEN ROAD,LAVERS HILL-COBDEN ROAD,APARX,Classification,Between 2 and 5 Years,3,2013,350,90,0.26
145.01955028395278,-37.862221395611925,2811,2543,14846,KOOYONG RD AT DANDENONG RD,INTERSECTION,Scheduled PubTpt Bus flow,KOOYONG RD AT DANDENONG RD,9999,Missing Data,KOOYONG ROAD,PUBTT,Other,Greater than 10 Years,0,0,0,0,0.0
145.25557731621663,-37.791122597673834,2820,2147,15832,KALINDA RD N BD BTWN WHITEHORSE RD & PLYMOUTH RD,INTERSECTION,Scheduled PubTpt Bus flow,KALINDA RD BTWN WHITEHORSE RD & PLYMOUTH RD,9999,Missing Data,KALINDA ROAD,PUBTT,Other,Greater than 10 Years,0,0,0,0,0.0
143.1569912404292,-38.40250517182914,2828,2050,1686,LAVERS HILL-COBDEN RD NWBd btwn TIMBOON-COLAC RD & COBDEN-PORT CAMPBELL RD,MIDBLOCK,All Moves,LAVERS HILL-COBDEN RD BTWN TIMBOON-COLAC RD & COBDEN-PORT CAMPBELL RD,5033,LAVERS HILL-COBDEN ROAD,LAVERS HILL-COBDEN ROAD,APARX,Classification,Between 2 and 5 Years,3,2013,350,80,0.23
145.06292984248034,-37.77066996574265,2859,2799,13379,LOWER HEIDELBERG RD 35M AFTER MALTRAVERS RD,INTERSECTION,Scheduled PubTpt Bus flow,LOWER HEIDELBERG RD 35M AFTER MALTRAVERS RD,5762,MAIN HEIDELBERG-ELTHAM ROAD,LOWER HEIDELBERG ROAD,PUBTT,Other,Greater than 10 Years,0,0,0,0,0.0
145.08045357441603,-37.73405057984842,2905,2169,15065,LOWER PLENTY RD AT KAMBEA CRES,INTERSECTION,Scheduled PubTpt Bus flow,LOWER PLENTY RD AT KAMBEA CRES,5762,MAIN HEIDELBERG-ELTHAM ROAD,LOWER PLENTY ROAD,PUBTT,Other,Greater than 10 Years,0,0,0,0,0.0
145.28964988633427,-37.76329390220664,2912,2568,13324,LYONS (EAST) RD 15M AFTER HOLLOWAY RD,INTERSECTION,Scheduled PubTpt Bus flow,LYONS (EAST) RD 15M AFTER HOLLOWAY RD,9999,Missing Data,LYONS ROAD,PUBTT,Other,Greater than 10 Years,0,0,0,0,0.0
145.06898801466753,-37.89759923408624,2931,2178,14550,KANGAROO RD 5M AFTER THAXTED RD,INTERSECTION,Scheduled PubTpt Bus flow,KANGAROO RD 5M AFTER THAXTED RD,9999,Missing Data,KANGAROO ROAD,PUBTT,Other,Greater than 10 Years,0,0,0,0,0.0
144.96655150136917,-37.80880239152639,2947,2580,14879,LATROBE ST W BD BTWN EXHIBITION ST & RUSSELL ST,INTERSECTION,Scheduled PubTpt Tram flow,LATROBE ST BTWN EXHIBITION ST & RUSSELL ST,9999,Missing Data,LA TROBE STREET,PUBTT,Other,Greater than 10 Years,0,0,0,0,0.0
145.03619481479174,-37.767161157443496,2959,2187,14067,LIVINGSTONE ST 4M AFTER LANGS RD,INTERSECTION,Scheduled PubTpt Bus flow,LIVINGSTONE ST 4M AFTER LANGS RD,5745,LIVINGSTONE STREET,LIVINGSTONE STREET,PUBTT,Other,Greater than 10 Years,0,0,0,0,0.0
144.95872586871235,-37.811087536878,2963,2585,13683,LATROBE ST E BD BTWN WILLIAM ST & QUEEN ST,INTERSECTION,Scheduled PubTpt Tram flow,LATROBE ST BTWN WILLIAM ST & QUEEN ST,9999,Missing Data,LA TROBE STREET,PUBTT,Other,Greater than 10 Years,0,0,0,0,0.0
145.48776058870916,-38.143497102878506,3004,3801,19535,HEALESVILLE-KOO-WEE-RUP RD S BD N OF BALLARTO RD,INTERSECTION,All Moves,HEALESVILLE-KOO-WEE-RUP RD N OF BALLARTO RD,5770,HEALESVILLE-KOO-WEE-RUP ROAD,KOO WEE RUP ROAD,APARX,Classification,Greater than 10 Years,16,2000,2200,0,0.0
144.84967424089356,-37.725062312466406,3005,3304,7260,KEILOR PARK DR N BD N of CALDER FWY W BD OFF RAM,INTERSECTION,All Moves,KEILOR PARK DR N OF CALDER FWY OFF RAM,5054,KEILOR PARK DRIVE,KEILOR PARK DRIVE,TMVMT,Manual,Greater than 10 Years,19,1997,11000,1000,0.09
144.8500395990336,-37.72370450033126,3018,3808,7141,KEILOR PARK DR N OF FULLARTON RD,INTERSECTION,Left Missing,KEILOR PARK DR/FULLARTON RD/HARRICK RD,5054,KEILOR PARK DRIVE,KEILOR PARK DRIVE,SCATS,Scats,Between 5 and 10 Years,8,2008,15000,0,0.0
145.105545216247,-37.98616255047271,3026,3314,19325,LOWER DANDENONG RD EB BTW SIBTHORPE ST & BOUNDARY RD,INTERSECTION,All Moves,LOWER DANDENONG RD BTW SIBTHORPE ST & BOUNDARY RD,2050,STATE (LOWER DANDENONG/CHELTENHAM) HIGHWAY,LOWER DANDENONG ROAD,MOTSV,Manual,Greater than 10 Years,21,1995,12000,830,0.07
145.06894734576562,-37.76024300725534,3035,3817,6524,LOWER HEIDELBERG RD N BD N of BANKSIA ST,UNDEFINED,All Moves,LOWER HEIDELBERG RD N OF BANKSIA ST,5762,MAIN HEIDELBERG-ELTHAM ROAD,LOWER HEIDELBERG ROAD,TMVMT,Manual,Greater than 10 Years,24,1992,19000,510,0.03
145.0411455255396,-37.90395700101964,3064,3333,5142,LILLIMUR RD N OF NORTH RD DEPARTURE,INTERSECTION,All Moves,LILLIMUR RD N OF NORTH RD DEPARTURE,9999,Missing Data,LILLIMUR ROAD,TMVMT,Manual,Greater than 10 Years,0,0,0,0,0.0
144.95137006612327,-37.84912071383104,3092,3347,4697,KERFRED RD NE OF BEACONSFIELD PDE,INTERSECTION,All Moves,BEACONSFIELD PDE/KERFERD RD,9999,Missing Data,KERFERD ROAD,SCATS,Scats,Between 2 and 5 Years,3,2013,4800,0,0.0
145.05414238815695,-37.95735389065095,3100,3351,4539,KAREN ST E OF NEPEAN HWY,INTERSECTION,All Moves,NEPEAN HWY/BAY RD/KAREN ST,9999,Missing Data,KAREN STREET,SCATS,Scats,Between 2 and 5 Years,5,2011,8100,0,0.0
144.97152691408297,-37.77250709411944,3140,3869,16687,LYGON ST S BD BTWN VICTORIA ST & GLENLYON RD,INTERSECTION,Scheduled PubTpt Tram flow,LYGON ST BTWN VICTORIA ST & GLENLYON RD,9999,Missing Data,LYGON STREET,PUBTT,Other,Greater than 10 Years,0,0,0,0,0.0
144.94672006577036,-37.81450623797609,3149,3403,16731,LATROBE ST W BD BTWN ADDERLEY ST & DOCKLANDS HIGHWAY,INTERSECTION,Scheduled PubTpt Tram flow,LATROBE ST BTWN ADDERLEY ST & DOCKLANDS HIGHWAY,9999,Missing Data,LA TROBE STREET,PUBTT,Other,Greater than 10 Years,0,0,0,0,0.0
145.04751480536385,-37.77175467492251,3154,3873,14354,LOWER HEIDELBERG RD 50M AFTER MARSHALL ST,INTERSECTION,Scheduled PubTpt Bus flow,LOWER HEIDELBERG RD 50M AFTER MARSHALL ST,5762,MAIN HEIDELBERG-ELTHAM ROAD,LOWER HEIDELBERG ROAD,PUBTT,Other,Greater than 10 Years,0,0,0,0,0.0
144.28409575722532,-36.749612274291,3160,3906,6451,LUCAN ST NE of ARNOLD ST,INTERSECTION,All Moves,ARNOLD ST & LUCAN ST,5166,IRONBARK-WHITE HILLS ROAD,LUCAN STREET,TMVMT,Manual,Greater than 10 Years,20,1996,4200,0,0.0
144.96559616429036,-37.811309521619116,3176,3410,16899,LONSDALE ST 200M AFTER SWANSTON ST,INTERSECTION,Scheduled PubTpt Bus flow,LONSDALE ST 200M AFTER SWANSTON ST,9999,Missing Data,LONSDALE STREET,PUBTT,Other,Greater than 10 Years,0,0,0,0,0.0
144.8516093693041,-37.73676706965151,3179,3380,19814,WRR/KEILOR PARK DR NORTH OUTBOUND,INTERSECTION,All Moves,SVO_Map_LTD:266||SITE DESC: MONASH FWY BWTN STH GIPP & BELG-HALM,7120,5054B 2900F,KEILOR PARK-WESTERN RING OUT RAMP ON,INDET,Freeway Data Station,Greater than 10 Years,16,2000,0,0,0.0
145.01473422974377,-37.88716520056608,3187,3413,17067,KOOYONG RD AT BURREEL AVE,INTERSECTION,Scheduled PubTpt Bus flow,KOOYONG RD AT BURREEL AVE,9999,Missing Data,KOOYONG ROAD,PUBTT,Other,Greater than 10 Years,0,0,0,0,0.0
144.96157279257065,-37.81025407002322,3198,3416,16492,LA TROBE ST AT ELIZABETH ST,INTERSECTION,Scheduled PubTpt Tram flow,LA TROBE ST AT ELIZABETH ST,9999,Missing Data,LA TROBE STREET,PUBTT,Other,Greater than 10 Years,0,0,0,0,0.0
144.88925504795003,-37.73610332261456,3246,3929,16693,MATTHEWS AV AT KEILOR RD,INTERSECTION,Scheduled PubTpt Tram flow,MATTHEWS AV AT KEILOR RD,5592,KEILOR ROAD,KEILOR ROAD,PUBTT,Other,Greater than 10 Years,0,0,0,0,0.0
144.9715563431973,-37.772337105702285,3273,3437,4535,LYGON ST N OF GLENLYON RD,INTERSECTION,All Moves,GLENLYON RD & LYGON ST,9999,Missing Data,LYGON STREET,TMVMT,Manual,Greater than 10 Years,0,0,0,0,0.0
145.29991711945317,-37.91654279133671,3275,3438,5003,LYSTERFIELD RD N OF WELLINGTON RD,INTERSECTION,All Moves,LYSTERFIELD RD / WELLINGTON RD / PARK ACCESS,5782,LYSTERFIELD ROAD,LYSTERFIELD ROAD,SCATS,Scats,Greater than 10 Years,0,0,0,0,0.0
144.9284234971181,-37.67938770304636,3299,3450,15981,BLAIR ST 100M BEFORE KING WILLIAM ST,INTERSECTION,Scheduled PubTpt Bus flow,BLAIR ST 100M BEFORE KING WILLIAM ST,9999,Missing Data,KING WILLIAM STREET,PUBTT,Other,Greater than 10 Years,0,0,0,0,0.0
145.01728781770896,-37.87410889596647,3325,3463,16929,KOOYONG RD AT AIRDRIE RD,INTERSECTION,Scheduled PubTpt Bus flow,KOOYONG RD AT AIRDRIE RD,9999,Missing Data,KOOYONG ROAD,PUBTT,Other,Greater than 10 Years,0,0,0,0,0.0
144.96589424824623,-37.806731693074255,3346,3973,16696,LYGON ST 12M BEFORE VICTORIA ST,INTERSECTION,Scheduled PubTpt Bus flow,LYGON ST 12M BEFORE VICTORIA ST,9999,Missing Data,LYGON STREET,PUBTT,Other,Greater than 10 Years,0,0,0,0,0.0
145.17072933026188,-38.24476380604626,3351,3476,17360,JONES RD S BD BTWN BUNGOWER RD & MORNINGTON-TYABB RD,INTERSECTION,Scheduled PubTpt Bus flow,JONES RD BTWN BUNGOWER RD & MORNINGTON-TYABB RD,9999,Missing Data,JONES ROAD,PUBTT,Other,Greater than 10 Years,0,0,0,0,0.0
145.34306311793748,-37.80973954013902,3356,3978,18719,LEITH RD 15M AFTER MONTROSE RD,INTERSECTION,Scheduled PubTpt Bus flow,LEITH RD 15M AFTER MONTROSE RD,5780,LILYDALE-MONTROSE ROAD,LEITH ROAD,PUBTT,Other,Greater than 10 Years,0,0,0,0,0.0
145.01639800373127,-37.878703903160506,3364,3982,6105,KOOYONG ROAD NE OF GLEN EIRA ROAD,INTERSECTION,All Moves,GLEN EIRA ROAD & KOOYONG ROAD,9999,Missing Data,KOOYONG ROAD,TMVMT,Manual,Greater than 10 Years,17,1999,9200,0,0.0
145.51430169900632,-37.66238390501473,3418,3206,21079,LALORS RD E BD E OF MAROONDAH HWY,UNDEFINED,All Moves,LALORS RD E OF MAROONDAH HWY,9999,Missing Data,LALORS ROAD,APARX,Classification,Greater than 10 Years,23,1993,790,0,0.0
144.8495565038518,-37.72665229778133,3437,3614,5719,KEILOR PARK DR N of OLD CALDER HWY,INTERSECTION,All Moves,KEILOR PARK DR & OLD CALDER HWY,5054,KEILOR PARK DRIVE,KEILOR PARK DRIVE,TMVMT,Manual,Greater than 10 Years,22,1994,6100,400,0.07
145.1446316962633,-37.77333229613833,3443,3616,19890,KING ST E BD W OF VICTORIA ST,INTERSECTION,All Moves,KING ST W OF VICTORIA ST,5353,KING STREET,KING STREET,APARX,Classification,Greater than 10 Years,18,1998,7300,0,0.0
145.01596303389297,-37.88090781035313,3447,3715,17779,KOOYONG RD AT EDINBURGH AVE,INTERSECTION,Scheduled PubTpt Bus flow,KOOYONG RD AT EDINBURGH AVE,9999,Missing Data,KOOYONG ROAD,PUBTT,Other,Greater than 10 Years,0,0,0,0,0.0
144.8959564964412,-37.73871559104286,3474,3724,16621,KEILOR RD W BD BTWN BULLA RD & HOFFMANS RD,INTERSECTION,Scheduled PubTpt Tram flow,KEILOR RD BTWN BULLA RD & HOFFMANS RD,5592,KEILOR ROAD,KEILOR ROAD,PUBTT,Other,Greater than 10 Years,0,0,0,0,0.0
144.99539317598885,-37.813571094070326,3495,3731,3625,LENNOX ST S OF YORK ST,INTERSECTION,All Moves,LENNOX ST NR YORK ST,9999,Missing Data,LENNOX STREET,SCATS,Scats,Greater than 10 Years,0,0,0,0,0.0
145.0631519711933,-37.74395948253981,3505,3236,4914,LOWER PLENTY RD 35M OPP GRANDVIEW GR,INTERSECTION,Scheduled PubTpt Bus flow,LOWER PLENTY RD 35M OPP GRANDVIEW GR,5743,LOWER PLENTY ROAD,LOWER PLENTY ROAD,PUBTT,Other,Greater than 10 Years,0,0,0,0,0.0
145.12579732807993,-37.70345698059551,3516,3738,5404,KARINGAL DR 20M BEFORE PARKLANDS AVE,INTERSECTION,Scheduled PubTpt Bus flow,KARINGAL DR 20M BEFORE PARKLANDS AVE,5722,KARINGAL DRIVE,KARINGAL DRIVE,PUBTT,Other,Greater than 10 Years,0,0,0,0,0.0
144.3526522333817,-38.14727987384172,3526,3243,2783,LATROBE_TCE N OF RYRIE_ST,INTERSECTION,Left Missing,LATROBE TER/RYRIE ST/ABERDEEN ST,2800,CORIO-WAURN PONDS ROAD,LATROBE TERRACE,SCATS,Scats,Less than 2 Years,0,2016,17000,0,0.0
145.00976892561016,-37.78337379991692,3535,3246,19027,JEFFREY ST N OF HEIDELBERG RD,INTERSECTION,All Moves,HEIDELBERG ST/YARRA BEND ST/JEFFREY ST,9999,Missing Data,JEFFREY STREET,SCATS,Scats,Less than 2 Years,1,2015,5200,0,0.0
145.07674180086116,-37.736174695096395,3570,3258,18849,LOWER PLENTY R NE BD BTWN ROSANNA RD & GREENSBOROUGH RD,INTERSECTION,Scheduled PubTpt Bus flow,LOWER PLENTY R NBTWN ROSANNA RD & GREENSBOROUGH RD,2850,GREENSBOROUGH HIGHWAY,LOWER PLENTY ROAD,PUBTT,Other,Greater than 10 Years,0,0,0,0,0.0
145.118832206175,-38.15270759827886,3586,3663,17997,KARS ST 30M AFTER MUIR ST,INTERSECTION,Scheduled PubTpt Bus flow,KARS ST 30M AFTER MUIR ST,9999,Missing Data,KARS STREET,PUBTT,Other,Greater than 10 Years,0,0,0,0,0.0
145.08263677380387,-37.7328010813549,3596,3267,17289,LOWER PLENTY RD 35M BEFORE GRAHAM RD,INTERSECTION,Scheduled PubTpt Bus flow,LOWER PLENTY RD 35M BEFORE GRAHAM RD,5762,MAIN HEIDELBERG-ELTHAM ROAD,LOWER PLENTY ROAD,PUBTT,Other,Greater than 10 Years,0,0,0,0,0.0
145.0154684404994,-37.8834015119646,3603,3766,17443,KOOYONG RD AT PRENTICE ST,INTERSECTION,Scheduled PubTpt Bus flow,KOOYONG RD AT PRENTICE ST,9999,Missing Data,KOOYONG ROAD,PUBTT,Other,Greater than 10 Years,0,0,0,0,0.0
145.0187096853521,-37.86667419736626,3617,3771,17071,KOOYONG RD AT WANDA RD,INTERSECTION,Scheduled PubTpt Bus flow,KOOYONG RD AT WANDA RD,9999,Missing Data,KOOYONG ROAD,PUBTT,Other,Greater than 10 Years,0,0,0,0,0.0
144.87916570017046,-37.85684987723614,3620,3772,18060,KOROROIT CREEK RD 25M BEFORE MERRETT DR,INTERSECTION,Scheduled PubTpt Bus flow,KOROROIT CREEK RD 25M BEFORE MERRETT DR,5833,KOROROIT CREEK ROAD,KOROROIT CREEK ROAD,PUBTT,Other,Greater than 10 Years,0,0,0,0,0.0
145.06781823652952,-37.76356907764416,3641,3779,16201,LOWER HEIDELBERG RD 5M AFTER MOSSMAN DR,INTERSECTION,Scheduled PubTpt Bus flow,LOWER HEIDELBERG RD 5M AFTER MOSSMAN DR,5762,MAIN HEIDELBERG-ELTHAM ROAD,LOWER HEIDELBERG ROAD,PUBTT,Other,Greater than 10 Years,0,0,0,0,0.0
144.88376809155295,-37.29161009198614,3653,3783,20348,KILMORE-LANCEFIELD RD W BD 500M W OF OLD KILMORE-LANCEFIELD RD @ 6.3KM FROM KIL,MIDBLOCK,All Moves,KILMORE-LANCEFIELD RD 500M W OF OLD KILMORE-LANCEFIELD RD @ 6.3KM FROM KIL,5393,KILMORE-LANCEFIELD ROAD,KILMORE-LANCEFIELD ROAD,APARX,Classification,Greater than 10 Years,11,2005,770,90,0.13
144.60741470012323,-37.880028012294666,3667,3291,6910,LEICHARDT DR E BD BTW CLARENCE ST & MIDDLE RING RD,MIDBLOCK,All Moves,LEICHARDT DR BTW CLARENCE ST & MIDDLE RING RD,9999,Missing Data,LEICHARDT DRIVE,APARX,Classification,Between 5 and 10 Years,7,2009,440,20,0.07
145.2145384161184,-37.989490202129595,3687,3696,7432,LONSDALE ST N OF FOSTER ST,INTERSECTION,All Moves,FOSTER ST & LONSDALE ST,2510,PRINCES HIGHWAY EAST,LONSDALE STREET,TMVMT,Manual,Greater than 10 Years,17,1999,16000,0,0.0
144.96149763226305,-37.827188480083954,3732,3515,20229,KINGS WAY NWBD NW OF WESTGATE FWY,INTERSECTION,All Moves,KINGS WAY NW OF WESTGATE FWY,2510,PRINCES HIGHWAY EAST,KINGS WAY,APARX,Classification,Greater than 10 Years,22,1994,34000,0,0.0
145.34424716294845,-38.030723872023856,3753,3111,5984,LYALL RD NE of PRINCES HWY,INTERSECTION,All Moves,CLYDE RD & PRINCES HWY,9999,Missing Data,LYALL ROAD,TMVMT,Manual,Greater than 10 Years,24,1992,8100,0,0.0
145.31679520544475,-37.81776959736964,3773,3117,7268,LIVERPOOL RD N of CANTERBURY RD,INTERSECTION,All Moves,CANTERBURY RD & LIVERPOOL RD,9999,Missing Data,LIVERPOOL ROAD,TMVMT,Manual,Greater than 10 Years,21,1995,5200,0,0.0
144.77886994284555,-37.71291368223902,3781,3031,3845,KINGS RD N OF ACCESS RD,INTERSECTION,All Moves,KINGS RD / ACCESS RD,5009,KINGS ROAD,KINGS ROAD,SCATS,Scats,Between 2 and 5 Years,5,2011,12000,0,0.0
145.22258346745397,-37.73508339386357,3802,3538,17412,KANGAROO GROUND-WARRANDYTE RD 15M AFTER RESEARCH-WARRANDYTE RD,INTERSECTION,Scheduled PubTpt Bus flow,KANGAROO GROUND-WARRANDYTE RD 15M AFTER RESEARCH-WARRANDYTE RD,5810,WARRANDYTE-KANGAROO GROUND ROAD,KANGAROO GROUND-WARRANDYTE ROAD,PUBTT,Other,Greater than 10 Years,0,0,0,0,0.0
145.88465657727008,-38.18666498545559,3807,3129,5586,LARDNERS TRK N OF DROUIN-WARRAGUL RD,INTERSECTION,All Moves,DROUIN-WARRAGUL RD/LARDNERS TRK,9999,Missing Data,LARDNERS TRACK,SCATS,Scats,Greater than 10 Years,0,0,0,0,0.0
144.9729766673007,-37.76438429980356,3816,3043,5140,LYGON ST N OF BLYTH ST DEPARTURE,INTERSECTION,All Moves,LYGON ST N OF BLYTH ST DEPARTURE,9999,Missing Data,LYGON STREET,TMVMT,Manual,Greater than 10 Years,0,0,0,0,0.0
145.0614276086367,-37.79308873664625,3824,3545,5414,KILBY RD 50M BEFORE MUNRO ST,INTERSECTION,Scheduled PubTpt Bus flow,KILBY RD 50M BEFORE MUNRO ST,9999,Missing Data,KILBY ROAD,PUBTT,Other,Greater than 10 Years,0,0,0,0,0.0
145.2759686621206,-37.787569571911845,3827,3046,16132,KENT AV 10M BEFORE EVA CT,INTERSECTION,Scheduled PubTpt Bus flow,KENT AV 10M BEFORE EVA CT,9999,Missing Data,KENT AVENUE,PUBTT,Other,Greater than 10 Years,0,0,0,0,0.0
144.9089132259487,-37.7440011520824,3887,3066,16613,KEILOR RD AT MT ALEXANDER RD,INTERSECTION,Scheduled PubTpt Tram flow,KEILOR RD AT MT ALEXANDER RD,5592,KEILOR ROAD,KEILOR ROAD,PUBTT,Other,Greater than 10 Years,0,0,0,0,0.0
145.03519489781962,-37.878207597793754,3895,3569,18854,KAMBROOK RD AT PAYNE ST,INTERSECTION,Scheduled PubTpt Bus flow,KAMBROOK RD AT PAYNE ST,9999,Missing Data,KAMBROOK ROAD,PUBTT,Other,Greater than 10 Years,0,0,0,0,0.0
145.01295480139095,-37.89665560069677,3902,3571,16724,KOOYONG RD AT SATURN ST,INTERSECTION,Scheduled PubTpt Bus flow,KOOYONG RD AT SATURN ST,9999,Missing Data,KOOYONG ROAD,PUBTT,Other,Greater than 10 Years,0,0,0,0,0.0
145.01540180331125,-37.88373749502682,3908,3573,16924,KOOYONG RD AT PRENTICE ST,INTERSECTION,Scheduled PubTpt Bus flow,KOOYONG RD AT PRENTICE ST,9999,Missing Data,KOOYONG ROAD,PUBTT,Other,Greater than 10 Years,0,0,0,0,0.0
145.02747531339583,-37.628347655803886,3911,3074,18252,LYNDARUM DR 50M BEFORE EPPING RD,INTERSECTION,Scheduled PubTpt Bus flow,LYNDARUM DR 50M BEFORE EPPING RD,9999,Missing Data,LYNDARUM DRIVE,PUBTT,Other,Greater than 10 Years,0,0,0,0,0.0
144.8547571144362,-37.852921375741936,3921,3578,16455,KOROROIT CREEK RD 50M BEFORE GANTON CT,INTERSECTION,Scheduled PubTpt Bus flow,KOROROIT CREEK RD 50M BEFORE GANTON CT,5833,KOROROIT CREEK ROAD,KOROROIT CREEK ROAD,PUBTT,Other,Greater than 10 Years,0,0,0,0,0.0
144.96272790758616,-37.80166724815119,3982,3598,6845,SWANSTON ST N BD N OF GRATTAN ST,INTERSECTION,All Moves,SWANSTON ST N OF GRATTAN ST,9999,Missing Data,LINCOLN SQUARE,TMVMT,Manual,Greater than 10 Years,0,0,0,0,0.0
145.1026000064794,-37.729422542875085,3984,3099,19497,LOWER PLENTY RD E BD E OF YALLAMBIE RD,INTERSECTION,All Moves,LOWER PLENTY RD E OF YALLAMBIE RD,5762,MAIN HEIDELBERG-ELTHAM ROAD,LOWER PLENTY ROAD,APARX,Classification,Greater than 10 Years,21,1995,15000,0,0.0
144.9476030529815,-37.834528965710525,8005,8304,9596,BAY ST NE of GRAHAM ST,INTERSECTION,All Moves,BAY ST & GRAHAM ST,9999,Missing Data,INGLES STREET,TMVMT,Manual,Greater than 10 Years,31,1985,9100,580,0.06
145.025502878345,-37.976005602713975,8029,8412,22066,ILUKA ST N BD N OF BALCOMBE RD,UNDEFINED,All Moves,ILUKA ST N OF BALCOMBE RD,9999,Missing Data,ILUKA STREET,APARX,Classification,Greater than 10 Years,27,1989,310,0,0.0
144.8515847489657,-37.73895764928106,8043,8418,26994,KEILOR PARK DR E BD E of WESTERN RING RD,INTERSECTION,All Moves,SLATER PDE N OF WESTERN RING RD,5054,KEILOR PARK DRIVE,KEILOR PARK DRIVE,TMVMT,Manual,Greater than 10 Years,21,1995,13000,680,0.05
145.13750691287777,-37.99007232913642,8049,8420,24971,LOWER DANDENONG RD W BD W OF CENTRE DANDENONG RD,MIDBLOCK,All Moves,LOWER DANDENONG RD W OF CENTRE DANDENONG RD,2050,STATE (LOWER DANDENONG/CHELTENHAM) HIGHWAY,LOWER DANDENONG ROAD,APARX,Classification,Between 2 and 5 Years,3,2013,19000,1600,0.08
145.0550379044035,-37.899862900154574,8058,8334,7113,KOORNANG RD N OF LEILA RD DEPARTURE,INTERSECTION,All Moves,KOORNANG RD N OF LEILA RD DEPARTURE,9999,Missing Data,KOORNANG ROAD,TMVMT,Manual,Greater than 10 Years,0,0,0,0,0.0
145.05623049413492,-37.792524593456285,8072,8341,7336,KILBY RD 30M BEFORE LEASON ST,INTERSECTION,Scheduled PubTpt Bus flow,KILBY RD 30M BEFORE LEASON ST,9999,Missing Data,KILBY ROAD,PUBTT,Other,Greater than 10 Years,0,0,0,0,0.0
144.99026339676877,-37.799573290634434,8088,8440,7216,JOHNSTON ST AT PALMER ST,INTERSECTION,Scheduled PubTpt Bus flow,JOHNSTON ST AT PALMER ST,5853,JOHNSTON STREET,JOHNSTON STREET,PUBTT,Other,Greater than 10 Years,0,0,0,0,0.0
145.95007809119787,-38.48315920234533,8117,8454,5864,SOUTH GIPPSLAND HW NO of PARR ST,INTERSECTION,All Moves,PARR ST & SOUTH GIPPSLAND HW,2580,SOUTH GIPPSLAND HIGHWAY,KOONWARRA ROAD,TMVMT,Manual,Greater than 10 Years,30,1986,2200,150,0.07
145.2257129515452,-38.016500792611325,8157,8373,26969,KITCHEN RD S of GREENS RD,INTERSECTION,All Moves,GREENS RD & KITCHEN RD,9999,Missing Data,KITCHEN ROAD,TMVMT,Manual,Greater than 10 Years,24,1992,3500,0,0.0
145.00323439622665,-37.8008383801244,8174,8378,29384,JOHNSTON ST E BD E OF CLARKE ST,INTERSECTION,All Moves,JOHNSTON ST E OF CLARKE ST,5854,JOHNSTON STREET BRIDGE,JOHNSTON STREET,APARX,Classification,Greater than 10 Years,15,2001,10000,0,0.0
144.89862492631437,-37.7398114690893,8180,8916,16569,KEILOR RD 50M AFTER COOPER ST,INTERSECTION,Scheduled PubTpt Bus flow,KEILOR RD 50M AFTER COOPER ST,5592,KEILOR ROAD,KEILOR ROAD,PUBTT,Other,Greater than 10 Years,0,0,0,0,0.0
144.35195705165566,-38.15092949135826,8181,8472,5946,LATROBE TCE N of MYERS ST,INTERSECTION,Right Missing,LATROBE TCE & MYERS ST & ROEBUCK ST,2800,CORIO-WAURN PONDS ROAD,LATROBE TERRACE,TMVMT,Manual,Greater than 10 Years,0,0,0,0,0.0
145.21432234866967,-37.9874198923908,8184,8917,16789,LONSDALE ST 75M AFTER WALKER ST,INTERSECTION,Scheduled PubTpt Bus flow,LONSDALE ST 75M AFTER WALKER ST,2510,PRINCES HIGHWAY EAST,LONSDALE STREET,PUBTT,Other,Greater than 10 Years,0,0,0,0,0.0
144.85001561294771,-37.72378159919453,8192,8383,28310,KEILOR PARK_DR N BD N OF CALDER HWY,UNDEFINED,All Moves,KEILOR PARK_DR N OF CALDER HWY,5054,KEILOR PARK DRIVE,KEILOR PARK DRIVE,APARX,Classification,Greater than 10 Years,29,1987,11000,0,0.0
145.01215431323143,-37.69493804795496,8211,8221,19831,KEON PDE E OF HIGH ST,INTERSECTION,All Moves,HIGH ST/MAHONEYS RD/KEON PDE,5910,CAMPBELLFIELD-GREENSBOROUGH ROAD,KEON PARADE,SCATS,Scats,Between 2 and 5 Years,3,2013,9700,0,0.0
143.73889021761286,-37.43794751795088,8254,8400,28805,WINDERMERE-SULKY RD S BD 500M S OF WESTERN FWY,MIDBLOCK,All Moves,WINDERMERE-SULKY RD 500M S OF WESTERN FWY,9999,Missing Data,LEARMONTH-SULKY ROAD,APARX,Classification,Between 2 and 5 Years,3,2013,290,30,0.12
145.07851957314836,-37.735157367499,8257,8491,27763,LOWER PLENTY RD NE of GREENSBOROUGH RD,INTERSECTION,Exitfrom Carpark Busin Area,GREENSBOROUGH HWY & LOWER PLENTY RD,2850,GREENSBOROUGH HIGHWAY,LOWER PLENTY ROAD,TMVMT,Manual,Greater than 10 Years,19,1997,17000,0,0.0
145.0206340618649,-37.8557770030008,8268,8938,16926,KOOYONG RD 25M BEFORE HIGH ST,INTERSECTION,Scheduled PubTpt Bus flow,KOOYONG RD 25M BEFORE HIGH ST,9999,Missing Data,KOOYONG ROAD,PUBTT,Other,Greater than 10 Years,0,0,0,0,0.0
145.01696927716873,-37.7465289010312,8302,8250,6571,LAHINCH ST N OF BELL ST,INTERSECTION,All Moves,BELL ST/VICTORIA ST/LAHINCH ST,9999,Missing Data,LAHINCH STREET,SCATS,Scats,Greater than 10 Years,24,1992,1100,0,0.0
145.02269815462316,-37.84400249367128,8308,8253,6203,KOOYONG RD N of TOORAK RD E,INTERSECTION,All Moves,KOOYONG RD & TOORAK RD,9999,Missing Data,KOOYONG ROAD,TMVMT,Manual,Greater than 10 Years,31,1985,1300,10,0.01
147.15209609534494,-36.72882750136981,8314,8958,19961,KIEWA VALLEY HWY N BD 1.0KM S OF BRIGHT-TAWONGA RD @ 81.9KM FROM WODONGA,MIDBLOCK,All Moves,KIEWA VALLEY HWY 1.0KM S OF BRIGHT-TAWONGA RD @ 81.9KM FROM WODONGA,2790,KIEWA VALLEY HIGHWAY,KIEWA VALLEY HIGHWAY,APARX,Classification,Less than 2 Years,1,2015,980,70,0.07
145.02269815462316,-37.84400249367128,8319,8961,7090,KOOYONG RD N OF TOORAK RD,INTERSECTION,All Moves,KOOYONG RD & TOORAK RD,9999,Missing Data,KOOYONG ROAD,TMVMT,Manual,Greater than 10 Years,0,0,0,0,0.0
144.68969839055399,-36.35758659840899,8351,8601,27949,DUDLEY ST SWBD SW OF KING ST,UNDEFINED,All Moves,DUDLEY ST NSW OF KING ST,9999,Missing Data,KING STREET,MOTSV,Manual,Greater than 10 Years,0,0,0,0,0.0
144.95710629102925,-37.81939019775138,8366,8801,27991,FLINDERS ST W BD E OF KING ST,UNDEFINED,All Moves,FLINDERS ST E OF KING ST,5041,KING STREET,KING STREET,APARX,Classification,Greater than 10 Years,0,0,0,0,0.0
145.2275999889849,-37.80548248148314,8413,8612,7643,LOUGHNAN RD NEBD NE of RINGWOOD ST,INTERSECTION,All Moves,LOUGHNAN RD NNE OF RINGWOOD ST,9999,Missing Data,LOUGHNAN ROAD,TMVMT,Manual,Greater than 10 Years,19,1997,10000,170,0.02
145.06168161457052,-37.74479490822812,8429,8117,6130,LOWER PLENTY RD 10M OPP MT IDA AVE,INTERSECTION,Scheduled PubTpt Bus flow,LOWER PLENTY RD 10M OPP MT IDA AVE,5743,LOWER PLENTY ROAD,LOWER PLENTY ROAD,PUBTT,Other,Greater than 10 Years,0,0,0,0,0.0
145.14323021028807,-37.990719035364734,8438,8996,10704,LOWER DANDENONG RD E of CENTRE DANDENONG RD,INTERSECTION,All Moves,CENTRE DANDENONG RD & LOWER DANDENONG RD,2050,STATE (LOWER DANDENONG/CHELTENHAM) HIGHWAY,LOWER DANDENONG ROAD,TMVMT,Manual,Greater than 10 Years,31,1985,16000,1200,0.08
145.1533938474122,-37.94983506040175,8449,8121,5783,LIGHTWOOD RD 50M AFTER SPRINGVALE RD,INTERSECTION,Scheduled PubTpt Bus flow,LIGHTWOOD RD 50M AFTER SPRINGVALE RD,9999,Missing Data,LIGHTWOOD ROAD,PUBTT,Other,Greater than 10 Years,0,0,0,0,0.0
145.25807879523865,-37.91324869250245,8456,8818,17861,KELLETS RD 5M OFF ST LAWRENCE WAY,INTERSECTION,Scheduled PubTpt Bus flow,KELLETS RD 5M OFF ST LAWRENCE WAY,5428,KELLETTS ROAD,KELLETTS ROAD,PUBTT,Other,Greater than 10 Years,0,0,0,0,0.0
144.94797633952862,-37.805103466775165,8471,8126,20100,KING ST SE OF CURZON ST,INTERSECTION,All Moves,VICTORIA ST/KING ST/CURZON ST,5041,KING STREET,KING STREET,SCATS,Scats,Greater than 10 Years,0,0,0,0,0.0
145.11500797678212,-37.91316309873228,8483,8130,20157,NORTH RD AT LERINA ST,INTERSECTION,All Moves,NORTH RD AT LERINA ST,9999,Missing Data,LERINA STREET,LASPD,Other,Greater than 10 Years,0,0,0,0,0.0
144.85806405263688,-37.71628597630048,8493,8632,21396,KEILOR PARK DRIVE N BD S OF THE LINK,UNDEFINED,All Moves,KEILOR PARK DRIVE S OF THE LINK,5054,KEILOR PARK DRIVE,KEILOR PARK DRIVE,MOTSV,Manual,Greater than 10 Years,0,0,0,0,0.0
144.95391896216003,-37.812466920149085,8499,8634,20983,KING STREET N Bd btwn DUDLEY STREET AND LATROBE STREET,INTERSECTION,All Moves,SITE_NO: 45||SITE DESC: KING STREET BTWN DUDLEY STREET AND LATROBE STREET,9999,Missing Data,LA TROBE STREET,MOTSV,Manual,Greater than 10 Years,0,0,0,0,0.0
145.05078271808313,-37.7267968666596,8500,8831,17642,KINGSBURY DR 90M BEFORE PLENTY RD,INTERSECTION,Scheduled PubTpt Bus flow,KINGSBURY DR 90M BEFORE PLENTY RD,5740,KINGSBURY DRIVE,KINGSBURY DRIVE,PUBTT,Other,Greater than 10 Years,0,0,0,0,0.0
145.2264191944379,-38.00070580444985,8504,8137,7236,LONSDALE ST E BD BTW SOUTH GIPPSLAND HWY & PLUNKETT RD,INTERSECTION,All Moves,LONSDALE ST BTW SOUTH GIPPSLAND HWY & PLUNKETT RD,2510,PRINCES HIGHWAY EAST,LONSDALE STREET,MOTSV,Manual,Greater than 10 Years,0,0,0,0,0.0
145.01260931764787,-37.82908619934596,8508,8001,10703,LOYOLA GRVE N of S.E.ARTERIAL,INTERSECTION,All Moves,GRANGE RD & LOYOLA GRVE & SE ARTERIAL,5856,BURNLEY-KEW ROAD,LOYOLA GROVE,TMVMT,Manual,Greater than 10 Years,31,1985,10000,170,0.02
145.05237689650272,-37.9575137800348,8522,8837,20097,KAREN ST E OF NEPEAN HWY,INTERSECTION,All Moves,NEPEAN HWY/BAY RD/KAREN ST,9999,Missing Data,KAREN STREET,SCATS,Scats,Between 2 and 5 Years,5,2011,9500,0,0.0
144.9444403784353,-37.8312651043068,8532,8502,28071,INGLES ST SE of WILLIAMSTOWN RD,INTERSECTION,All Moves,INGLES ST & NORMANBY RD & WILLIAMSTOWN RD,9999,Missing Data,INGLES STREET,TMVMT,Manual,Greater than 10 Years,28,1988,9100,1300,0.14
145.22249730903323,-37.73580010229425,8543,8146,20235,KANGAROO GRND-WDYTE RD S BD S OF RESEARCH-WARRANDYTE RD,INTERSECTION,All Moves,KANGAROO GRND-WDYTE RD S OF RESEARCH-WARRANDYTE RD,5810,WARRANDYTE-KANGAROO GROUND ROAD,KANGAROO GROUND-WARRANDYTE ROAD,APARX,Classification,Greater than 10 Years,15,2001,7800,0,0.0
145.22135794814767,-37.99836425885331,8564,8650,20252,LONSDALE ST SE OF FRANKSTON-DANDENONG RD,INTERSECTION,All Moves,DANDENONG-FRANKSTON RD/LONSDALE ST,2510,PRINCES HIGHWAY EAST,LONSDALE STREET,SCATS,Scats,Greater than 10 Years,0,0,0,0,0.0
144.97859792475438,-37.80831050134432,8573,8152,21057,LANSDOWNE ST N BD S OF VICTORIA PDE,UNDEFINED,All Moves,LANSDOWNE ST S OF VICTORIA PDE,5102,LANSDOWNE STREET,LANSDOWNE STREET,APARX,Classification,Greater than 10 Years,24,1992,6800,0,0.0
145.06894734576562,-37.76024300725534,8579,8704,10909,LOWER HEIDELBERG RD N of BANKSIA ST,INTERSECTION,All Moves,BANKSIA ST & LOWER HEIDELBERG R,5762,MAIN HEIDELBERG-ELTHAM ROAD,LOWER HEIDELBERG ROAD,TMVMT,Manual,Greater than 10 Years,24,1992,15000,420,0.03
145.0588587141683,-37.7928121523069,8583,8014,5797,KILBY RD AT NAMUR ST,INTERSECTION,Scheduled PubTpt Bus flow,KILBY RD AT NAMUR ST,9999,Missing Data,KILBY ROAD,PUBTT,Other,Greater than 10 Years,0,0,0,0,0.0
144.9790882405874,-37.691315194886535,8645,8860,5734,INDUSTRIAL AVE N of MAHONEYS RD,INTERSECTION,All Moves,INDUSTRIAL AVE (TURNS ONLY) & MAHONEYS RD,9999,Missing Data,INDUSTRIAL AVENUE ALT,TMVMT,Manual,Greater than 10 Years,20,1996,1800,380,0.21
145.24230162874238,-37.855964325508914,8648,8164,28612,IRELAND AVE SEBD SE OF STUD RD,UNDEFINED,All Moves,IRELAND AVE SSE OF STUD RD,9999,Missing Data,IRELAND AVENUE,APARX,Classification,Greater than 10 Years,24,1992,250,0,0.0
144.35433671786873,-38.25097175253948,8660,8166,26945,LOWER DUNEED RD E of TORQUAY RD,INTERSECTION,All Moves,LOWER DUNEED RD & TORQUAY RD,5008,LOWER DUNEED ROAD,LOWER DUNEED ROAD,TMVMT,Manual,Greater than 10 Years,25,1991,390,20,0.05
144.97240906750622,-37.76757410419616,8670,8525,9421,LYGON ST N OF VICTORIA ST,INTERSECTION,All Moves,LYGON ST/VICTORIA ST,9999,Missing Data,LYGON STREET,SCATS,Scats,Less than 2 Years,0,2016,0,0,0.0
145.04266210027131,-37.79111065847212,8679,8031,7209,KILBY RD AT WHITE AVE,INTERSECTION,Scheduled PubTpt Bus flow,KILBY RD AT WHITE AVE,9999,Missing Data,KILBY ROAD,PUBTT,Other,Greater than 10 Years,0,0,0,0,0.0
144.35570680583916,-38.155126904435114,8695,8724,25544,KILGOUR STREET EA of MOORABOOL STREET,INTERSECTION,All Moves,KILGOUR ST & MOORABOOL ST,9999,Missing Data,KILGOUR STREET,TMVMT,Manual,Greater than 10 Years,29,1987,3400,0,0.0
144.77917470897796,-37.843656958465125,8705,8673,19249,LEAKES RD E BD W OF FITZGERALD RD,UNDEFINED,All Moves,LEAKES RD W OF FITZGERALD RD,9999,Missing Data,LEAKES ROAD,APARX,Classification,Greater than 10 Years,24,1992,1300,0,0.0
145.2145243777827,-37.98936150138828,8726,8676,19546,LONSDALE_ST N of FOSTER_ST,INTERSECTION,All Moves,LONSDALE ST/FOSTER ST,2510,PRINCES HIGHWAY EAST,LONSDALE STREET,SCATS,Scats,Between 5 and 10 Years,8,2008,18000,0,0.0
145.82999856449885,-38.3966270403952,8736,8537,6963,KORUMBURRA-WARRAGUL RD N Bd 1200M N OF FAIRBANK RD,MIDBLOCK,All Moves,KORUMBURRA-WARRAGUL RD 1200M N OF FAIRBANK RD,5682,KORUMBURRA-WARRAGUL ROAD,KORUMBURRA-WARRAGUL ROAD,APARX,Classification,Greater than 10 Years,0,0,0,0,0.0
145.48865528683584,-38.13935829599789,8744,8042,6807,HEALESVILLE-KOO WEE RUP RD N OF BALLARTO RD,INTERSECTION,All Moves,BALLARTO RD & HEALESVILLE-KOO WEE RUP RD,5770,HEALESVILLE-KOO-WEE-RUP ROAD,KOO WEE RUP ROAD,TMVMT,Manual,Greater than 10 Years,0,0,0,0,0.0
144.96838971535274,-37.79226029399899,8781,8738,6256,CEMETERY RD EAST W BD LEFT TURN TO SWANSTON ST OD:12,INTERSECTION,Incomplete Through,CEMETERY RD EAST LEFT TURN TO SWANSTON ST OD:12,9999,Missing Data,LYGON STREET,MOTSV,Manual,Greater than 10 Years,0,0,0,0,0.0
145.05742332620295,-37.887344701110266,8797,8548,6504,KOORNANG RD N BD AT RAIL CROSSING CARNEGIE,INTERSECTION,All Moves,KOORNANG RD AT RAIL CROSSING CARNEGIE,9999,Missing Data,KOORNANG ROAD,MOTSV,Manual,Greater than 10 Years,0,0,0,0,0.0
144.9679737221132,-37.79470990023647,8829,8746,7096,LYGON ST N OF ELGIN ST,INTERSECTION,All Moves,ELGIN ST & LYGON ST,9999,Missing Data,LYGON STREET,TMVMT,Manual,Greater than 10 Years,0,0,0,0,0.0
145.05610313356226,-37.89425280103232,8835,8747,20495,KOORNANG RD N BD N OF NORTH RD,INTERSECTION,All Moves,KOORNANG RD N OF NORTH RD,9999,Missing Data,KOORNANG ROAD,MOTSV,Manual,Between 5 and 10 Years,9,2007,5300,170,0.03
145.05522720417952,-37.77233198872933,8855,8750,5793,LOWER HEIDELBERG RD AT STAFFORD CT,INTERSECTION,Scheduled PubTpt Bus flow,LOWER HEIDELBERG RD AT STAFFORD CT,5762,MAIN HEIDELBERG-ELTHAM ROAD,LOWER HEIDELBERG ROAD,PUBTT,Other,Greater than 10 Years,0,0,0,0,0.0
145.0509409478132,-37.72684912268756,8862,8896,27729,KINGSBURY DR SE of WATERDALE RD S,INTERSECTION,All Moves,KINGSBURY DR & WATERDALE RD,5740,KINGSBURY DRIVE,KINGSBURY DRIVE,TMVMT,Manual,Greater than 10 Years,30,1986,9200,390,0.04
145.11679841361885,-37.98754234775234,8863,8698,29354,LOWER DANDENONG RD W BD E OF BOUNDARY RD,UNDEFINED,All Moves,LOWER DANDENONG RD E OF BOUNDARY RD,2050,STATE (LOWER DANDENONG/CHELTENHAM) HIGHWAY,LOWER DANDENONG ROAD,APARX,Classification,Greater than 10 Years,28,1988,13000,0,0.0
147.0149887615735,-36.25553832870157,8874,8753,19594,KIEWA EAST RD E BD 900M E OF KIEWA VALLEY HWY @ 0.9KM FROM KIEWA,MIDBLOCK,All Moves,KIEWA EAST RD 900M E OF KIEWA VALLEY HWY @ 0.9KM FROM KIEWA,5478,KIEWA EAST ROAD,KIEWA EAST ROAD,APARX,Classification,Less than 2 Years,1,2015,1200,100,0.08
143.85781952251548,-37.561610695032805,8879,8899,9414,LYDIARD ST N of STURT ST,INTERSECTION,All Moves,LYDIARD ST & STURT ST,9999,Missing Data,LYDIARD STREET,TMVMT,Manual,Greater than 10 Years,0,0,0,0,0.0
144.97365858573423,-37.82205744174312,8892,8566,19217,LINLITHGOW AV E BD W OF ALEXANDRA AV,UNDEFINED,All Moves,LINLITHGOW AV W OF ALEXANDRA AV,9999,Missing Data,LINLITHGOW AVENUE,APARX,Classification,Greater than 10 Years,28,1988,6300,0,0.0
144.9686196199656,-37.83395121967876,8910,8075,28321,KINGS WAY N BD S OF BANK ST,UNDEFINED,All Moves,KINGS WAY S OF BANK ST,2510,PRINCES HIGHWAY EAST,KINGS WAY,APARX,Classification,Greater than 10 Years,29,1987,36000,0,0.0
144.78973180340574,-37.84495608327592,8911,8764,20211,KOROROIT CREEK RD E BD W OF BURNS RD,UNDEFINED,All Moves,KOROROIT CREEK RD W OF BURNS RD,5833,KOROROIT CREEK ROAD,KOROROIT CREEK ROAD,APARX,Classification,Greater than 10 Years,24,1992,8300,0,0.0
144.96621154379855,-37.80489518727931,8943,8584,27756,QUEENSBERRY ST E of LYGON ST,INTERSECTION,All Moves,LYGON ST & QUEENSBERRY ST,9999,Missing Data,LYGON STREET,TMVMT,Manual,Greater than 10 Years,26,1990,9400,0,0.0
145.0097984557281,-37.932990860793865,8964,8779,20185,LAGNICOURT ST N BD S OF VILLEROY ST,UNDEFINED,All Moves,LAGNICOURT ST S OF VILLEROY ST,9999,Missing Data,LAGNICOURT STREET,APARX,Classification,Greater than 10 Years,27,1989,380,0,0.0
145.06424511765016,-37.902933341998434,9,109,1767,LEILA RD E BD BTW WILMOTH AV & MURRUMBEENA RD,MIDBLOCK,All Moves,LEILA RD BTW WILMOTH AV & MURRUMBEENA RD,9999,Missing Data,LEILA ROAD,APARX,Classification,Between 2 and 5 Years,3,2013,1500,30,0.02
145.01227090342425,-37.90023140333648,43,143,1165,KOOYONG RD N OF NORTH RD,INTERSECTION,All Moves,KOOYONG RD & NORTH RD,9999,Missing Data,KOOYONG ROAD,TMVMT,Manual,Greater than 10 Years,0,0,0,0,0.0
145.8096760353365,-38.41247080959765,61,5,2205,KORUMBURRA-WARRAGUL RD N Bd S OF KORUMBURRA GOLF CLUB ENTRY,MIDBLOCK,All Moves,KORUMBURRA-WARRAGUL RD S OF KORUMBURRA GOLF CLUB ENTRY,5682,KORUMBURRA-WARRAGUL ROAD,KORUMBURRA-WARRAGUL ROAD,APARX,Classification,Between 2 and 5 Years,3,2013,780,70,0.1
144.65289688216808,-37.728806398958966,83,12,589,LEAKES RD N BD BTW WESTCOTT PDE & GREIGS RD,MIDBLOCK,All Moves,LEAKES RD BTW WESTCOTT PDE & GREIGS RD,9999,Missing Data,LEAKES ROAD,APARX,Classification,Between 2 and 5 Years,5,2011,1200,180,0.15
145.05619575526632,-37.89377369212871,88,170,2159,KOORNANG_RD N OF TRUGANINI_RD,INTERSECTION,All Moves,KOORNANG RD/TRUGANINI RD,9999,Missing Data,KOORNANG ROAD,SCATS,Scats,Greater than 10 Years,15,2001,6400,0,0.0
143.73889021761286,-37.43794751795088,110,19,1601,WINDERMERE-SULKY RD N BD 500M S OF WESTERN FWY,MIDBLOCK,All Moves,WINDERMERE-SULKY RD 500M S OF WESTERN FWY,9999,Missing Data,LEARMONTH-SULKY ROAD,APARX,Classification,Between 2 and 5 Years,3,2013,280,20,0.09
145.17878610836587,-37.91087759852736,139,523,58857,LUM RD S BD BTW RAPHAEL DR & PHEONIX DR,MIDBLOCK,All Moves,LUM RD BTW RAPHAEL DR & PHEONIX DR,9999,Missing Data,LUM ROAD,APARX,Classification,Between 5 and 10 Years,9,2007,2300,60,0.03
144.9663838606458,-37.832192165261496,155,528,2629,KINGS WAY NW OF PARK ST,INTERSECTION,All Moves,KINGS WAY/PARK ST,2510,PRINCES HIGHWAY EAST,KINGS WAY,SCATS,Scats,Greater than 10 Years,0,0,0,0,0.0
144.2331553549795,-36.71516219877117,175,199,1844,LEGGO ST N OF LODDON VALLEY HWY,INTERSECTION,All Moves,HOPKINS AV & LEGGO ST & LODDON VALLEY HWY,9999,Missing Data,LEGGO STREET,TMVMT,Manual,Greater than 10 Years,0,0,0,0,0.0
143.7278677167966,-37.04187238886404,177,535,58814,MARYBOROUGH-ST ARNAUD RD SEBD 15NW OF GOLDSMITH ST,MIDBLOCK,All Moves,MARYBOROUGH-ST ARNAUD RD 15NW OF GOLDSMITH ST,9999,Missing Data,INKERMAN LANE,APARX,Classification,Between 5 and 10 Years,9,2007,1400,60,0.04
145.03600083205885,-37.8738623984941,178,200,2914,KAMBROOK RD N OF BALACLAVA RD,INTERSECTION,All Moves,BALACLAVA RD/KAMBROOK RD,9999,Missing Data,KAMBROOK ROAD,SCATS,Scats,Greater than 10 Years,13,2003,3400,0,0.0
144.97902346687528,-37.81622240044627,185,47,835,JOLIMONT RD N OF WELLINGTON PDE,INTERSECTION,All Moves,WELLINGTON PDE SOUTH/JOLIMONT RD,5125,JOLIMONT ROAD,JOLIMONT ROAD,SCATS,Scats,Between 2 and 5 Years,5,2011,12000,0,0.0
144.35182251673498,-38.151578601626554,202,57,643,LATROBE_TCE N OF MCKILLOP_ST,INTERSECTION,All Moves,LATROBE TER/MCKILLOP ST,2800,CORIO-WAURN PONDS ROAD,LATROBE TERRACE,SCATS,Scats,Between 5 and 10 Years,7,2009,18000,0,0.0
146.45821360843863,-38.69897807517955,205,58,2122,PORT WELSHPOOL RD E BD BTW KEANE ST & ALBERT ST,MIDBLOCK,All Moves,PORT WELSHPOOL RD BTW KEANE ST & ALBERT ST,5908,PORT WELSHPOOL ROAD,LEWIS STREET,APARX,Classification,Between 2 and 5 Years,3,2013,190,40,0.23
143.536635336714,-38.78252185856878,229,558,367,GREAT OCEAN ROAD NORTH BD SOUTH OF LAVERS HILL,MIDBLOCK,All Moves,GREAT OCEAN ROAD NORTH BD SOUTH OF LAVERS HILL,4901,OTWAY LIGHTHOUSE ROAD,LIGHTHOUSE ROAD,APARX,Classification,Greater than 10 Years,0,0,0,0,0.0
145.1795192434085,-37.9069173055277,254,87,2645,LUM RD N of FERNTREE GULLY RD,INTERSECTION,All Moves,FERNTREE GULLY RD & LUM RD,9999,Missing Data,LUM ROAD,TMVMT,Manual,Greater than 10 Years,28,1988,1300,0,0.0
143.536635336714,-38.78252185856878,256,568,304,GREAT OCEAN ROAD EAST BD EAST OF FORANS TRACK,MIDBLOCK,All Moves,GREAT OCEAN ROAD EAST BD EAST OF FORANS TRACK,4901,OTWAY LIGHTHOUSE ROAD,LIGHTHOUSE ROAD,APARX,Classification,Greater than 10 Years,0,0,0,0,0.0
144.9614860406268,-37.82717639396281,264,93,2967,KINGSWAY OFFRAMP E of MORAY STREET,INTERSECTION,Off Ramp,KINGSWAY OFFRAMP E OF MORAY STREET,2510,PRINCES HIGHWAY EAST,KINGS WAY,TMVMT,Manual,Greater than 10 Years,0,0,0,0,0.0
144.9380367853771,-37.66402309541634,270,96,2972,KYABRAM ST N of BARRY RD,INTERSECTION,All Moves,BARRY RD & KYABRAM ST,9999,Missing Data,KYABRAM STREET,TMVMT,Manual,Greater than 10 Years,30,1986,1500,0,0.0
144.9785604518576,-37.808498994212925,273,98,2957,VICTORIA PDE E of LANSDOWNE ST,INTERSECTION,All Moves,LANSDOWNE ST & VICTORIA PDE,5102,LANSDOWNE STREET,LANSDOWNE STREET,TMVMT,Manual,Greater than 10 Years,31,1985,32000,0,0.0
143.536635336714,-38.78252185856878,285,585,880,GREAT OCEAN ROAD NORTH BD SOUTH OF LAVERS HILL,MIDBLOCK,All Moves,GREAT OCEAN ROAD NORTH BD SOUTH OF LAVERS HILL,4901,OTWAY LIGHTHOUSE ROAD,LIGHTHOUSE ROAD,APARX,Classification,Greater than 10 Years,0,0,0,0,0.0
143.536635336714,-38.78252185856878,300,595,133,GREAT OCEAN ROAD NORTH BD SOUTH OF LAVERS HILL,MIDBLOCK,All Moves,GREAT OCEAN ROAD NORTH BD SOUTH OF LAVERS HILL,4901,OTWAY LIGHTHOUSE ROAD,LIGHTHOUSE ROAD,APARX,Classification,Greater than 10 Years,0,0,0,0,0.0
144.9291976467672,-37.66424558669223,315,215,887,LONGFORD CRES N OF BARRY RD,INTERSECTION,All Moves,BARRY RD/LONGFORD CRES,9999,Missing Data,LONGFORD CRESCENT,SCATS,Scats,Greater than 10 Years,13,2003,2400,0,0.0
144.85645209158562,-37.831293695192166,323,223,1946,KYLE RD N OF BLACKSHAWS RD,INTERSECTION,All Moves,BLACKSHAWS RD/MILLS ST/KYLE RD,9999,Missing Data,KYLE ROAD,SCATS,Scats,Between 2 and 5 Years,5,2011,990,0,0.0
144.29059200730782,-35.90067927626417,363,611,58783,COHUNA-LEITCHVILLE RD W BD BTW LEITCHVILLE-PYRAMID RD & MURRAY VALLEY HWY,MIDBLOCK,All Moves,COHUNA-LEITCHVILLE RD BTW LEITCHVILLE-PYRAMID RD & MURRAY VALLEY HWY,5337,COHUNA-LEITCHVILLE ROAD,LEITCHVILLE-KERANG ROAD,APARX,Classification,Between 2 and 5 Years,3,2013,440,110,0.24
144.22263012559733,-36.709096688198414,371,255,1719,LODDON VALLEY HWY SEBD SE OF ALLIES RD,INTERSECTION,All Moves,LODDON VALLEY HWY SSE OF ALLIES RD,2630,LODDON VALLEY HIGHWAY,LODDON VALLEY HIGHWAY,TMVMT,Manual,Greater than 10 Years,16,2000,1500,100,0.07
143.34474440352022,-38.66337085583615,395,716,35,LAVERS HILL-COBDEN ROAD NORTH BD NORTH OF LAVERS HILL,MIDBLOCK,All Moves,LAVERS HILL-COBDEN ROAD NORTH BD NORTH OF LAVERS HILL,5033,LAVERS HILL-COBDEN ROAD,LAVERS HILL-COBDEN ROAD,APARX,Classification,Between 2 and 5 Years,3,2013,10,0,0.07
145.16079969891587,-38.097898704814384,422,729,2572,LATHAMS RD NEBD BTW STEPHENSON RD & FRANKSTON GARDENS DR,MIDBLOCK,All Moves,LATHAMS RD NBTW STEPHENSON RD & FRANKSTON GARDENS DR,9999,Missing Data,LATHAMS ROAD,APARX,Classification,Between 2 and 5 Years,3,2013,7900,880,0.11
147.1601809727409,-36.73691305455973,461,634,58604,BOGONG-HIGH PLAINS RD NWBD 200M SE OF BRIGHT-TAWONGA RD,MIDBLOCK,All Moves,BOGONG-HIGH PLAINS RD 200M SE OF BRIGHT-TAWONGA RD,2790,KIEWA VALLEY HIGHWAY,KIEWA VALLEY HIGHWAY,APARX,Classification,Between 5 and 10 Years,7,2009,230,40,0.21
144.05828774236886,-38.10078820322804,540,786,310,HAMILTON HIGHWAY EAST BD E OF PEELS RD INVERLEIGH,MIDBLOCK,All Moves,HAMILTON HIGHWAY EAST BD E OF PEELS RD INVERLEIGH,9999,Missing Data,INVERLEIGH-WINCHELSEA ROAD,APARX,Classification,Greater than 10 Years,0,0,0,0,0.0
145.01227090342425,-37.90023140333648,580,409,823,KOOYONG RD N OF NORTH RD DEPARTURE,INTERSECTION,All Moves,KOOYONG RD N OF NORTH RD DEPARTURE,9999,Missing Data,KOOYONG ROAD,TMVMT,Manual,Greater than 10 Years,0,0,0,0,0.0
144.36758410425887,-38.1793297073757,588,674,470,FELLMONGERS ROAD EAST BD EAST OF COSGROVE STREET,MIDBLOCK,All Moves,FELLMONGERS ROAD EAST BD EAST OF COSGROVE STREET,9999,Missing Data,LAWLESS COURT,APARX,Classification,Greater than 10 Years,0,0,0,0,0.0
142.46848298248685,-38.369666001275256,615,432,1505,LAVEROCK RD N BD N OF PRINCES HWY,INTERSECTION,All Moves,LAVEROCK RD N OF PRINCES HWY,9999,Missing Data,LAVEROCK GROVE,TMVMT,Manual,Greater than 10 Years,0,0,0,0,0.0
144.96623415513528,-37.80476429522893,644,311,2164,LYGON ST N OF QUEENSBERRY ST,INTERSECTION,Not representative,LYGON ST/QUEENSBERRY ST,9999,Missing Data,LYGON STREET,SCATS,Scats,Greater than 10 Years,14,2002,5300,0,0.0
145.10267586505765,-38.02725814896528,673,316,2691,LINCOLN PDE NE of STATION ST,INTERSECTION,All Moves,LINCOLN PDE & STATION ST,9999,Missing Data,LINCOLN PARADE,TMVMT,Manual,Greater than 10 Years,30,1986,940,0,0.0
144.8490196008177,-37.55099640264216,676,457,2506,KONAGADERRA RD N BD AT DEEP CREEK,MIDBLOCK,All Moves,KONAGADERRA RD AT DEEP CREEK,9999,Missing Data,KONAGADERRA ROAD,APARX,Classification,Between 2 and 5 Years,5,2011,840,60,0.08
146.707430017484,-37.859633000872805,703,465,58757,LICOLA RD SLIP LANE TO SEATON-GLENMAGGIE RD NE BD,MIDBLOCK,All Moves,LICOLA RD SLIP LANE TO SEATON-GLENMAGGIE RD N,5954,LICOLA ROAD,LICOLA ROAD,APARX,Classification,Between 5 and 10 Years,9,2007,30,10,0.38
145.65519737446124,-38.34321643455949,708,466,58601,LANG LANG-POOWONG RD E BD BTW SOUTH GIPPSLAND HWY & HENRYS RD,MIDBLOCK,All Moves,LANG LANG-POOWONG RD BTW SOUTH GIPPSLAND HWY & HENRYS RD,5691,LANG LANG-POOWONG ROAD,LANG LANG-POOWONG ROAD,APARX,Classification,Less than 2 Years,1,2015,280,40,0.16
145.18770855567263,-37.91434198776301,720,471,1864,JELLS RD N OF WELLINGTON RD,INTERSECTION,All Moves,JELLS RD & SIR KENNETH LUKE BLVD & WELLINGTON RD,5308,JELLS ROAD,JELLS ROAD,TMVMT,Manual,Greater than 10 Years,0,0,0,0,0.0
143.5222322567284,-38.85326052654919,813,853,1212,OTWAY LIGHTHOUSE ROAD NORTH BD SOUTH OF GOR,MIDBLOCK,All Moves,OTWAY LIGHTHOUSE ROAD NORTH BD SOUTH OF GOR,9999,Missing Data,LIGHTHOUSE ROAD,APARX,Classification,Greater than 10 Years,0,0,0,0,0.0
144.29214491035123,-38.066519757138366,891,880,2420,STEIGLITZ ROAD NORTH BD N/W OF GEELONG-BALLAN ROAD,MIDBLOCK,All Moves,STEIGLITZ ROAD NORTH BD N/W OF GEELONG-BALLAN ROAD,9999,Missing Data,LOVELY BANKS ROAD,APARX,Classification,Greater than 10 Years,0,0,0,0,0.0
145.81380389871063,-36.05528931380899,900,376,58700,KATAMATITE-YARRAWONGA ROAD E Bd btwn BENALLA-TOCUMWAL ROAD & BENALLA-YARRAWONGA,MIDBLOCK,All Moves,KATAMATITE-YARRAWONGA ROAD BTWN BENALLA-TOCUMWAL ROAD & BENALLA-YARRAWONGA,5402,KATAMATITE-YARRAWONGA ROAD,KATAMATITE-YARRAWONGA ROAD,APARX,Classification,Between 5 and 10 Years,9,2007,310,50,0.17
144.37167822490767,-37.347052809530126,901,883,58922,KYNETON-TRENTHAM RD SWBD @ 15KM POST,MIDBLOCK,All Moves,KYNETON-TRENTHAM RD N@ 15KM POST,5194,KYNETON-TRENTHAM ROAD,KYNETON-TRENTHAM ROAD,APARX,Classification,Between 5 and 10 Years,8,2008,800,70,0.1
144.96936352459517,-37.83431557671148,935,955,2393,GIBDON ST N OF TWICKENHAM CR,INTERSECTION,Left Missing,TWICKENHAM CR/GIBDON ST/BARKLEY AV/CITYLINK,2510,PRINCES HIGHWAY EAST,KINGS WAY,SCATS,Scats,Greater than 10 Years,13,2003,1000,0,0.0
144.2299645967931,-37.600155439487835,986,986,1578,OLD INGLIS STREET E BD BTWN GEELONG-BALLAN ROAD & OLD MELBOURNE ROAD,MIDBLOCK,All Moves,OLD INGLIS STREET BTWN GEELONG-BALLAN ROAD & OLD MELBOURNE ROAD,5067,OLD MELBOURNE ROAD,INGLIS STREET,APARX,Classification,Less than 2 Years,1,2015,1600,70,0.04
143.92591935960095,-36.118645084817295,990,990,2100,LODDON VALLEY HIGHWAY N BD BTWN BOORT-PYRAMID ROAD & BOORT-PYRAMID ROAD,MIDBLOCK,All Moves,LODDON VALLEY HIGHWAY BTWN BOORT-PYRAMID ROAD & BOORT-PYRAMID ROAD,2630,LODDON VALLEY HIGHWAY,LODDON VALLEY HIGHWAY,APARX,Classification,Between 2 and 5 Years,3,2013,770,200,0.26
143.18818550580266,-38.432923983614,998,998,906,TIMBOON-COLAC ROAD EAST BD 1.4km.WEST IRREWILLIPE HALL,MIDBLOCK,All Moves,TIMBOON-COLAC ROAD EAST BD 1.4KM.WEST IRREWILLIPE HALL,5033,LAVERS HILL-COBDEN ROAD,LAVERS HILL-COBDEN ROAD,APARX,Classification,Greater than 10 Years,0,0,0,0,0.0
145.13582221206434,-37.98987173105802,11006,11403,12886,LOWER DANDENONG RD W BD BTWN CENTRE DANDENONG RD & HOWARD RD,INTERSECTION,Scheduled PubTpt Bus flow,LOWER DANDENONG RD BTWN CENTRE DANDENONG RD & HOWARD RD,2050,STATE (LOWER DANDENONG/CHELTENHAM) HIGHWAY,LOWER DANDENONG ROAD,PUBTT,Other,Greater than 10 Years,0,0,0,0,0.0
145.14288061592046,-37.990680125325454,11029,11414,7725,LOWER DANDENONG RD AT SPRINGVALE RD,INTERSECTION,Scheduled PubTpt Bus flow,LOWER DANDENONG RD AT SPRINGVALE RD,2050,STATE (LOWER DANDENONG/CHELTENHAM) HIGHWAY,LOWER DANDENONG ROAD,PUBTT,Other,Greater than 10 Years,0,0,0,0,0.0
144.9507805870654,-37.807210006795394,11050,11926,11650,KING ST NW BD NW OF ROSSLYN ST,INTERSECTION,All Moves,KING ST NNW OF ROSSLYN ST,5041,KING STREET,KING STREET,MOTSV,Manual,Between 2 and 5 Years,5,2011,16000,530,0.03
144.932708901012,-37.822051603953845,11087,11443,25228,LORIMER STREET W Bd btwn FERRYMAN LANE & POINT PARK CRES,MIDBLOCK,All Moves,LORIMER STREET BTWN FERRYMAN LANE & POINT PARK CRES,5597,LORIMER STREET,LORIMER STREET,APARX,Classification,Between 5 and 10 Years,8,2008,10000,1100,0.11
145.1288090043272,-37.98901598042412,11104,11804,13924,LOWER DANDENONG RD E BD BTWN HOWARD RD & CENTRE DANDENONG RD,INTERSECTION,Scheduled PubTpt Bus flow,LOWER DANDENONG RD BTWN HOWARD RD & CENTRE DANDENONG RD,2050,STATE (LOWER DANDENONG/CHELTENHAM) HIGHWAY,LOWER DANDENONG ROAD,PUBTT,Other,Greater than 10 Years,0,0,0,0,0.0
145.1255195997061,-37.98861028917962,11138,11315,11966,LOWER DANDENONG RD 10M BEFORE SANDLEFORD PL,INTERSECTION,Scheduled PubTpt Bus flow,LOWER DANDENONG RD 10M BEFORE SANDLEFORD PL,2050,STATE (LOWER DANDENONG/CHELTENHAM) HIGHWAY,LOWER DANDENONG ROAD,PUBTT,Other,Greater than 10 Years,0,0,0,0,0.0
145.05277670501835,-37.792131510097455,11145,11958,11739,KILBY RD 10M BEFORE MELDRUM ST,INTERSECTION,Scheduled PubTpt Bus flow,KILBY RD 10M BEFORE MELDRUM ST,9999,Missing Data,KILBY ROAD,PUBTT,Other,Greater than 10 Years,0,0,0,0,0.0
145.08671861053682,-37.90101345425305,11148,11813,27171,KANGAROO RD W BD BTW LATROBE ST & WARRIGAL RD,MIDBLOCK,All Moves,KANGAROO RD BTW LATROBE ST & WARRIGAL RD,9999,Missing Data,KANGAROO ROAD,APARX,Classification,Between 2 and 5 Years,5,2011,310,10,0.06
144.91408059968956,-37.684077088795355,11152,11814,12332,ACCESS RD SW OF JOHNSTONE ST,INTERSECTION,All Moves,JOHNSTONE ST/PEARCEDALE PDE,5873,BROADMEADOWS-TULLAMARINE ROAD,JOHNSTONE STREET,SCATS,Scats,Greater than 10 Years,0,0,0,0,0.0
145.19196300449664,-37.94808009689516,11153,11960,8713,JACKSONS RD AT TILLBROOK CT,INTERSECTION,Scheduled PubTpt Bus flow,JACKSONS RD AT TILLBROOK CT,5170,JACKSONS ROAD,JACKSONS ROAD,PUBTT,Other,Greater than 10 Years,0,0,0,0,0.0
145.19252521160888,-37.94132610176651,11161,11962,7562,JACKSONS RD AT MANNING DR,INTERSECTION,Scheduled PubTpt Bus flow,JACKSONS RD AT MANNING DR,5170,JACKSONS ROAD,JACKSONS ROAD,PUBTT,Other,Greater than 10 Years,0,0,0,0,0.0
145.19172312719792,-37.94561290267031,11191,11472,8377,JACKSONS RD AT EAGLE DR,INTERSECTION,Scheduled PubTpt Bus flow,JACKSONS RD AT EAGLE DR,5170,JACKSONS ROAD,JACKSONS ROAD,PUBTT,Other,Greater than 10 Years,0,0,0,0,0.0
145.06635877747436,-37.74212236920175,11199,11825,13955,LOWER PLENTY RD NE OF TURNHAM AVE,INTERSECTION,All Moves,LOWER PLENTY RD/TURNHAM AVE,5743,LOWER PLENTY ROAD,LOWER PLENTY ROAD,SCATS,Scats,Greater than 10 Years,0,0,0,0,0.0
145.05756201631695,-37.88659530177022,11206,11827,8653,KOORNANG RD N OF EGAN ST DEPARTURE,INTERSECTION,All Moves,KOORNANG RD N OF EGAN ST DEPARTURE,9999,Missing Data,KOORNANG ROAD,TMVMT,Manual,Greater than 10 Years,0,0,0,0,0.0
145.02269119423462,-37.629223497518495,11210,11828,24760,LYNDARUM DR W BD W OF EPPING RD,MIDBLOCK,All Moves,LYNDARUM DR W OF EPPING RD,9999,Missing Data,LYNDARUM DRIVE,APARX,Classification,Between 2 and 5 Years,5,2011,1600,150,0.1
145.23428111380935,-37.98712092514664,11240,11485,7575,KIDDS RD 35M AFTER BETULA ST,INTERSECTION,Scheduled PubTpt Bus flow,KIDDS RD 35M AFTER BETULA ST,9999,Missing Data,KIDDS ROAD,PUBTT,Other,Greater than 10 Years,0,0,0,0,0.0
144.90322829149716,-37.800563792072815,11242,11339,25605,IRVING ST SWBD BTW LEEDS ST & HOPKINS ST,MIDBLOCK,All Moves,IRVING ST NBTW LEEDS ST & HOPKINS ST,9999,Missing Data,IRVING STREET,APARX,Classification,Between 5 and 10 Years,7,2009,4200,360,0.09
145.49021621852634,-38.092221195942365,11265,11344,8278,KOO WEE RUP RD N OF PRINCES FWY W BD RAMPS DEPARTURE,INTERSECTION,All Moves,KOO WEE RUP RD N OF PRINCES FWY RAMPS DEPARTURE,5770,HEALESVILLE-KOO-WEE-RUP ROAD,KOO WEE RUP ROAD,TMVMT,Manual,Greater than 10 Years,0,0,0,0,0.0
145.1132942061492,-37.64972420435769,11285,11496,7509,KURRAK RD 40M BEFORE CLARKE RD,INTERSECTION,Scheduled PubTpt Bus flow,KURRAK RD 40M BEFORE CLARKE RD,5720,KURRAK ROAD,KURRAK ROAD,PUBTT,Other,Greater than 10 Years,0,0,0,0,0.0
145.07681770097327,-37.982671477146056,11301,11500,11352,LOWER DANDENONG RD 60M AFTER AVENZA ST,INTERSECTION,Scheduled PubTpt Bus flow,LOWER DANDENONG RD 60M AFTER AVENZA ST,2050,STATE (LOWER DANDENONG/CHELTENHAM) HIGHWAY,LOWER DANDENONG ROAD,PUBTT,Other,Greater than 10 Years,0,0,0,0,0.0
143.21228769864155,-38.459879697858,11323,11861,25375,LAVERS HILL-COBDEN RD S Bd btwn TIMBOON-COLAC RD & TOMAHAWK CREEK RD,MIDBLOCK,All Moves,LAVERS HILL-COBDEN RD BTWN TOMAHAWK CREEK RD & TIMBOON-COLAC RD,5033,LAVERS HILL-COBDEN ROAD,LAVERS HILL-COBDEN ROAD,APARX,Classification,Between 2 and 5 Years,3,2013,350,70,0.21
144.96617331156347,-37.80511650005084,11334,11866,7474,LYGON ST 12M BEFORE QUEENSBERRY ST,INTERSECTION,Scheduled PubTpt Bus flow,LYGON ST 12M BEFORE QUEENSBERRY ST,9999,Missing Data,LYGON STREET,PUBTT,Other,Greater than 10 Years,0,0,0,0,0.0
145.12409472355623,-37.70234097343221,11336,11867,7693,KARINGAL DR 50M AFTER SUNDERLAND RISE,INTERSECTION,Scheduled PubTpt Bus flow,KARINGAL DR 50M AFTER SUNDERLAND RISE,5722,KARINGAL DRIVE,KARINGAL DRIVE,PUBTT,Other,Greater than 10 Years,0,0,0,0,0.0
145.05049790017878,-37.791872089309,11343,11871,12488,KILBY RD AT BIRDWOOD ST,INTERSECTION,Scheduled PubTpt Bus flow,KILBY RD AT BIRDWOOD ST,9999,Missing Data,KILBY ROAD,PUBTT,Other,Greater than 10 Years,0,0,0,0,0.0
144.96661201231447,-37.802577194435166,11347,11873,8370,LYGON ST 10M BEFORE PELHAM ST,INTERSECTION,Scheduled PubTpt Bus flow,LYGON ST 10M BEFORE PELHAM ST,9999,Missing Data,LYGON STREET,PUBTT,Other,Greater than 10 Years,0,0,0,0,0.0
145.06204757358583,-37.74458697792358,11391,11397,7880,LOWER PLENTY RD 50M AFTER MT IDA AVE,INTERSECTION,Scheduled PubTpt Bus flow,LOWER PLENTY RD 50M AFTER MT IDA AVE,5743,LOWER PLENTY ROAD,LOWER PLENTY ROAD,PUBTT,Other,Greater than 10 Years,0,0,0,0,0.0
145.04787721511724,-37.791637404841936,11397,11400,8906,KILBY RD 25M AFTER BELFORD RD,INTERSECTION,Scheduled PubTpt Bus flow,KILBY RD 25M AFTER BELFORD RD,9999,Missing Data,KILBY ROAD,PUBTT,Other,Greater than 10 Years,0,0,0,0,0.0
145.09289310789651,-37.98461756563627,11410,11505,7934,LOWER DANDENONG RD 30M AFTER BUNDORA PDE,INTERSECTION,Scheduled PubTpt Bus flow,LOWER DANDENONG RD 30M AFTER BUNDORA PDE,2050,STATE (LOWER DANDENONG/CHELTENHAM) HIGHWAY,LOWER DANDENONG ROAD,PUBTT,Other,Greater than 10 Years,0,0,0,0,0.0
145.1696757491354,-37.987260390799776,11431,11108,7547,KINGSCLERE AV 35M BEFORE CHESNEY ST,INTERSECTION,Scheduled PubTpt Bus flow,KINGSCLERE AV 35M BEFORE CHESNEY ST,9999,Missing Data,KINGSCLERE AVENUE,PUBTT,Other,Greater than 10 Years,0,0,0,0,0.0
145.171547240461,-37.99072132037911,11442,11112,9252,KINGSCLERE AV 25M BEFORE GRAYLING CRES,INTERSECTION,Scheduled PubTpt Bus flow,KINGSCLERE AV 25M BEFORE GRAYLING CRES,9999,Missing Data,KINGSCLERE AVENUE,PUBTT,Other,Greater than 10 Years,0,0,0,0,0.0
145.169670556135,-37.987239208101634,11445,11113,9190,KINGSCLERE AV 50M BEFORE TURRAMURRA DR,INTERSECTION,Scheduled PubTpt Bus flow,KINGSCLERE AV 50M BEFORE TURRAMURRA DR,9999,Missing Data,KINGSCLERE AVENUE,PUBTT,Other,Greater than 10 Years,0,0,0,0,0.0
145.09652321178888,-37.98506102223418,11446,11517,8919,LOWER DANDENONG RD AT WARREN RD,INTERSECTION,Scheduled PubTpt Bus flow,LOWER DANDENONG RD AT WARREN RD,2050,STATE (LOWER DANDENONG/CHELTENHAM) HIGHWAY,LOWER DANDENONG ROAD,PUBTT,Other,Greater than 10 Years,0,0,0,0,0.0
145.13513670437882,-37.98979010363368,11455,11116,7936,LOWER DANDENONG RD E BD BTWN HOWARD RD & CENTRE DANDENONG RD,INTERSECTION,Scheduled PubTpt Bus flow,LOWER DANDENONG RD BTWN HOWARD RD & CENTRE DANDENONG RD,2050,STATE (LOWER DANDENONG/CHELTENHAM) HIGHWAY,LOWER DANDENONG ROAD,PUBTT,Other,Greater than 10 Years,0,0,0,0,0.0
145.48900688807825,-38.09760899480624,11474,11526,14944,KOO WEE RUP RD N OF LIVESTOCK WAY,INTERSECTION,All Moves,KOO WEE RUP RD/LIVESTOCK WAY/SOUTHEAST BLVD,5770,HEALESVILLE-KOO-WEE-RUP ROAD,KOO WEE RUP ROAD,SCATS,Scats,Between 2 and 5 Years,3,2013,6900,0,0.0
144.85148646053895,-37.72019097977197,11485,11530,21926,KEILOR PARK DRIVE SWBd BTW TRANSLINK DR & SPENCE ST,MIDBLOCK,All Moves,KEILOR PARK DRIVE NBTW TRANSLINK DR & SPENCE ST,5054,KEILOR PARK DRIVE,KEILOR PARK DRIVE,APARX,Classification,Between 5 and 10 Years,8,2008,16000,1700,0.11
144.68785741710875,-37.83403324629616,11503,11036,24530,LEAKES RD E OF DAVIS RD DEPARTURE,UNDEFINED,All Moves,DAVIS RD N OF LEAKES RD DEPARTURE,9999,Missing Data,LEAKES ROAD,TMVMT,Manual,Greater than 10 Years,0,0,0,0,0.0
144.93744115126873,-37.825769053240975,11508,11133,10901,WEST GATE FWY E BD E OF WESTERN LINK (AT INGLES ST) MAINLINE+RAMPS,INTERSECTION,All Moves,WEST GATE FWY E OF WESTERN LINK (AT INGLES ST) MAINLINE+RAMPS,9999,Missing Data,INGLES STREET,MOTSV,Manual,Between 2 and 5 Years,4,2012,112000,10000,0.09
145.00500223088923,-37.811770996747306,11528,11140,27604,JOHNSON ST S OF VICTORIA ST DEPARTURE,INTERSECTION,All Moves,VICTORIA ST E OF JOHNSON ST DEPARTURE,9999,Missing Data,JOHNSON STREET,TMVMT,Manual,Greater than 10 Years,0,0,0,0,0.0
144.97900413779115,-37.85637549380883,11533,11142,24050,LAKESIDE DR NW OF FITZROY ST,INTERSECTION,All Moves,FITZROY ST/PRINCES ST/LAKESIDE DR,9999,Missing Data,LAKESIDE DRIVE,SCATS,Scats,Between 2 and 5 Years,5,2011,11000,0,0.0
143.6930072084307,-37.17379690089748,11545,11146,28836,LEXTON-TALBOT RD W BD BTW BARNES ST & BALLARAT-MARYBOROUGH RD,MIDBLOCK,All Moves,LEXTON-TALBOT RD BTW BARNES ST & BALLARAT-MARYBOROUGH RD,5226,LEXTON-TALBOT ROAD,LEXTON-TALBOT ROAD,APARX,Classification,Between 5 and 10 Years,6,2010,310,30,0.1
145.27145737174988,-38.08224719713193,11553,11053,27586,LESDON AV S OF THOMPSONS RD,INTERSECTION,All Moves,LESDON AV & THOMPSONS RD,9999,Missing Data,LESDON AVENUE,TMVMT,Manual,Greater than 10 Years,0,0,0,0,0.0
145.19239312425486,-37.93859519863172,11569,11603,12866,JACKSONS RD S BD BTWN POLICE RD & DANDENONG RD,INTERSECTION,Scheduled PubTpt Bus flow,JACKSONS RD BTWN POLICE RD & DANDENONG RD,5170,JACKSONS ROAD,JACKSONS ROAD,PUBTT,Other,Greater than 10 Years,0,0,0,0,0.0
145.0816657093563,-37.98326284760454,11587,11606,12490,SHOPPING CENTRE ACCESS S OF LOWER DANDENONG RD,INTERSECTION,All Moves,LOWER DANDENONG RD/SHOPPING CENTRE ACCESS,2050,STATE (LOWER DANDENONG/CHELTENHAM) HIGHWAY,LOWER DANDENONG ROAD,SCATS,Scats,Greater than 10 Years,0,0,0,0,0.0
145.21529106659602,-37.99147097036944,11625,11066,25951,LONSDALE STREET S BD S OF FOSTER STREET,INTERSECTION,All Moves,LONSDALE STREET S OF FOSTER STREET,2510,PRINCES HIGHWAY EAST,LONSDALE STREET,MOTSV,Manual,Between 5 and 10 Years,8,2008,26000,1600,0.06
145.1953347647874,-37.92387918929807,11626,11566,8047,JACKSONS RD 50M BEFORE WELLINGTON RD,INTERSECTION,Scheduled PubTpt Bus flow,JACKSONS RD 50M BEFORE WELLINGTON RD,5170,JACKSONS ROAD,JACKSONS ROAD,PUBTT,Other,Greater than 10 Years,0,0,0,0,0.0
145.0411455255396,-37.90395700101964,11634,11712,8664,LILLIMUR RD N OF NORTH RD,INTERSECTION,All Moves,LILLIMUR RD & NORTH RD & WHEELER ST,9999,Missing Data,LILLIMUR ROAD,TMVMT,Manual,Greater than 10 Years,0,0,0,0,0.0
145.1918363001686,-37.949808596943456,11643,11569,11937,JACKSONS RD 50M AFTER SILVERTON DR,INTERSECTION,Scheduled PubTpt Bus flow,JACKSONS RD 50M AFTER SILVERTON DR,5170,JACKSONS ROAD,JACKSONS ROAD,PUBTT,Other,Greater than 10 Years,0,0,0,0,0.0
144.78111165505297,-37.724502206667545,11657,11716,25152,ACCESS RD W OF KINGS RD,INTERSECTION,All Moves,KINGS RD / ACCESS RD,5009,KINGS ROAD,KINGS ROAD,SCATS,Scats,Greater than 10 Years,0,0,0,0,0.0
144.76461304853385,-37.84092785955645,11659,11618,24570,LEAKES RD W OF KOROROIT CREEK RD,INTERSECTION,All Moves,FITZGERALD RD/LEAKES RD/KOROROIT CREEK RD,9999,Missing Data,LEAKES ROAD,SCATS,Scats,Greater than 10 Years,0,0,0,0,0.0
145.192022303002,-37.94398820234579,11680,11075,9161,JACKSONS RD AT AHERN ST,INTERSECTION,Scheduled PubTpt Bus flow,JACKSONS RD AT AHERN ST,5170,JACKSONS ROAD,JACKSONS ROAD,PUBTT,Other,Greater than 10 Years,0,0,0,0,0.0
146.48830504546555,-38.30866716274777,11695,11722,22714,JEERALANG NORTH RD S BD 380M S OF CHURCHILL-TRARALGON RD,MIDBLOCK,All Moves,JEERALANG NORTH RD 380M S OF CHURCHILL-TRARALGON RD,9999,Missing Data,JEERALANG NORTH ROAD,APARX,Classification,Between 2 and 5 Years,4,2012,790,70,0.1
144.9588927044861,-37.811038696578336,11714,11628,8698,LA TROBE ST NE OF WILLIAMS ST,INTERSECTION,All Moves,WILLIAM ST/LA TROBE ST,9999,Missing Data,LA TROBE STREET,SCATS,Scats,Greater than 10 Years,0,0,0,0,0.0
144.9977301155986,-37.80030754556029,11722,11178,12879,JOHNSTON ST 5M BEFORE NICHOLSON ST,INTERSECTION,Scheduled PubTpt Bus flow,JOHNSTON ST 5M BEFORE NICHOLSON ST,5853,JOHNSTON STREET,JOHNSTON STREET,PUBTT,Other,Greater than 10 Years,0,0,0,0,0.0
145.1923836861923,-37.93852100189952,11730,11584,7899,JACKSONS RD 50M BEFORE POLICE RD,INTERSECTION,Scheduled PubTpt Bus flow,JACKSONS RD 50M BEFORE POLICE RD,5170,JACKSONS ROAD,JACKSONS ROAD,PUBTT,Other,Greater than 10 Years,0,0,0,0,0.0
145.1925033526354,-37.94144899112738,11737,11180,7516,JACKSONS RD 25M AFTER MANNING DR,INTERSECTION,Scheduled PubTpt Bus flow,JACKSONS RD 25M AFTER MANNING DR,5170,JACKSONS ROAD,JACKSONS ROAD,PUBTT,Other,Greater than 10 Years,0,0,0,0,0.0
144.78107508978115,-37.69794599689781,11747,11730,21174,KINGS RD S OF MELTON HWY,INTERSECTION,All Moves,MELTON HWY/KINGS RD,5009,KINGS ROAD,KINGS ROAD,SCATS,Scats,Greater than 10 Years,0,0,0,0,0.0
145.04097858185082,-37.922527600369975,11758,11233,27137,JASPER RD WITHIN OURLADYSHC 40 S BD BTW CENTRE RD & PATTERSON RD,MIDBLOCK,All Moves,JASPER RD WITHIN OURLADYSHC 40 BTW CENTRE RD & PATTERSON RD,5847,JASPER ROAD,JASPER ROAD,APARX,Classification,Greater than 10 Years,0,0,0,0,0.0
145.25009949598316,-36.31359385856701,11761,11636,21917,LANCASTER-MOOROOPNA ROAD W Bd btwn ECHUCA-MOOROOPNA ROAD & TATURA-UNDERA ROAD,MIDBLOCK,All Moves,LANCASTER-MOOROOPNA ROAD BTWN TATURA-UNDERA ROAD & ECHUCA-MOOROOPNA ROAD,5365,LANCASTER-MOOROOPNA ROAD,LANCASTER-MOOROOPNA ROAD,APARX,Classification,Between 2 and 5 Years,2,2014,1000,110,0.11
144.98426809858907,-37.798958589057854,11765,11589,27934,SMITH ST S OF DAVID ST,INTERSECTION,Not representative,SMITH ST NR ST DAVID ST,5853,JOHNSTON STREET,JOHNSTON STREET,SCATS,Scats,Greater than 10 Years,0,0,0,0,0.0
145.91117072541383,-38.250002583315045,11771,11590,22741,KORUMBURRA-WARRAGUL RD S Bd 1030M S OF SARGEANT ST,MIDBLOCK,All Moves,KORUMBURRA-WARRAGUL RD 1030M S OF SARGEANT ST,5682,KORUMBURRA-WARRAGUL ROAD,KORUMBURRA-WARRAGUL ROAD,APARX,Classification,Greater than 10 Years,0,0,0,0,0.0
145.16926818467815,-37.98380269999319,11788,11093,7879,KINGSCLERE AV 35M BEFORE WAHROONGA AVE,INTERSECTION,Scheduled PubTpt Bus flow,KINGSCLERE AV 35M BEFORE WAHROONGA AVE,9999,Missing Data,KINGSCLERE AVENUE,PUBTT,Other,Greater than 10 Years,0,0,0,0,0.0
145.1866698016868,-36.76278241017289,11792,11239,25239,COES RD W BD BTW GOULBURN VALLEY HWY & MCDONALDS RD,MIDBLOCK,All Moves,COES RD BTW GOULBURN VALLEY HWY & MCDONALDS RD,9999,Missing Data,LEYDON ROAD,APARX,Classification,Between 5 and 10 Years,8,2008,0,0,0.33
144.98705130975475,-37.799247524207104,11805,11596,11742,JOHNSTON ST AT WELLINGTON ST,INTERSECTION,Scheduled PubTpt Bus flow,JOHNSTON ST AT WELLINGTON ST,5853,JOHNSTON STREET,JOHNSTON STREET,PUBTT,Other,Greater than 10 Years,0,0,0,0,0.0
143.18940602545547,-38.433446473637176,11809,11644,21990,TIMBOON-COLAC ROAD WEST BD WEST OF SUNDAY RIDGE ROAD,MIDBLOCK,All Moves,TIMBOON-COLAC ROAD EAST BD WEST OF SUNDAY RIDGE ROAD,5033,LAVERS HILL-COBDEN ROAD,LAVERS HILL-COBDEN ROAD,APARX,Classification,Greater than 10 Years,0,0,0,0,0.0
144.2834252792294,-36.7587520588622,11831,11648,21916,LYTTLETON TCE W BD 200W OF CHAPEL ST,MIDBLOCK,All Moves,LYTTLETON TCE 200W OF CHAPEL ST,9999,Missing Data,LYTTLETON TERRACE,APARX,Classification,Greater than 10 Years,0,0,0,0,0.0
142.1865344311159,-34.3030022869434,11834,11246,22384,CALDER HWY S BD BTW FITZROY AV & GOULBURN AV,MIDBLOCK,All Moves,CALDER HWY BTW FITZROY AV & GOULBURN AV,2530,CALDER HIGHWAY,JACARANDA STREET,APARX,Classification,Between 5 and 10 Years,6,2010,4100,430,0.1
145.08909369624254,-37.98415870091462,11844,11199,8911,LOWER DANDENONG RD 40M AFTER MCSWAIN ST,INTERSECTION,Scheduled PubTpt Bus flow,LOWER DANDENONG RD 40M AFTER MCSWAIN ST,2050,STATE (LOWER DANDENONG/CHELTENHAM) HIGHWAY,LOWER DANDENONG ROAD,PUBTT,Other,Greater than 10 Years,0,0,0,0,0.0
145.1052951068216,-37.98613202073098,11862,11254,28636,LOWER DANDENONG RD WB BTW SIBTHORPE ST & BOUNDARY RD,INTERSECTION,All Moves,SITE_NO: 102||SITE DESC: LOWER DANDENONG RD BTW SIBTHORPE ST & BOUNDARY RD,2050,STATE (LOWER DANDENONG/CHELTENHAM) HIGHWAY,LOWER DANDENONG ROAD,MOTSV,Manual,Greater than 10 Years,0,0,0,0,0.0
143.34474440352022,-38.66337085583615,11890,11264,24469,LAVERS HILL-COBDEN ROAD SOUTH BD NORTH OF LAVERS HILL,MIDBLOCK,All Moves,LAVERS HILL-COBDEN ROAD NORTH BD NORTH OF LAVERS HILL,5033,LAVERS HILL-COBDEN ROAD,LAVERS HILL-COBDEN ROAD,APARX,Classification,Between 2 and 5 Years,3,2013,10,0,0.07
145.09922829631856,-37.985391401690954,11925,11276,12887,LOWER DANDENONG RD 80M AFTER DE HAVILLAND RD,INTERSECTION,Scheduled PubTpt Bus flow,LOWER DANDENONG RD 80M AFTER DE HAVILLAND RD,2050,STATE (LOWER DANDENONG/CHELTENHAM) HIGHWAY,LOWER DANDENONG ROAD,PUBTT,Other,Greater than 10 Years,0,0,0,0,0.0
145.05884211309345,-37.79281035842588,11928,11277,7579,KILBY RD 50M AFTER NAMUR ST,INTERSECTION,Scheduled PubTpt Bus flow,KILBY RD 50M AFTER NAMUR ST,9999,Missing Data,KILBY ROAD,PUBTT,Other,Greater than 10 Years,0,0,0,0,0.0
144.96685234993893,-37.80118598617713,11930,11775,11511,LYGON ST AT GRATTAN ST,INTERSECTION,Scheduled PubTpt Bus flow,LYGON ST AT GRATTAN ST,9999,Missing Data,LYGON STREET,PUBTT,Other,Greater than 10 Years,0,0,0,0,0.0
145.1163127964862,-37.987483581798585,11951,11685,8056,LOWER DANDENONG RD 10M BEFORE BELL GR,INTERSECTION,Scheduled PubTpt Bus flow,LOWER DANDENONG RD 10M BEFORE BELL GR,2050,STATE (LOWER DANDENONG/CHELTENHAM) HIGHWAY,LOWER DANDENONG ROAD,PUBTT,Other,Greater than 10 Years,0,0,0,0,0.0
145.18813104215639,-37.911971899956235,11953,11285,10773,JELLS RD 30M BEFORE BRUFORD AVE,INTERSECTION,Scheduled PubTpt Bus flow,JELLS RD 30M BEFORE BRUFORD AVE,5308,JELLS ROAD,JELLS ROAD,PUBTT,Other,Greater than 10 Years,0,0,0,0,0.0
144.9789349002085,-37.79838747687568,11978,11695,11292,JOHNSTON ST 25M BEFORE BRUNSWICK ST,INTERSECTION,Scheduled PubTpt Bus flow,JOHNSTON ST 25M BEFORE BRUNSWICK ST,5853,JOHNSTON STREET,JOHNSTON STREET,PUBTT,Other,Greater than 10 Years,0,0,0,0,0.0
144.78209352007792,-37.69492020265066,6003,6903,24841,KINGS RD S OF WENTWORTH DR,INTERSECTION,All Moves,KINGS RD & WENTWORTH DR,5009,KINGS ROAD,KINGS ROAD,TMVMT,Manual,Greater than 10 Years,0,0,0,0,0.0
145.0907286113828,-37.96970209939487,6012,6403,27223,KING ST E OF DANDENONG VALLEY HWY,INTERSECTION,Incomplete Through,DANDENONG VALLEY HWY & KING ST,9999,Missing Data,KINGSTON CENTRAL BOULEVARD,TMVMT,Manual,Greater than 10 Years,0,0,0,0,0.0
145.1712722520219,-37.96330945581021,6016,6911,26419,LIGHTWOOD RD SE OF CORRIGAN RD,INTERSECTION,All Moves,CORRIGAN RD & LIGHTWOOD RD,9999,Missing Data,LIGHTWOOD ROAD,TMVMT,Manual,Greater than 10 Years,0,0,0,0,0.0
144.94321799481258,-37.824760696726536,6029,6412,25967,LORIMER ST NWBD SE OF WHARVES ACCESS RD,INTERSECTION,Exitfrom Carpark Busin Area,LORIMER ST & WEST GATE FWY OFF RAMPS & WHARVES ACCESS RD,5597,LORIMER STREET,LORIMER STREET,TMVMT,Manual,Greater than 10 Years,17,1999,6600,910,0.14
145.03696040920352,-37.818934255281846,6048,6927,26741,LIDDIARD ST E OF GLENFERRIE RD DEPARTURE,INTERSECTION,All Moves,GLENFERRIE RD N OF LIDDIARD ST DEPARTURE,9999,Missing Data,LIDDIARD STREET,TMVMT,Manual,Greater than 10 Years,0,0,0,0,0.0
144.84969344413258,-37.724960609377725,6065,6936,26847,KEILOR PARK DR N OF CALDER HWY,INTERSECTION,All Moves,CALDER FWY/KEILOR PARK DR,5054,KEILOR PARK DRIVE,KEILOR PARK DRIVE,SCATS,Scats,Greater than 10 Years,0,0,0,0,0.0
144.9675371228495,-37.79727509665991,6076,6435,6999,LYGON ST 3M BEFORE ELGIN ST,INTERSECTION,Scheduled PubTpt Bus flow,LYGON ST 3M BEFORE ELGIN ST,9999,Missing Data,LYGON STREET,PUBTT,Other,Greater than 10 Years,0,0,0,0,0.0
144.92449209490815,-37.734850175832925,6089,6947,7408,LOEMAN ST W OF PASCOE VALE RD,INTERSECTION,Not representative,PASCOE VALE RD/LOEMAN ST/BELL ST,9999,Missing Data,LOEMAN STREET,SCATS,Scats,Greater than 10 Years,0,0,0,0,0.0
146.16195669515895,-38.401118214148084,6113,6807,26778,BOOLARRA-MIRBOO NORTH RD E OF THORPDALE RD,INTERSECTION,All Moves,BOOLARRA-MIRBOO NORTH RD & BOOLARRA SOUTH-MIRBOO NORTH RD & STRZELECKI HWY & THO,5973,BOOLARRA SOUTH-MIRBOO NORTH ROAD,INGLIS AVENUE,TMVMT,Manual,Greater than 10 Years,0,0,0,0,0.0
144.97389679058645,-37.822039843173606,6115,6309,25971,LINLITHGOW AVE W of ALEXANDRA AVE,INTERSECTION,All Moves,ALEXANDRA AVE & LINLITHGOW AVE,9999,Missing Data,LINLITHGOW AVENUE,TMVMT,Manual,Greater than 10 Years,23,1993,6200,220,0.04
144.2449888955819,-36.759800999100165,6152,6963,24980,MARONG RD E OF CALDER HWY,INTERSECTION,All Moves,CALDER HWY & SPECIMEN HILL RD,5835,GOLDEN SQUARE-LONG GULLY ROAD,INGLIS STREET,TMVMT,Manual,Greater than 10 Years,16,2000,2000,90,0.05
145.06894734576562,-37.76024300725534,6171,6322,9845,LOWER HEIDELBERG RD N BD N of BANKSIA ST,UNDEFINED,All Moves,LOWER HEIDELBERG RD N OF BANKSIA ST,5762,MAIN HEIDELBERG-ELTHAM ROAD,LOWER HEIDELBERG ROAD,TMVMT,Manual,Greater than 10 Years,24,1992,19000,530,0.03
144.8499165056336,-37.72410019937849,6183,6325,7625,KEILOR PARK DR N BD N of FULLARTON RD,INTERSECTION,All Moves,KEILOR PARK DR N OF FULLARTON RD,5054,KEILOR PARK DRIVE,KEILOR PARK DRIVE,TMVMT,Manual,Greater than 10 Years,19,1997,14000,1100,0.08
144.78209352007792,-37.69492020265066,6184,6465,25434,KINGS RD S OF WENTWORTH DR DEPARTURE,UNDEFINED,All Moves,KINGS RD N OF WENTWORTH DR DEPARTURE,5009,KINGS ROAD,KINGS ROAD,TMVMT,Manual,Greater than 10 Years,0,0,0,0,0.0
145.06843225731473,-37.761891888069655,6237,6838,21480,LOWER HEIDELBERG RD N BD S OF BANKSIA ST,INTERSECTION,All Moves,LOWER HEIDELBERG RD S OF BANKSIA ST,5762,MAIN HEIDELBERG-ELTHAM ROAD,LOWER HEIDELBERG ROAD,APARX,Classification,Greater than 10 Years,15,2001,20000,0,0.0
145.11843690246,-37.65029229482768,6244,6340,6613,KURRAK RD 100M BEFORE YAN YEAN RD,INTERSECTION,Scheduled PubTpt Bus flow,KURRAK RD 100M BEFORE YAN YEAN RD,5720,KURRAK ROAD,KURRAK ROAD,PUBTT,Other,Greater than 10 Years,0,0,0,0,0.0
145.21083760340355,-37.97140769897714,6250,6342,6719,JAMES ST 20M BEFORE DE VILLIERS DR,INTERSECTION,Scheduled PubTpt Bus flow,JAMES ST 20M BEFORE DE VILLIERS DR,9999,Missing Data,JAMES STREET,PUBTT,Other,Greater than 10 Years,0,0,0,0,0.0
145.2382510015431,-37.987569290239975,6266,6346,6378,KIDDS RD 50M AFTER POWER RD,INTERSECTION,Scheduled PubTpt Bus flow,KIDDS RD 50M AFTER POWER RD,9999,Missing Data,KIDDS ROAD,PUBTT,Other,Greater than 10 Years,0,0,0,0,0.0
145.12117039478483,-37.98807370128255,6272,6847,6738,LOWER DANDENONG RD 20M AFTER HOWARD RD,INTERSECTION,Scheduled PubTpt Bus flow,LOWER DANDENONG RD 20M AFTER HOWARD RD,2050,STATE (LOWER DANDENONG/CHELTENHAM) HIGHWAY,LOWER DANDENONG ROAD,PUBTT,Other,Greater than 10 Years,0,0,0,0,0.0
145.16546630066588,-37.98010629504908,6285,6351,8670,KINGSCLERE AV N OF CHELTENHAM RD,INTERSECTION,All Moves,CHELTENHAM RD & KINGSCLERE AV & PERRY RD,9999,Missing Data,KINGSCLERE AVENUE,TMVMT,Manual,Between 2 and 5 Years,3,2013,7300,130,0.02
145.19122844616524,-37.952451408587194,6323,6862,6359,JACKSONS RD 35M AFTER FORD CT,INTERSECTION,Scheduled PubTpt Bus flow,JACKSONS RD 35M AFTER FORD CT,5170,JACKSONS ROAD,JACKSONS ROAD,PUBTT,Other,Greater than 10 Years,0,0,0,0,0.0
145.2182472578256,-37.99594427003206,6327,6864,9876,PRINCES HIGHWAY SEBD SE OF WEBSTER ST,INTERSECTION,All Moves,PRINCES HIGHWAY SSE OF WEBSTER ST,2510,PRINCES HIGHWAY EAST,LONSDALE STREET,TMVMT,Manual,Greater than 10 Years,0,0,0,0,0.0
144.233864000979,-36.71553802970933,6332,6366,23028,LODDON VALLEY HWY E OF LEGGO ST,INTERSECTION,All Moves,HOPKINS AV & LEGGO ST & LODDON VALLEY HWY,2630,LODDON VALLEY HIGHWAY,LODDON VALLEY HIGHWAY,TMVMT,Manual,Greater than 10 Years,0,0,0,0,0.0
144.9588927044861,-37.811038696578336,6420,6608,8266,QUEEN ST N OF LONSDALE ST,INTERSECTION,All Moves,LONSDALE ST & QUEEN ST,9999,Missing Data,LA TROBE STREET,TMVMT,Manual,Greater than 10 Years,0,0,0,0,0.0
145.76614383147736,-38.476396505903445,6426,6207,22725,KORUMBURRA-WONTHAGGI RD SWBD BTW BENA-KONGWAK RD & KORUMBURRA-INVERLOCH RD,MIDBLOCK,All Moves,KORUMBURRA-WONTHAGGI RD BTW BENA-KONGWAK RD & KORUMBURRA-INVERLOCH RD,5698,KORUMBURRA-WONTHAGGI ROAD,KORUMBURRA-WONTHAGGI ROAD,APARX,Classification,Between 2 and 5 Years,3,2013,340,40,0.12
146.46031739649925,-38.699266081757386,6456,6619,25247,PORT WELSHPOOL RD W BD BTW ALBERT RD & STRATTON ST,MIDBLOCK,All Moves,PORT WELSHPOOL RD BTW ALBERT RD & STRATTON ST,5908,PORT WELSHPOOL ROAD,LEWIS STREET,APARX,Classification,Greater than 10 Years,0,0,0,0,0.0
144.9601825128977,-37.82553250004376,6471,6024,18933,QUEENSBRIDGE ST N OF CITY RD,INTERSECTION,All Moves,CITY RD/MORAY ST/QUEENSBRIDGE ST,8043,WHITEMAN STREETB 2510F,KINGS WAY,SCATS,Scats,Between 5 and 10 Years,10,2006,6700,0,0.0
145.2521775559048,-37.85923477744345,6480,6027,18947,LEWIS RD NEBD SW OF BORONIA RD,UNDEFINED,All Moves,LEWIS RD NSW OF BORONIA RD,9999,Missing Data,LEWIS ROAD,APARX,Classification,Greater than 10 Years,24,1992,4400,0,0.0
145.00216690509143,-37.80074237458509,6481,6627,23418,JOHNSTON ST E OF HODDLE ST,INTERSECTION,All Moves,HODDLE ST & JOHNSTON ST,5853,JOHNSTON STREET,JOHNSTON STREET,TMVMT,Manual,Greater than 10 Years,0,0,0,0,0.0
145.5090580369879,-37.6567893787274,6506,6108,27702,LILYDALE RD SEBD NW OF MAROONDAH HWY,INTERSECTION,All Moves,LILYDALE RD NW OF MAROONDAH HWY,9999,Missing Data,LILYDALE ROAD,APARX,Classification,Greater than 10 Years,23,1993,1200,0,0.0
145.3167812876365,-37.817327194145314,6510,6034,4698,LIVERPOOL RD N OF CANTERBURY RD,INTERSECTION,Left Missing,CANTERBURY RD/LIVERPOOL RD,9999,Missing Data,LIVERPOOL ROAD,SCATS,Scats,Between 5 and 10 Years,8,2008,4800,0,0.0
144.96326008407988,-37.82899635553918,6512,6109,10914,KINGSWAY SEBD SE OF WEST GATE FWY ON-RAMP,INTERSECTION,Incomplete Through,KINGSWAY SSE OF WEST GATE FWY ON-RAMP,2510,PRINCES HIGHWAY EAST,KINGS WAY,TMVMT,Manual,Greater than 10 Years,0,0,0,0,0.0
145.7078915828749,-38.3346222915081,6513,6634,8000,NYORA-POOWONG RD E BD 240M E OF MOUNT LYALL RD,MIDBLOCK,All Moves,NYORA-POOWONG RD 240M E OF MOUNT LYALL RD,5691,LANG LANG-POOWONG ROAD,LANG LANG-POOWONG ROAD,APARX,Classification,Between 2 and 5 Years,3,2013,240,20,0.12
144.64037725011462,-37.47489694468805,6527,6637,22634,GISBORNE-KILMORE RD W BD 300M E OF CAMPBELL RD @ 5.9KM FROM GISBORNE,MIDBLOCK,All Moves,GISBORNE-KILMORE RD 300M E OF CAMPBELL RD @ 5.9KM FROM GISBORNE,5396,GISBORNE-KILMORE ROAD,KILMORE ROAD,APARX,Classification,Between 2 and 5 Years,2,2014,1900,160,0.09
145.1929432171878,-37.935578099642,6532,6509,28000,JACKSONS RD S OF MONASH FWY,INTERSECTION,All Moves,MONASH FWY/JACKSONS RD,5170,JACKSONS ROAD,JACKSONS ROAD,SCATS,Scats,Greater than 10 Years,0,0,0,0,0.0
145.15046567487403,-38.15268588924513,6539,6510,26540,LEE ST S OF CRANBOURNE RD,INTERSECTION,All Moves,CRANBOURNE RD/LEE ST,9999,Missing Data,LEE STREET,SCATS,Scats,Between 2 and 5 Years,4,2012,4100,0,0.0
144.96226369939535,-37.812279686400885,6553,6701,27231,LONSDALE ST E OF QUEEN ST,INTERSECTION,All Moves,LONSDALE ST & QUEEN ST,9999,Missing Data,LONSDALE STREET,TMVMT,Manual,Greater than 10 Years,0,0,0,0,0.0
145.0961954923359,-37.72894755683004,6562,6646,6683,LOWER PLENTY RD 50M AFTER BROADLEA CRES,INTERSECTION,Scheduled PubTpt Bus flow,LOWER PLENTY RD 50M AFTER BROADLEA CRES,5762,MAIN HEIDELBERG-ELTHAM ROAD,LOWER PLENTY ROAD,PUBTT,Other,Greater than 10 Years,0,0,0,0,0.0
144.96196138579603,-37.82768351083735,6565,6242,22080,KINGS WAY NW BD NW OF WEST GATE FWY,UNDEFINED,All Moves,KINGS WAY NNW OF WEST GATE FWY,2510,PRINCES HIGHWAY EAST,KINGS WAY,APARX,Classification,Greater than 10 Years,25,1991,26000,0,0.0
144.87439820689457,-37.856351342028056,6571,6118,27898,KOROROIT CREEK RD W BD E OF WALTER ST,INTERSECTION,All Moves,KOROROIT CREEK RD E OF WALTER ST,5833,KOROROIT CREEK ROAD,KOROROIT CREEK ROAD,APARX,Classification,Greater than 10 Years,13,2003,10000,0,0.0
144.9461274176545,-37.295447832324086,6572,6515,25638,KILMORE LANCEFIELD RD WBD 85 METERS WEST OF NORTHERN HWY,MIDBLOCK,All Moves,KILMORE LANCEFIELD RD 85 METERS WEST OF NORTHERN HWY,5393,KILMORE-LANCEFIELD ROAD,KILMORE-LANCEFIELD ROAD,APARX,Classification,Between 2 and 5 Years,5,2011,1500,240,0.15
145.1882935377064,-37.91101089814069,6627,6524,28184,JELLS RD N BD S OF FERNTREE GULLY RD,INTERSECTION,All Moves,JELLS RD S OF FERNTREE GULLY RD,5308,JELLS ROAD,JELLS ROAD,MOTSV,Manual,Between 2 and 5 Years,5,2011,8500,270,0.03
144.74962201130788,-37.730373136683966,6628,6253,8522,WESTWOOD DR N OF INGLEWOOD DR,INTERSECTION,All Moves,WESTWOOD DR/INGLEWOOD DR/COMMERCIAL RD,9999,Missing Data,INGLEWOOD DRIVE,SCATS,Scats,Greater than 10 Years,0,0,0,0,0.0
144.74449254512112,-37.82381359696465,6636,6057,5299,JESSICA WAY N DOHERTYS RD,INTERSECTION,All Moves,DOHERTYS RD/JESSICA WAY,9999,Missing Data,JESSICA WAY,SCATS,Scats,Greater than 10 Years,0,0,0,0,0.0
144.88714689449756,-37.73525799803612,6658,6718,26962,KEILOR RD NWBD NW OF MATTHEWS AV,INTERSECTION,All Moves,KEILOR RD SNW OF MATTHEWS AV,5592,KEILOR ROAD,KEILOR ROAD,MOTSV,Manual,Between 2 and 5 Years,5,2011,9200,360,0.04
144.9707271636516,-37.77807929693928,6721,6540,8492,LYGON ST N OF BRUNSWICK RD,INTERSECTION,All Moves,BRUNSWICK RD/LYGON ST,9999,Missing Data,LYGON STREET,SCATS,Scats,Less than 2 Years,0,2016,12000,0,0.0
144.53028786108507,-37.03037298569632,6728,6541,21755,HEATHCOTE KYNETON RD S BD 1.1 KM. S OF BENDIGO REDESDALE RD @ 27.2KM FROM KYNETO,MIDBLOCK,All Moves,HEATHCOTE KYNETON RD 1.1 KM. S OF BENDIGO REDESDALE RD @ 27.2KM FROM KYNETO,5290,HEATHCOTE-KYNETON ROAD,KYNETON-REDESDALE ROAD,APARX,Classification,Between 2 and 5 Years,3,2013,500,100,0.21
144.68785741710875,-37.83403324629616,6730,6730,23760,LEAKES RD E OF DAVIS RD,INTERSECTION,All Moves,DAVIS RD & LEAKES RD,9999,Missing Data,LEAKES ROAD,TMVMT,Manual,Greater than 10 Years,0,0,0,0,0.0
145.04566671554636,-37.791382361016495,6744,6148,6724,KILBY RD 20M AFTER PAGE AVE,INTERSECTION,Scheduled PubTpt Bus flow,KILBY RD 20M AFTER PAGE AVE,9999,Missing Data,KILBY ROAD,PUBTT,Other,Greater than 10 Years,0,0,0,0,0.0
145.10234220821883,-37.95623862145918,6746,6273,24493,KINGSTON RD E OF OLD DANDENONG RD DEPARTURE,UNDEFINED,All Moves,OLD DANDENONG RD N OF KINGSTON RD DEPARTURE,5970,HEATHERTON ROAD,KINGSTON ROAD,TMVMT,Manual,Greater than 10 Years,0,0,0,0,0.0
145.17555947850522,-37.99393869619299,6748,6676,8247,KINGSCLERE AV N OF CHELTENHAM RD DEPARTURE,INTERSECTION,All Moves,KINGSCLERE AV N OF CHELTENHAM RD DEPARTURE,9999,Missing Data,KINGSCLERE AVENUE,TMVMT,Manual,Greater than 10 Years,0,0,0,0,0.0
145.17361373119303,-37.99152175520501,6773,6738,6384,KINGSCLERE AV 50M OPP BLOOMFIELD RD,INTERSECTION,Scheduled PubTpt Bus flow,KINGSCLERE AV 50M OPP BLOOMFIELD RD,9999,Missing Data,KINGSCLERE AVENUE,PUBTT,Other,Greater than 10 Years,0,0,0,0,0.0
144.97106131643434,-37.77547339918155,6794,6281,8617,LYGON ST N OF BRUNSWICK RD DEPARTURE,INTERSECTION,Incomplete Through,LYGON ST N OF BRUNSWICK RD DEPARTURE,9999,Missing Data,LYGON STREET,TMVMT,Manual,Greater than 10 Years,0,0,0,0,0.0
145.11189379666283,-37.986940590429526,6806,6283,24835,LOWER DANDENONG RD E OF BOUNDARY RD,INTERSECTION,All Moves,BOUNDARY RD & LOWER DANDENONG RD,2050,STATE (LOWER DANDENONG/CHELTENHAM) HIGHWAY,LOWER DANDENONG ROAD,TMVMT,Manual,Greater than 10 Years,0,0,0,0,0.0
144.79910410472735,-37.84586320728259,6830,6089,24284,KOROROIT CREEK RD E OF PRINCES FWY WEST,INTERSECTION,All Moves,PRINCES FWY WEST/KOROROIT CREEK RD,5833,KOROROIT CREEK ROAD,KOROROIT CREEK ROAD,SCATS,Scats,Between 2 and 5 Years,5,2011,19000,0,0.0
143.55238608598614,-38.3784499015924,6840,6091,8551,IRREWILLIPE RD N BD BTWN UNDERWOODS RD & LAWES RD,MIDBLOCK,All Moves,IRREWILLIPE RD BTWN UNDERWOODS RD & LAWES RD,5905,CARLISLE-COLAC ROAD,IRREWILLIPE ROAD,APARX,Classification,Between 2 and 5 Years,3,2013,450,40,0.09
143.56312549662545,-38.36162627808561,6848,6092,22983,IRREWILLIPE RD S BD BTWN LAWES RD & UNDERWOODS RD,MIDBLOCK,All Moves,IRREWILLIPE RD BTWN UNDERWOODS RD & LAWES RD,9999,Missing Data,LAWES STREET,APARX,Classification,Between 2 and 5 Years,3,2013,430,30,0.08
144.3339359959062,-38.18613837448967,6876,6295,23712,KIDMAN AV SE OF PRINCES HWY,INTERSECTION,All Moves,KIDMAN AV & PRINCES HWY,9999,Missing Data,KIDMAN AVENUE,TMVMT,Manual,Greater than 10 Years,0,0,0,0,0.0
144.22270494501464,-36.709187272201,6877,6565,24990,LODDON VALLEY HWY SE OF SAILORS GULLY RD,INTERSECTION,All Moves,SAILORS GULLY RD E OF LODDON VALLEY HWY,2630,LODDON VALLEY HIGHWAY,LODDON VALLEY HIGHWAY,TMVMT,Manual,Greater than 10 Years,16,2000,1300,90,0.07
144.96084809379698,-37.81381177889763,6895,6099,23719,OLD DANDENONG RD SE OF BOURKE RD,INTERSECTION,All Moves,BOURKE RD & OLD DANDENONG RD,9999,Missing Data,LITTLE BOURKE STREET,TMVMT,Manual,Greater than 10 Years,0,0,0,0,0.0
143.93168729540693,-35.76429129649648,6920,6765,23883,LODDON VALLEY HWY S BD 120M S OF MURRAY VALLEY HWY @124.9KM FROM BENDIGO,MIDBLOCK,All Moves,LODDON VALLEY HWY 120M S OF MURRAY VALLEY HWY @124.9KM FROM BENDIGO,2630,LODDON VALLEY HIGHWAY,LODDON VALLEY HIGHWAY,APARX,Classification,Between 2 and 5 Years,4,2012,750,150,0.21
144.96520292083602,-37.83100618780516,6944,6772,22674,KINGS WAY SE OF STURT ST,INTERSECTION,Left & Through Missing,STURT ST/KINGS WAY,2510,PRINCES HIGHWAY EAST,KINGS WAY,SCATS,Scats,Greater than 10 Years,19,1997,38000,0,0.0
145.74111930425767,-38.62584750901292,6960,6193,23335,INVERLOCH-VENUS BAY RD W BD 100M E OF BASS HWY,MIDBLOCK,All Moves,INVERLOCH-VENUS BAY RD E OF BASS HWY,5662,INVERLOCH-VENUS BAY ROAD,INVERLOCH-VENUS BAY ROAD,APARX,Classification,Between 2 and 5 Years,3,2013,1000,100,0.1
145.01209331749797,-37.69493103496986,6961,6778,26865,KEON PDE E BD E of HIGH ST,INTERSECTION,All Moves,HIGH ST N OF MAHONEYS RD,5910,CAMPBELLFIELD-GREENSBOROUGH ROAD,KEON PARADE,TMVMT,Manual,Greater than 10 Years,17,1999,11000,590,0.05
145.2005038796793,-37.98377129101185,6964,6779,11427,JONES RD N OF RAILWAY PDE,INTERSECTION,All Moves,BENNET ST & JONES RD & RAILWAY PDE,9999,Missing Data,JONES ROAD,TMVMT,Manual,Greater than 10 Years,17,1999,7200,0,0.0
144.9932144139464,-37.79986754734392,6973,6782,28748,JOHNSTON ST E OF HODDLE ST,INTERSECTION,All Moves,HODDLE ST & JOHNSTON ST,5853,JOHNSTON STREET,JOHNSTON STREET,TMVMT,Manual,Greater than 10 Years,18,1998,11000,0,0.0
145.88465657727008,-38.18666498545559,1009,1305,1953,LARDNERS TRK N OF DROUIN-WARRAGUL RD,INTERSECTION,All Moves,DROUIN-WARRAGUL RD & LARDNERS TRK,9999,Missing Data,LARDNERS TRACK,TMVMT,Manual,Greater than 10 Years,0,0,0,0,0.0
145.04097858185082,-37.922527600369975,1020,1309,1410,JASPER RD WITHIN OURLADYSHC 40 N BD BTW CENTRE RD & PATTERSON RD,MIDBLOCK,All Moves,JASPER RD WITHIN OURLADYSHC 40 BTW CENTRE RD & PATTERSON RD,5847,JASPER ROAD,JASPER ROAD,APARX,Classification,Greater than 10 Years,0,0,0,0,0.0
144.9729766673007,-37.76438429980356,1035,1412,2352,LYGON ST N OF BLYTH ST,INTERSECTION,All Moves,BLYTH ST & LYGON ST,9999,Missing Data,LYGON STREET,TMVMT,Manual,Greater than 10 Years,0,0,0,0,0.0
145.16949891545772,-38.249812995221006,1051,1416,1752,JONES RD N BD BTW CROFTERS HILL WAY & VISTA CT,MIDBLOCK,All Moves,JONES RD BTW CROFTERS HILL WAY & VISTA CT,9999,Missing Data,JONES ROAD,APARX,Classification,Between 5 and 10 Years,7,2009,2500,150,0.06
145.28839834018487,-37.78491304299385,1053,1704,1439,LINCOLN RD E BD W OF DORSET RD,MIDBLOCK,All Moves,LINCOLN RD W OF DORSET RD,9999,Missing Data,LINCOLN ROAD,APARX,Classification,Between 2 and 5 Years,5,2011,4500,220,0.05
144.97189219188266,-37.77039749572371,1086,1622,1981,LYGON ST N OF ALBERT ST DEPARTURE,INTERSECTION,All Moves,LYGON ST N OF ALBERT ST DEPARTURE,9999,Missing Data,LYGON STREET,TMVMT,Manual,Greater than 10 Years,0,0,0,0,0.0
143.61628807884188,-37.23006658552672,1093,1427,1643,LEXTON-TALBOT RD NEBD BTW BROWNS RD & WILSONS RD,MIDBLOCK,All Moves,LEXTON-TALBOT RD NBTW BROWNS RD & WILSONS RD,5226,LEXTON-TALBOT ROAD,LEXTON-TALBOT ROAD,APARX,Classification,Between 5 and 10 Years,6,2010,60,10,0.19
144.9729766673007,-37.76438429980356,1118,1630,2257,LYGON ST N OF BLYTH ST,INTERSECTION,All Moves,BLYTH ST & LYGON ST,9999,Missing Data,LYGON STREET,TMVMT,Manual,Greater than 10 Years,0,0,0,0,0.0
143.5197039775476,-37.27142869268348,1135,1437,570,LEXTON-TALBOT RD NEBD BTW SKENE ST & HAMILTON ST,MIDBLOCK,All Moves,LEXTON-TALBOT RD NBTW SKENE ST & HAMILTON ST,5226,LEXTON-TALBOT ROAD,LEXTON-TALBOT ROAD,APARX,Classification,Between 5 and 10 Years,6,2010,90,10,0.19
142.3891674009126,-36.25323833609722,1142,1726,2153,BORUNG HWY E BD 10M WEST OF YARRIAMBIACK CREEK BRIDGE,MIDBLOCK,All Moves,BORUNG HWY 10M WEST OF YARRIAMBIACK CREEK BRIDGE,2690,BORUNG HIGHWAY,LYLE STREET,APARX,Classification,Between 5 and 10 Years,6,2010,960,80,0.09
144.62183580648667,-37.47421806145592,1144,1637,1775,GISBORNE-KILMORE RD (SAUNDERS RD) E BD 100M EAST OF STATION ST,MIDBLOCK,All Moves,GISBORNE-KILMORE RD (SAUNDERS RD) 100M EAST OF STATION ST,5396,GISBORNE-KILMORE ROAD,KILMORE ROAD,APARX,Classification,Between 2 and 5 Years,5,2011,2500,260,0.1
145.7078915828749,-38.3346222915081,1150,1728,1101,NYORA-POOWONG RD NWBD 550M NW OF OGILVYS RD,MIDBLOCK,All Moves,NYORA-POOWONG RD 550M NW OF OGILVYS RD,5691,LANG LANG-POOWONG ROAD,LANG LANG-POOWONG ROAD,APARX,Classification,Between 2 and 5 Years,3,2013,260,30,0.11
145.15686626637344,-37.95245844753799,1151,1441,1427,LIGHTWOOD RD NWBD BTW VIEW RD & CORRIGAN RD,MIDBLOCK,All Moves,LIGHTWOOD RD BTW VIEW RD & CORRIGAN RD,9999,Missing Data,LIGHTWOOD ROAD,APARX,Classification,Between 5 and 10 Years,7,2009,5800,150,0.03
144.99298129488915,-37.79984481948038,1174,1734,2362,HODDLE ST N OF GIPPS ST,INTERSECTION,All Moves,GIPPS ST & HODDLE ST,5853,JOHNSTON STREET,JOHNSTON STREET,TMVMT,Manual,Greater than 10 Years,0,0,0,0,0.0
144.97106131643434,-37.77547339918155,1175,1447,2230,LYGON ST N OF PARK ST DEPARTURE,INTERSECTION,All Moves,LYGON ST N OF PARK ST DEPARTURE,9999,Missing Data,LYGON STREET,TMVMT,Manual,Greater than 10 Years,0,0,0,0,0.0
144.65708201864814,-37.70345259534033,1176,1351,99,LEAKES RD N BD BTW BEATTYS RD & WESTERN FWY,MIDBLOCK,All Moves,LEAKES RD BTW BEATTYS RD & WESTERN FWY,9999,Missing Data,LEAKES ROAD,APARX,Classification,Between 5 and 10 Years,8,2008,580,60,0.1
145.1918480265161,-37.949757800550046,1182,1449,2028,JACKSONS RD N BD BTW TILLBROOK CT & JUSTIN DR,MIDBLOCK,All Moves,JACKSONS RD BTW TILLBROOK CT & JUSTIN DR,5170,JACKSONS ROAD,JACKSONS ROAD,APARX,Classification,Between 5 and 10 Years,7,2009,7600,310,0.04
144.8512033752465,-37.737038074850446,1185,1353,1054,WESTERN RING RD NE BD ONRAMP FROM KEILOR PARK DR,MIDBLOCK,On Ramp,WESTERN RING RD NONRAMP FROM KEILOR PARK DR,7120,5054B 2900F,KEILOR PARK-WESTERN RING OUT RAMP ON,APARX,Classification,Between 5 and 10 Years,8,2008,5300,490,0.09
146.48830504546555,-38.30866716274777,1190,1451,1318,JEERALANG NORTH RD N BD 380M S OF CHURCHILL-TRARALGON RD,MIDBLOCK,All Moves,JEERALANG NORTH RD 380M S OF CHURCHILL-TRARALGON RD,9999,Missing Data,JEERALANG NORTH ROAD,APARX,Classification,Between 2 and 5 Years,4,2012,780,70,0.1
145.44549370352382,-36.09922244681325,1198,1650,1029,KATAMATITE-NATHALIA ROAD E BD BTWN GOULBURN VALLEY HIGHWAY & KINNAIRDS ROAD,MIDBLOCK,All Moves,KATAMATITE-NATHALIA ROAD BTWN GOULBURN VALLEY HIGHWAY & KINNAIRDS ROAD,5401,KATAMATITE-NATHALIA ROAD,KATAMATITE-NATHALIA ROAD,APARX,Classification,Between 2 and 5 Years,3,2013,680,60,0.1
145.05516379931643,-37.90179647878588,1222,1459,764,LEILA RD E BD BTW RIGBY AV & KOORNANG RD,MIDBLOCK,All Moves,LEILA RD BTW RIGBY AV & KOORNANG RD,9999,Missing Data,LEILA ROAD,APARX,Classification,Between 2 and 5 Years,5,2011,1000,50,0.05
145.02269119423462,-37.629223497518495,1228,1746,580,LYNDARUM DR E BD W OF EPPING RD,MIDBLOCK,All Moves,LYNDARUM DR W OF EPPING RD,9999,Missing Data,LYNDARUM DRIVE,APARX,Classification,Between 2 and 5 Years,5,2011,1900,170,0.09
145.0137450151073,-37.86817651995644,1260,1667,2475,INKERMAN ST E BD BTW LABASSA GRV & ERCILDOUNE ST,MIDBLOCK,All Moves,INKERMAN ST BTW LABASSA GRV & ERCILDOUNE ST,9999,Missing Data,INKERMAN ROAD,APARX,Classification,Less than 2 Years,1,2015,6400,80,0.01
144.71809405831968,-37.42878218684324,1275,1377,437,GISBORNE-KILMORE RD NEBD 300M SW OF MELBOURNE-LANCEFIELD RD,MIDBLOCK,All Moves,GISBORNE-KILMORE RD N300M SW OF MELBOURNE-LANCEFIELD RD,5396,GISBORNE-KILMORE ROAD,KILMORE ROAD,APARX,Classification,Greater than 10 Years,0,0,0,0,0.0
144.79910410472735,-37.84586320728259,1304,1387,933,KOROROIT CREEK ROAD E Bd btwn PRINCES HIGHWAY WEST Offramp & MAIDSTONE STREET,MIDBLOCK,All Moves,KOROROIT CREEK ROAD BTWN PRINCES HIGHWAY WEST OFFRAMP & MAIDSTONE STREET,5833,KOROROIT CREEK ROAD,KOROROIT CREEK ROAD,APARX,Classification,Between 5 and 10 Years,8,2008,16000,1800,0.12
145.07056601351,-37.89779226082615,1315,1686,2044,KANGAROO RD E BD BTW HOWE ST & POATH RD,MIDBLOCK,All Moves,KANGAROO RD BTW HOWE ST & POATH RD,9999,Missing Data,KANGAROO ROAD,APARX,Classification,Between 2 and 5 Years,5,2011,4400,130,0.03
144.8295994062753,-37.849500235911705,1331,1693,2172,KOROROIT CREEK RD E BD BTW TOLL DR & DRAKE BVD,MIDBLOCK,All Moves,KOROROIT CREEK RD BTW TOLL DR & DRAKE BVD,5833,KOROROIT CREEK ROAD,KOROROIT CREEK ROAD,APARX,Classification,Between 2 and 5 Years,5,2011,9200,580,0.06
146.77503526197103,-37.96270428445633,1344,1481,1416,LICOLA ROAD NW BD BTWN MUSTONS LANE & OLD JOES ROAD,MIDBLOCK,All Moves,LICOLA ROAD & MUSTONS LANE,5954,LICOLA ROAD,LICOLA ROAD,APARX,Classification,Between 5 and 10 Years,7,2009,290,30,0.12
145.0423441465708,-37.91475428964622,1365,1775,2263,JASPER RD N OF CENTRE RD DEPARTURE,INTERSECTION,All Moves,JASPER RD N OF CENTRE RD DEPARTURE,5847,JASPER ROAD,JASPER ROAD,TMVMT,Manual,Greater than 10 Years,0,0,0,0,0.0
145.82992850798155,-38.39655409012429,1373,1779,2203,KORUMBURRA-WARRAGUL RD N Bd 540M N OF FAIRBANK RD,MIDBLOCK,All Moves,KORUMBURRA-WARRAGUL RD 540M N OF FAIRBANK RD,5682,KORUMBURRA-WARRAGUL ROAD,KORUMBURRA-WARRAGUL ROAD,APARX,Classification,Greater than 10 Years,0,0,0,0,0.0
145.89825088939153,-38.312505103062605,1379,1782,2824,KORUMBURRA-WARRAGUL RD N Bd 980M S OF SARGEANT ST,MIDBLOCK,All Moves,KORUMBURRA-WARRAGUL RD 980M S OF SARGEANT ST,5682,KORUMBURRA-WARRAGUL ROAD,KORUMBURRA-WARRAGUL ROAD,APARX,Classification,Greater than 10 Years,0,0,0,0,0.0
144.30488784260666,-36.73142383523675,1381,1783,1357,NAPIER ST NEBD BTWN LONG GULLY-WHITE HILL RD & HAMELIN ST,MIDBLOCK,All Moves,NAPIER ST BTWN LONG GULLY-WHITE HILL RD & HAMELIN ST,5223,LONG GULLY-WHITE HILLS ROAD,LYONS STREET,APARX,Classification,Between 2 and 5 Years,3,2013,9600,1000,0.11
145.17543038680668,-37.994499301191325,1388,1788,2270,KINGSCLERE AV N OF CHELTENHAM RD DEPARTURE,INTERSECTION,All Moves,KINGSCLERE AV CHELTENHAM RD & PERRY RD DEP,9999,Missing Data,KINGSCLERE AVENUE,TMVMT,Manual,Between 2 and 5 Years,3,2013,7400,200,0.03
147.14828371253887,-36.72245869848012,1392,1792,1031,KIEWA VALLEY HIGHWAY N BD BTWN COOLUMBOOKA AVENUE & BRIGHT-TAWONGA ROAD,MIDBLOCK,All Moves,KIEWA VALLEY HIGHWAY BTWN COOLUMBOOKA AVENUE & BRIGHT-TAWONGA ROAD,2790,KIEWA VALLEY HIGHWAY,KIEWA VALLEY HIGHWAY,APARX,Classification,Between 2 and 5 Years,3,2013,1000,90,0.09
147.5868057131018,-37.702762535253946,1414,1114,940,LOOKOUT RD NWBD 100M NW OF WY YUNG RD,MIDBLOCK,All Moves,LOOKOUT RD 100M NW OF WY YUNG RD,9999,Missing Data,LOOKOUT ROAD,APARX,Classification,Between 5 and 10 Years,8,2008,120,10,0.15
144.744044798734,-37.839183764066064,1431,1206,1249,LEAKES RD E BD W OF PALMERS RD,MIDBLOCK,All Moves,LEAKES RD W OF PALMERS RD,9999,Missing Data,LEAKES ROAD,APARX,Classification,Between 5 and 10 Years,8,2008,5200,370,0.07
144.98606901461707,-37.806593516529865,1447,1812,2633,WELLINGTON ST N OF LANGRIDGE ST,INTERSECTION,Not representative,WELLINGTON ST/LANGRIDGE ST,9999,Missing Data,LANGRIDGE STREET,SCATS,Scats,Greater than 10 Years,0,0,0,0,0.0
144.89069703533326,-37.73667725277828,1477,1822,13669,KEILOR RD SE OF MATTHEWS AVE NW BD,INTERSECTION,Not representative,KEILOR RD NR MATTHEWS AVE,5592,KEILOR ROAD,KEILOR ROAD,SCATS,Scats,Greater than 10 Years,0,0,0,0,0.0
144.90322829149716,-37.800563792072815,1490,1226,1076,IRVING ST NEBD BTW LEEDS ST & HOPKINS ST,MIDBLOCK,All Moves,IRVING ST NBTW LEEDS ST & HOPKINS ST,9999,Missing Data,IRVING STREET,APARX,Classification,Between 5 and 10 Years,7,2009,4500,280,0.06
144.91972506043072,-37.79871546821566,1497,1141,525,KENSINGTON ROAD NEBd NE OF DYNON RD,MIDBLOCK,All Moves,KENSINGTON ROAD NNE OF DYNON RD,9999,Missing Data,KENSINGTON ROAD,APARX,Classification,Between 5 and 10 Years,8,2008,5500,350,0.06
145.4914289321891,-38.08656810283788,1500,1142,2337,KOO WEE RUP RD N OF PRINCES FWY E BD RAMPS,INTERSECTION,All Moves,KOO WEE RUP RD & PRINCES FWY EBD RAMPS,5770,HEALESVILLE-KOO-WEE-RUP ROAD,KOO WEE RUP ROAD,TMVMT,Manual,Greater than 10 Years,0,0,0,0,0.0
144.97488369837333,-37.79795280666437,1514,1234,2456,NICHOLSON ST N BD 200 M SOUTH OF ALEXANDRA PDE,MIDBLOCK,All Moves,NICHOLSON ST 200 M SOUTH OF ALEXANDRA PDE,5853,JOHNSTON STREET,JOHNSTON STREET,APARX,Classification,Between 5 and 10 Years,8,2008,13000,430,0.03
144.7600993388807,-37.58998130175716,1522,1837,603,MELBOURNE-LANCEFIELD RD N BD BTW GELLIES RD & SUNBURY RD,MIDBLOCK,All Moves,MELBOURNE-LANCEFIELD RD BTW GELLIES RD & SUNBURY RD,5821,MELBOURNE-LANCEFIELD ROAD,LANCEFIELD ROAD,APARX,Classification,Greater than 10 Years,0,0,0,0,0.0
145.14617919759723,-37.77310134453016,1562,1850,1223,KING ST E OF VICTORIA ST,INTERSECTION,All Moves,KING ST/VICTORIA ST,5353,KING STREET,KING STREET,SCATS,Scats,Greater than 10 Years,0,0,0,0,0.0
146.707430017484,-37.859633000872805,1574,1254,2483,LICOLA RD N BD BTW CHEYNES BRIDGE TRK & KELLEHERS RD,MIDBLOCK,All Moves,LICOLA RD BTW CHEYNES BRIDGE TRK & KELLEHERS RD,5954,LICOLA ROAD,LICOLA ROAD,APARX,Classification,Between 5 and 10 Years,7,2009,20,0,0.2
144.97102993198757,-37.775674399849215,1575,1854,2376,LYGON ST N OF BRUNSWICK RD DEPARTURE,INTERSECTION,All Moves,LYGON ST N OF BRUNSWICK RD DEPARTURE,9999,Missing Data,LYGON STREET,TMVMT,Manual,Greater than 10 Years,0,0,0,0,0.0
144.85033666948902,-37.7401417394817,1596,1261,712,WESTERN RING RD SW BD ONRAMP FROM KEILOR PARK DV,MIDBLOCK,On Ramp,WESTERN RING RD SONRAMP FROM KEILOR PARK DV,7430,5054B 2900R,KEILOR PARK-WESTERN RING IN RAMP ON,APARX,Classification,Between 5 and 10 Years,8,2008,13000,1400,0.11
145.17232409781795,-36.7521099495003,1600,1174,404,KIRWANS BRIDGE-LONGWOOD RD WB 202M BEFORE RLY XING MANGALORE-TOCUMWAL,MIDBLOCK,All Moves,KIRWANS BRIDGE-LONGWOOD RD 202M BEFORE RLY XING MANGALORE-TOCUMWAL,9999,Missing Data,KIRWANS BRIDGE ROAD,APARX,Classification,Greater than 10 Years,0,0,0,0,0.0
144.55221169767486,-38.173932000566666,1612,1866,2936,JETTY RD N OF WYNDHAM ST,INTERSECTION,All Moves,JETTY RD/WYNDHAM ST/CENTENNIAL BVD,9999,Missing Data,JETTY ROAD,SCATS,Scats,Greater than 10 Years,0,0,0,0,0.0
146.99997404192095,-36.4576543133422,1647,1506,2489,DEDERANG RD E BD EAST OF KIEWA VALLEY HWY,MIDBLOCK,All Moves,DEDERANG RD EAST OF KIEWA VALLEY HWY,2790,KIEWA VALLEY HIGHWAY,KIEWA VALLEY HIGHWAY,APARX,Classification,Greater than 10 Years,0,0,0,0,0.0
145.31584369638168,-37.81039879535356,1665,1187,695,LIVERPOOL ROAD N Bd btwn CANTERBURY ROAD & MT DANDENONG ROAD,MIDBLOCK,All Moves,LIVERPOOL ROAD BTWN CANTERBURY ROAD & MT DANDENONG ROAD,9999,Missing Data,LIVERPOOL ROAD,APARX,Classification,Greater than 10 Years,0,0,0,0,0.0
145.82992850798155,-38.39655409012429,1684,1879,795,KORUMBURRA-WARRAGUL RD N Bd 450M N OF FAIRBANK RD,MIDBLOCK,All Moves,KORUMBURRA-WARRAGUL RD 450M N OF FAIRBANK RD,5682,KORUMBURRA-WARRAGUL ROAD,KORUMBURRA-WARRAGUL ROAD,APARX,Classification,Greater than 10 Years,0,0,0,0,0.0
145.1866698016868,-36.76278241017289,1694,1192,2458,COES RD E BD BTW GOULBURN VALLEY HWY & MCDONALDS RD,MIDBLOCK,All Moves,COES RD BTW GOULBURN VALLEY HWY & MCDONALDS RD,9999,Missing Data,LEYDON ROAD,APARX,Classification,Between 5 and 10 Years,8,2008,0,0,0.5
145.17232409781795,-36.7521099495003,1733,1023,917,KIRWANS BRIDGE-LONGWOOD RD WB 500M BEFORE RLY XING MANGALORE-TOCUMWAL,MIDBLOCK,All Moves,KIRWANS BRIDGE-LONGWOOD RD 500M BEFORE RLY XING MANGALORE-TOCUMWAL,9999,Missing Data,KIRWANS BRIDGE ROAD,APARX,Classification,Greater than 10 Years,0,0,0,0,0.0
144.84854851069127,-37.72610087292465,1738,1520,2127,CALDER FWY W BD ONRAMP FROM KEILOR PARK DR,MIDBLOCK,On Ramp,CALDER FWY ONRAMP FROM KEILOR PARK DR,7059,5054B 2530F,KEILOR PARK-CALDER OUT RAMP ON,APARX,Classification,Between 5 and 10 Years,8,2008,13000,1200,0.09
144.84969344413258,-37.724960609377725,1741,1288,1959,KEILOR PARK DR N OF CALDER FWY EAST BND RAMPS,INTERSECTION,All Moves,CALDER FWY EAST BND RAMPS & KEILOR PARK DR,5054,KEILOR PARK DRIVE,KEILOR PARK DRIVE,TMVMT,Manual,Greater than 10 Years,0,0,0,0,0.0
145.12006931278955,-37.98793816054696,1746,1922,13913,LOWER DANDENONG RD 10M BEFORE HOWARD RD,INTERSECTION,Scheduled PubTpt Bus flow,LOWER DANDENONG RD 10M BEFORE HOWARD RD,2050,STATE (LOWER DANDENONG/CHELTENHAM) HIGHWAY,LOWER DANDENONG ROAD,PUBTT,Other,Greater than 10 Years,0,0,0,0,0.0
145.1918480265161,-37.949757800550046,1749,1026,59002,JACKSONS RD N BD BTW POLICE RD & MANNING DR,MIDBLOCK,All Moves,JACKSONS RD BTW POLICE RD & MANNING DR,5170,JACKSONS ROAD,JACKSONS ROAD,APARX,Classification,Between 5 and 10 Years,9,2007,11000,720,0.06
145.06340751465447,-37.7933132749451,1753,1924,13907,KILBY RD 40M AFTER BURKE RD,INTERSECTION,Scheduled PubTpt Bus flow,KILBY RD 40M AFTER BURKE RD,9999,Missing Data,KILBY ROAD,PUBTT,Other,Greater than 10 Years,0,0,0,0,0.0
144.98735049892187,-37.79927827155014,1754,1891,1025,WELLINGTON ST N OF NAPOLEON ST,INTERSECTION,All Moves,WELLINGTON ST NR NAPOLEON ST,5853,JOHNSTON STREET,JOHNSTON STREET,SCATS,Scats,Greater than 10 Years,0,0,0,0,0.0
143.18818550580266,-38.432923983614,1760,1029,156,TIMBOON-COLAC ROAD NORTH BD NORTH OF IRREWILLIPE ROAD,MIDBLOCK,All Moves,TIMBOON-COLAC ROAD NORTH BD NORTH OF IRREWILLIPE ROAD,5033,LAVERS HILL-COBDEN ROAD,LAVERS HILL-COBDEN ROAD,APARX,Classification,Greater than 10 Years,0,0,0,0,0.0
146.43021639848163,-38.233879799897245,1769,1292,561,MORWELL-TRARALGON ROAD E BD BTWN THE CENTRE VALLEY ROAD & MID VALLEY ROAD,MIDBLOCK,All Moves,MORWELL-TRARALGON ROAD & BRIDLE ROAD,9999,Missing Data,KURT STREET,APARX,Classification,Between 5 and 10 Years,7,2009,8400,480,0.06
145.82992850798155,-38.39655409012429,1779,1931,624,KORUMBURRA-WARRAGUL RD N Bd 1280M N OF FAIRBANK RD,MIDBLOCK,All Moves,KORUMBURRA-WARRAGUL RD 1280M N OF FAIRBANK RD,5682,KORUMBURRA-WARRAGUL ROAD,KORUMBURRA-WARRAGUL ROAD,APARX,Classification,Greater than 10 Years,0,0,0,0,0.0
144.34394346801983,-37.38103547731684,1797,1038,512,TRENTHAM ROAD NEBD BTWN PEARSONS ROAD & TRENTHAM FALLS ROAD,MIDBLOCK,All Moves,TRENTHAM ROAD NBTWN PEARSONS ROAD & TRENTHAM FALLS ROAD,5194,KYNETON-TRENTHAM ROAD,KYNETON-TRENTHAM ROAD,APARX,Classification,Between 2 and 5 Years,3,2013,590,40,0.08
145.485247978217,-38.11559229953278,1832,1543,581,KOO WEE RUP RD N BD S OF GREENHILLS RD,MIDBLOCK,All Moves,KOO WEE RUP RD S OF GREENHILLS RD,5770,HEALESVILLE-KOO-WEE-RUP ROAD,KOO WEE RUP ROAD,APARX,Classification,Between 2 and 5 Years,5,2011,5900,800,0.14
144.9205243902026,-37.79825507947782,1896,1965,14059,KENSINGTON RD 30M AFTER HOBSONS RD,INTERSECTION,Scheduled PubTpt Bus flow,KENSINGTON RD 30M AFTER HOBSONS RD,9999,Missing Data,KENSINGTON ROAD,PUBTT,Other,Greater than 10 Years,0,0,0,0,0.0
144.91540259911156,-37.82147449915745,1933,1978,15765,LORIMER ST W BD BTWN SALMON ST & TODD RD,INTERSECTION,Scheduled PubTpt Bus flow,LORIMER ST BTWN SALMON ST & TODD RD,5597,LORIMER STREET,LORIMER STREET,PUBTT,Other,Greater than 10 Years,0,0,0,0,0.0
144.92711419437288,-37.821021095539486,1945,1982,14197,LORIMER ST 20M OPP HALL ST,INTERSECTION,Scheduled PubTpt Bus flow,LORIMER ST 20M OPP HALL ST,5597,LORIMER STREET,LORIMER STREET,PUBTT,Other,Greater than 10 Years,0,0,0,0,0.0
144.35281822962708,-38.14643969040004,1950,1085,15553,LATROBE TCE N OF VILLAMANTA ST,INTERSECTION,All Moves,LATROBE TER NR LITTLE MALOP,2800,CORIO-WAURN PONDS ROAD,LATROBE TERRACE,SCATS,Scats,Between 5 and 10 Years,7,2009,17000,0,0.0
145.08671861053682,-37.90101345425305,1953,1583,1448,KANGAROO RD E BD BTW LATROBE ST & WARRIGAL RD,MIDBLOCK,All Moves,KANGAROO RD BTW LATROBE ST & WARRIGAL RD,9999,Missing Data,KANGAROO ROAD,APARX,Classification,Between 2 and 5 Years,5,2011,3500,110,0.03
145.2679686124934,-38.08101650123488,1962,1089,1939,LONSDALE CR N OF THOMPSONS RD,INTERSECTION,All Moves,LONSDALE CR & THOMPSONS RD,9999,Missing Data,LONSDALE CRESCENT,TMVMT,Manual,Greater than 10 Years,0,0,0,0,0.0
145.31872419130133,-37.83406880336018,1989,1098,1254,LIVERPOOL RD N BD BTW GLASGOW RD & CLOVERLEA DR,MIDBLOCK,All Moves,LIVERPOOL RD BTW GLASGOW RD & CLOVERLEA DR,9999,Missing Data,LIVERPOOL ROAD,APARX,Classification,Greater than 10 Years,0,0,0,0,0.0
144.99298129488915,-37.79984481948038,5001,5201,3163,HODDLE ST N OF JOHNSTON ST DEPARTURE,INTERSECTION,All Moves,HODDLE ST N OF JOHNSTON ST DEPARTURE,5853,JOHNSTON STREET,JOHNSTON STREET,TMVMT,Manual,Greater than 10 Years,0,0,0,0,0.0
144.9787193866934,-37.850654855699766,5015,5210,3899,LORNE ST NE of QUEENS RD,INTERSECTION,All Moves,LAKESIDE DVE & LORNE ST & QUEENS RD,9999,Missing Data,LORNE STREET,TMVMT,Manual,Greater than 10 Years,30,1986,5800,150,0.03
144.9291976467672,-37.66424558669223,5019,5008,3550,LONGFORD CRES N of BARRY RD,INTERSECTION,All Moves,BARRY RD & LONGFORD CRES,9999,Missing Data,LONGFORD CRESCENT,TMVMT,Manual,Greater than 10 Years,30,1986,2300,0,0.0
145.03608737433868,-37.87338579838483,5023,5010,3893,KAMBROOK RD N of BALACLAVA RD,INTERSECTION,All Moves,BALACLAVA RD & KAMBROOK RD,9999,Missing Data,KAMBROOK ROAD,TMVMT,Manual,Greater than 10 Years,30,1986,3200,0,0.0
145.06894734576562,-37.76024300725534,5035,5016,5605,LOWER HEIDELBERG RD N of BANKSIA ST,INTERSECTION,All Moves,BANKSIA ST & LWR HEIDELBERG RD,5762,MAIN HEIDELBERG-ELTHAM ROAD,LOWER HEIDELBERG ROAD,TMVMT,Manual,Greater than 10 Years,31,1985,12000,520,0.04
145.21494781756127,-37.99082158621256,5050,5227,5057,PRINCES HWY N of FOSTER ST,INTERSECTION,All Moves,FOSTER ST & PRINCES HWY (LONSDALE ST),2510,PRINCES HIGHWAY EAST,LONSDALE STREET,TMVMT,Manual,Greater than 10 Years,0,0,0,0,0.0
144.24509147173137,-36.75967197805578,5072,5034,3812,INGLIS ST NE OF CALDER HWY DEPARTURE,INTERSECTION,All Moves,INGLIS ST NE OF CALDER HWY DEPARTURE,5835,GOLDEN SQUARE-LONG GULLY ROAD,INGLIS STREET,TMVMT,Manual,Greater than 10 Years,16,2000,2100,130,0.06
142.36810725710222,-35.73244397616969,5078,5037,2768,HENTY HWY NWBD BTW DENNYS ST & STRACHAN ST,MIDBLOCK,All Moves,HENTY HWY BTW DENNYS ST & STRACHAN ST,2620,HENTY HIGHWAY,LASCELLES STREET,APARX,Classification,Between 5 and 10 Years,6,2010,480,100,0.21
145.2014484418522,-37.97950900848704,5080,5038,4886,JONES RD N BD N OF RAILWAY PDE,INTERSECTION,All Moves,JONES RD N OF RAILWAY PDE,9999,Missing Data,JONES ROAD,TMVMT,Manual,Greater than 10 Years,0,0,0,0,0.0
145.01777054925563,-37.87161600737005,5081,5243,4710,KOOYONG RD N OF BALACLAVA RD,INTERSECTION,All Moves,BALACLAVA RD/KOOYONG RD,9999,Missing Data,KOOYONG ROAD,SCATS,Scats,Greater than 10 Years,13,2003,9100,0,0.0
145.23684807036824,-38.001410299768246,5100,5253,16363,LACE ST N OF PRINCES HWY,INTERSECTION,All Moves,PRINCES HWY/PROGRESS ST/LACE ST,9999,Missing Data,LACE STREET,SCATS,Scats,Greater than 10 Years,13,2003,340,0,0.0
144.78137180918543,-37.69702390091314,5101,5048,16123,KINGS RD N OF MELTON HWY,INTERSECTION,Left Missing,MELTON HWY/KINGS RD,5009,KINGS ROAD,KINGS ROAD,SCATS,Scats,Between 5 and 10 Years,10,2006,3900,0,0.0
144.3527219743569,-38.14692689446684,5106,5256,3358,LATROBE TCE N OF ABERDEEN ST DEPARTURE,INTERSECTION,Incomplete Through,LATROBE TCE N OF ABERDEEN ST DEPARTURE,2800,CORIO-WAURN PONDS ROAD,LATROBE TERRACE,TMVMT,Manual,Greater than 10 Years,0,0,0,0,0.0
147.9853255036124,-37.87882249493188,5116,5261,4051,LAKE TYERS RD NWBD 100M S OF PRINCES HWY EAST,MIDBLOCK,All Moves,LAKE TYERS RD 100M S OF PRINCES HWY EAST,9999,Missing Data,LAKE STREET,APARX,Classification,Between 5 and 10 Years,8,2008,860,60,0.07
144.92392323942218,-38.354222366595216,5120,5263,3801,MORNINGTON PENINSULA ROUTE E BD ONRAMP FROM LONSDALE ST,MIDBLOCK,All Moves,MORNINGTON PENINSULA ROUTE E AT LONSDALE ST,5997,LONSDALE STREET,LONSDALE STREET,APARX,Classification,Between 2 and 5 Years,3,2013,4000,270,0.07
145.06894734576562,-37.76024300725534,5150,5278,4440,LOWER HEIDELBERG RD S BD LEFT TURN TO BANKSIA ST OD:12,INTERSECTION,Incomplete Through,LOWER HEIDELBERG RD LEFT TURN TO BANKSIA ST OD:12,5762,MAIN HEIDELBERG-ELTHAM ROAD,LOWER HEIDELBERG ROAD,MOTSV,Manual,Greater than 10 Years,0,0,0,0,0.0
145.7078915828749,-38.3346222915081,5174,5085,5116,NYORA-POOWONG RD E BD 210M E OF FOLLETT DR,MIDBLOCK,All Moves,NYORA-POOWONG RD 210M E OF FOLLETT DR,5691,LANG LANG-POOWONG ROAD,LANG LANG-POOWONG ROAD,APARX,Classification,Between 2 and 5 Years,3,2013,550,50,0.1
144.96927591742673,-37.78704119659377,5192,5298,3427,LYGON ST N OF MACPHERSON ST DEPARTURE,INTERSECTION,All Moves,LYGON ST N OF MACPHERSON ST DEPARTURE,9999,Missing Data,LYGON STREET,TMVMT,Manual,Greater than 10 Years,0,0,0,0,0.0
145.25372539949808,-37.98771529168758,5193,5095,4061,JAMES COOK DR E BD BTW MATTHEW FLINDERS AV & CHARLES GREEN AV,MIDBLOCK,All Moves,JAMES COOK DR BTW MATTHEW FLINDERS AV & CHARLES GREEN AV,9999,Missing Data,JAMES COOK DRIVE,APARX,Classification,Between 5 and 10 Years,8,2008,2000,60,0.03
144.84955644056612,-37.72666129906414,5211,5108,4859,KEILOR PARK DR N BD N of ELY ST,INTERSECTION,All Moves,KEILOR PARK DR N OF ELY ST,5054,KEILOR PARK DRIVE,KEILOR PARK DRIVE,TMVMT,Manual,Greater than 10 Years,19,1997,14000,1200,0.08
144.84984717045185,-37.72432399347733,5246,5621,2715,KEILOR PARK DR N of FULLARTON RD,INTERSECTION,All Moves,FULLARTON RD & KEILOR PARK DR,5054,KEILOR PARK DRIVE,KEILOR PARK DRIVE,TMVMT,Manual,Greater than 10 Years,25,1991,14000,1400,0.1
145.0174691778289,-37.87317229956796,5251,5128,5043,KOOYONG RD N of BALACLAVA RD,INTERSECTION,All Moves,BALACLAVA RD & KOOYONG RD,9999,Missing Data,KOOYONG ROAD,TMVMT,Manual,Greater than 10 Years,30,1986,11000,0,0.0
145.02149274338709,-37.850249489344925,5308,5650,3933,KOOYONG RD N OF MALVERN RD,INTERSECTION,All Moves,MALVERN RD/KOOYONG RD,9999,Missing Data,KOOYONG ROAD,SCATS,Scats,Between 5 and 10 Years,7,2009,3900,0,0.0
143.536635336714,-38.78252185856878,5320,5161,5192,GREAT OCEAN ROAD EAST BD WEST OF MARENGO,MIDBLOCK,All Moves,GREAT OCEAN ROAD EAST BD WEST OF MARENGO,4901,OTWAY LIGHTHOUSE ROAD,LIGHTHOUSE ROAD,APARX,Classification,Greater than 10 Years,0,0,0,0,0.0
144.97189219188266,-37.77039749572371,5375,5302,3151,LYGON ST N OF ALBERT ST,INTERSECTION,All Moves,ALBERT ST & LYGON ST,9999,Missing Data,LYGON STREET,TMVMT,Manual,Greater than 10 Years,0,0,0,0,0.0
145.18914457939667,-37.90648629978876,5400,5904,5166,JELLS RD N OF FERNTREE GULLY RD,INTERSECTION,All Moves,FERNTREE GULLY RD/JELLS RD,5308,JELLS ROAD,JELLS ROAD,SCATS,Scats,Between 2 and 5 Years,2,2014,0,0,0.0
145.34410898692772,-38.03082528754894,5410,5306,3302,LYALL RD NE OF CLYDE RD DEPARTURE,INTERSECTION,All Moves,LYALL RD NE OF CLYDE RD DEPARTURE,9999,Missing Data,LYALL ROAD,TMVMT,Manual,Greater than 10 Years,0,0,0,0,0.0
144.9715343197287,-37.77246429743933,5437,5908,3557,LYGON ST N OF GLENLYON RD,INTERSECTION,All Moves,LYGON ST/GLENLYON RD,9999,Missing Data,LYGON STREET,SCATS,Scats,Less than 2 Years,0,2016,12000,0,0.0
145.13750691287777,-37.99007232913642,5449,5712,5669,LOWER DANDENONG RD E BD W OF CENTRE DANDENONG RD,MIDBLOCK,All Moves,LOWER DANDENONG RD W OF CENTRE DANDENONG RD,2050,STATE (LOWER DANDENONG/CHELTENHAM) HIGHWAY,LOWER DANDENONG ROAD,APARX,Classification,Between 2 and 5 Years,3,2013,18000,1300,0.07
144.91400108332607,-37.69481370235484,5458,5311,5637,LANGTON ST N of ELEANOR ST,INTERSECTION,All Moves,ELEANOR ST & LANGTON ST,9999,Missing Data,LANGTON STREET,TMVMT,Manual,Greater than 10 Years,26,1990,620,50,0.09
145.08147636198345,-37.99066813332259,5459,5911,5567,IMES ST NE of NEPEAN HWY,INTERSECTION,All Moves,IMES ST & NEPEAN HWY & PARKERS RD,9999,Missing Data,IMES STREET,TMVMT,Manual,Greater than 10 Years,31,1985,2000,70,0.03
145.0403158918966,-37.92596259497733,5468,5525,4357,JASPER RD N OF PATTERSON RD,INTERSECTION,All Moves,JASPER RD/PATTERSON RD,5847,JASPER ROAD,JASPER ROAD,SCATS,Scats,Greater than 10 Years,14,2002,10000,0,0.0
144.85645209158562,-37.831293695192166,5483,5914,5574,KYLE RD N of BLACKSHAWS RD,INTERSECTION,All Moves,BLACKSHAWS RD & KYLE RD & MILLS RD,9999,Missing Data,KYLE ROAD,TMVMT,Manual,Greater than 10 Years,31,1985,1300,0,0.0
145.05580560919614,-37.956592658168425,5489,5315,18510,KAREN ST E BD BTW NEPEAN HWY & CHESTERVILLE RD,UNDEFINED,All Moves,KAREN ST BTW NEPEAN HWY & CHESTERVILLE RD,9999,Missing Data,KAREN STREET,APARX,Classification,Greater than 10 Years,26,1990,6000,0,0.0
144.95177367218753,-37.848930280980966,5496,5718,5035,KERFORD RD NE of BEACONSFIELD PDE,INTERSECTION,All Moves,BEACONSFIELD PDE & KERFORD RD,9999,Missing Data,KERFERD ROAD,TMVMT,Manual,Greater than 10 Years,28,1988,4700,100,0.02
145.02153362250357,-37.97184169092819,5503,5719,17609,LINKS ST N BD S OF ARRANMORE AVE,UNDEFINED,All Moves,LINKS ST S OF ARRANMORE AVE,9999,Missing Data,LINKS STREET,APARX,Classification,Greater than 10 Years,27,1989,270,0,0.0
145.05414238815695,-37.95735389065095,5541,5423,4631,KAREN ST E of BAY RD,INTERSECTION,All Moves,BAY RD & KAREN ST & NEPEAN HWY,9999,Missing Data,KAREN STREET,TMVMT,Manual,Greater than 10 Years,31,1985,7500,350,0.05
144.97102993198757,-37.775674399849215,5549,5424,3532,LYGON ST N of BRUNSWICK ST,INTERSECTION,All Moves,BRUNSWICK ST & LYGON ST,9999,Missing Data,LYGON STREET,TMVMT,Manual,Greater than 10 Years,31,1985,13000,540,0.04
145.0753199885447,-37.73698828352983,5568,5925,2995,LOWER PLENTY RD NE of ROSANNA RD,INTERSECTION,All Moves,BRASSEY AV & LOWER PLENTY RD & ROSANNA RD,2850,GREENSBOROUGH HIGHWAY,LOWER PLENTY ROAD,TMVMT,Manual,Greater than 10 Years,19,1997,23000,0,0.0
144.96621154379855,-37.80489518727931,5570,5730,3910,LYGON ST N of QUEENSBERRY ST,INTERSECTION,All Moves,LYGON ST & QUEENSBERRY ST,9999,Missing Data,LYGON STREET,TMVMT,Manual,Greater than 10 Years,26,1990,10000,0,0.0
145.06894734576562,-37.76024300725534,5573,5926,5069,LOWER HEIDELBERG RD N of BANKSIA ST,INTERSECTION,All Moves,BANKSIA STREET & LOWER HEIDELBERG R,5762,MAIN HEIDELBERG-ELTHAM ROAD,LOWER HEIDELBERG ROAD,TMVMT,Manual,Greater than 10 Years,24,1992,16000,380,0.02
144.9637495057043,-37.8245792008973,5576,5731,2684,KAVANAGH ST NE of POWER ST,INTERSECTION,All Moves,KAVANAGH ST & POWER ST,9999,Missing Data,KAVANAGH STREET,TMVMT,Manual,Greater than 10 Years,28,1988,1500,90,0.06
144.90872336647783,-38.36807630006468,5582,5732,18127,JETTY RD N BD S OF EASTBOURNE RD,UNDEFINED,All Moves,JETTY RD S OF EASTBOURNE RD,9999,Missing Data,JETTY ROAD,APARX,Classification,Greater than 10 Years,25,1991,9700,0,0.0
145.22877908256095,-37.82194480000511,5602,5832,4758,CITY RD NE of MAFFRA ST,INTERSECTION,All Moves,CITY RD & IRELAND ST & MAFFRA ST,9999,Missing Data,IRELAND STREET,TMVMT,Manual,Greater than 10 Years,28,1988,28000,1800,0.07
145.01033321662212,-37.94304645246305,5608,5833,18465,LINACRE RD E BD W OF LANSDOWN ST,UNDEFINED,All Moves,LINACRE RD W OF LANSDOWN ST,9999,Missing Data,LINACRE ROAD,APARX,Classification,Greater than 10 Years,28,1988,870,0,0.0
144.96758211943987,-37.79701589706509,5612,5544,3494,LYGON ST N OF ELGIN ST,INTERSECTION,All Moves,LYGON ST/ELGIN ST,9999,Missing Data,LYGON STREET,SCATS,Scats,Between 5 and 10 Years,7,2009,12000,0,0.0
144.9081111224008,-37.75561469604414,5618,5435,4780,LINCOLN RD N of BUCKLEY ST,INTERSECTION,All Moves,BUCKLEY ST & LINCOLN RD,5589,LINCOLN ROAD,LINCOLN ROAD,TMVMT,Manual,Greater than 10 Years,27,1989,8800,0,0.0
145.10333895164243,-37.8153120908215,5625,5335,3263,INGLISBY RD N OF WHITEHORSE RD DEPARTURE,UNDEFINED,All Moves,INGLISBY RD N OF WHITEHORSE RD DEPARTURE,9999,Missing Data,INGLISBY ROAD,TMVMT,Manual,Greater than 10 Years,0,0,0,0,0.0
145.03677226058593,-37.74185710026,5651,5339,5284,LIBERTY_PDE N OF SOUTHERN_RD,INTERSECTION,All Moves,SOUTHERN RD/LIBERTY PDE,9999,Missing Data,LIBERTY PARADE,SCATS,Scats,Greater than 10 Years,13,2003,2200,0,0.0
144.8496910480069,-37.72497331100656,5656,5840,4843,KEILOR PARK DR N of CALDER FWY EB ON RAMP,INTERSECTION,All Moves,CALDER FWY EB ON RAMP & KEILOR PARK DR,5054,KEILOR PARK DRIVE,KEILOR PARK DRIVE,TMVMT,Manual,Greater than 10 Years,19,1997,18000,1500,0.08
145.10333895164243,-37.8153120908215,5657,5551,4213,INGLISBY RD N OF WHITEHORSE RD,INTERSECTION,All Moves,INGLISBY RD & WHITEHORSE RD (TURNS ONLY),9999,Missing Data,INGLISBY ROAD,TMVMT,Manual,Greater than 10 Years,0,0,0,0,0.0
144.77957119851493,-37.74140860062258,5676,5943,4976,STATION RD N OF MAIN RD WEST,INTERSECTION,All Moves,MAIN RD WEST/KINGS RD/STATION RD,5875,KEILOR-LAVERTON ROAD,KINGS ROAD,SCATS,Scats,Between 5 and 10 Years,8,2008,16000,0,0.0
145.17555947850522,-37.99393869619299,5704,5559,4461,KINGSCLERE AV N OF CHELTENHAM RD,INTERSECTION,All Moves,CHELTENHAM RD & KINGSCLERE AV & PERRY RD,9999,Missing Data,KINGSCLERE AVENUE,TMVMT,Manual,Greater than 10 Years,0,0,0,0,0.0
144.90812316564748,-37.75554729949855,5706,5349,3245,LINCOLN RD N OF BUCKLEY ST,INTERSECTION,Left Missing,BUCKLEY ST/WAVERLEY ST/LINCOLN RD,5589,LINCOLN ROAD,LINCOLN ROAD,SCATS,Scats,Greater than 10 Years,13,2003,5100,0,0.0
145.01258465729725,-37.82922979407944,5709,5849,2877,LOYOLA GV N OF TWICKENHAM CR,INTERSECTION,All Moves,LOYOLA GV & MACROBERTSON BRIDGE & TWICKENHAM CR,5856,BURNLEY-KEW ROAD,LOYOLA GROVE,TMVMT,Manual,Greater than 10 Years,0,0,0,0,0.0
145.74191679797886,-38.62593499615888,5738,5758,3099,INVERLOCH-VENUS BAY RD E OF CUTTRISS ST DEPARTURE,INTERSECTION,All Moves,INVERLOCH-VENUS BAY RD E OF CUTTRISS ST DEPARTURE,5662,INVERLOCH-VENUS BAY ROAD,INVERLOCH-VENUS BAY ROAD,TMVMT,Manual,Greater than 10 Years,0,0,0,0,0.0
147.62032968305908,-37.83142609627684,5751,5955,3378,LIGAR ST NW OF PRINCES HWY EAST DEPARTURE,INTERSECTION,All Moves,LIGAR ST NW OF PRINCES HWY EAST DEPARTURE,9999,Missing Data,LIGAR STREET,TMVMT,Manual,Greater than 10 Years,0,0,0,0,0.0
145.2143272457753,-37.98746869643915,5761,5762,4888,LONSDALE ST N BD N OF WALKER ST,INTERSECTION,All Moves,LONSDALE ST N OF WALKER ST,2510,PRINCES HIGHWAY EAST,LONSDALE STREET,TMVMT,Manual,Greater than 10 Years,0,0,0,0,0.0
145.02269815462316,-37.84400249367128,5779,5573,3306,KOOYONG RD N OF TOORAK RD DEPARTURE,INTERSECTION,All Moves,KOOYONG RD N OF TOORAK RD DEPARTURE,9999,Missing Data,KOOYONG ROAD,TMVMT,Manual,Greater than 10 Years,0,0,0,0,0.0
145.2679686124934,-38.08101650123488,5814,5579,4155,LONSDALE CR N OF THOMPSONS RD DEPARTURE,INTERSECTION,All Moves,LONSDALE CR N OF THOMPSONS RD DEPARTURE,9999,Missing Data,LONSDALE CRESCENT,TMVMT,Manual,Greater than 10 Years,0,0,0,0,0.0
145.0193628088835,-37.86321760079391,5826,5581,5290,KOOYONG RD N OF DANDENONG RD,INTERSECTION,All Moves,DANDENONG RD & KOOYONG RD,9999,Missing Data,KOOYONG ROAD,TMVMT,Manual,Greater than 10 Years,31,1985,2400,80,0.04
145.04917000624658,-37.771698919370095,5832,5967,5410,LOWER HEIDELBERG RD W BD BTWN HARTLANDS RD & HEIDELBERG RD,INTERSECTION,Scheduled PubTpt Bus flow,LOWER HEIDELBERG RD BTWN HARTLANDS RD & HEIDELBERG RD,5762,MAIN HEIDELBERG-ELTHAM ROAD,LOWER HEIDELBERG ROAD,PUBTT,Other,Greater than 10 Years,0,0,0,0,0.0
144.78209352007792,-37.69492020265066,5841,5871,3383,KINGS RD N OF WENTWORTH DR DEPARTURE,UNDEFINED,All Moves,KINGS RD N OF WENTWORTH DR DEPARTURE,5009,KINGS ROAD,KINGS ROAD,TMVMT,Manual,Greater than 10 Years,0,0,0,0,0.0
145.05756201631695,-37.88659530177022,5859,5778,3446,KOORNANG RD N OF EGAN ST,INTERSECTION,All Moves,EGAN ST & KOORNANG RD & MORTON AV & ROSSTOWN RD & WOORAYL ST,9999,Missing Data,KOORNANG ROAD,TMVMT,Manual,Greater than 10 Years,0,0,0,0,0.0
144.25201004111415,-36.75336566673143,5864,5779,4502,GOLDEN SQUARE-LONG GULLY RD N OF CALDER HWY,INTERSECTION,All Moves,CALDER HWY & GOLDEN SQUARE-LONG GULLY RD,5835,GOLDEN SQUARE-LONG GULLY ROAD,INGLIS STREET,TMVMT,Manual,Greater than 10 Years,0,0,0,0,0.0
143.5222322567284,-38.85326052654919,5867,5376,5479,OTWAY LIGHTHOUSE ROAD NORTH BD SOUTH OF GOR,MIDBLOCK,All Moves,OTWAY LIGHTHOUSE ROAD NORTH BD SOUTH OF GOR,9999,Missing Data,LIGHTHOUSE ROAD,APARX,Classification,Greater than 10 Years,0,0,0,0,0.0
144.92062379825117,-37.820811675971726,5869,5780,4044,LORIMER STREET E Bd BTWN FERRYMAN LANE & POINT PARK CRES,MIDBLOCK,All Moves,LORIMER STREET BTWN FERRYMAN LANE & POINT PARK CRES,5597,LORIMER STREET,LORIMER STREET,APARX,Classification,Between 5 and 10 Years,8,2008,7300,800,0.11
142.8795343378929,-38.60509528547436,5889,5879,4953,GREAT OCEAN ROAD EAST BD EAST OF TIMBOON-PETERBOROUGH ROAD.,MIDBLOCK,All Moves,GREAT OCEAN ROAD EAST BD EAST OF TIMBOON-PETERBOROUGH ROAD.,9999,Missing Data,IRVINE STREET,APARX,Classification,Greater than 10 Years,0,0,0,0,0.0
146.51453673576333,-38.20430620164724,5908,5882,3047,KOSCIUSKO ST N BD N of PRINCES HWY DEPARTURE,INTERSECTION,All Moves,KOSCIUSKO ST N OF PRINCES HWY DEPARTURE,9999,Missing Data,KOSCIUSZKO STREET,TMVMT,Manual,Greater than 10 Years,0,0,0,0,0.0
145.22877908256095,-37.82194480000511,5915,5596,4770,CITY RD NE of MAFFRA ST,INTERSECTION,All Moves,CITY RD & IRELAND ST & MAFFRA ST,9999,Missing Data,IRELAND STREET,TMVMT,Manual,Greater than 10 Years,29,1987,25000,1600,0.06
145.17310110200307,-37.821388182799325,5919,5487,5538,LAUGHLIN AV E BD W OF SPRINGVALE RD,MIDBLOCK,All Moves,LAUGHLIN AV W OF SPRINGVALE RD,9999,Missing Data,LAUGHLIN AVENUE,APARX,Classification,Between 5 and 10 Years,8,2008,380,0,0.02
145.09801277056314,-37.89606769718558,5926,5598,2699,LEVER ST NO of FERNTREE GULLY MR,INTERSECTION,All Moves,FERNTREE GULLY & LEVER ST & PRINCES HWY EAST,9999,Missing Data,LEVER STREET,TMVMT,Manual,Greater than 10 Years,29,1987,330,10,0.05
144.76076315432115,-37.500005190278266,5952,5890,5532,MELBOURNE-LANCEFIELD RD N BD 250M N OF BOLINDA-DARRAWEIT RD,MIDBLOCK,All Moves,MELBOURNE-LANCEFIELD RD 250M N OF BOLINDA-DARRAWEIT RD,5821,MELBOURNE-LANCEFIELD ROAD,LANCEFIELD ROAD,APARX,Classification,Between 5 and 10 Years,8,2008,2400,160,0.07
144.25201004111415,-36.75336566673143,5962,5892,4252,GOLDEN SQUARE-LONG GULLY RD N OF CALDER HWY DEPARTURE,INTERSECTION,All Moves,GOLDEN SQUARE-LONG GULLY RD N OF CALDER HWY DEPARTURE,5835,GOLDEN SQUARE-LONG GULLY ROAD,INGLIS STREET,TMVMT,Manual,Greater than 10 Years,0,0,0,0,0.0
145.49021691518703,-38.092217895810414,5964,5989,4153,KOO WEE RUP RD N OF PRINCES FWY W BD RAMPS,INTERSECTION,All Moves,KOO WEE RUP RD & PRINCES FWY ON RAMP,5770,HEALESVILLE-KOO-WEE-RUP ROAD,KOO WEE RUP ROAD,TMVMT,Manual,Greater than 10 Years,0,0,0,0,0.0
145.34609838013768,-38.02952837232086,5979,5992,3394,LYALL RD NE OF CLYDE RD,INTERSECTION,All Moves,CLYDE RD & HIGH ST & LYALL RD & MAIN RD,9999,Missing Data,LYALL ROAD,TMVMT,Manual,Greater than 10 Years,0,0,0,0,0.0
142.02480473074277,-36.4512666852734,5988,5994,4041,DIMBOOLA-RAINBOW RD NW BD BTW LOCHIEL ST & NORMANBY ST,MIDBLOCK,All Moves,DIMBOOLA-RAINBOW RD NBTW LOCHIEL ST & NORMANBY ST,5051,DIMBOOLA-RAINBOW ROAD,LLOYD STREET,APARX,Classification,Between 2 and 5 Years,2,2014,710,40,0.06
145.05516379931643,-37.90179647878588,12016,12116,29500,LEILA RD E OF KOORNANG RD,INTERSECTION,All Moves,KOORNANG RD & LEILA RD,9999,Missing Data,LEILA ROAD,TMVMT,Manual,Greater than 10 Years,0,0,0,0,0.0
145.28839834018487,-37.78491304299385,12036,12006,22946,LINCOLN RD W BD W OF DORSET RD,MIDBLOCK,All Moves,LINCOLN RD W OF DORSET RD,9999,Missing Data,LINCOLN ROAD,APARX,Classification,Between 2 and 5 Years,5,2011,4600,180,0.04
145.18813243787994,-37.91196156366958,12064,12145,13856,JELLS RD 50M AFTER BRUFORD AVE,INTERSECTION,Scheduled PubTpt Bus flow,JELLS RD 50M AFTER BRUFORD AVE,5308,JELLS ROAD,JELLS ROAD,PUBTT,Other,Greater than 10 Years,0,0,0,0,0.0
145.13902830970076,-37.9902481275655,12080,12152,6385,LOWER DANDENONG RD W BD BTWN CENTRE DANDENONG RD & HOWARD RD,INTERSECTION,Scheduled PubTpt Bus flow,LOWER DANDENONG RD BTWN CENTRE DANDENONG RD & HOWARD RD,2050,STATE (LOWER DANDENONG/CHELTENHAM) HIGHWAY,LOWER DANDENONG ROAD,PUBTT,Other,Greater than 10 Years,0,0,0,0,0.0
144.96472977867802,-37.81156175882061,12081,12027,10418,LONSDALE ST SW OF ST FRANCIS ST,INTERSECTION,All Moves,LONSDALE ST NR ST FRANCIS ST,9999,Missing Data,LONSDALE STREET,SCATS,Scats,Greater than 10 Years,0,0,0,0,0.0
144.78137180918543,-37.69702390091314,12092,12030,24324,KINGS RD N OF MELTON HWY,INTERSECTION,All Moves,MELTON HWY/KINGS RD,5009,KINGS ROAD,KINGS ROAD,SCATS,Scats,Greater than 10 Years,0,0,0,0,0.0
144.9904433047436,-37.79959127123363,12098,12032,10763,JOHNSTON ST 5M BEFORE PALMER ST,INTERSECTION,Scheduled PubTpt Bus flow,JOHNSTON ST 5M BEFORE PALMER ST,5853,JOHNSTON STREET,JOHNSTON STREET,PUBTT,Other,Greater than 10 Years,0,0,0,0,0.0
144.97791141069789,-37.798277838087095,12149,12168,10443,JOHNSTON ST AT BRUNSWICK ST,INTERSECTION,Scheduled PubTpt Bus flow,JOHNSTON ST AT BRUNSWICK ST,5853,JOHNSTON STREET,JOHNSTON STREET,PUBTT,Other,Greater than 10 Years,0,0,0,0,0.0
145.0581727097628,-37.772682732782,12155,12170,11501,LOWER HEIDELBERG RD 15M OPP CARMICHAEL ST,INTERSECTION,Scheduled PubTpt Bus flow,LOWER HEIDELBERG RD 15M OPP CARMICHAEL ST,5762,MAIN HEIDELBERG-ELTHAM ROAD,LOWER HEIDELBERG ROAD,PUBTT,Other,Greater than 10 Years,0,0,0,0,0.0
145.82992850798155,-38.39655409012429,12190,12059,23325,KORUMBURRA-WARRAGUL RD S Bd 1280M N OF FAIRBANK RD,MIDBLOCK,All Moves,KORUMBURRA-WARRAGUL RD 1280M N OF FAIRBANK RD,5682,KORUMBURRA-WARRAGUL ROAD,KORUMBURRA-WARRAGUL ROAD,APARX,Classification,Greater than 10 Years,0,0,0,0,0.0
145.73706670297042,-38.62540821084136,12195,12327,24409,INVERLOCH-VENUS BAY RD W BD BTW PIER RD & CUTTRISS ST,MIDBLOCK,All Moves,INVERLOCH-VENUS BAY RD BTW PIER RD & CUTTRISS ST,5662,INVERLOCH-VENUS BAY ROAD,INVERLOCH-VENUS BAY ROAD,APARX,Classification,Between 2 and 5 Years,4,2012,1100,130,0.11
144.97488369837333,-37.79795280666437,12196,12829,34303,NICHOLSON ST S OF JOHNSTON ST DEPARTURE,INTERSECTION,All Moves,NICHOLSON ST N OF JOHNSTON ST DEPARTURE,5853,JOHNSTON STREET,JOHNSTON STREET,TMVMT,Manual,Greater than 10 Years,0,0,0,0,0.0
144.99357269993047,-37.79990246317465,12212,12065,13336,JOHNSTON ST 25M BEFORE HODDLE ST,INTERSECTION,Scheduled PubTpt Bus flow,JOHNSTON ST 25M BEFORE HODDLE ST,5853,JOHNSTON STREET,JOHNSTON STREET,PUBTT,Other,Greater than 10 Years,0,0,0,0,0.0
144.9672340300741,-37.79897720294961,12214,12184,10412,LYGON ST AT FARADAY ST,INTERSECTION,Scheduled PubTpt Bus flow,LYGON ST AT FARADAY ST,9999,Missing Data,LYGON STREET,PUBTT,Other,Greater than 10 Years,0,0,0,0,0.0
145.2384766114676,-37.987594763138326,12244,12339,11906,KIDDS RD 50M BEFORE POWER RD,INTERSECTION,Scheduled PubTpt Bus flow,KIDDS RD 50M BEFORE POWER RD,9999,Missing Data,KIDDS ROAD,PUBTT,Other,Greater than 10 Years,0,0,0,0,0.0
145.04097858185082,-37.922527600369975,12250,12193,21955,JASPER RD 152M N OURLADYSHC 40 S BD BTW CENTRE RD & PATTERSON RD,MIDBLOCK,All Moves,JASPER RD 152M N OURLADYSHC 40 BTW CENTRE RD & PATTERSON RD,5847,JASPER ROAD,JASPER ROAD,APARX,Classification,Greater than 10 Years,0,0,0,0,0.0
144.98325469930404,-37.79885008742493,12271,12081,10439,JOHNSTON ST AT SMITH ST,INTERSECTION,Scheduled PubTpt Bus flow,JOHNSTON ST AT SMITH ST,5853,JOHNSTON STREET,JOHNSTON STREET,PUBTT,Other,Greater than 10 Years,0,0,0,0,0.0
145.1160032836401,-38.159277496696475,12278,12347,12016,KARS (EAST) ST 5M OPP NEIL ST,INTERSECTION,Scheduled PubTpt Bus flow,KARS (EAST) ST 5M OPP NEIL ST,9999,Missing Data,KARS STREET,PUBTT,Other,Greater than 10 Years,0,0,0,0,0.0
144.97189219188266,-37.77039749572371,12282,12084,8295,LYGON ST N OF GLENLYON RD DEPARTURE,INTERSECTION,All Moves,LYGON ST N OF GLENLYON RD DEPARTURE,9999,Missing Data,LYGON STREET,TMVMT,Manual,Greater than 10 Years,0,0,0,0,0.0
145.18770855567263,-37.91434198776301,12284,12085,10323,JELLS RD N OF SHOP ENTRANCE,INTERSECTION,All Moves,JELLS RD/SHOPPING CENTRE ENT,5308,JELLS ROAD,JELLS ROAD,SCATS,Scats,Between 2 and 5 Years,5,2011,9700,0,0.0
145.1634908749334,-37.88148179669204,12287,12086,8477,KINGSWAY N OF RAILWAY PDE NORTH,INTERSECTION,All Moves,KINGSWAY/RAILWAY PDE NTH/COLEMAN PDE,9999,Missing Data,KINGSWAY,SCATS,Scats,Greater than 10 Years,0,0,0,0,0.0
144.88054890124468,-37.85699557260861,12303,12092,14425,KOROROIT CREEK RD W OF ADELINE ST,INTERSECTION,All Moves,KOROROIT CREEK NR ADELINE ST,5833,KOROROIT CREEK ROAD,KOROROIT CREEK ROAD,SCATS,Scats,Greater than 10 Years,0,0,0,0,0.0
145.1410626107144,-37.99047674980737,12322,12099,25782,LOWER DANDENONG RD W OF CENTRE DANDENONG RD,INTERSECTION,All Moves,LOWER DANDENONG RD/CENTRE DANDENONG RD,2050,STATE (LOWER DANDENONG/CHELTENHAM) HIGHWAY,LOWER DANDENONG ROAD,SCATS,Scats,Greater than 10 Years,13,2003,10000,0,0.0
145.04291040236197,-37.79111970618384,12328,12363,7921,KILBY RD 15M BEFORE WHITE AVE,INTERSECTION,Scheduled PubTpt Bus flow,KILBY RD 15M BEFORE WHITE AVE,9999,Missing Data,KILBY ROAD,PUBTT,Other,Greater than 10 Years,0,0,0,0,0.0
145.04087820501704,-37.76766487333303,12331,12867,13755,LIVINGSTONE ST W BD BTWN WATERDALE RD & ORIEL RD,INTERSECTION,Scheduled PubTpt Bus flow,LIVINGSTONE ST BTWN WATERDALE RD & ORIEL RD,5745,LIVINGSTONE STREET,LIVINGSTONE STREET,PUBTT,Other,Greater than 10 Years,0,0,0,0,0.0
145.12578661588324,-37.70344619732221,12332,12365,6341,KARINGAL DR AT PARKLANDS AVE,INTERSECTION,Scheduled PubTpt Bus flow,KARINGAL DR AT PARKLANDS AVE,5722,KARINGAL DRIVE,KARINGAL DRIVE,PUBTT,Other,Greater than 10 Years,0,0,0,0,0.0
145.1035787068205,-37.98592253881832,12334,12366,12032,LOWER DANDENONG RD 120M BEFORE SIBTHORPE ST,INTERSECTION,Scheduled PubTpt Bus flow,LOWER DANDENONG RD 120M BEFORE SIBTHORPE ST,2050,STATE (LOWER DANDENONG/CHELTENHAM) HIGHWAY,LOWER DANDENONG ROAD,PUBTT,Other,Greater than 10 Years,0,0,0,0,0.0
144.9498763200018,-37.8363229371888,12344,12874,13718,DORCAS ST 5M OFF LYELL ST,INTERSECTION,Scheduled PubTpt Bus flow,DORCAS ST 5M OFF LYELL ST,9999,Missing Data,LYELL STREET,PUBTT,Other,Greater than 10 Years,0,0,0,0,0.0
145.09592151208088,-37.98498752769374,12345,12371,7583,LOWER DANDENONG RD 100M BEFORE WARREN RD,INTERSECTION,Scheduled PubTpt Bus flow,LOWER DANDENONG RD 100M BEFORE WARREN RD,2050,STATE (LOWER DANDENONG/CHELTENHAM) HIGHWAY,LOWER DANDENONG ROAD,PUBTT,Other,Greater than 10 Years,0,0,0,0,0.0
144.89253720730392,-37.73740637458336,12348,12876,16364,KEILOR RD 5M BEFORE HOFFMANS RD,INTERSECTION,Scheduled PubTpt Bus flow,KEILOR RD 5M BEFORE HOFFMANS RD,5592,KEILOR ROAD,KEILOR ROAD,PUBTT,Other,Greater than 10 Years,0,0,0,0,0.0
145.21837817440132,-37.80904977626205,12355,12376,11336,LOUGHNAN RD 25M AFTER MONTALBO RD,INTERSECTION,Scheduled PubTpt Bus flow,LOUGHNAN RD 25M AFTER MONTALBO RD,9999,Missing Data,LOUGHNAN ROAD,PUBTT,Other,Greater than 10 Years,0,0,0,0,0.0
145.1112319964065,-37.986858993856565,12371,12384,11341,LOWER DANDENONG RD 150M BEFORE BOUNDARY RD,INTERSECTION,Scheduled PubTpt Bus flow,LOWER DANDENONG RD 150M BEFORE BOUNDARY RD,2050,STATE (LOWER DANDENONG/CHELTENHAM) HIGHWAY,LOWER DANDENONG ROAD,PUBTT,Other,Greater than 10 Years,0,0,0,0,0.0
145.48865528683584,-38.13935829599789,12382,12390,8281,HEALESVILLE-KOO WEE RUP RD N OF BALLARTO RD DEPARTURE,INTERSECTION,All Moves,HEALESVILLE-KOO WEE RUP RD N OF BALLARTO RD DEPARTURE,5770,HEALESVILLE-KOO-WEE-RUP ROAD,KOO WEE RUP ROAD,TMVMT,Manual,Greater than 10 Years,0,0,0,0,0.0
144.78351519873775,-37.51587809529195,12389,12896,37053,KONAGADEERA RD NB 1.8KM N OF WILDWOOD RD,MIDBLOCK,All Moves,KONAGADEERA RD 1.8KM N OF WILDWOOD RD,9999,Missing Data,KONAGADERRA ROAD,APARX,Classification,Less than 2 Years,1,2015,590,30,0.06
144.9257990062119,-37.82087794029251,12415,12705,16343,LORIMER ST W BD BTWN INGLES ST & SALMON ST,INTERSECTION,Scheduled PubTpt Bus flow,LORIMER ST BTWN INGLES ST & SALMON ST,5597,LORIMER STREET,LORIMER STREET,PUBTT,Other,Greater than 10 Years,0,0,0,0,0.0
145.25673683500435,-37.79466539241339,12418,12604,15968,KALINDA RD 10M AFTER GRAYLING CRES,INTERSECTION,Scheduled PubTpt Bus flow,KALINDA RD 10M AFTER GRAYLING CRES,9999,Missing Data,KALINDA ROAD,PUBTT,Other,Greater than 10 Years,0,0,0,0,0.0
144.94524320615204,-37.82515179796038,12428,12709,17369,LORIMER ST AT WEST GATE FWY,INTERSECTION,Scheduled PubTpt Bus flow,LORIMER ST AT WEST GATE FWY,5597,LORIMER STREET,LORIMER STREET,PUBTT,Other,Greater than 10 Years,0,0,0,0,0.0
144.98046419943188,-37.85025970758654,12432,12901,18558,LORNE ST E BD W OF ST.KILDA RD,INTERSECTION,All Moves,LORNE ST W OF ST.KILDA RD,9999,Missing Data,LORNE STREET,APARX,Classification,Greater than 10 Years,21,1995,6700,0,0.0
144.97106131643434,-37.77547339918155,12436,12401,8637,LYGON ST N OF WESTON ST,INTERSECTION,All Moves,LYGON ST & WESTON ST,9999,Missing Data,LYGON STREET,TMVMT,Manual,Greater than 10 Years,0,0,0,0,0.0
146.9978662720453,-36.45422639181351,12464,12406,7970,KIEWA VALLEY HWY N BD NORTH OF DEDERANG RD,MIDBLOCK,All Moves,KIEWA VALLEY HWY NORTH OF DEDERANG RD,2790,KIEWA VALLEY HIGHWAY,KIEWA VALLEY HIGHWAY,APARX,Classification,Greater than 10 Years,0,0,0,0,0.0
144.79910410472735,-37.84586320728259,12473,12220,8851,KOROROIT CREEK RD E OF BURNS RD,INTERSECTION,All Moves,KOROROIT CREEK RD/BURNS RD,5833,KOROROIT CREEK ROAD,KOROROIT CREEK ROAD,SCATS,Scats,Greater than 10 Years,0,0,0,0,0.0
145.23032904846755,-37.898769296472715,12479,12221,13651,LYNTON PL N OF FERNTREE GULLY RD,INTERSECTION,All Moves,FERNTREE GULLY RD/LYNTON PL/JANINE RD,9999,Missing Data,LYNTON PLACE,SCATS,Scats,Greater than 10 Years,0,0,0,0,0.0
145.11789711211523,-37.98767531707557,12481,12616,7935,LOWER DANDENONG RD 30M BEFORE WOODLANDS DR,INTERSECTION,Scheduled PubTpt Bus flow,LOWER DANDENONG RD 30M BEFORE WOODLANDS DR,2050,STATE (LOWER DANDENONG/CHELTENHAM) HIGHWAY,LOWER DANDENONG ROAD,PUBTT,Other,Greater than 10 Years,0,0,0,0,0.0
144.9784696123057,-37.79833763148573,12498,12721,29244,JOHNSTON ST E OF NICHOLSON ST,INTERSECTION,All Moves,ELGIN ST & JOHNSTON ST & NICHOLSON ST,5853,JOHNSTON STREET,JOHNSTON STREET,TMVMT,Manual,Greater than 10 Years,0,0,0,0,0.0
144.97189219188266,-37.77039749572371,12521,12517,32085,LYGON ST S OF ALBERT ST DEPARTURE,INTERSECTION,All Moves,LYGON ST N OF ALBERT ST DEPARTURE,9999,Missing Data,LYGON STREET,TMVMT,Manual,Greater than 10 Years,0,0,0,0,0.0
144.96472977867802,-37.81156175882061,12525,12624,29908,LONSDALE ST SW OF ST FRANCIS ST,INTERSECTION,All Moves,LONSDALE ST NR ST FRANCIS ST,9999,Missing Data,LONSDALE STREET,SCATS,Scats,Greater than 10 Years,0,0,0,0,0.0
144.89069703533326,-37.73667725277828,12535,12418,26885,KEILOR RD SE OF MATTHEWS AVE SE BD,INTERSECTION,Not representative,KEILOR RD NR MATTHEWS AVE,5592,KEILOR ROAD,KEILOR ROAD,SCATS,Scats,Greater than 10 Years,0,0,0,0,0.0
145.2327235908813,-37.80229870753245,12587,12528,7764,WARRANDYTE RD 15M BEFORE LAURISTON CT,INTERSECTION,Scheduled PubTpt Bus flow,WARRANDYTE RD 15M BEFORE LAURISTON CT,9999,Missing Data,LAURISTON COURT,PUBTT,Other,Greater than 10 Years,0,0,0,0,0.0
143.25449749937854,-36.634542863792426,12633,12744,35776,LOCK RD (TYPE Z) W BD 700M W OF SUNRAYSIA HWY ST ARNAUD (240.2KM),MIDBLOCK,All Moves,LOCK RD (TYPE Z) 700M W OF SUNRAYSIA HWY ST ARNAUD (240.2KM),9999,Missing Data,LOCK ROAD,APARX,Classification,Greater than 10 Years,24,1992,30,10,0.28
145.00602051214344,-37.664394865066924,12642,12642,19874,KINGSWAY DR E BD E OF EDGARS RD,INTERSECTION,All Moves,KINGSWAY DR E OF EDGARS RD,9999,Missing Data,KINGSWAY DRIVE,APARX,Classification,Greater than 10 Years,15,2001,10000,0,0.0
145.09921611443363,-37.98538991618571,12654,12249,7722,LOWER DANDENONG RD 50M OPP DE HAVILLAND RD,INTERSECTION,Scheduled PubTpt Bus flow,LOWER DANDENONG RD 50M OPP DE HAVILLAND RD,2050,STATE (LOWER DANDENONG/CHELTENHAM) HIGHWAY,LOWER DANDENONG ROAD,PUBTT,Other,Greater than 10 Years,0,0,0,0,0.0
144.88834753800015,-37.73574214847593,12659,12645,18555,KEILOR RD NWBD NW OF MATTHEWS AV,INTERSECTION,All Moves,KEILOR RD NW OF MATTHEWS AV,5592,KEILOR ROAD,KEILOR ROAD,APARX,Classification,Greater than 10 Years,15,2001,11000,0,0.0
144.85112228245092,-37.730962000193934,12662,12541,41737,KEILOR PARK DR NB BTW OLD CALDER HWY & BRIMBANK RD,MIDBLOCK,All Moves,KEILOR PARK DR BTW OLD CALDER HWY & BRIMBANK RD,5054,KEILOR PARK DRIVE,KEILOR PARK DRIVE,APARX,Classification,Greater than 10 Years,19,1997,17000,1800,0.11
145.1912364031953,-37.952412501860486,12676,12253,10977,JACKSONS RD 40M BEFORE LOWER TERRACE CRES,INTERSECTION,Scheduled PubTpt Bus flow,JACKSONS RD 40M BEFORE LOWER TERRACE CRES,5170,JACKSONS ROAD,JACKSONS ROAD,PUBTT,Other,Greater than 10 Years,0,0,0,0,0.0
145.16673862353565,-37.98073688914168,12678,12442,8055,KINGSCLERE AV 50M BEFORE PARRAMATTTA CRES,INTERSECTION,Scheduled PubTpt Bus flow,KINGSCLERE AV 50M BEFORE PARRAMATTTA CRES,9999,Missing Data,KINGSCLERE AVENUE,PUBTT,Other,Greater than 10 Years,0,0,0,0,0.0
144.84409479735197,-37.8498554005917,12679,12544,19281,KOROROIT CREEK RD E BD W OF MILLERS RD,INTERSECTION,All Moves,KOROROIT CREEK RD W OF MILLERS RD,5833,KOROROIT CREEK ROAD,KOROROIT CREEK ROAD,APARX,Classification,Greater than 10 Years,13,2003,8200,0,0.0
145.05645061102362,-37.79254964634964,12687,12443,11960,KILBY RD 50M BEFORE CLYDE ST,INTERSECTION,Scheduled PubTpt Bus flow,KILBY RD 50M BEFORE CLYDE ST,9999,Missing Data,KILBY ROAD,PUBTT,Other,Greater than 10 Years,0,0,0,0,0.0
145.2257792880371,-37.71726899712153,12702,12653,10340,KANGAROO GROUND-WARRANDYTE RD 20M BEFORE PIGEON BANK RD,INTERSECTION,Scheduled PubTpt Bus flow,KANGAROO GROUND-WARRANDYTE RD 20M BEFORE PIGEON BANK RD,5810,WARRANDYTE-KANGAROO GROUND ROAD,KANGAROO GROUND-WARRANDYTE ROAD,PUBTT,Other,Greater than 10 Years,0,0,0,0,0.0
145.1409043072676,-37.990458952687995,12720,12656,38888,L0WER DANDENONG RD W of CENTRE DANDENONG RD,INTERSECTION,All Moves,CENTRE DANDENONG R & LWR DANDENONG RD,2050,STATE (LOWER DANDENONG/CHELTENHAM) HIGHWAY,LOWER DANDENONG ROAD,TMVMT,Manual,Greater than 10 Years,21,1995,16000,0,0.0
145.09102908819608,-37.72995208367694,12723,12951,11794,LOWER PLENTY RD 30M AFTER GRANTHAM RD,INTERSECTION,Scheduled PubTpt Bus flow,LOWER PLENTY RD 30M AFTER GRANTHAM RD,5762,MAIN HEIDELBERG-ELTHAM ROAD,LOWER PLENTY ROAD,PUBTT,Other,Greater than 10 Years,0,0,0,0,0.0
144.74962201130788,-37.730373136683966,12726,12657,38721,COMMERCIAL RD W OF WESTWOOD DR,INTERSECTION,All Moves,WESTWOOD DR/INGLEWOOD DR/COMMERCIAL RD,9999,Missing Data,INGLEWOOD DRIVE,SCATS,Scats,Greater than 10 Years,0,0,0,0,0.0
145.12365009252187,-37.70212381261787,12739,12452,7500,KARINGAL DR 30M BEFORE SUNDERLAND RISE,INTERSECTION,Scheduled PubTpt Bus flow,KARINGAL DR 30M BEFORE SUNDERLAND RISE,5722,KARINGAL DRIVE,KARINGAL DRIVE,PUBTT,Other,Greater than 10 Years,0,0,0,0,0.0
145.22753230162468,-37.805503288040185,12753,12762,42130,LOUGHNAN RD NE of RINGWOOD ST,INTERSECTION,All Moves,RINGWOOD ST/LOUGHNAN RD,9999,Missing Data,LOUGHNAN ROAD,SCATS,Scats,Between 5 and 10 Years,8,2008,12000,0,0.0
145.08307481267852,-37.98343282638987,12777,12458,7714,LOWER DANDENONG RD W BD BTWN WARREN RD & NEPEAN HWY,INTERSECTION,Scheduled PubTpt Bus flow,LOWER DANDENONG RD BTWN WARREN RD & NEPEAN HWY,2050,STATE (LOWER DANDENONG/CHELTENHAM) HIGHWAY,LOWER DANDENONG ROAD,PUBTT,Other,Greater than 10 Years,0,0,0,0,0.0
145.17543038680668,-37.994499301191325,12780,12270,26495,CHELTENHAM RD E OF PERRY RD DEPARTURE,INTERSECTION,All Moves,KINGSCLERE AV CHELTENHAM RD & PERRY RD DEP,9999,Missing Data,KINGSCLERE AVENUE,TMVMT,Manual,Between 2 and 5 Years,3,2013,18000,750,0.04
144.918281488352,-37.79954689193748,12872,12680,10454,KENSINGTON RD SWBD BTWN EPSOM RD & DYNON RD,INTERSECTION,Scheduled PubTpt Bus flow,KENSINGTON RD SBTWN EPSOM RD & DYNON RD,9999,Missing Data,KENSINGTON ROAD,PUBTT,Other,Greater than 10 Years,0,0,0,0,0.0
144.49254349782123,-37.900717582801526,12977,12996,18970,KIRKS BRIDGE RD EB 1.8KM E OF LITTLE RIVER-RIPLEY RD,UNDEFINED,All Moves,KIRKS BRIDGE RD 1.8KM E OF LITTLE RIVER-RIPLEY RD,9999,Missing Data,KIRKS BRIDGE ROAD,APARX,Classification,Greater than 10 Years,16,2000,140,0,0.0
144.9167288957015,-37.68482209192129,12986,12998,38253,JOHNSTONE ST W BD W of PASCOE VALE RD,INTERSECTION,All Moves,PASCOE VALE RD NNE OF CAMP RD,5873,BROADMEADOWS-TULLAMARINE ROAD,JOHNSTONE STREET,TMVMT,Manual,Greater than 10 Years,23,1993,12000,370,0.03
144.97106131643434,-37.77547339918155,15005,15903,42323,LYGON ST S OF WESTON ST DEPARTURE,INTERSECTION,All Moves,LYGON ST N OF WESTON ST DEPARTURE,9999,Missing Data,LYGON STREET,TMVMT,Manual,Greater than 10 Years,0,0,0,0,0.0
143.95453770249568,-35.74466850368803,15030,15413,30295,KERANG-KOONDROOK RD SWBD 300M NORTH-EAST OF SLEEPY LANE @ 3.2KM FROM KERANG,MIDBLOCK,All Moves,KERANG-KOONDROOK RD N300M NORTH-EAST OF SLEEPY LANE @ 3.2KM FROM KERANG,5578,KERANG-KOONDROOK ROAD,KERANG-KOONDROOK ROAD,APARX,Classification,Between 2 and 5 Years,3,2013,590,80,0.14
144.88357821462142,-37.73410999271924,15036,15913,36518,KEILOR RD E OF NEWMAN ST DEPARTURE,INTERSECTION,All Moves,CALDER FWY OFF RAMP NE OF KEILOR RD DEPARTURE,8037,5592B 7218F,KEILOR ROAD,TMVMT,Manual,Greater than 10 Years,0,0,0,0,0.0
144.98088971109715,-37.798596838526485,15054,15419,34340,JOHNSTON ST E NAPIER,INTERSECTION,All Moves,JOHNSTON ST/NAPIER ST,5853,JOHNSTON STREET,JOHNSTON STREET,SCATS,Scats,Between 5 and 10 Years,9,2007,14000,0,0.0
144.85208729633212,-37.72588109615707,15059,15420,34804,CALDER FWY INBOUND ONRAMP FROM KEILOR PARK DR,INTERSECTION,On Ramp,SVO_Map_LTD:629||SITE DESC: CALDER FWY INBOUND ONRAMP FROM KEILOR PARK DR,7368,5054B 2530R,KEILOR PARK-CALDER IN RAMP ON,INDET,Freeway Data Station,Greater than 10 Years,0,0,0,0,0.0
144.21918312464877,-36.70541136303742,15065,15310,31095,LODDON VALEY HWY NW OF LODDON VALLEY HWY,INTERSECTION,All Moves,SAILORS GULLY RD E OF LODDON VALLEY HWY,2630,LODDON VALLEY HIGHWAY,LODDON VALLEY HIGHWAY,TMVMT,Manual,Greater than 10 Years,16,2000,1500,90,0.06
144.78209352007792,-37.69492020265066,15099,15320,31651,KINGS RD S OF SERVICE STATION ACCESS DEPARTURE,UNDEFINED,All Moves,KINGS RD N OF HUNGRY JACKS AND KFC ACCESS DEPARTURE,5009,KINGS ROAD,KINGS ROAD,TMVMT,Manual,Greater than 10 Years,0,0,0,0,0.0
145.01770019971525,-37.871979293747735,15100,15823,39661,KOOYONG RD S OF BALACLAVA RD,INTERSECTION,All Moves,BALACLAVA RD/KOOYONG RD,9999,Missing Data,KOOYONG ROAD,SCATS,Scats,Greater than 10 Years,13,2003,9000,0,0.0
144.52920250248087,-37.309051001964015,15121,15828,36433,JAMES RD W BD 350M W OF CALDER HWY @ 3.5KM FROM WOODEND,MIDBLOCK,All Moves,JAMES RD 350M W OF CALDER HWY @ 3.5KM FROM WOODEND,9999,Missing Data,JAMES ROAD,APARX,Classification,Greater than 10 Years,16,2000,20,0,0.1
145.07804890751353,-37.953338329621744,15185,15947,12076,KINGSTON RD 60M BEFORE WARRIGAL RD,INTERSECTION,Scheduled PubTpt Bus flow,KINGSTON RD 60M BEFORE WARRIGAL RD,5970,HEATHERTON ROAD,KINGSTON ROAD,PUBTT,Other,Greater than 10 Years,0,0,0,0,0.0
144.8967605026967,-37.81626980871149,15201,15951,15488,HYDE ST AT LENNOX ST,INTERSECTION,Scheduled PubTpt Bus flow,HYDE ST AT LENNOX ST,9999,Missing Data,LENNOX STREET,PUBTT,Other,Greater than 10 Years,0,0,0,0,0.0
144.91342089601724,-37.82191299100368,15242,15355,15329,LORIMER ST E BD BTWN TODD RD & SALMON ST,INTERSECTION,Scheduled PubTpt Bus flow,LORIMER ST BTWN TODD RD & SALMON ST,5597,LORIMER STREET,LORIMER STREET,PUBTT,Other,Greater than 10 Years,0,0,0,0,0.0
144.81959394629752,-37.81928647422044,15262,15471,11577,LITTLE BOUNDARY RD 200M BEFORE PIPE RD,INTERSECTION,Scheduled PubTpt Bus flow,LITTLE BOUNDARY RD 200M BEFORE PIPE RD,5448,LITTLE BOUNDARY ROAD,LITTLE BOUNDARY ROAD,PUBTT,Other,Greater than 10 Years,0,0,0,0,0.0
145.14035971527088,-38.119023928271545,15274,15971,40041,KLAUER ST W OF HARTNETT DR,INTERSECTION,All Moves,KLAUER ST/HARTNETT DR,5159,KLAUER ROAD,KLAUER STREET,SCATS,Scats,Greater than 10 Years,0,0,0,0,0.0
145.12993760434378,-37.75694727682111,15307,15370,13472,JAMES ST 10M BEFORE ANDERSON ST,INTERSECTION,Scheduled PubTpt Bus flow,JAMES ST 10M BEFORE ANDERSON ST,5809,HEIDELBERG-WARRANDYTE ROAD,JAMES STREET,PUBTT,Other,Greater than 10 Years,0,0,0,0,0.0
145.29965562360832,-38.065362328960646,15339,15491,33843,LITTLECROFT AVE E OF NARRE WARREN-CRANBOURNE RD,INTERSECTION,All Moves,NARRE WARREN-CRANBOURNE RD/ORMOND RD/LITTLECROFT AVE,9999,Missing Data,LITTLECROFT AVENUE,SCATS,Scats,Between 2 and 5 Years,5,2011,5600,0,0.0
145.24038209787423,-36.90788188301548,15381,15998,42995,AVENEL-NAGAMBIE RD E BD 4.7KM W OF HUME FWY @ 1.3KM FROM AVENEL,MIDBLOCK,All Moves,AVENEL-NAGAMBIE RD 4.7KM W OF HUME FWY @ 1.3KM FROM AVENEL,5385,AVENEL-NAGAMBIE ROAD,JONES STREET,APARX,Classification,Between 2 and 5 Years,3,2013,480,50,0.11
144.83366090744272,-37.84999145833388,15385,15896,37771,KOROROIT CREEK RD W OF MILLERS RD,INTERSECTION,All Moves,KOROROIT CREEK RD & MILLERS RD,5833,KOROROIT CREEK ROAD,KOROROIT CREEK ROAD,TMVMT,Manual,Greater than 10 Years,0,0,0,0,0.0
147.15209609534494,-36.72882750136981,15424,15706,18633,KIEWA VALLEY HWY S BD 1.0KM S OF BRIGHT-TAWONGA RD @ 81.9KM FROM WODONGA,MIDBLOCK,All Moves,KIEWA VALLEY HWY 1.0KM S OF BRIGHT-TAWONGA RD @ 81.9KM FROM WODONGA,2790,KIEWA VALLEY HIGHWAY,KIEWA VALLEY HIGHWAY,APARX,Classification,Less than 2 Years,1,2015,1000,70,0.08
144.3521735955006,-38.14974989506581,15425,15206,34956,LATROBE TCE S OF MYERS ST,INTERSECTION,All Moves,LATROBE TCE & MYERS ST,2800,CORIO-WAURN PONDS ROAD,LATROBE TERRACE,TMVMT,Manual,Greater than 10 Years,18,1998,15000,0,0.0
145.04398548723677,-37.904713800155406,15459,15713,42259,JASPER RD S OF NORTH RD,INTERSECTION,All Moves,GRANGE RD N OF NORTH RD,5847,JASPER ROAD,JASPER ROAD,TMVMT,Manual,Greater than 10 Years,16,2000,9000,230,0.03
145.05661277652356,-37.89161689794314,15468,15615,33317,KOORNANG RD S OF NEERIM RD DEPARTURE,INTERSECTION,All Moves,KOORNANG RD N OF NEERIM RD DEPARTURE,9999,Missing Data,KOORNANG ROAD,TMVMT,Manual,Greater than 10 Years,0,0,0,0,0.0
145.0137450151073,-37.86817651995644,15503,15621,35071,INKERMAN ST W BD BTW LABASSA GRV & ERCILDOUNE ST,MIDBLOCK,All Moves,INKERMAN ST BTW LABASSA GRV & ERCILDOUNE ST,9999,Missing Data,INKERMAN ROAD,APARX,Classification,Less than 2 Years,1,2015,6200,120,0.02
145.27325567310473,-37.986645449037844,15521,15016,32495,JAMES COOK DR W OF HALLAM NORTH RD DEPARTURE,INTERSECTION,All Moves,HALLAM NORTH RD N OF JAMES COOK DR DEPARTURE,9999,Missing Data,JAMES COOK DRIVE,TMVMT,Manual,Greater than 10 Years,0,0,0,0,0.0
145.27542651650043,-37.91619678544518,15548,15628,29927,KELLETTS RD NWBD SE OF LAKEFIELD DR,INTERSECTION,All Moves,KELLETTS RD SSE OF LAKEFIELD DR,5428,KELLETTS ROAD,KELLETTS ROAD,APARX,Classification,Greater than 10 Years,15,2001,3900,0,0.0
144.84960206173605,-37.72740529762629,15610,15136,34590,KEILOR PARK DR S of ELY CT,INTERSECTION,All Moves,ELY CT & KEILOR PARK DR & OLD CALDER HWY,5054,KEILOR PARK DRIVE,KEILOR PARK DRIVE,TMVMT,Manual,Greater than 10 Years,19,1997,16000,1200,0.08
145.02648390790543,-37.86973585329143,15616,15137,32458,INKERMAN RD E OF HAWTHORN RD,INTERSECTION,All Moves,HAWTHORN RD/INKERMAN RD,9999,Missing Data,INKERMAN ROAD,SCATS,Scats,Between 2 and 5 Years,2,2014,0,0,0.0
144.94767354974636,-37.8346026709593,15622,15138,29756,INGLES ST SEBD SE OF CROCKFORD ST,INTERSECTION,All Moves,INGLES ST SE OF CROCKFORD ST,9999,Missing Data,INGLES STREET,APARX,Classification,Greater than 10 Years,22,1994,4800,0,0.0
144.91903759257875,-37.82094597390715,15634,15239,7806,LORIMER ST E BD BTWN TODD RD & SALMON ST,INTERSECTION,Scheduled PubTpt Bus flow,LORIMER ST BTWN TODD RD & SALMON ST,5597,LORIMER STREET,LORIMER STREET,PUBTT,Other,Greater than 10 Years,0,0,0,0,0.0
144.93031681302432,-37.821549372087375,15640,15644,9346,LORIMER ST 30M BEFORE GRAHAM ST,INTERSECTION,Scheduled PubTpt Bus flow,LORIMER ST 30M BEFORE GRAHAM ST,5597,LORIMER STREET,LORIMER STREET,PUBTT,Other,Greater than 10 Years,0,0,0,0,0.0
144.9785604518576,-37.808498994212925,15642,15141,34121,VICTORIA PDE E OF LANSDOWNE ST,INTERSECTION,All Moves,VICTORIA PDE/LANSDOWNE ST,5102,LANSDOWNE STREET,LANSDOWNE STREET,SCATS,Scats,Less than 2 Years,1,2015,22000,0,0.0
144.93603821966548,-37.8227502319166,15671,15244,12381,LORIMER ST 50M BEFORE ROGERS ST,INTERSECTION,Scheduled PubTpt Bus flow,LORIMER ST 50M BEFORE ROGERS ST,5597,LORIMER STREET,LORIMER STREET,PUBTT,Other,Greater than 10 Years,0,0,0,0,0.0
144.888837114834,-37.857770768572685,15677,15245,11647,FERGUSON ST 20M OFF CHAMPION RD,INTERSECTION,Scheduled PubTpt Bus flow,FERGUSON ST 20M OFF CHAMPION RD,5833,KOROROIT CREEK ROAD,KOROROIT CREEK ROAD,PUBTT,Other,Greater than 10 Years,0,0,0,0,0.0
144.94745490804493,-37.834374091698415,15695,15045,29757,INGLES ST SEBD NW OF CROCKFORD ST,INTERSECTION,All Moves,INGLES ST NW OF CROCKFORD ST,9999,Missing Data,INGLES STREET,APARX,Classification,Greater than 10 Years,22,1994,5700,0,0.0
145.22187997148689,-37.71014808267474,15700,15754,16386,KANGAROO GROUND-WARRANDYTE RD AT BELLBIRD LN,INTERSECTION,Scheduled PubTpt Bus flow,KANGAROO GROUND-WARRANDYTE RD AT BELLBIRD LN,5810,WARRANDYTE-KANGAROO GROUND ROAD,KANGAROO GROUND-WARRANDYTE ROAD,PUBTT,Other,Greater than 10 Years,0,0,0,0,0.0
144.98063690019495,-37.85022059653564,15763,15664,18461,ST KILDA RD NW OF RALEIGH ST,INTERSECTION,Not representative,ST KILDA RD NR RALEIGH ST,9999,Missing Data,LORNE STREET,SCATS,Scats,Greater than 10 Years,0,0,0,0,0.0
144.77965559928995,-37.70223950058335,15794,15669,42638,KINGS RD N OF ACCESS RD,INTERSECTION,All Moves,KINGS RD / ACCESS RD,5009,KINGS ROAD,KINGS ROAD,SCATS,Scats,Greater than 10 Years,0,0,0,0,0.0
145.05516379931643,-37.90179647878588,15810,15772,39763,LEILA RD W OF KOORNANG RD DEPARTURE,INTERSECTION,All Moves,KOORNANG RD N OF LEILA RD DEPARTURE,9999,Missing Data,LEILA ROAD,TMVMT,Manual,Greater than 10 Years,0,0,0,0,0.0
145.34277959902002,-38.03614259502841,15895,15786,37428,JANE ST W OF CLYDE RD DEPARTURE,INTERSECTION,All Moves,CLYDE RD N OF RESERVE ST DEPARTURE TURNS ONLY,9999,Missing Data,JANE STREET,TMVMT,Manual,Greater than 10 Years,0,0,0,0,0.0
142.36810725710222,-35.73244397616969,15905,15584,34850,HENTY HWY SEBD BTW DENNYS ST & STRACHAN ST,MIDBLOCK,All Moves,HENTY HWY BTW DENNYS ST & STRACHAN ST,2620,HENTY HIGHWAY,LASCELLES STREET,APARX,Classification,Between 5 and 10 Years,6,2010,420,80,0.2
145.01302527547935,-37.89628709538986,15916,15082,15356,KOOYONG RD AT SATURN ST,INTERSECTION,Scheduled PubTpt Bus flow,KOOYONG RD AT SATURN ST,9999,Missing Data,KOOYONG ROAD,PUBTT,Other,Greater than 10 Years,0,0,0,0,0.0
145.48019385211808,-38.1783032931245,15925,15285,30851,HEALESVILLE-KOO-WEE-RUP RD S BD 600M N OF MANKS RD,INTERSECTION,All Moves,HEALESVILLE-KOO-WEE-RUP RD 600M N OF MANKS RD,5770,HEALESVILLE-KOO-WEE-RUP ROAD,KOO WEE RUP ROAD,APARX,Classification,Greater than 10 Years,17,1999,2100,0,0.0
145.92099239018276,-38.238398590014405,15931,15191,29967,KORUMBURRA-WARRAGUL RD S BD 500M S OF HAZELDEAN RD @ 39.1KM FROM KORUMBURRA,MIDBLOCK,All Moves,KORUMBURRA-WARRAGUL RD 500M S OF HAZELDEAN RD @ 39.1KM FROM KORUMBURRA,5682,KORUMBURRA-WARRAGUL ROAD,KORUMBURRA-WARRAGUL ROAD,APARX,Classification,Between 5 and 10 Years,10,2006,510,60,0.12
144.85208729633212,-37.72588109615707,15933,15792,38117,CALDER FWY EAST BND RAMPS E OF KEILOR PARK DR,INTERSECTION,On Ramp,CALDER FWY EAST BND RAMPS & KEILOR PARK DR,7368,5054B 2530R,KEILOR PARK-CALDER IN RAMP ON,TMVMT,Manual,Greater than 10 Years,0,0,0,0,0.0
145.01504269204082,-37.88554480138535,9038,9807,31907,KOOYONG RD N OF GLENHUNTLY RD,INTERSECTION,All Moves,GLENHUNTLY RD/KOOYONG RD,9999,Missing Data,KOOYONG ROAD,SCATS,Scats,Greater than 10 Years,13,2003,8900,0,0.0
145.10119459591792,-37.98563150270156,9047,9809,30728,LOWER DANDENONG RD E OF DE HAVILLAND RD,INTERSECTION,All Moves,LOWER DANDENONG RD/DE HAVILLAND RD,2050,STATE (LOWER DANDENONG/CHELTENHAM) HIGHWAY,LOWER DANDENONG ROAD,SCATS,Scats,Greater than 10 Years,13,2003,13000,0,0.0
145.04299920378867,-37.716896090342495,9067,9420,9289,PLENTY RD AT KINGSBURY DR,INTERSECTION,Scheduled PubTpt Tram flow,PLENTY RD AT KINGSBURY DR,5740,KINGSBURY DRIVE,KINGSBURY DRIVE,PUBTT,Other,Greater than 10 Years,0,0,0,0,0.0
145.1266038161818,-37.769554445984994,9072,9917,9016,LYNNWOOD PDE 20M AFTER HICKORY ST,INTERSECTION,Scheduled PubTpt Bus flow,LYNNWOOD PDE 20M AFTER HICKORY ST,9999,Missing Data,LYNNWOOD PARADE,PUBTT,Other,Greater than 10 Years,0,0,0,0,0.0
144.92749049656197,-37.780432889268496,9099,9325,17934,KENT ST E BD E OF EAST ST,INTERSECTION,All Moves,KENT ST E OF EAST ST,9999,Missing Data,KENT STREET,MOTSV,Manual,Greater than 10 Years,0,0,0,0,0.0
144.3660103967037,-38.149924598477824,9101,9925,31461,LT_MALOP_ST E OF YARRA_ST,INTERSECTION,All Moves,YARRA ST/LITTLE MALOP ST,9999,Missing Data,LITTLE MALOP STREET,SCATS,Scats,Between 5 and 10 Years,7,2009,1200,0,0.0
145.12292852605034,-37.76903853324266,9112,9825,8755,LYNNWOOD PDE 30M AFTER BLUEGUM CL,INTERSECTION,Scheduled PubTpt Bus flow,LYNNWOOD PDE 30M AFTER BLUEGUM CL,9999,Missing Data,LYNNWOOD PARADE,PUBTT,Other,Greater than 10 Years,0,0,0,0,0.0
144.8226998485308,-37.82259587487161,9125,9828,8418,LITTLE BOUNDARY RD AT GEELONG RD,INTERSECTION,Scheduled PubTpt Bus flow,LITTLE BOUNDARY RD AT GEELONG RD,5448,LITTLE BOUNDARY ROAD,LITTLE BOUNDARY ROAD,PUBTT,Other,Greater than 10 Years,0,0,0,0,0.0
145.07494096193903,-37.73720516539028,9126,9436,32813,LOWER PLENTY RD SW of ROSANNA RD,INTERSECTION,All Moves,BRASSEY AV & LOWER PLENTY RD & ROSANNA RD,5743,LOWER PLENTY ROAD,LOWER PLENTY ROAD,TMVMT,Manual,Greater than 10 Years,19,1997,9400,0,0.0
146.67242373816268,-37.81183589067352,9190,9349,26170,LICOLA RD E BD W OF GLENMAGGIE RD @ 15.21 KM FROM HEYFIELD,MIDBLOCK,All Moves,LICOLA RD W OF GLENMAGGIE RD @ 15.21 KM FROM HEYFIELD,5954,LICOLA ROAD,LICOLA ROAD,APARX,Classification,Greater than 10 Years,0,0,0,0,0.0
145.05426035637555,-37.85470455628984,9262,9366,26494,KING ST E OF BURKE RD DEPARTURE,INTERSECTION,All Moves,BURKE RD N OF KING ST DEPARTURE,9999,Missing Data,KING STREET,TMVMT,Manual,Greater than 10 Years,0,0,0,0,0.0
144.8505096072057,-37.73789288709729,9269,9968,29146,KEILOR PARK DR SE OF WESTERN RING RD NTH BND RAMPS,INTERSECTION,All Moves,KEILOR PARK DR & WESTERN RING RD NTH BND RAMPS,5054,KEILOR PARK DRIVE,KEILOR PARK DRIVE,TMVMT,Manual,Greater than 10 Years,0,0,0,0,0.0
144.97060700192063,-37.778814398778394,9275,9865,31774,LYGON ST S OF BRUNSWICK RD DEPARTURE,INTERSECTION,All Moves,LYGON ST N OF BRUNSWICK RD DEPARTURE,9999,Missing Data,LYGON STREET,TMVMT,Manual,Greater than 10 Years,0,0,0,0,0.0
144.8118786081103,-37.84753026301741,9291,9478,34214,KOROROIT CREEK RD W of GRIEVE PDE,INTERSECTION,All Moves,GRIEVE PDE & KOROROIT CREEK RD,5833,KOROROIT CREEK ROAD,KOROROIT CREEK ROAD,TMVMT,Manual,Greater than 10 Years,29,1987,10000,0,0.0
144.94744530634082,-37.82673900183647,9342,9987,31071,WEST GATE FWY OFFRAMP E OF MONTAGUE ST,INTERSECTION,Left Missing,MONTAGUE ST/WEST GATE FWY,7106,2510B 2820F,KINGS-WEST GATE OUT RAMP ON,SCATS,Scats,Greater than 10 Years,11,2005,4500,0,0.0
144.76461304853385,-37.84092785955645,9347,9882,34354,LEAKES RD E OF ESTATE RD,INTERSECTION,All Moves,LEAKES RD/ESTATE RD,9999,Missing Data,LEAKES ROAD,SCATS,Scats,Between 2 and 5 Years,5,2011,7900,0,0.0
145.11787675663842,-37.97501357062892,9368,9993,32261,KINGSTON DRIVE SO of CENTRE DANDENONG R,INTERSECTION,All Moves,CENTRE DANDENONG RD & KINGSTON DR & OLD DANDENONG RD,9999,Missing Data,KINGSTON DRIVE,TMVMT,Manual,Greater than 10 Years,0,0,0,0,0.0
145.03608737433868,-37.87338579838483,9372,9889,33917,KAMBROOK RD S of BALACLAVA RD,INTERSECTION,All Moves,BALACLAVA RD & KAMBROOK RD,9999,Missing Data,KAMBROOK ROAD,TMVMT,Manual,Greater than 10 Years,30,1986,4200,0,0.0
145.18801166879865,-37.9126694988796,9382,9996,31710,JELLS RD N OF GRANDVIEW RD (HISTORIC),INTERSECTION,All Moves,JELLS RD/GRANDVIEW RD,5308,JELLS ROAD,JELLS ROAD,SCATS,Scats,Greater than 10 Years,18,1998,11000,0,0.0
145.1399984144728,-37.77254497707314,9396,9400,11124,KING ST 15M BEFORE CHURCH RD,INTERSECTION,Scheduled PubTpt Bus flow,KING ST 15M BEFORE CHURCH RD,5353,KING STREET,KING STREET,PUBTT,Other,Greater than 10 Years,0,0,0,0,0.0
144.96023665767905,-37.825647206286654,9397,9897,31132,CITY RD NE OF QUEENSBRIDGE ST,INTERSECTION,All Moves,CITY RD/MORAY ST/QUEENSBRIDGE ST,8043,WHITEMAN STREETB 2510F,KINGS WAY,SCATS,Scats,Between 5 and 10 Years,10,2006,10000,0,0.0
145.16950283575676,-37.9620007702416,9422,9206,27403,LIGHTWOOD RD SE of CORRIGAN RD,INTERSECTION,All Moves,CORRIGAN RD & LIGHTWOOD RD,9999,Missing Data,LIGHTWOOD ROAD,TMVMT,Manual,Greater than 10 Years,31,1985,4200,140,0.03
145.31632995929658,-37.813839597908874,9450,9715,29761,LIVERPOOL RD S BD S OF PARAMOUNT AV,INTERSECTION,All Moves,LIVERPOOL RD S OF PARAMOUNT AV,9999,Missing Data,LIVERPOOL ROAD,APARX,Classification,Greater than 10 Years,15,2001,5500,0,0.0
144.9924712950445,-37.799793881517154,9482,9224,6612,JOHNSTON ST 10M BEFORE HODDLE ST,INTERSECTION,Scheduled PubTpt Bus flow,JOHNSTON ST 10M BEFORE HODDLE ST,5853,JOHNSTON STREET,JOHNSTON STREET,PUBTT,Other,Greater than 10 Years,0,0,0,0,0.0
145.12869920741363,-37.76980884460713,9499,9729,8412,LYNNWOOD PDE AT WILLIAMSONS RD,INTERSECTION,Scheduled PubTpt Bus flow,LYNNWOOD PDE AT WILLIAMSONS RD,9999,Missing Data,LYNNWOOD PARADE,PUBTT,Other,Greater than 10 Years,0,0,0,0,0.0
145.15306631424528,-37.94958758996539,9527,9106,28073,LIGHTWOOD RD SE of SPRINGVALE RD,INTERSECTION,All Moves,BALMORAL AVE & LIGHTWOOD RD & SPRINGVALE RD,9999,Missing Data,LIGHTWOOD ROAD,TMVMT,Manual,Greater than 10 Years,0,0,0,0,0.0
144.84282216895951,-37.82674809628015,9550,9739,31575,WGF/MILLERS ROAD WEST INBOUND,INTERSECTION,All Moves,SVO_Map_LTD:224||SITE DESC: WRR/MARIBYNONG RIVER NORTH CLMON NWCL,9999,Missing Data,IRWIN AVENUE,INDET,Freeway Data Station,Greater than 10 Years,18,1998,66000,0,0.0
144.97120221519057,-37.83527198016874,9590,9117,26905,KINGSWAY SE of ALBERT RD,INTERSECTION,All Moves,ALBERT RD & KINGSWAY,2510,PRINCES HIGHWAY EAST,KINGS WAY,TMVMT,Manual,Greater than 10 Years,31,1985,37000,3200,0.09
145.14747389778307,-37.77320057470824,9610,9515,7819,KING ST AT VICTORIA ST,INTERSECTION,Scheduled PubTpt Bus flow,KING ST AT VICTORIA ST,5353,KING STREET,KING STREET,PUBTT,Other,Greater than 10 Years,0,0,0,0,0.0
144.95687977757993,-37.81383885426411,9624,9031,16556,LONSDALE ST 30M BEFORE WILLIAM ST,INTERSECTION,Scheduled PubTpt Bus flow,LONSDALE ST 30M BEFORE WILLIAM ST,9999,Missing Data,LONSDALE STREET,PUBTT,Other,Greater than 10 Years,0,0,0,0,0.0
146.148713997682,-37.30096656779982,9642,9753,30596,JAMIESON-LICOLA RD W BD 2KM E OF MANSFIELD-WOODS POINT RD,MIDBLOCK,All Moves,JAMIESON-LICOLA RD 2KM E OF MANSFIELD-WOODS POINT RD,3241,JAMIESON-LICOLA ROAD,JAMIESON-LICOLA ROAD,APARX,Classification,Between 2 and 5 Years,2,2014,20,0,0.18
145.16705423144396,-38.259873706831854,9659,9524,31494,JONES RD N BD N OF MORNINGTON-TYABB RD,INTERSECTION,All Moves,JONES RD N OF MORNINGTON-TYABB RD,9999,Missing Data,JONES ROAD,APARX,Classification,Greater than 10 Years,15,2001,2200,0,0.0
145.50096952933117,-38.038277151474944,9660,9129,17528,ARMY RD AT LILLIPUT LN,INTERSECTION,Scheduled PubTpt Bus flow,ARMY RD AT LILLIPUT LN,9999,Missing Data,LILLIPUT LANE,PUBTT,Other,Greater than 10 Years,0,0,0,0,0.0
144.97189219188266,-37.77039749572371,9662,9256,6821,LYGON ST N OF GLENLYON RD,INTERSECTION,All Moves,GLENLYON RD & LYGON ST,9999,Missing Data,LYGON STREET,TMVMT,Manual,Greater than 10 Years,0,0,0,0,0.0
144.9681374727859,-37.79374569907441,9669,9257,7235,LYGON ST S BD LEFT TURN TO PRINCES ST OD:12,INTERSECTION,Incomplete Through,LYGON ST LEFT TURN TO PRINCES ST OD:12,9999,Missing Data,LYGON STREET,MOTSV,Manual,Greater than 10 Years,0,0,0,0,0.0
145.0550379044035,-37.899862900154574,9689,9761,31765,KOORNANG RD S OF OAKLEIGH RD DEPARTURE,INTERSECTION,All Moves,KOORNANG RD N OF OAKLEIGH RD DEPARTURE,9999,Missing Data,KOORNANG ROAD,TMVMT,Manual,Greater than 10 Years,0,0,0,0,0.0
145.0209490573202,-37.853762193420856,9701,9136,18095,KOOYONG RD 10M BEFORE MUNRO ST,INTERSECTION,Scheduled PubTpt Bus flow,KOOYONG RD 10M BEFORE MUNRO ST,9999,Missing Data,KOOYONG ROAD,PUBTT,Other,Greater than 10 Years,0,0,0,0,0.0
146.40018381202916,-38.20841279676042,9733,9672,31228,MORWELL-YALLOURN NORTH RD N BD 200M S OF OLD MELBOURNE RD @ 1.8KM FROM MORWELL,MIDBLOCK,All Moves,MORWELL-YALLOURN NORTH RD 200M S OF OLD MELBOURNE RD @ 1.8KM FROM MORWELL,5911,MORWELL-YALLOURN NORTH ROAD,LATROBE ROAD,APARX,Classification,Less than 2 Years,1,2015,820,50,0.06
145.08920969341125,-37.98417268756828,9752,9540,8064,LOWER DANDENONG RD 15M BEFORE ALLANDALE RD,INTERSECTION,Scheduled PubTpt Bus flow,LOWER DANDENONG RD 15M BEFORE ALLANDALE RD,2050,STATE (LOWER DANDENONG/CHELTENHAM) HIGHWAY,LOWER DANDENONG ROAD,PUBTT,Other,Greater than 10 Years,0,0,0,0,0.0
144.96377734998416,-37.829544274861824,9771,9544,33121,KINGS WAY NORTHBOU NW of YORK ST,INTERSECTION,Incomplete Through,KINGS WAY NORTHBOUND & YORK ST,2510,PRINCES HIGHWAY EAST,KINGS WAY,TMVMT,Manual,Greater than 10 Years,0,0,0,0,0.0
145.4823257771046,-38.168364900838405,9784,9777,33923,HEALESVILLE-KOO WEE RUP RD S OF BALLARTO RD,INTERSECTION,All Moves,BALLARTO RD & HEALESVILLE-KOO WEE RUP RD,5770,HEALESVILLE-KOO-WEE-RUP ROAD,KOO WEE RUP ROAD,TMVMT,Manual,Greater than 10 Years,0,0,0,0,0.0
145.23589801726976,-37.90295449475646,9795,9682,15019,KINGSTON PARK COURT E OF STUD RD,INTERSECTION,Not representative,STUD RD/CENTRE RD/KINGSTON PARK COURT,9999,Missing Data,KINGSTON PARK COURT ALT,SCATS,Scats,Greater than 10 Years,0,0,0,0,0.0
145.01252111613508,-37.89892320352632,9805,9280,20236,KOOYONG RD N BD N OF SHERIDAN GVE,INTERSECTION,All Moves,KOOYONG RD N OF SHERIDAN GVE,9999,Missing Data,KOOYONG ROAD,APARX,Classification,Greater than 10 Years,15,2001,8700,0,0.0
145.25953656276616,-38.049377341598166,9806,9154,7075,LYNBROOK BD NE OF SOUTH GIPPSLAND HWY,INTERSECTION,All Moves,LYNBROOK BD & SOUTH GIPPSLAND HWY,9999,Missing Data,LYNBROOK BOULEVARD,TMVMT,Manual,Greater than 10 Years,0,0,0,0,0.0
145.0550379044035,-37.899862900154574,9820,9783,33958,KOORNANG RD S OF LEILA RD DEPARTURE,INTERSECTION,All Moves,KOORNANG RD N OF LEILA RD DEPARTURE,9999,Missing Data,KOORNANG ROAD,TMVMT,Manual,Greater than 10 Years,0,0,0,0,0.0
145.1194252905593,-38.15133899938292,9836,9066,6581,KARS (EAST) ST 20M BEFORE WILLIAMS ST,INTERSECTION,Scheduled PubTpt Bus flow,KARS (EAST) ST 20M BEFORE WILLIAMS ST,9999,Missing Data,KARS STREET,PUBTT,Other,Greater than 10 Years,0,0,0,0,0.0
145.067248789943,-37.765254698541845,9862,9164,5819,LOWER HEIDELBERG RD SE OF CARLSBERG RD,INTERSECTION,All Moves,LOWER HEIDELBERG NR CARLSBERG RD,5762,MAIN HEIDELBERG-ELTHAM ROAD,LOWER HEIDELBERG ROAD,SCATS,Scats,Between 2 and 5 Years,5,2011,18000,0,0.0
144.98606901461707,-37.806593516529865,9927,9571,11856,SMITH ST S OF DAVID ST,INTERSECTION,Not representative,SMITH ST NR ST DAVID ST,9999,Missing Data,LANGRIDGE STREET,SCATS,Scats,Greater than 10 Years,0,0,0,0,0.0
145.89825088939153,-38.312505103062605,9931,9083,5662,KORUMBURRA-WARRAGUL RD N Bd S OF WILD DOG RD BEFORE SPEED ADVISORY SIGN,MIDBLOCK,All Moves,KORUMBURRA-WARRAGUL RD S OF WILD DOG RD BEFORE SPEED ADVISORY SIGN,5682,KORUMBURRA-WARRAGUL ROAD,KORUMBURRA-WARRAGUL ROAD,APARX,Classification,Between 2 and 5 Years,3,2013,310,30,0.1
145.0581433078137,-37.772679233062334,9935,9178,6863,LOWER HEIDELBERG RD 20M AFTER CARMICHAEL ST,INTERSECTION,Scheduled PubTpt Bus flow,LOWER HEIDELBERG RD 20M AFTER CARMICHAEL ST,5762,MAIN HEIDELBERG-ELTHAM ROAD,LOWER HEIDELBERG ROAD,PUBTT,Other,Greater than 10 Years,0,0,0,0,0.0
145.14282469771013,-37.99067390320852,9937,9085,6632,LOWER DANDENONG RD E of CENTRE DANDENONG RD,INTERSECTION,All Moves,CENTRE DANDENONG R & LWR DANDENONG RD,2050,STATE (LOWER DANDENONG/CHELTENHAM) HIGHWAY,LOWER DANDENONG ROAD,TMVMT,Manual,Greater than 10 Years,21,1995,25000,0,0.0
144.96927591742673,-37.78704119659377,9958,9581,32059,LYGON ST S OF MACPHERSON ST DEPARTURE,INTERSECTION,All Moves,LYGON ST N OF MACPHERSON ST DEPARTURE,9999,Missing Data,LYGON STREET,TMVMT,Manual,Greater than 10 Years,0,0,0,0,0.0
144.97146697817396,-37.77287429945338,9982,9100,10698,LYGON ST N of GLENLYON ST,INTERSECTION,All Moves,GLENLYON ST & LYGON ST,9999,Missing Data,LYGON STREET,TMVMT,Manual,Greater than 10 Years,31,1985,13000,560,0.04
143.85775979870382,-37.56195979987227,10000,9600,34257,LYDIARD ST S of STURT ST,INTERSECTION,All Moves,LYDIARD ST & STURT ST,9999,Missing Data,LYDIARD STREET,TMVMT,Manual,Greater than 10 Years,0,0,0,0,0.0
144.26122160099038,-36.7544272989736,14023,14210,30294,LODDON VALLEY HWY S BD 300M N OF CALDER HWY @ 1.5KM POST,MIDBLOCK,All Moves,LODDON VALLEY HWY 300M N OF CALDER HWY @ 1.5KM FROM BENDIGO,9999,Missing Data,LITTLE LANE,APARX,Classification,Greater than 10 Years,14,2002,5300,280,0.05
145.1660487010417,-37.85593939976566,14035,14215,32993,LAKESIDE DR S OF BURWOOD HWY,INTERSECTION,All Moves,BURWOOD HWY & LAKESIDE DR,9999,Missing Data,LAKESIDE DRIVE,TMVMT,Manual,Greater than 10 Years,0,0,0,0,0.0
144.80337381176966,-37.713265433163,14038,14620,30875,LADY NELSON WAY E BD 20 METRES W OF SUNSHINE AV,UNDEFINED,All Moves,LADY NELSON WAY 20 METRES W OF SUNSHINE AV,9999,Missing Data,LADY NELSON WAY,APARX,Classification,Greater than 10 Years,17,1999,2400,0,0.0
144.84960150267787,-37.72740119720648,14044,14219,32710,KEILOR PARK DR S BD S of ELY ST,INTERSECTION,All Moves,KEILOR PARK DR N OF ELY ST,5054,KEILOR PARK DRIVE,KEILOR PARK DRIVE,TMVMT,Manual,Greater than 10 Years,19,1997,16000,1300,0.08
145.10950711217572,-37.986646325020565,14047,14624,31083,LOWER DANDENONG_RD E OF BOUNDARY_RD,INTERSECTION,All Moves,BOUNDARY RD/LOWER DANDENONG RD,2050,STATE (LOWER DANDENONG/CHELTENHAM) HIGHWAY,LOWER DANDENONG ROAD,SCATS,Scats,Greater than 10 Years,11,2005,14000,0,0.0
144.9529267720251,-37.81034270310936,14050,14221,17542,KING ST NWB BTW DUDLEY ST & BATMAN ST,UNDEFINED,All Moves,KING ST NBTW DUDLEY ST & BATMAN ST,5041,KING STREET,KING STREET,MOTSV,Manual,Greater than 10 Years,0,0,0,0,0.0
145.0876313090751,-37.98398234476818,14053,14403,34336,LOWER DANDENONG RD E OF SOUTHERN RD,INTERSECTION,All Moves,LOWER DANDENONG RD/SOUTHERN RD,2050,STATE (LOWER DANDENONG/CHELTENHAM) HIGHWAY,LOWER DANDENONG ROAD,SCATS,Scats,Between 2 and 5 Years,4,2012,14000,0,0.0
145.18251550736488,-37.995528040918494,14079,14410,34119,KIRKHAM RD WEST E OF CHELTENHAM RD,INTERSECTION,All Moves,CHANDLER RD & CHELTENHAM RD,9999,Missing Data,KIRKHAM ROAD,TMVMT,Manual,Greater than 10 Years,17,1999,2000,250,0.13
144.87356780911517,-37.73067675759586,14085,14229,33167,KEILOR RD E of WOORITE PL,INTERSECTION,All Moves,MOORNA DR & WOORITE PL,9999,Missing Data,KEILOR ROAD,TMVMT,Manual,Greater than 10 Years,23,1993,4400,210,0.05
144.9590117638955,-37.84254377247568,14136,14241,33031,KERFERD RD SW of ALBERT RD,INTERSECTION,All Moves,ALBERT RD & CANTERBURY RD,9999,Missing Data,KERFERD ROAD,TMVMT,Manual,Greater than 10 Years,23,1993,9400,120,0.01
144.91641317201146,-37.82132662303811,14152,14244,9003,LORIMER ST E BD BTWN TODD RD & SALMON ST,INTERSECTION,Scheduled PubTpt Bus flow,LORIMER ST BTWN TODD RD & SALMON ST,5597,LORIMER STREET,LORIMER STREET,PUBTT,Other,Greater than 10 Years,0,0,0,0,0.0
145.50887539609414,-37.65653880073166,14160,14430,34779,LILYDALE RD 2WAY NW OF MAROONDAH HWY,INTERSECTION,All Moves,LILYDALE RD NW OF MAROONDAH HWY,9999,Missing Data,LILYDALE ROAD,APARX,Classification,Greater than 10 Years,0,0,0,0,0.0
144.9581035587628,-37.822124090573936,14185,14437,31149,KINGSWAY (HIGH LEVEL) S BD S OF QUEENSWHARF RD,INTERSECTION,All Moves,KINGSWAY (HIGH LEVEL) S OF QUEENSWHARF RD,2510,PRINCES HIGHWAY EAST,KINGS WAY,APARX,Classification,Greater than 10 Years,23,1993,29000,0,0.0
144.9627357781022,-37.82859611440125,14199,14842,31328,WEST GATE FWY OFF-RAMP S BD N OF KINGS WAY,INTERSECTION,Off Ramp,KINGS WAY THRU MVMNT TO KINGS WAY OD:42,7106,2510B 2820F,KINGS-WEST GATE OUT RAMP ON,MOTSV,Manual,Greater than 10 Years,23,1993,10000,1100,0.11
145.1356511812049,-37.77102353534882,14203,14664,8413,KING ST W BD BTWN VICTORIA ST & WILLIAMSONS RD,INTERSECTION,Scheduled PubTpt Bus flow,KING ST BTWN VICTORIA ST & WILLIAMSONS RD,5353,KING STREET,KING STREET,PUBTT,Other,Greater than 10 Years,0,0,0,0,0.0
145.10988511716567,-37.98669293706482,14205,14843,35010,LOWER DANDENONG RD E of BOUNDARY RD,INTERSECTION,All Moves,BOUNDARY RD & LOWER DANDENONG RD,2050,STATE (LOWER DANDENONG/CHELTENHAM) HIGHWAY,LOWER DANDENONG ROAD,TMVMT,Manual,Greater than 10 Years,22,1994,11000,0,0.0
144.92474160516224,-37.82076316995831,14208,14258,12545,LORIMER ST E BD BTWN SALMON ST & INGLES ST,INTERSECTION,Scheduled PubTpt Bus flow,LORIMER ST BTWN SALMON ST & INGLES ST,5597,LORIMER STREET,LORIMER STREET,PUBTT,Other,Greater than 10 Years,0,0,0,0,0.0
145.0691854358149,-37.75897320028625,14219,14668,9022,LOWER HEIDELBERG RD N BD BTWN BANKSIA ST & ROSANNA RD,INTERSECTION,Scheduled PubTpt Bus flow,LOWER HEIDELBERG RD BTWN BANKSIA ST & ROSANNA RD,2850,GREENSBOROUGH HIGHWAY,LOWER HEIDELBERG ROAD,PUBTT,Other,Greater than 10 Years,0,0,0,0,0.0
145.12585941474683,-37.7563289365714,14263,14857,9370,JAMES ST 20M AFTER MCLACHLAN ST,INTERSECTION,Scheduled PubTpt Bus flow,JAMES ST 20M AFTER MCLACHLAN ST,9999,Missing Data,JAMES STREET,PUBTT,Other,Greater than 10 Years,0,0,0,0,0.0
144.3442455030091,-38.18569619997261,14415,14905,30642,KIDMAN AV W OF SURF COAST HWY,INTERSECTION,All Moves,KIDMAN AV & SURF COAST HWY,9999,Missing Data,KIDMAN AVENUE,TMVMT,Manual,Greater than 10 Years,0,0,0,0,0.0
145.49118506548655,-38.09028462685407,14419,14906,29124,PRINCES FWY W BD OFF RAMP E OF KOO WEE RUP RD DEPARTURE,INTERSECTION,Off Ramp,KOO WEE RUP RD N OF PRINCES FWY RAMPS DEPARTURE,7584,5770B 2510F,KOO WEE RUP-PRINCES OUT RAMP ON,TMVMT,Manual,Greater than 10 Years,0,0,0,0,0.0
145.28486410054586,-37.78363988716324,14422,14706,32449,LINCOLN RD E OF CROYDON RD,INTERSECTION,All Moves,MAROONDAH HWY/CROYDON RD/LINCOLN RD/WARRIEN RD,9999,Missing Data,LINCOLN ROAD,SCATS,Scats,Between 2 and 5 Years,4,2012,4200,0,0.0
146.2554714796072,-38.17839685974251,14435,14709,30279,MOE-GLENGARRY RD W BD 50M E OF WIRRAWAY ST @ 1.0KM FROM MOE,MIDBLOCK,All Moves,MOE-GLENGARRY RD 50M E OF WIRRAWAY ST @ 1.0KM FROM MOE,5539,MOE-GLENGARRY ROAD,LLOYD STREET,APARX,Classification,Greater than 10 Years,18,1998,2700,130,0.05
145.21413405628363,-37.98542959718168,14467,14317,34061,LONSDALE ST S OF PRINCES HWY,INTERSECTION,All Moves,CLOW ST & PRINCES HWY,2510,PRINCES HIGHWAY EAST,LONSDALE STREET,TMVMT,Manual,Greater than 10 Years,17,1999,18000,0,0.0
142.18654580606153,-34.303447396795896,14480,14319,33172,CALDER HWY S of FITZROY AVE,INTERSECTION,All Moves,CALDER HWY & FITZROY AVE,2530,CALDER HIGHWAY,JACARANDA STREET,TMVMT,Manual,Greater than 10 Years,23,1993,3500,230,0.06
144.93320082521555,-37.82215483620379,14488,14012,10005,LORIMER ST 25M AFTER INGLES ST,INTERSECTION,Scheduled PubTpt Bus flow,LORIMER ST 25M AFTER INGLES ST,5597,LORIMER STREET,LORIMER STREET,PUBTT,Other,Greater than 10 Years,0,0,0,0,0.0
145.05171411201863,-37.72719949287935,14522,14518,31453,KINGSBURY DR E OF WATERDALE RD,INTERSECTION,Left Missing,KINGSBURY DR/WATERDALE RD,5740,KINGSBURY DRIVE,KINGSBURY DRIVE,SCATS,Scats,Between 5 and 10 Years,9,2007,7200,0,0.0
144.78672181698784,-37.84506046971179,14536,14927,29088,OLD GEELONG SW OF FITZGERALD RD DEPARTURE,INTERSECTION,All Moves,FITZGERALD RD N OF OLD GEELONG DEPARTURE,7019,5833B 2500F,KOROROIT CREEK-PRINCES OUT RAMP ON,TMVMT,Manual,Greater than 10 Years,0,0,0,0,0.0
144.3442455030091,-38.18569619997261,14564,14525,33015,KIDMAN AVE W of TORQUAY RD,INTERSECTION,All Moves,KIDMAN AVE & TORQUAY RD,9999,Missing Data,KIDMAN AVENUE,TMVMT,Manual,Greater than 10 Years,25,1991,970,0,0.0
144.97488369837333,-37.79795280666437,14565,14025,32422,NICHOLSON ST S OF ALEXANDRA PDE,INTERSECTION,All Moves,ALEXANDRA PDE & NICHOLSON ST & PRINCES ST,5853,JOHNSTON STREET,JOHNSTON STREET,TMVMT,Manual,Greater than 10 Years,0,0,0,0,0.0
144.96041792398944,-37.82567079131413,14598,14338,33043,KINGS WAY ACCESS SE of CITY RD,INTERSECTION,All Moves,CITY RD & QUEENSBRIDGE ST,9999,Missing Data,KINGS WAY,TMVMT,Manual,Greater than 10 Years,0,0,0,0,0.0
144.97622291555416,-37.84902728818391,14628,14343,17199,LAKESIDE DR L-TURN TO QUEENS RD NW,UNDEFINED,Incomplete Through,LAKESIDE DR L-TURN TO QUEENS RD NW,9999,Missing Data,LAKESIDE DRIVE,MOTSV,Manual,Greater than 10 Years,0,0,0,0,0.0
144.97875932653776,-37.85449240279116,14631,14132,30319,QUEENS RD DR N BD N OF AUGHTIE DR - CITY BOUND LANE,INTERSECTION,All Moves,QUEENS RD DR N OF AUGHTIE DR - CITY BOUND LANE,9999,Missing Data,LAKESIDE DRIVE,APARX,Classification,Greater than 10 Years,23,1993,3200,0,0.0
144.96149763226305,-37.827188480083954,14655,14136,30099,KINGS WAY SEBD NW OF WESTGATE FWY,INTERSECTION,All Moves,KINGS WAY NW OF WESTGATE FWY,2510,PRINCES HIGHWAY EAST,KINGS WAY,APARX,Classification,Greater than 10 Years,22,1994,33000,0,0.0
144.85348969653947,-37.73989568798483,14662,14137,33369,KEILOR PARK DR E BD E OF WESTERN RING RD,INTERSECTION,All Moves,WESTERN RING RD N OF KEILOR PARK DR,5054,KEILOR PARK DRIVE,KEILOR PARK DRIVE,TMVMT,Manual,Greater than 10 Years,19,1997,13000,370,0.03
145.19154381270653,-37.8936422952936,14668,14349,9982,JELLS RD 20M BEFORE STRICKLAND DR,INTERSECTION,Scheduled PubTpt Bus flow,JELLS RD 20M BEFORE STRICKLAND DR,5308,JELLS ROAD,JELLS ROAD,PUBTT,Other,Greater than 10 Years,0,0,0,0,0.0
145.24839847643344,-37.87210469362642,14674,14545,31142,LEWIS RD SWBD NE OF BURWOOD HWY,UNDEFINED,All Moves,LEWIS RD NNE OF BURWOOD HWY,9999,Missing Data,LEWIS ROAD,APARX,Classification,Greater than 10 Years,24,1992,4900,0,0.0
145.16229619939452,-37.77497529250006,14719,14757,12395,KING ST 45M AFTER NEDLANDS CT,INTERSECTION,Scheduled PubTpt Bus flow,KING ST 45M AFTER NEDLANDS CT,5353,KING STREET,KING STREET,PUBTT,Other,Greater than 10 Years,0,0,0,0,0.0
144.92422836186896,-37.76424794020832,14758,14364,9934,KELLAWAY AV 30M AFTER MT ALEXANDER RD,INTERSECTION,Scheduled PubTpt Bus flow,KELLAWAY AV 30M AFTER MT ALEXANDER RD,5598,KELLAWAY AVENUE,KELLAWAY AVENUE,PUBTT,Other,Greater than 10 Years,0,0,0,0,0.0
145.15426139580507,-37.77398818727234,14825,14572,9717,KING ST 50M OPP TUCKERS RD,INTERSECTION,Scheduled PubTpt Bus flow,KING ST 50M OPP TUCKERS RD,5353,KING STREET,KING STREET,PUBTT,Other,Greater than 10 Years,0,0,0,0,0.0
145.0123209466653,-37.89996979230799,14834,14071,9040,KOOYONG RD AT NORTH RD,INTERSECTION,Scheduled PubTpt Bus flow,KOOYONG RD AT NORTH RD,9999,Missing Data,KOOYONG ROAD,PUBTT,Other,Greater than 10 Years,0,0,0,0,0.0
144.90732527771027,-37.78306297450319,14862,14076,9374,LANGS RD 10M BEFORE ANDERSON ST,INTERSECTION,Scheduled PubTpt Bus flow,LANGS RD 10M BEFORE ANDERSON ST,5600,LANGS ROAD,LANGS ROAD,PUBTT,Other,Greater than 10 Years,0,0,0,0,0.0
144.90771358871626,-37.782835190622095,14943,14090,8187,LANGS RD 15M BEFORE CHAUVEL ST,INTERSECTION,Scheduled PubTpt Bus flow,LANGS RD 15M BEFORE CHAUVEL ST,5600,LANGS ROAD,LANGS ROAD,PUBTT,Other,Greater than 10 Years,0,0,0,0,0.0
144.82284405676825,-37.8227509611642,14947,14185,9735,LITTLE BOUNDARY RD 250M BEFORE GEELONG RD,INTERSECTION,Scheduled PubTpt Bus flow,LITTLE BOUNDARY RD 250M BEFORE GEELONG RD,5448,LITTLE BOUNDARY ROAD,LITTLE BOUNDARY ROAD,PUBTT,Other,Greater than 10 Years,0,0,0,0,0.0
145.0124905457688,-37.899082993973245,14976,14597,8440,KOOYONG RD AT GARDENVALE RD,INTERSECTION,Scheduled PubTpt Bus flow,KOOYONG RD AT GARDENVALE RD,9999,Missing Data,KOOYONG ROAD,PUBTT,Other,Greater than 10 Years,0,0,0,0,0.0
145.4029393026009,-37.723373986829365,14984,14097,32150,KILLARA RD W BD E OF BROADIES RD,INTERSECTION,All Moves,KILLARA RD E OF BROADIES RD,9999,Missing Data,KILLARA ROAD,APARX,Classification,Greater than 10 Years,15,2001,690,0,0.0
144.92398480450052,-37.82077209945064,13004,13104,19909,LORIMER ST E BD W OF HALL ST,INTERSECTION,All Moves,LORIMER ST W OF HALL ST,5597,LORIMER STREET,LORIMER STREET,APARX,Classification,Greater than 10 Years,13,2003,4200,0,0.0
145.12836466960275,-37.81978510207232,13016,13112,40315,LINSLEY_ST S of MAROONDAH_HWY,INTERSECTION,All Moves,WHITEHORSE RD/LINSLEY ST,9999,Missing Data,LINSLEY STREET,SCATS,Scats,Greater than 10 Years,18,1998,1300,0,0.0
144.84605653504047,-37.85036563183549,13044,13310,18567,KOROROIT CREEK RD E BD E OF MILLERS RD,INTERSECTION,All Moves,KOROROIT CREEK RD E OF MILLERS RD,5833,KOROROIT CREEK ROAD,KOROROIT CREEK ROAD,APARX,Classification,Greater than 10 Years,15,2001,12000,0,0.0
145.03897399440615,-37.76746047983384,13068,13125,15948,LIVINGSTONE ST AT WALLACE ST,INTERSECTION,Scheduled PubTpt Bus flow,LIVINGSTONE ST AT WALLACE ST,5745,LIVINGSTONE STREET,LIVINGSTONE STREET,PUBTT,Other,Greater than 10 Years,0,0,0,0,0.0
144.78939790495195,-37.844921089004366,13080,13318,40505,KOROROIT CREEK RD E of PRINCES FWY OFF RA,INTERSECTION,All Moves,KOROROIT CREEK RD & PRINCES FWY OFF RA,5833,KOROROIT CREEK ROAD,KOROROIT CREEK ROAD,TMVMT,Manual,Greater than 10 Years,20,1996,9800,0,0.0
145.2907775291468,-37.78617167230544,13097,13132,41966,LINCOLN RD NWBD SE OF JAMES RD,INTERSECTION,All Moves,LINCOLN RD SSE OF JAMES RD,9999,Missing Data,LINCOLN ROAD,APARX,Classification,Greater than 10 Years,15,2001,4700,0,0.0
145.1517165117465,-37.77367882450351,13112,13927,8756,KING ST W BD BTWN BLACKBURN RD & VICTORIA ST,INTERSECTION,Scheduled PubTpt Bus flow,KING ST BTWN BLACKBURN RD & VICTORIA ST,5353,KING STREET,KING STREET,PUBTT,Other,Greater than 10 Years,0,0,0,0,0.0
145.29429830486683,-38.09864885739486,13121,13930,31271,LINSELL BLVD E OF NARRE WARREN-CRANBOURNE RD,INTERSECTION,All Moves,NARRE WARREN-CRANBOURNE RD/LINSELL BLVD,9999,Missing Data,LINSELL BOULEVARD,SCATS,Scats,Greater than 10 Years,0,0,0,0,0.0
144.9729766673007,-37.76438429980356,13124,13027,32087,LYGON ST S OF ALBION ST,INTERSECTION,All Moves,ALBION ST & HOLMES ST & LYGON ST,9999,Missing Data,LYGON STREET,TMVMT,Manual,Greater than 10 Years,0,0,0,0,0.0
142.9358580078492,-37.28907747156462,13125,13138,37036,KING ST ARARAT 2 WAY S OF MOORE ST,MIDBLOCK,All Moves,KING ST ARARAT 2 WAY S OF MOORE ST,9999,Missing Data,KING STREET,APARX,Classification,Greater than 10 Years,23,1993,1700,290,0.17
145.0413792372164,-37.920490702595295,13140,13936,31436,JASPER RD S OF CENTRE RD,INTERSECTION,All Moves,CENTRE RD & JASPER RD,5847,JASPER ROAD,JASPER ROAD,TMVMT,Manual,Greater than 10 Years,0,0,0,0,0.0
145.22939748477475,-37.72990358868372,13145,13142,15946,KANGAROO GROUND-WARRANDYTE RD N BD BTWN RESEARCH-WARRANDYTE RD & ELTHAM-YARRA GL,INTERSECTION,Scheduled PubTpt Bus flow,KANGAROO GROUND-WARRANDYTE RD BTWN RESEARCH-WARRANDYTE RD & ELTHAM-YARRA GL,5810,WARRANDYTE-KANGAROO GROUND ROAD,KANGAROO GROUND-WARRANDYTE ROAD,PUBTT,Other,Greater than 10 Years,0,0,0,0,0.0
145.31632995929658,-37.813839597908874,13159,13035,19870,LIVERPOOL RD N BD S OF PARAMOUNT AV,INTERSECTION,All Moves,LIVERPOOL RD S OF PARAMOUNT AV,9999,Missing Data,LIVERPOOL ROAD,APARX,Classification,Greater than 10 Years,15,2001,5800,0,0.0
145.16705423144396,-38.259873706831854,13184,13947,41623,JONES RD S BD N OF MORNINGTON-TYABB RD,INTERSECTION,All Moves,JONES RD N OF MORNINGTON-TYABB RD,9999,Missing Data,JONES ROAD,APARX,Classification,Greater than 10 Years,15,2001,2300,0,0.0
145.00602051214344,-37.664394865066924,13198,13951,41959,KINGSWAY DR W BD E OF EDGARS RD,INTERSECTION,All Moves,KINGSWAY DR E OF EDGARS RD,9999,Missing Data,KINGSWAY DRIVE,APARX,Classification,Greater than 10 Years,15,2001,9200,0,0.0
144.92249488190575,-37.79712008597637,13244,13963,16378,KENSINGTON RD 50M AFTER MERCANTILE PDE,INTERSECTION,Scheduled PubTpt Bus flow,KENSINGTON RD 50M AFTER MERCANTILE PDE,9999,Missing Data,KENSINGTON ROAD,PUBTT,Other,Greater than 10 Years,0,0,0,0,0.0
145.25604394935596,-37.792516312100254,13258,13364,10139,KALINDA RD S BD BTWN PLYMOUTH RD & WHITEHORSE RD,INTERSECTION,Scheduled PubTpt Bus flow,KALINDA RD BTWN PLYMOUTH RD & WHITEHORSE RD,9999,Missing Data,KALINDA ROAD,PUBTT,Other,Greater than 10 Years,0,0,0,0,0.0
144.92414840680783,-37.796167611758285,13268,13969,12613,KENSINGTON RD 50M AFTER ALTONA ST,INTERSECTION,Scheduled PubTpt Bus flow,KENSINGTON RD 50M AFTER ALTONA ST,9999,Missing Data,KENSINGTON ROAD,PUBTT,Other,Greater than 10 Years,0,0,0,0,0.0
145.25609379621724,-37.792677802844025,13271,13063,10128,KALINDA RD N BD BTWN WHITEHORSE RD & PLYMOUTH RD,INTERSECTION,Scheduled PubTpt Bus flow,KALINDA RD BTWN WHITEHORSE RD & PLYMOUTH RD,9999,Missing Data,KALINDA ROAD,PUBTT,Other,Greater than 10 Years,0,0,0,0,0.0
144.87702201313536,-37.73159346948873,13288,13068,13694,KEILOR RD 20M BEFORE HANSON ST,UNDEFINED,Scheduled PubTpt Bus flow,KEILOR RD 20M BEFORE HANSON ST,9999,Missing Data,KEILOR ROAD,PUBTT,Other,Greater than 10 Years,0,0,0,0,0.0
144.92056492907463,-37.79823172510204,13312,13376,10095,KENSINGTON RD 30M BEFORE CHILDERS ST,INTERSECTION,Scheduled PubTpt Bus flow,KENSINGTON RD 30M BEFORE CHILDERS ST,9999,Missing Data,KENSINGTON ROAD,PUBTT,Other,Greater than 10 Years,0,0,0,0,0.0
144.91673997435203,-37.80043467835967,13319,13076,10184,KENSINGTON RD NEBD BTWN DYNON RD & EPSOM RD,INTERSECTION,Scheduled PubTpt Bus flow,KENSINGTON RD NBTWN DYNON RD & EPSOM RD,9999,Missing Data,KENSINGTON ROAD,PUBTT,Other,Greater than 10 Years,0,0,0,0,0.0
144.76120434796263,-37.50189060314095,13401,13201,35457,MELBOURNE-LANCEFIELD RD NB 300M S OF KONAGADERRA RD AT 42.8KM,MIDBLOCK,All Moves,MELBOURNE-LANCEFIELD RD 300M S OF KONAGADERRA RD AT 42.8KM,5821,MELBOURNE-LANCEFIELD ROAD,LANCEFIELD ROAD,APARX,Classification,Less than 2 Years,1,2015,2700,120,0.05
145.13230300874417,-37.98944685327491,13402,13202,18159,LOWER DANDENONG RD E BD E OF CASSAVA CRT,INTERSECTION,All Moves,LOWER DANDENONG RD E OF CASSAVA CRT,2050,STATE (LOWER DANDENONG/CHELTENHAM) HIGHWAY,LOWER DANDENONG ROAD,APARX,Classification,Greater than 10 Years,22,1994,12000,0,0.0
145.12039560300443,-37.76841353211484,13436,13609,8161,LYNNWOOD PDE 20M BEFORE CONIFER PL,INTERSECTION,Scheduled PubTpt Bus flow,LYNNWOOD PDE 20M BEFORE CONIFER PL,9999,Missing Data,LYNNWOOD PARADE,PUBTT,Other,Greater than 10 Years,0,0,0,0,0.0
145.17543038680668,-37.994499301191325,13439,13610,32435,PERRY RD S OF CHELTENHAM RD DEPARTURE,INTERSECTION,All Moves,KINGSCLERE AV CHELTENHAM RD & PERRY RD DEP,9999,Missing Data,KINGSCLERE AVENUE,TMVMT,Manual,Between 2 and 5 Years,3,2013,9200,300,0.03
144.96779317724764,-37.83353809192426,13446,13711,31758,KINGS WAY SE BD BTWN PARK ST AND ALBERT RD,INTERSECTION,All Moves,SITE_NO: 46||SITE DESC: KINGS WAY BTWN PARK ST AND ALBERT RD,2510,PRINCES HIGHWAY EAST,KINGS WAY,MOTSV,Manual,Greater than 10 Years,0,0,0,0,0.0
145.11472271374564,-37.98728933555376,13458,13617,33661,LOWER DANDENONG RD W OF WOODLANDS DR DEPARTURE,INTERSECTION,All Moves,LOWER DANDENONG RD E OF WOODLANDS DR DEPARTURE,2050,STATE (LOWER DANDENONG/CHELTENHAM) HIGHWAY,LOWER DANDENONG ROAD,TMVMT,Manual,Greater than 10 Years,0,0,0,0,0.0
144.96936352459517,-37.83431557671148,13471,13621,30820,KINGS WAY NW BD BTWN PARK ST AND ALBERT RD,INTERSECTION,All Moves,SITE_NO: 46||SITE DESC: KINGS WAY BTWN PARK ST AND ALBERT RD,2510,PRINCES HIGHWAY EAST,KINGS WAY,MOTSV,Manual,Greater than 10 Years,0,0,0,0,0.0
145.22300903306095,-37.713750369064606,13492,13239,15425,KANGAROO GROUND-WARRANDYTE RD 5M BEFORE CHASE VIEW CT,INTERSECTION,Scheduled PubTpt Bus flow,KANGAROO GROUND-WARRANDYTE RD 5M BEFORE CHASE VIEW CT,5810,WARRANDYTE-KANGAROO GROUND ROAD,KANGAROO GROUND-WARRANDYTE ROAD,PUBTT,Other,Greater than 10 Years,0,0,0,0,0.0
144.9218294919936,-38.35176660948345,13496,13727,30817,LONSDALE ST S OF POINT NEPEAN RD,INTERSECTION,All Moves,POINT NEPEAN RD/LONSDALE ST,5997,LONSDALE STREET,LONSDALE STREET,SCATS,Scats,Between 2 and 5 Years,5,2011,3000,0,0.0
145.2907775291468,-37.78617167230544,13508,13634,19518,LINCOLN RD SEBD SE OF JAMES RD,INTERSECTION,All Moves,LINCOLN RD SSE OF JAMES RD,9999,Missing Data,LINCOLN ROAD,APARX,Classification,Greater than 10 Years,15,2001,4200,0,0.0
144.95371456822787,-37.81252453283455,13510,13731,43010,LA TROBE ST SW OF KING ST,INTERSECTION,All Moves,KING ST/LA TROBE ST,9999,Missing Data,LA TROBE STREET,SCATS,Scats,Between 5 and 10 Years,8,2008,7300,0,0.0
144.82371008887839,-37.823682395222235,13517,13734,36411,LITTLE BOUNDARY RD NWBD NW of PRINCES HWY,INTERSECTION,All Moves,PRINCES HWY NNE OF LITTLE BOUNDARY RD,5448,LITTLE BOUNDARY ROAD,LITTLE BOUNDARY ROAD,TMVMT,Manual,Greater than 10 Years,19,1997,11000,1900,0.17
144.84955598007667,-37.72672169501321,13520,13735,18979,KEILOR PARK DR N BD S OF CALDER FWY,INTERSECTION,All Moves,KEILOR PARK DR S OF CALDER FWY,5054,KEILOR PARK DRIVE,KEILOR PARK DRIVE,APARX,Classification,Greater than 10 Years,21,1995,21000,0,0.0
144.88834753800015,-37.73574214847593,13526,13737,42487,KEILOR RD SEBD NW OF MATTHEWS AV,INTERSECTION,All Moves,KEILOR RD NW OF MATTHEWS AV,5592,KEILOR ROAD,KEILOR ROAD,APARX,Classification,Greater than 10 Years,15,2001,11000,0,0.0
147.15891252361104,-36.73572528467621,13562,13503,18590,BOGONG HIGH PLAINS RD E BD 1.1KM EAST OF TAWONGA CRESENT @ 3.0KM FROM MOUNT BEA,MIDBLOCK,All Moves,BOGONG HIGH PLAINS RD 1.1KM EAST OF TAWONGA CRESENT @ 3.0KM FROM MOUNT BEA,2790,KIEWA VALLEY HIGHWAY,KIEWA VALLEY HIGHWAY,APARX,Classification,Between 2 and 5 Years,2,2014,450,40,0.11
145.48776058870916,-38.143497102878506,13572,13404,40283,HEALESVILLE-KOO-WEE-RUP RD N BD N OF BALLARTO RD,INTERSECTION,All Moves,HEALESVILLE-KOO-WEE-RUP RD N OF BALLARTO RD,5770,HEALESVILLE-KOO-WEE-RUP ROAD,KOO WEE RUP ROAD,APARX,Classification,Greater than 10 Years,16,2000,2100,0,0.0
145.21592620464412,-37.695415445673646,13590,13266,16411,KANGAROO GROUND-WARRANDYTE RD AT ELTHAM-YARRA GLEN RD,INTERSECTION,Scheduled PubTpt Bus flow,KANGAROO GROUND-WARRANDYTE RD AT ELTHAM-YARRA GLEN RD,5810,WARRANDYTE-KANGAROO GROUND ROAD,KANGAROO GROUND-WARRANDYTE ROAD,PUBTT,Other,Greater than 10 Years,0,0,0,0,0.0
145.03611640333773,-37.76715270246919,13645,13662,15459,LIVINGSTONE ST 35M AFTER SHAW ST,INTERSECTION,Scheduled PubTpt Bus flow,LIVINGSTONE ST 35M AFTER SHAW ST,5745,LIVINGSTONE STREET,LIVINGSTONE STREET,PUBTT,Other,Greater than 10 Years,0,0,0,0,0.0
144.92744478857935,-37.794268993652274,13649,13417,42633,KENSINGTON RD SW OF EPSOM RD,INTERSECTION,All Moves,MACAULAY RD/EPSOM RD/KENSINGTON RD,9999,Missing Data,KENSINGTON ROAD,SCATS,Scats,Greater than 10 Years,19,1997,5200,0,0.0
144.87439820689457,-37.856351342028056,13661,13419,19763,KOROROIT CREEK RD E BD E OF WALTER ST,INTERSECTION,All Moves,KOROROIT CREEK RD E OF WALTER ST,5833,KOROROIT CREEK ROAD,KOROROIT CREEK ROAD,APARX,Classification,Greater than 10 Years,13,2003,10000,0,0.0
144.88841120571243,-37.73576749076195,13681,13668,17380,KEILOR RD 30M BEFORE MATTHEWS AVE,INTERSECTION,Scheduled PubTpt Bus flow,KEILOR RD 30M BEFORE MATTHEWS AVE,5592,KEILOR ROAD,KEILOR ROAD,PUBTT,Other,Greater than 10 Years,0,0,0,0,0.0
145.3096203336152,-37.76038500346936,13685,13423,40023,KIMBERLEY DR NW OF MAROONDAH HWY,INTERSECTION,All Moves,KIMBERLEY DR & MAROONDAH HWY & SHEEP RD,9999,Missing Data,KIMBERLEY DRIVE,TMVMT,Manual,Greater than 10 Years,0,0,0,0,0.0
145.08613800863975,-37.98380226309634,13694,13827,12319,LOWER DANDENONG RD 50M OPP IVY ST,INTERSECTION,Scheduled PubTpt Bus flow,LOWER DANDENONG RD 50M OPP IVY ST,2050,STATE (LOWER DANDENONG/CHELTENHAM) HIGHWAY,LOWER DANDENONG ROAD,PUBTT,Other,Greater than 10 Years,0,0,0,0,0.0
145.22499819202042,-37.70699118792608,13702,13527,13723,KANGAROO GROUND-WARRANDYTE RD 15M AFTER YEOMANS RD,INTERSECTION,Scheduled PubTpt Bus flow,KANGAROO GROUND-WARRANDYTE RD 15M AFTER YEOMANS RD,5810,WARRANDYTE-KANGAROO GROUND ROAD,KANGAROO GROUND-WARRANDYTE ROAD,PUBTT,Other,Greater than 10 Years,0,0,0,0,0.0
144.91671738579467,-37.800447691282955,13705,13284,15931,KENSINGTON RD SWBD BTWN EPSOM RD & DYNON RD,INTERSECTION,Scheduled PubTpt Bus flow,KENSINGTON RD SBTWN EPSOM RD & DYNON RD,9999,Missing Data,KENSINGTON ROAD,PUBTT,Other,Greater than 10 Years,0,0,0,0,0.0
144.92504367173512,-37.795652075136864,13709,13427,9756,KENSINGTON RD 20M AFTER CAIRNCROSS LN,INTERSECTION,Scheduled PubTpt Bus flow,KENSINGTON RD 20M AFTER CAIRNCROSS LN,9999,Missing Data,KENSINGTON ROAD,PUBTT,Other,Greater than 10 Years,0,0,0,0,0.0
144.9135728365871,-37.68371068043373,13713,13770,9572,JOHNSTONE ST AT PEARCEDALE PDE,INTERSECTION,Scheduled PubTpt Bus flow,JOHNSTONE ST AT PEARCEDALE PDE,5873,BROADMEADOWS-TULLAMARINE ROAD,JOHNSTONE STREET,PUBTT,Other,Greater than 10 Years,0,0,0,0,0.0
145.12310209633648,-37.76907218856815,13729,13833,15343,LYNNWOOD PDE 20M BEFORE BLUEGUM CL,INTERSECTION,Scheduled PubTpt Bus flow,LYNNWOOD PDE 20M BEFORE BLUEGUM CL,9999,Missing Data,LYNNWOOD PARADE,PUBTT,Other,Greater than 10 Years,0,0,0,0,0.0
145.22717740851428,-37.723056885845054,13740,13432,12625,KANGAROO GROUND-WARRANDYTE RD 5M AFTER BLOOMS RD,INTERSECTION,Scheduled PubTpt Bus flow,KANGAROO GROUND-WARRANDYTE RD 5M AFTER BLOOMS RD,5810,WARRANDYTE-KANGAROO GROUND ROAD,KANGAROO GROUND-WARRANDYTE ROAD,PUBTT,Other,Greater than 10 Years,0,0,0,0,0.0
145.8096760353365,-38.41247080959765,13765,13436,37644,KORUMBURRA-WARRAGUL RD S Bd S OF KORUMBURRA GOLF CLUB ENTRY,MIDBLOCK,All Moves,KORUMBURRA-WARRAGUL RD S OF KORUMBURRA GOLF CLUB ENTRY,5682,KORUMBURRA-WARRAGUL ROAD,KORUMBURRA-WARRAGUL ROAD,APARX,Classification,Between 2 and 5 Years,3,2013,770,90,0.12
144.91920475004855,-37.79901514637456,13766,13293,10334,KENSINGTON RD NEBD BTWN DYNON RD & EPSOM RD,INTERSECTION,Scheduled PubTpt Bus flow,KENSINGTON RD NBTWN DYNON RD & EPSOM RD,9999,Missing Data,KENSINGTON ROAD,PUBTT,Other,Greater than 10 Years,0,0,0,0,0.0
145.08592198409937,-37.731417278264566,13772,13780,14087,LOWER PLENTY RD 50M AFTER CREW ST,INTERSECTION,Scheduled PubTpt Bus flow,LOWER PLENTY RD 50M AFTER CREW ST,5762,MAIN HEIDELBERG-ELTHAM ROAD,LOWER PLENTY ROAD,PUBTT,Other,Greater than 10 Years,0,0,0,0,0.0
145.0422041123173,-37.76780391921135,13779,13841,15809,LIVINGSTONE ST 45M AFTER WATERDALE RD,INTERSECTION,Scheduled PubTpt Bus flow,LIVINGSTONE ST 45M AFTER WATERDALE RD,5745,LIVINGSTONE STREET,LIVINGSTONE STREET,PUBTT,Other,Greater than 10 Years,0,0,0,0,0.0
145.22581718137917,-37.71680840313413,13844,13451,11795,KANGAROO GROUND-WARRANDYTE RD AT PIGEON BANK RD,INTERSECTION,Scheduled PubTpt Bus flow,KANGAROO GROUND-WARRANDYTE RD AT PIGEON BANK RD,5810,WARRANDYTE-KANGAROO GROUND ROAD,KANGAROO GROUND-WARRANDYTE ROAD,PUBTT,Other,Greater than 10 Years,0,0,0,0,0.0
145.18982388231518,-37.90305580029201,13866,13857,11767,JELLS RD 15M AFTER PETRONELLA AVE,INTERSECTION,Scheduled PubTpt Bus flow,JELLS RD 15M AFTER PETRONELLA AVE,5308,JELLS ROAD,JELLS ROAD,PUBTT,Other,Greater than 10 Years,0,0,0,0,0.0
144.88849531745925,-37.735800970344485,13872,13559,10294,KEILOR RD 30M AFTER MATTHEWS AVE,INTERSECTION,Scheduled PubTpt Bus flow,KEILOR RD 30M AFTER MATTHEWS AVE,5592,KEILOR ROAD,KEILOR ROAD,PUBTT,Other,Greater than 10 Years,0,0,0,0,0.0
145.2554777272241,-37.79084269289103,13878,13459,14950,KALINDA RD 15M AFTER CHESNEY DR,INTERSECTION,Scheduled PubTpt Bus flow,KALINDA RD 15M AFTER CHESNEY DR,9999,Missing Data,KALINDA ROAD,PUBTT,Other,Greater than 10 Years,0,0,0,0,0.0
145.25679611375554,-37.794844999971005,13899,13867,17957,KALINDA RD 20M BEFORE MAROONDAH HWY,INTERSECTION,Scheduled PubTpt Bus flow,KALINDA RD 20M BEFORE MAROONDAH HWY,9999,Missing Data,KALINDA ROAD,PUBTT,Other,Greater than 10 Years,0,0,0,0,0.0
144.91849139867497,-37.82102551406058,13946,13583,12443,LORIMER ST W BD BTWN SALMON ST & TODD RD,INTERSECTION,Scheduled PubTpt Bus flow,LORIMER ST BTWN SALMON ST & TODD RD,5597,LORIMER STREET,LORIMER STREET,PUBTT,Other,Greater than 10 Years,0,0,0,0,0.0
144.9030811352549,-37.74165815173005,13948,13884,15472,KEILOR RD AT GILLIES ST,INTERSECTION,Scheduled PubTpt Bus flow,KEILOR RD AT GILLIES ST,5592,KEILOR ROAD,KEILOR ROAD,PUBTT,Other,Greater than 10 Years,0,0,0,0,0.0
145.22403362126383,-37.69791718953864,13959,13587,10365,KANGAROO GROUND-WARRANDYTE RD S BD BTWN ELTHAM-YARRA GLEN RD & RESEARCH-WARRANDY,INTERSECTION,Scheduled PubTpt Bus flow,KANGAROO GROUND-WARRANDYTE RD BTWN ELTHAM-YARRA GLEN RD & RESEARCH-WARRANDY,5810,WARRANDYTE-KANGAROO GROUND ROAD,KANGAROO GROUND-WARRANDYTE ROAD,PUBTT,Other,Greater than 10 Years,0,0,0,0,0.0
144.91328348988785,-37.82195495956824,13976,13893,17370,LORIMER ST W BD BTWN SALMON ST & TODD RD,INTERSECTION,Scheduled PubTpt Bus flow,LORIMER ST BTWN SALMON ST & TODD RD,5597,LORIMER STREET,LORIMER STREET,PUBTT,Other,Greater than 10 Years,0,0,0,0,0.0
145.08577679767762,-37.73146190237934,13991,13497,14942,LOWER PLENTY RD AT CREW ST,INTERSECTION,Scheduled PubTpt Bus flow,LOWER PLENTY RD AT CREW ST,5762,MAIN HEIDELBERG-ELTHAM ROAD,LOWER PLENTY ROAD,PUBTT,Other,Greater than 10 Years,0,0,0,0,0.0
144.92997772839362,-37.82147804063951,13995,13599,8808,LORIMER ST 30M AFTER GRAHAM ST,INTERSECTION,Scheduled PubTpt Bus flow,LORIMER ST 30M AFTER GRAHAM ST,5597,LORIMER STREET,LORIMER STREET,PUBTT,Other,Greater than 10 Years,0,0,0,0,0.0
144.9476055731491,-37.83453160673087,4005,4902,5002,CROCKFORD ST NE of INGLES ST,INTERSECTION,All Moves,CROCKFORD ST & INGLES ST,9999,Missing Data,INGLES STREET,TMVMT,Manual,Greater than 10 Years,29,1987,8000,0,0.0
144.8495564572884,-37.72665859597334,4015,4304,6624,KEILOR PARK DR N BD N of 0LD CALDER HWY,INTERSECTION,All Moves,KEILOR PARK DR N OF 0LD CALDER HWY,5054,KEILOR PARK DRIVE,KEILOR PARK DRIVE,TMVMT,Manual,Greater than 10 Years,22,1994,4800,390,0.08
145.03046340045944,-37.983737497592685,4016,4404,19316,LYNETTE AVE E BD E OF HAYDENS RD,UNDEFINED,All Moves,LYNETTE AVE E OF HAYDENS RD,9999,Missing Data,LYNETTE AVENUE,APARX,Classification,Greater than 10 Years,28,1988,110,0,0.0
144.84969093342178,-37.724973887527135,4019,4305,6428,KEILOR PARK DR N BD N of CALDER FWY E BD ON RAMP,INTERSECTION,All Moves,KEILOR PARK DR N OF CALDER FWY ON RAMP,5054,KEILOR PARK DRIVE,KEILOR PARK DRIVE,TMVMT,Manual,Greater than 10 Years,19,1997,16000,1300,0.08
145.2012343545701,-37.98055798896571,4020,4806,4729,JONES RD N of HEMMINGS ST,INTERSECTION,All Moves,HEMMINGS ST & JONES RD,9999,Missing Data,JONES ROAD,TMVMT,Manual,Greater than 10 Years,29,1987,6100,0,0.0
144.85806405263688,-37.71628597630048,4028,4808,3536,KEILOR PARK DRIVE NO of TULLAMARINE PARK D,INTERSECTION,All Moves,KEILOR PARK DR & TULLAMARINE PARK DR,5054,KEILOR PARK DRIVE,KEILOR PARK DRIVE,TMVMT,Manual,Greater than 10 Years,29,1987,6900,240,0.04
144.78401639011656,-37.69077430332994,4069,4417,3658,KINGS RD N OF WELLESLEY DR,INTERSECTION,All Moves,KINGS RD/PALMERSTON CRES/WELLESLEY DR,5009,KINGS ROAD,KINGS ROAD,SCATS,Scats,Greater than 10 Years,0,0,0,0,0.0
144.85156267172408,-37.73680688257539,4089,4823,4869,WESTERN RING RD NEBD ONRAMP NEBD NE OF KEILOR PARK DR,INTERSECTION,All Moves,WESTERN RING RD NONRAMP NNE OF KEILOR PARK DR,7120,5054B 2900F,KEILOR PARK-WESTERN RING OUT RAMP ON,TMVMT,Manual,Greater than 10 Years,19,1997,27000,3900,0.15
144.86939075309732,-37.72987774559529,4097,4825,3743,MOORNA DR N of WOORITE PL,INTERSECTION,All Moves,MOORNA DR & WOORITE PL,9999,Missing Data,KEILOR ROAD,TMVMT,Manual,Greater than 10 Years,23,1993,7200,290,0.04
145.09841769878238,-37.955747385259805,4099,4925,2695,KINGSTON RD E of OLD DANDENONG RD,INTERSECTION,All Moves,KINGSTON RD & OLD DANDENONG RD,5970,HEATHERTON ROAD,KINGSTON ROAD,TMVMT,Manual,Greater than 10 Years,30,1986,11000,0,0.0
144.97833243014733,-37.809829802423614,4112,4428,3828,ALBERT ST W OF EADES ST E BD,INTERSECTION,All Moves,ALBERT ST NR EADES ST,5102,LANSDOWNE STREET,LANSDOWNE STREET,SCATS,Scats,Greater than 10 Years,0,0,0,0,0.0
145.31545280082406,-37.809867101025,4137,4335,17247,LIVERPOOL RD 35M BEFORE LUSCOMBE CT,INTERSECTION,Scheduled PubTpt Bus flow,LIVERPOOL RD 35M BEFORE LUSCOMBE CT,9999,Missing Data,LIVERPOOL ROAD ALT,PUBTT,Other,Greater than 10 Years,0,0,0,0,0.0
144.99029381666077,-37.86523664280274,4169,4943,18161,INKERMAN ST E BD W OF CHAPEL ST,INTERSECTION,All Moves,INKERMAN ST W OF CHAPEL ST,9999,Missing Data,INKERMAN STREET,APARX,Classification,Greater than 10 Years,22,1994,7200,0,0.0
145.48865528683584,-38.13935829599789,4202,4951,3287,HEALESVILLE-KOO-WEE-RUP RD N OF BALLARTO RD,INTERSECTION,All Moves,BALLARTO RD & HEALESVILLE-KOO-WEE-RUP RD,5770,HEALESVILLE-KOO-WEE-RUP ROAD,KOO WEE RUP ROAD,TMVMT,Manual,Greater than 10 Years,0,0,0,0,0.0
144.9729671940895,-37.76443689937257,4258,4366,16067,LYGON ST N BD BTWN BLYTH ST & ALBION ST,INTERSECTION,Scheduled PubTpt Tram flow,LYGON ST BTWN BLYTH ST & ALBION ST,9999,Missing Data,LYGON STREET,PUBTT,Other,Greater than 10 Years,0,0,0,0,0.0
145.19468877506574,-37.92709050208351,4283,4373,17625,JACKSONS RD 5M AFTER MORAWA DR,INTERSECTION,Scheduled PubTpt Bus flow,JACKSONS RD 5M AFTER MORAWA DR,5170,JACKSONS ROAD,JACKSONS ROAD,PUBTT,Other,Greater than 10 Years,0,0,0,0,0.0
145.05756201631695,-37.88659530177022,4289,4971,5144,KOORNANG RD N OF NEERIM RD DEPARTURE,INTERSECTION,All Moves,KOORNANG RD N OF NEERIM RD DEPARTURE,9999,Missing Data,KOORNANG ROAD,TMVMT,Manual,Greater than 10 Years,0,0,0,0,0.0
144.83366090744272,-37.84999145833388,4292,4471,4048,KOROROIT CREEK ROAD E Bd btwn MILLERS RD & DRAKE PDE,MIDBLOCK,All Moves,KOROROIT CREEK ROAD BTWN MILLERS RD & DRAKE PDE,5833,KOROROIT CREEK ROAD,KOROROIT CREEK ROAD,APARX,Classification,Between 5 and 10 Years,8,2008,8800,660,0.08
144.35224558079327,-38.149359406667685,4296,4472,4977,LATROBE_TCE N OF MYERS_ST,INTERSECTION,All Moves,LATROBE TER/MYERS ST/ROEBUCK ST,2800,CORIO-WAURN PONDS ROAD,LATROBE TERRACE,SCATS,Scats,Less than 2 Years,0,2016,19000,0,0.0
144.85156267172408,-37.73680688257539,4322,4884,3156,WESTERN RING RD NTH BND RAMPS NE OF KEILOR PARK DR,INTERSECTION,On Ramp,KEILOR PARK DR & WESTERN RING RD NTH BND RAMPS,7120,5054B 2900F,KEILOR PARK-WESTERN RING OUT RAMP ON,TMVMT,Manual,Greater than 10 Years,0,0,0,0,0.0
144.97040634651273,-37.780054987064126,4334,4481,3407,LYGON ST N OF PIGDON ST,INTERSECTION,All Moves,LYGON ST & PIGDON ST,9999,Missing Data,LYGON STREET,TMVMT,Manual,Greater than 10 Years,0,0,0,0,0.0
145.24425716161718,-38.07761149374704,4336,4981,5300,LYNDHURST BVD N OF THOMPSONS RD,INTERSECTION,All Moves,THOMPSONS/LYNDHURST,9999,Missing Data,LYNDHURST BOULEVARD,SCATS,Scats,Between 2 and 5 Years,4,2012,2000,0,0.0
144.8541694517342,-37.718404737385455,4339,4482,3003,KEILOR PARK DRIVE NEBD N OF FULLARTON,INTERSECTION,All Moves,KEILOR PARK DRIVE NN OF FULLARTON,5054,KEILOR PARK DRIVE,KEILOR PARK DRIVE,MOTSV,Manual,Greater than 10 Years,0,0,0,0,0.0
143.6930072084307,-37.17379690089748,4347,4984,3222,LEXTON-TALBOT RD E BD BTW BARNES ST & BALLARAT-MARYBOROUGH RD,MIDBLOCK,All Moves,LEXTON-TALBOT RD BTW BARNES ST & BALLARAT-MARYBOROUGH RD,5226,LEXTON-TALBOT ROAD,LEXTON-TALBOT ROAD,APARX,Classification,Between 5 and 10 Years,6,2010,300,30,0.1
145.07376919642087,-37.737879287896405,4417,4602,4757,LOWER PLENTY RD NE of ROSANNA RD,INTERSECTION,All Moves,BRASSEY AV & LOWER PLENTY RD & ROSANNA RD,5743,LOWER PLENTY ROAD,LOWER PLENTY ROAD,TMVMT,Manual,Greater than 10 Years,28,1988,23000,930,0.04
145.34309619751667,-37.809726489010046,4427,4002,5756,LEITH RD NEBD NE OF MT DANDENONG TOURI,INTERSECTION,All Moves,LEITH RD NNE OF MT DANDENONG TOURI,5780,LILYDALE-MONTROSE ROAD,LEITH ROAD,TMVMT,Manual,Greater than 10 Years,0,0,0,0,0.0
145.1625629759456,-38.15363359308865,4432,4605,5617,KARINGAL DR N of CRANBOURNE RD,INTERSECTION,All Moves,CRANBOURNE RD & KARINGAL DR,9999,Missing Data,KARINGAL DRIVE,TMVMT,Manual,Greater than 10 Years,30,1986,4100,100,0.03
144.97488369837333,-37.79795280666437,4435,4114,4188,NICHOLSON ST N OF GERTRUDE ST,INTERSECTION,All Moves,GERTRUDE ST & NICHOLSON ST,5853,JOHNSTON STREET,JOHNSTON STREET,TMVMT,Manual,Greater than 10 Years,0,0,0,0,0.0
145.2145243777827,-37.98936150138828,4436,4705,4743,LONSDALE ST N of FOSTER ST,INTERSECTION,All Moves,FOSTER ST & LONSDALE ST,2510,PRINCES HIGHWAY EAST,LONSDALE STREET,TMVMT,Manual,Greater than 10 Years,27,1989,0,0,0.0
145.1020943031214,-37.95620710982073,4472,4611,3865,KINGSTON RD E of OLD DANDENONG RD,INTERSECTION,All Moves,KINGSTON RD & OLD DANDENONG RD,5970,HEATHERTON ROAD,KINGSTON ROAD,TMVMT,Manual,Greater than 10 Years,28,1988,11000,0,0.0
144.35319757074083,-38.14431428616621,4482,4012,3832,LATROBE_TCE N OF GORDON_AV,INTERSECTION,All Moves,LATROBE TER/GORDON AVE/CARPARK ACCESS,2800,CORIO-WAURN PONDS ROAD,LATROBE TERRACE,SCATS,Scats,Between 5 and 10 Years,6,2010,16000,0,0.0
144.85208729633212,-37.72588109615707,4484,4214,5266,CALDER FWY E BD ONRAMP FROM KEILOR PARK DR,MIDBLOCK,On Ramp,CALDER FWY ONRAMP FROM KEILOR PARK DR,7368,5054B 2530R,KEILOR PARK-CALDER IN RAMP ON,APARX,Classification,Between 5 and 10 Years,8,2008,7400,1000,0.14
144.68233300565566,-37.83329328441914,4487,4013,5093,LEAKES RD E BD 50 M EAST OF GARD RD,MIDBLOCK,All Moves,LEAKES RD 50 M EAST OF GARD RD,9999,Missing Data,LEAKES ROAD,APARX,Classification,Between 5 and 10 Years,7,2009,60,0,0.07
145.21968700482967,-38.000047497315485,4488,4513,18462,KIRKHAM RD E BD E OF FRANKSTON-DANDENONG RD,INTERSECTION,All Moves,KIRKHAM RD E OF FRANKSTON-DANDENONG RD,9999,Missing Data,KIRKHAM ROAD,APARX,Classification,Greater than 10 Years,27,1989,600,0,0.0
145.0550379044035,-37.899862900154574,4489,4123,4790,KOORNANG RD N OF LEILA RD,INTERSECTION,All Moves,KOORNANG RD & LEILA RD,9999,Missing Data,KOORNANG ROAD,TMVMT,Manual,Greater than 10 Years,0,0,0,0,0.0
146.48830504546555,-38.30866716274777,4532,4021,3240,JEERALANG NORTH RD N BD 80M S OF CHURCHILL-TRARALGON RD,MIDBLOCK,All Moves,JEERALANG NORTH RD 80M S OF CHURCHILL-TRARALGON RD,9999,Missing Data,JEERALANG NORTH ROAD,APARX,Classification,Between 2 and 5 Years,4,2012,800,90,0.12
145.7078915828749,-38.3346222915081,4536,4131,5459,NYORA-POOWONG RD NEBD 900M NE OF FERRIERS RD,MIDBLOCK,All Moves,NYORA-POOWONG RD N900M NE OF FERRIERS RD,5691,LANG LANG-POOWONG ROAD,LANG LANG-POOWONG ROAD,APARX,Classification,Between 2 and 5 Years,3,2013,240,20,0.11
144.84972497180132,-37.72479359648678,4553,4724,3201,KEILOR PARK DR N OF CALDER FWY,INTERSECTION,Left Missing,CALDER FWY/KEILOR PARK DR,5054,KEILOR PARK DRIVE,KEILOR PARK DRIVE,SCATS,Scats,Greater than 10 Years,19,1997,17000,0,0.0
145.00278189764748,-37.80079738653821,4572,4228,3738,JOHNSTON ST W BD E OF CLARKE ST,INTERSECTION,All Moves,JOHNSTON ST E OF CLARKE ST,5854,JOHNSTON STREET BRIDGE,JOHNSTON STREET,MOTSV,Manual,Between 2 and 5 Years,5,2011,11000,210,0.02
145.03906830626863,-37.93287379574722,4577,4528,3737,JASPER RD N of SOUTH RD,INTERSECTION,All Moves,JASPER RD & SOUTH RD,5847,JASPER ROAD,JASPER ROAD,TMVMT,Manual,Greater than 10 Years,24,1992,6200,0,0.0
144.68969839055399,-36.35758659840899,4578,4728,17940,DUDLEY ST NEBD SW OF KING ST,UNDEFINED,All Moves,DUDLEY ST NSW OF KING ST,9999,Missing Data,KING STREET,MOTSV,Manual,Greater than 10 Years,0,0,0,0,0.0
145.05530867790944,-37.89842550115719,4581,4030,3329,KOORNANG RD N OF OAKLEIGH RD,INTERSECTION,All Moves,KOORNANG RD & OAKLEIGH RD,9999,Missing Data,KOORNANG ROAD,TMVMT,Manual,Greater than 10 Years,0,0,0,0,0.0
142.16792437448566,-34.22973187382632,4587,4629,4840,KARADOC AVE NE of CALDER HWY,INTERSECTION,All Moves,CALDER HWY & KARADOC AVE,9999,Missing Data,KARADOC AVENUE,TMVMT,Manual,Greater than 10 Years,23,1993,870,30,0.04
144.8831574558454,-37.73370388364102,4620,4634,18532,CALDER FWY ON RAMP W BD FROM NEWMAN ST,INTERSECTION,On Ramp,CALDER FWY ON RAMP FROM NEWMAN ST,7060,7811F 2530F,KEILOR-CALDER OUT RAMP ON,APARX,Classification,Greater than 10 Years,23,1993,3400,0,0.0
145.05755093253262,-37.88665519498333,4623,4147,17822,KOORNANG RD 10M OPP ROSSTOWN RD,INTERSECTION,Scheduled PubTpt Bus flow,KOORNANG RD 10M OPP ROSSTOWN RD,9999,Missing Data,KOORNANG ROAD,PUBTT,Other,Greater than 10 Years,0,0,0,0,0.0
145.22624097240367,-37.73257498193562,4630,4148,15969,KANGAROO GROUND-WARRANDYTE RD S BD BTWN ELTHAM-YARRA GLEN RD & RESEARCH-WARRANDY,INTERSECTION,Scheduled PubTpt Bus flow,KANGAROO GROUND-WARRANDYTE RD BTWN ELTHAM-YARRA GLEN RD & RESEARCH-WARRANDY,5810,WARRANDYTE-KANGAROO GROUND ROAD,KANGAROO GROUND-WARRANDYTE ROAD,PUBTT,Other,Greater than 10 Years,0,0,0,0,0.0
145.27541995411764,-37.91619046667974,4632,4238,16158,KELLETTS RD 30M BEFORE LAKESFIELD DR,INTERSECTION,Scheduled PubTpt Bus flow,KELLETTS RD 30M BEFORE LAKESFIELD DR,5428,KELLETTS ROAD,KELLETTS ROAD,PUBTT,Other,Greater than 10 Years,0,0,0,0,0.0
144.90874098519203,-37.743932813091696,4637,4040,17972,KEILOR RD 150M AFTER MT ALEXANDER RD,INTERSECTION,Scheduled PubTpt Bus flow,KEILOR RD 150M AFTER MT ALEXANDER RD,5592,KEILOR ROAD,KEILOR ROAD,PUBTT,Other,Greater than 10 Years,0,0,0,0,0.0
144.9628509595609,-37.828557145865325,4641,4738,18114,KINGSWAY LEFT TURN TO WEST GATE FWY ON-RAMP OD:12,INTERSECTION,Incomplete Through,KINGSWAY LEFT TURN TO WEST GATE FWY ON-RAMP OD:12,2510,PRINCES HIGHWAY EAST,KINGS WAY,MOTSV,Manual,Greater than 10 Years,23,1993,13000,1500,0.12
145.05442397734214,-37.90310329489387,4654,4242,18064,KOORNANG RD AT LIBNA GR,INTERSECTION,Scheduled PubTpt Bus flow,KOORNANG RD AT LIBNA GR,9999,Missing Data,KOORNANG ROAD,PUBTT,Other,Greater than 10 Years,0,0,0,0,0.0
144.89457353723276,-37.73818604433716,4665,4154,16946,KEILOR RD 10M AFTER OGILVIE ST,INTERSECTION,Scheduled PubTpt Bus flow,KEILOR RD 10M AFTER OGILVIE ST,5592,KEILOR ROAD,KEILOR ROAD,PUBTT,Other,Greater than 10 Years,0,0,0,0,0.0
142.0219170557932,-37.74205486126571,4707,4549,4951,GLENELG HIGHWAY EAST BD EAST OF COX STREET,MIDBLOCK,All Moves,GLENELG HIGHWAY EAST BD EAST OF COX STREET,2670,GLENELG HIGHWAY,LONSDALE STREET,APARX,Classification,Greater than 10 Years,0,0,0,0,0.0
144.78209352007792,-37.69492020265066,4709,4649,4580,KINGS RD N OF WENTWORTH DR,INTERSECTION,All Moves,KINGS RD & WENTWORTH DR,5009,KINGS ROAD,KINGS ROAD,TMVMT,Manual,Greater than 10 Years,0,0,0,0,0.0
144.2331553549795,-36.71516219877117,4717,4750,3107,LEGGO ST N OF LODDON VALLEY HWY DEPARTURE,INTERSECTION,All Moves,LEGGO ST N OF LODDON VALLEY HWY DEPARTURE,9999,Missing Data,LEGGO STREET,TMVMT,Manual,Greater than 10 Years,0,0,0,0,0.0
144.36758410425887,-38.1793297073757,4747,4556,3986,FELLMONGERS ROAD EAST BD EAST OF TUCKER STREET,MIDBLOCK,All Moves,FELLMONGERS ROAD EAST BD EAST OF TUCKER STREET,9999,Missing Data,LAWLESS COURT,APARX,Classification,Greater than 10 Years,0,0,0,0,0.0
144.78209352007792,-37.69492020265066,4769,4560,4488,KINGS RD N OF BELLBIRD AVE DEPARTURE,UNDEFINED,All Moves,KINGS RD N OF BELLBIRD AVE DEPARTURE,5009,KINGS ROAD,KINGS ROAD,TMVMT,Manual,Greater than 10 Years,0,0,0,0,0.0
145.18770855567263,-37.91434198776301,4785,4760,3293,JELLS RD N OF WELLINGTON RD DEPARTURE,INTERSECTION,All Moves,JELLS RD N OF WELLINGTON RD DEPARTURE,5308,JELLS ROAD,JELLS ROAD,TMVMT,Manual,Greater than 10 Years,0,0,0,0,0.0
145.36607082147216,-38.051152934543246,4807,4269,17872,KENILWORTH AV AT SOLDIERS RD,INTERSECTION,Scheduled PubTpt Bus flow,KENILWORTH AV AT SOLDIERS RD,9999,Missing Data,KENILWORTH AVENUE,PUBTT,Other,Greater than 10 Years,0,0,0,0,0.0
144.94518487201756,-37.83199816504428,4816,4665,4699,INGLES ST NR LIGHT RAIL CROSSING,INTERSECTION,All Moves,INGLES ST NR LIGHT RAIL CROSSING,9999,Missing Data,INGLES STREET,LASPD,Other,Greater than 10 Years,0,0,0,0,0.0
144.9729766673007,-37.76438429980356,4830,4571,4511,LYGON ST N OF BLYTH ST DEPARTURE,INTERSECTION,All Moves,LYGON ST N OF BLYTH ST DEPARTURE,9999,Missing Data,LYGON STREET,TMVMT,Manual,Greater than 10 Years,0,0,0,0,0.0
145.14323021028807,-37.990719035364734,4834,4767,3038,LOWER DANDENONG RD E of CENTRE DANDENONG RD DEPARTURE,INTERSECTION,All Moves,LOWER DANDENONG RD E OF CENTRE DANDENONG RD DEPARTURE,2050,STATE (LOWER DANDENONG/CHELTENHAM) HIGHWAY,LOWER DANDENONG ROAD,TMVMT,Manual,Greater than 10 Years,0,0,0,0,0.0
144.2834252792294,-36.7587520588622,4871,4578,4036,LYTTLETON TCE E BD 200W OF CHAPEL ST,MIDBLOCK,All Moves,LYTTLETON TCE 200W OF CHAPEL ST,9999,Missing Data,LYTTLETON TERRACE,APARX,Classification,Greater than 10 Years,0,0,0,0,0.0
145.10679140358488,-37.956789186692575,4887,4677,5443,KINGSTON RD E BD BTW PEACE RD & BOUNDARY RD,MIDBLOCK,All Moves,KINGSTON RD BTW PEACE RD & BOUNDARY RD,5970,HEATHERTON ROAD,KINGSTON ROAD,APARX,Classification,Between 5 and 10 Years,7,2009,10000,1100,0.11
145.25009949598316,-36.31359385856701,4888,4581,3694,LANCASTER-MOOROOPNA ROAD E Bd btwn TATURA-UNDERA ROAD & ECHUCA-MOOROOPNA ROAD,MIDBLOCK,All Moves,LANCASTER-MOOROOPNA ROAD BTWN TATURA-UNDERA ROAD & ECHUCA-MOOROOPNA ROAD,5365,LANCASTER-MOOROOPNA ROAD,LANCASTER-MOOROOPNA ROAD,APARX,Classification,Between 2 and 5 Years,2,2014,940,110,0.12
144.35025052988632,-38.16001223575815,4895,4082,6566,LATROBE TCE N OF FYANS ST,INTERSECTION,All Moves,FYANS ST & LATROBE TCE,2800,CORIO-WAURN PONDS ROAD,LATROBE TERRACE,TMVMT,Manual,Greater than 10 Years,18,1998,14000,1000,0.07
145.21436165167904,-37.987810594797125,4910,4196,6666,LONSDALE ST N OF WALKER ST,INTERSECTION,All Moves,LONSDALE ST & WALKER ST,2510,PRINCES HIGHWAY EAST,LONSDALE STREET,TMVMT,Manual,Greater than 10 Years,17,1999,15000,0,0.0
144.97244990887813,-37.76734790310866,4912,4585,3428,LYGON ST N OF VICTORIA ST,INTERSECTION,All Moves,LYGON ST & VICTORIA ST,9999,Missing Data,LYGON STREET,TMVMT,Manual,Greater than 10 Years,0,0,0,0,0.0
145.73706670297042,-38.62540821084136,4926,4783,5447,INVERLOCH-VENUS BAY RD E BD BTW PIER RD & CUTTRISS ST,MIDBLOCK,All Moves,INVERLOCH-VENUS BAY RD BTW PIER RD & CUTTRISS ST,5662,INVERLOCH-VENUS BAY ROAD,INVERLOCH-VENUS BAY ROAD,APARX,Classification,Between 2 and 5 Years,4,2012,1100,120,0.11
145.108906502423,-37.98657269627045,4953,4788,4678,LOWER DANDENONG RD E BD BTW SIBTHORPE ST & BOUNDARY RD,INTERSECTION,All Moves,LOWER DANDENONG RD BTW SIBTHORPE ST & BOUNDARY RD,2050,STATE (LOWER DANDENONG/CHELTENHAM) HIGHWAY,LOWER DANDENONG ROAD,MOTSV,Manual,Greater than 10 Years,0,0,0,0,0.0
143.50573108029965,-38.37957870308392,4968,4095,21022,COLAC-CARLISLE RD N BD 700M S OF UNDERWOODS RD @ 11.6KM POST,MIDBLOCK,All Moves,COLAC-CARLISLE RD 700M S OF UNDERWOODS RD @ 11.6KM POST,5905,CARLISLE-COLAC ROAD,LARPENT ROAD,APARX,Classification,Between 2 and 5 Years,2,2014,290,20,0.1
144.9679737221132,-37.79470990023647,4972,4792,3313,LYGON ST N OF ELGIN ST DEPARTURE,INTERSECTION,All Moves,LYGON ST N OF ELGIN ST DEPARTURE,9999,Missing Data,LYGON STREET,TMVMT,Manual,Greater than 10 Years,0,0,0,0,0.0
145.04030846423836,-37.92600450114174,4988,4795,3853,JASPER RD N of PATTERSON RD,INTERSECTION,All Moves,JASPER RD & PATTERSON RD,5847,JASPER ROAD,JASPER ROAD,TMVMT,Manual,Greater than 10 Years,29,1987,8100,0,0.0
145.2143272457753,-37.98746869643915,4991,4100,5760,LONSDALE ST N BD N OF FOSTER ST,INTERSECTION,All Moves,LONSDALE ST N OF FOSTER ST,2510,PRINCES HIGHWAY EAST,LONSDALE STREET,TMVMT,Manual,Greater than 10 Years,0,0,0,0,0.0
144.9444403784353,-37.8312651043068,4996,4798,4093,NORMANBY RD NE of WILLIAMSTOWN RD,INTERSECTION,All Moves,INGLES ST & NORMANBY RD & WILLIAMSTOWN RD,9999,Missing Data,INGLES STREET,TMVMT,Manual,Greater than 10 Years,29,1987,8000,0,0.0
145.13839441699542,-37.99017682880445,10038,10520,9537,LOWER DANDENONG RD 20M AFTER KINGSLAND CL,INTERSECTION,Scheduled PubTpt Bus flow,LOWER DANDENONG RD 20M AFTER KINGSLAND CL,2050,STATE (LOWER DANDENONG/CHELTENHAM) HIGHWAY,LOWER DANDENONG ROAD,PUBTT,Other,Greater than 10 Years,0,0,0,0,0.0
145.10732421184375,-37.98637964246765,10039,10119,7592,LOWER DANDENONG RD 150M BEFORE BOUNDARY RD,INTERSECTION,Scheduled PubTpt Bus flow,LOWER DANDENONG RD 150M BEFORE BOUNDARY RD,2050,STATE (LOWER DANDENONG/CHELTENHAM) HIGHWAY,LOWER DANDENONG ROAD,PUBTT,Other,Greater than 10 Years,0,0,0,0,0.0
145.13451969977177,-37.77083380233123,10050,10526,9715,KING ST 20M AFTER BALLAMORE CRES,INTERSECTION,Scheduled PubTpt Bus flow,KING ST 20M AFTER BALLAMORE CRES,5353,KING STREET,KING STREET,PUBTT,Other,Greater than 10 Years,0,0,0,0,0.0
145.1014581133294,-37.956126238635065,10051,10125,32756,KINGSTON RD E OF OLD DANDENONG RD,INTERSECTION,All Moves,KINGSTON RD/OLD DANDENONG RD,5970,HEATHERTON ROAD,KINGSTON ROAD,SCATS,Scats,Less than 2 Years,0,2016,0,0,0.0
145.16339001298147,-37.88198640137773,10066,10534,29697,KINGS WAY W BD W OF SPRINGVALE RD,UNDEFINED,All Moves,KINGS WAY W OF SPRINGVALE RD,9999,Missing Data,KINGSWAY,APARX,Classification,Greater than 10 Years,28,1988,3000,0,0.0
144.84969344413258,-37.724960609377725,10101,10550,26504,KEILOR PARK DR S OF FULLARTON RD,INTERSECTION,All Moves,KEILOR PARK DR/FULLARTON RD/HARRICK RD,5054,KEILOR PARK DRIVE,KEILOR PARK DRIVE,SCATS,Scats,Greater than 10 Years,0,0,0,0,0.0
145.9503429884767,-38.48388570138077,10149,10166,31764,SOUTH GIPPSLAND HWY S OF NERRENA RD DEPARTURE,INTERSECTION,All Moves,LONG ST N OF NERRENA RD DEPARTURE,2580,SOUTH GIPPSLAND HIGHWAY,KOONWARRA ROAD,TMVMT,Manual,Greater than 10 Years,0,0,0,0,0.0
144.97106131643434,-37.77547339918155,10160,10170,32060,LYGON ST S OF GLENLYON RD DEPARTURE,INTERSECTION,All Moves,LYGON ST N OF GLENLYON RD DEPARTURE,9999,Missing Data,LYGON STREET,TMVMT,Manual,Greater than 10 Years,0,0,0,0,0.0
145.12402391396716,-37.76918025341938,10178,10813,34642,LYNNWOOD PDE E OF HIGH ST,INTERSECTION,All Moves,HIGH ST/LYNNWOOD PDE/VERENE AV,9999,Missing Data,LYNNWOOD PARADE,SCATS,Scats,Greater than 10 Years,18,1998,5300,0,0.0
144.97040634651273,-37.780054987064126,10189,10578,34283,LYGON ST S OF PARK ST,INTERSECTION,All Moves,LYGON ST & PARK ST,9999,Missing Data,LYGON STREET,TMVMT,Manual,Greater than 10 Years,0,0,0,0,0.0
145.02015309780813,-37.93506177212944,10196,10219,29557,LUDSTONE ST W BD W OF EARLESFIELD RD,UNDEFINED,All Moves,LUDSTONE ST W OF EARLESFIELD RD,9999,Missing Data,LUDSTONE STREET,APARX,Classification,Greater than 10 Years,27,1989,1800,0,0.0
146.39485190088547,-38.23390440258352,10197,10580,32189,MARYVALE RD N BD 200M N OF LOY YANG-MORWELL RD @ 3.0KM FROM MORWELL,MIDBLOCK,All Moves,MARYVALE RD 200M N OF LOY YANG-MORWELL RD @ 3.0KM FROM MORWELL,5911,MORWELL-YALLOURN NORTH ROAD,LATROBE ROAD,APARX,Classification,Between 2 and 5 Years,2,2014,3200,420,0.13
145.0550379044035,-37.899862900154574,10205,10583,33646,KOORNANG RD S OF OAKLEIGH RD,INTERSECTION,All Moves,KOORNANG RD & OAKLEIGH RD,9999,Missing Data,KOORNANG ROAD,TMVMT,Manual,Greater than 10 Years,0,0,0,0,0.0
145.0127985854914,-37.82798540201632,10209,10222,30196,MADDEN GR E BD W OF LOYOLA GV,UNDEFINED,All Moves,MADDEN GR W OF LOYOLA GV,5856,BURNLEY-KEW ROAD,LOYOLA GROVE,APARX,Classification,Greater than 10 Years,27,1989,2100,0,0.0
145.1621900020731,-37.77496249750846,10237,10229,11572,KING ST 30M OPP NEDLANDS CT,INTERSECTION,Scheduled PubTpt Bus flow,KING ST 30M OPP NEDLANDS CT,5353,KING STREET,KING STREET,PUBTT,Other,Greater than 10 Years,0,0,0,0,0.0
144.97106131643434,-37.77547339918155,10257,10596,32903,LYGON ST S OF WESTON ST,INTERSECTION,All Moves,LYGON ST & WESTON ST,9999,Missing Data,LYGON STREET,TMVMT,Manual,Greater than 10 Years,0,0,0,0,0.0
144.95812080349904,-37.82224239806576,10259,10597,30154,KINGS WAY N BD S OF QUEENS WHARF RD,INTERSECTION,All Moves,KINGS WAY S OF QUEENS WHARF RD,2510,PRINCES HIGHWAY EAST,KINGS WAY,MOTSV,Manual,Between 2 and 5 Years,5,2011,30000,620,0.02
145.01215431323143,-37.69493804795496,10266,10198,32610,KEON PDE E OF HIGH ST,INTERSECTION,Left Missing,HIGH ST/MAHONEYS RD/KEON PDE,5910,CAMPBELLFIELD-GREENSBOROUGH ROAD,KEON PARADE,SCATS,Scats,Greater than 10 Years,17,1999,7400,0,0.0
145.08147636198345,-37.99066813332259,10274,10200,32211,IMES ST NE OF NEPEAN HWY,INTERSECTION,All Moves,NEPEAN HWY/PARKERS RD/IMES ST,9999,Missing Data,IMES STREET,SCATS,Scats,Greater than 10 Years,11,2005,1800,0,0.0
145.39402150072672,-36.41386406101318,10287,10244,34043,KIALLA LAKES DRIVE W BD E OF GOULBURN VALLEY HWY,INTERSECTION,All Moves,GOULBURN VALLEY HWY & KIALLA LAKES DRIVE,9999,Missing Data,KIALLA LAKES DRIVE,TMVMT,Manual,Greater than 10 Years,19,1997,1100,30,0.03
144.98107841405195,-37.79861705106185,10345,10868,12492,JOHNSTON ST 20M AFTER NAPIER ST,INTERSECTION,Scheduled PubTpt Bus flow,JOHNSTON ST 20M AFTER NAPIER ST,5853,JOHNSTON STREET,JOHNSTON STREET,PUBTT,Other,Greater than 10 Years,0,0,0,0,0.0
145.04091264897866,-37.92286300588085,10353,10403,16470,JASPER RD S OF BREWER RD,INTERSECTION,All Moves,JASPER RD NR BREWER RD,5847,JASPER ROAD,JASPER ROAD,SCATS,Scats,Greater than 10 Years,25,1991,7300,0,0.0
144.99250260084392,-37.799797009981006,10359,10604,30155,JOHNSTON ST W BD W OF HODDLE ST,INTERSECTION,All Moves,JOHNSTON ST W OF HODDLE ST,5853,JOHNSTON STREET,JOHNSTON STREET,MOTSV,Manual,Between 2 and 5 Years,5,2011,12000,430,0.04
145.00216690509143,-37.80074237458509,10364,10405,29614,JOHNSTON ST E of HODDLE ST,INTERSECTION,All Moves,HODDLE ST & JOHNSTON ST,5853,JOHNSTON STREET,JOHNSTON STREET,TMVMT,Manual,Greater than 10 Years,31,1985,19000,820,0.04
146.55241274587863,-38.19231958974934,10374,10272,34300,CAR PARK ENTRY W OF DEAKIN ST,INTERSECTION,All Moves,CAR PARK ENTRY & DEAKIN ST,9999,Missing Data,LIDDIARD ROAD,TMVMT,Manual,Greater than 10 Years,0,0,0,0,0.0
145.07977481303075,-37.98303795438462,10382,10906,13914,LOWER DANDENONG RD 20M BEFORE OLIVE GR,INTERSECTION,Scheduled PubTpt Bus flow,LOWER DANDENONG RD 20M BEFORE OLIVE GR,2050,STATE (LOWER DANDENONG/CHELTENHAM) HIGHWAY,LOWER DANDENONG ROAD,PUBTT,Other,Greater than 10 Years,0,0,0,0,0.0
145.31872419130133,-37.83406880336018,10398,10277,29607,LIVERPOOL RD S OF CANTERBURY RD,INTERSECTION,All Moves,CANTERBURY RD/LIVERPOOL RD,9999,Missing Data,LIVERPOOL ROAD,SCATS,Scats,Greater than 10 Years,0,0,0,0,0.0
145.0016868142199,-37.800695331589935,10401,10910,11959,JOHNSTON ST 20M AFTER CLARKE ST,INTERSECTION,Scheduled PubTpt Bus flow,JOHNSTON ST 20M AFTER CLARKE ST,5853,JOHNSTON STREET,JOHNSTON STREET,PUBTT,Other,Greater than 10 Years,0,0,0,0,0.0
144.98764599802547,-37.79930847716096,10405,10880,9120,JOHNSTON ST 15M BEFORE WELLINGTON ST,INTERSECTION,Scheduled PubTpt Bus flow,JOHNSTON ST 15M BEFORE WELLINGTON ST,5853,JOHNSTON STREET,JOHNSTON STREET,PUBTT,Other,Greater than 10 Years,0,0,0,0,0.0
145.11868355924315,-38.15305048646708,10410,10881,10766,KARS ST 30M BEFORE GEORGE ST,INTERSECTION,Scheduled PubTpt Bus flow,KARS ST 30M BEFORE GEORGE ST,9999,Missing Data,KARS STREET,PUBTT,Other,Greater than 10 Years,0,0,0,0,0.0
145.11175660224026,-37.986923672271146,10411,10912,9194,LOWER DANDENONG RD AT BOUNDARY RD,INTERSECTION,Scheduled PubTpt Bus flow,LOWER DANDENONG RD AT BOUNDARY RD,2050,STATE (LOWER DANDENONG/CHELTENHAM) HIGHWAY,LOWER DANDENONG ROAD,PUBTT,Other,Greater than 10 Years,0,0,0,0,0.0
144.8507827410101,-37.73229120903335,10412,10280,14982,KEILOR PARK DR NW OF WESTERN RING RD,INTERSECTION,All Moves,KEILOR PARK DR/WESTERN RING RD,5054,KEILOR PARK DRIVE,KEILOR PARK DRIVE,SCATS,Scats,Greater than 10 Years,0,0,0,0,0.0
145.15881569636312,-37.77454958849332,10418,10415,11573,KING ST 40M OPP WYENA WAY,INTERSECTION,Scheduled PubTpt Bus flow,KING ST 40M OPP WYENA WAY,5353,KING STREET,KING STREET,PUBTT,Other,Greater than 10 Years,0,0,0,0,0.0
144.9717181195559,-37.835537977810766,10437,10418,30157,KINGS WAY NWBD SE OF ALBERT RD,INTERSECTION,All Moves,KINGS WAY SE OF ALBERT RD,2510,PRINCES HIGHWAY EAST,KINGS WAY,MOTSV,Manual,Between 2 and 5 Years,5,2011,50000,2200,0.04
145.07684191507937,-37.982674524865295,10442,10917,7926,LOWER DANDENONG RD 40M OPP AVENZA ST,INTERSECTION,Scheduled PubTpt Bus flow,LOWER DANDENONG RD 40M OPP AVENZA ST,2050,STATE (LOWER DANDENONG/CHELTENHAM) HIGHWAY,LOWER DANDENONG ROAD,PUBTT,Other,Greater than 10 Years,0,0,0,0,0.0
145.06894734576562,-37.76024300725534,10462,10421,34174,LOWER HEIDELBERG RD 2WAY S OF BANKSIA ST,UNDEFINED,All Moves,LOWER HEIDELBERG RD 2WAY S OF BANKSIA ST,5762,MAIN HEIDELBERG-ELTHAM ROAD,LOWER HEIDELBERG ROAD,APARX,Classification,Greater than 10 Years,26,1990,38000,0,0.0
145.00040381593817,-37.86650056593038,10487,10727,32546,INKERMAN ST E OF HOTHAM ST,INTERSECTION,All Moves,HOTHAM ST/INKERMAN ST,9999,Missing Data,INKERMAN STREET,SCATS,Scats,Less than 2 Years,1,2015,6700,0,0.0
144.9618337095733,-37.828105264040566,10488,10292,29977,WEST GATE FWY W BD ONRAMP FROM KINGS WAY,INTERSECTION,On Ramp,WEST GATE FWY ONRAMP FROM KINGS WAY,7106,2510B 2820F,KINGS-WEST GATE OUT RAMP ON,APARX,Classification,Greater than 10 Years,23,1993,15000,0,0.0
145.08286181198773,-37.98340713444636,10502,10426,11010,LOWER DANDENONG RD 80M BEFORE GLENELG DR,INTERSECTION,Scheduled PubTpt Bus flow,LOWER DANDENONG RD 80M BEFORE GLENELG DR,2050,STATE (LOWER DANDENONG/CHELTENHAM) HIGHWAY,LOWER DANDENONG ROAD,PUBTT,Other,Greater than 10 Years,0,0,0,0,0.0
145.1318011968035,-37.98938496936949,10515,10926,6396,LOWER DANDENONG RD 10M AFTER CASSAVA CT,INTERSECTION,Scheduled PubTpt Bus flow,LOWER DANDENONG RD 10M AFTER CASSAVA CT,2050,STATE (LOWER DANDENONG/CHELTENHAM) HIGHWAY,LOWER DANDENONG ROAD,PUBTT,Other,Greater than 10 Years,0,0,0,0,0.0
144.98592539932497,-37.864639794362475,10522,10617,33100,INKERMAN ST E OF ST KILDA RD,INTERSECTION,All Moves,ST KILDA RD/INKERMAN ST,9999,Missing Data,INKERMAN STREET,SCATS,Scats,Greater than 10 Years,19,1997,7100,0,0.0
144.96518750069703,-37.8114284986462,10541,10315,29913,LONSDALE ST NE OF SWANSTON ST,INTERSECTION,All Moves,SWANSTON ST/LONSDALE ST,9999,Missing Data,LONSDALE STREET,SCATS,Scats,Between 5 and 10 Years,7,2009,19000,0,0.0
143.4886288192857,-37.2658234592928,10543,10019,34195,LEXTON ARARAT RD W BD 1 KM E OF YALONG RD,MIDBLOCK,All Moves,LEXTON ARARAT RD 1 KM E OF YALONG RD,9999,Missing Data,LEXTON-ARARAT ROAD,APARX,Classification,Greater than 10 Years,23,1993,100,20,0.25
145.12582929745355,-37.988648489600685,10544,10431,7593,LOWER DANDENONG RD 20M AFTER SANDLEFORD PL,INTERSECTION,Scheduled PubTpt Bus flow,LOWER DANDENONG RD 20M AFTER SANDLEFORD PL,2050,STATE (LOWER DANDENONG/CHELTENHAM) HIGHWAY,LOWER DANDENONG ROAD,PUBTT,Other,Greater than 10 Years,0,0,0,0,0.0
144.9672248555926,-37.799028693164445,10549,10316,8707,LYGON ST 12M AFTER FARADAY ST,INTERSECTION,Scheduled PubTpt Bus flow,LYGON ST 12M AFTER FARADAY ST,9999,Missing Data,LYGON STREET,PUBTT,Other,Greater than 10 Years,0,0,0,0,0.0
145.1171100361416,-38.15670841092098,10550,10900,11945,KARS ST S BD BTWN HIGH ST & BADEN POWELL DR,INTERSECTION,Scheduled PubTpt Bus flow,KARS ST BTWN HIGH ST & BADEN POWELL DR,9999,Missing Data,KARS STREET,PUBTT,Other,Greater than 10 Years,0,0,0,0,0.0
145.03696040920352,-37.818934255281846,10559,10932,25112,LIDDIARD ST E OF GLENFERRIE RD,INTERSECTION,All Moves,CHRYSTOBEL CR & GLENFERRIE RD & LIDDIARD ST,9999,Missing Data,LIDDIARD STREET,TMVMT,Manual,Greater than 10 Years,0,0,0,0,0.0
145.2264191944379,-38.00070580444985,10573,10934,26295,LONSDALE ST W BD BTW SOUTH GIPPSLAND HWY & PLUNKETT RD,INTERSECTION,All Moves,LONSDALE ST BTW SOUTH GIPPSLAND HWY & PLUNKETT RD,2510,PRINCES HIGHWAY EAST,LONSDALE STREET,MOTSV,Manual,Greater than 10 Years,0,0,0,0,0.0
145.15000709856042,-37.77347968675268,10587,10322,11083,KING ST E BD BTWN VICTORIA ST & BLACKBURN RD,INTERSECTION,Scheduled PubTpt Bus flow,KING ST BTWN VICTORIA ST & BLACKBURN RD,5353,KING STREET,KING STREET,PUBTT,Other,Greater than 10 Years,0,0,0,0,0.0
145.17162662232516,-37.99075206416779,10592,10026,8705,KINGSCLERE AV 30M BEFORE BUNDEENA AVE,INTERSECTION,Scheduled PubTpt Bus flow,KINGSCLERE AV 30M BEFORE BUNDEENA AVE,9999,Missing Data,KINGSCLERE AVENUE,PUBTT,Other,Greater than 10 Years,0,0,0,0,0.0
145.1201934965717,-37.98795318124727,10612,10029,33321,LOWER DANDENONG RD W OF CENTRE DANDENONG RD,INTERSECTION,All Moves,CENTRE DANDENONG RD & LOWER DANDENONG RD,2050,STATE (LOWER DANDENONG/CHELTENHAM) HIGHWAY,LOWER DANDENONG ROAD,TMVMT,Manual,Between 2 and 5 Years,3,2013,18000,960,0.05
145.1318630009625,-37.989392586609405,10629,10634,8917,LOWER DANDENONG RD 10M BEFORE CASSAVA CT,INTERSECTION,Scheduled PubTpt Bus flow,LOWER DANDENONG RD 10M BEFORE CASSAVA CT,2050,STATE (LOWER DANDENONG/CHELTENHAM) HIGHWAY,LOWER DANDENONG ROAD,PUBTT,Other,Greater than 10 Years,0,0,0,0,0.0
145.1134738875003,-38.15638145263261,10634,10329,17596,LIDDESDALE AVE S BD E OF NEPEAN HWY,UNDEFINED,All Moves,LIDDESDALE AVE E OF NEPEAN HWY,9999,Missing Data,LIDDESDALE AVENUE,APARX,Classification,Greater than 10 Years,26,1990,810,0,0.0
145.3174701046629,-37.82286019700712,10641,10946,22011,LIVERPOOL RD S BD BTW GLASGOW RD & CLOVERLEA DR,MIDBLOCK,All Moves,LIVERPOOL RD BTW GLASGOW RD & CLOVERLEA DR,9999,Missing Data,LIVERPOOL ROAD,APARX,Classification,Greater than 10 Years,0,0,0,0,0.0
145.25998474565475,-37.736562479089685,10691,10338,31513,JUMPING CREEK RD N BD N OF HOOPER RD,INTERSECTION,All Moves,JUMPING CREEK RD N OF HOOPER RD,9999,Missing Data,JUMPING CREEK ROAD,APARX,Classification,Greater than 10 Years,16,2000,2800,0,0.0
145.1916982086123,-37.94574159866368,10718,10764,9498,JACKSONS RD 25M AFTER EAGLE DR,INTERSECTION,Scheduled PubTpt Bus flow,JACKSONS RD 25M AFTER EAGLE DR,5170,JACKSONS ROAD,JACKSONS ROAD,PUBTT,Other,Greater than 10 Years,0,0,0,0,0.0
145.07469851382734,-37.89829764033986,10721,10960,26418,KANGAROO RD E OF POATH RD DEPARTURE,INTERSECTION,All Moves,KANGAROO RD W OF POATH RD DEPARTURE,9999,Missing Data,KANGAROO ROAD,TMVMT,Manual,Greater than 10 Years,0,0,0,0,0.0
145.22945340149815,-37.80491290079876,10736,10345,33364,LOUGHNAN RD SW OF WARRANDYTE RD,INTERSECTION,All Moves,LOUGHNAN RD & WARRANDYTE RD,9999,Missing Data,LOUGHNAN ROAD,TMVMT,Manual,Greater than 10 Years,19,1997,10000,170,0.02
145.0422622564172,-37.91524640752336,10741,10963,8323,JASPER RD N OF CENTRE RD,INTERSECTION,All Moves,CENTRE RD & JASPER RD,5847,JASPER ROAD,JASPER ROAD,TMVMT,Manual,Greater than 10 Years,0,0,0,0,0.0
145.1920534728639,-37.94381740357856,10753,10653,10972,JACKSONS RD 10M BEFORE AHERN ST,INTERSECTION,Scheduled PubTpt Bus flow,JACKSONS RD 10M BEFORE AHERN ST,5170,JACKSONS ROAD,JACKSONS ROAD,PUBTT,Other,Greater than 10 Years,0,0,0,0,0.0
144.81831498163214,-37.81792620883255,10766,10350,31891,LITTLE BOUNDARY RD NWBD NW OF PIPE RD,INTERSECTION,All Moves,LITTLE BOUNDARY RD NW OF PIPE RD,5448,LITTLE BOUNDARY ROAD,LITTLE BOUNDARY ROAD,APARX,Classification,Greater than 10 Years,13,2003,14000,0,0.0
145.1919395736702,-37.94799339954142,10769,10656,13892,JACKSONS RD 20M BEFORE TILLBROOK CT,INTERSECTION,Scheduled PubTpt Bus flow,JACKSONS RD 20M BEFORE TILLBROOK CT,5170,JACKSONS ROAD,JACKSONS ROAD,PUBTT,Other,Greater than 10 Years,0,0,0,0,0.0
145.2257129515452,-38.016500792611325,10770,10469,30783,KITCHEN RD S OF GREENS RD,INTERSECTION,All Moves,GREENS RD/KITCHEN RD,9999,Missing Data,KITCHEN ROAD,SCATS,Scats,Greater than 10 Years,0,0,0,0,0.0
143.93168729540693,-35.76429129649648,10773,10056,33256,LODDON VALLEY HWY N BD 120M S OF MURRAY VALLEY HWY @124.9KM FROM BENDIGO,MIDBLOCK,All Moves,LODDON VALLEY HWY 120M S OF MURRAY VALLEY HWY @124.9KM FROM BENDIGO,2630,LODDON VALLEY HIGHWAY,LODDON VALLEY HIGHWAY,APARX,Classification,Between 2 and 5 Years,4,2012,810,170,0.21
144.9486541302131,-37.805503959333656,10776,10470,30252,HAWKE ST NE OF SPENCER ST,INTERSECTION,All Moves,SPENCER ST/HAWKE ST,5041,KING STREET,KING STREET,SCATS,Scats,Less than 2 Years,0,2016,7800,0,0.0
145.06824060504704,-37.94875452228406,10803,10662,23295,KEYS RD E OF CHESTERVILLE RD,INTERSECTION,Left Missing,CHESTERVILLE RD/WICKHAM RD/KEYS RD,5313,WICKHAM-KEYS ROAD,KEYS ROAD,SCATS,Scats,Greater than 10 Years,0,0,0,0,0.0
144.98748144944713,-37.760883107143165,10806,10475,29826,LEINSTER GRV N OF NORMANBY AVE,INTERSECTION,All Moves,NORMANBY AV/LEINSTER GRV,9999,Missing Data,LEINSTER GROVE,SCATS,Scats,Greater than 10 Years,0,0,0,0,0.0
144.96975025236725,-37.78424039510717,10818,10477,32560,LYGON ST S OF MACPHERSON ST,INTERSECTION,All Moves,LYGON ST & MACPHERSON ST,9999,Missing Data,LYGON STREET,TMVMT,Manual,Greater than 10 Years,0,0,0,0,0.0
144.96661161385055,-37.80257950090645,10843,10981,9452,LYGON ST AT PELHAM ST,INTERSECTION,Scheduled PubTpt Bus flow,LYGON ST AT PELHAM ST,9999,Missing Data,LYGON STREET,PUBTT,Other,Greater than 10 Years,0,0,0,0,0.0
145.7078915828749,-38.3346222915081,10850,10482,34870,NYORA-POOWONG RD W BD 210M E OF FOLLETT DR,MIDBLOCK,All Moves,NYORA-POOWONG RD 210M E OF FOLLETT DR,5691,LANG LANG-POOWONG ROAD,LANG LANG-POOWONG ROAD,APARX,Classification,Between 2 and 5 Years,3,2013,540,40,0.09
145.11472271374564,-37.98728933555376,10853,10670,21342,LOWER DANDENONG RD E OF WOODLANDS DR,INTERSECTION,All Moves,LOWER DANDENONG RD/WOODLANDS DR,2050,STATE (LOWER DANDENONG/CHELTENHAM) HIGHWAY,LOWER DANDENONG ROAD,SCATS,Scats,Between 2 and 5 Years,3,2013,17000,0,0.0
144.97244990887813,-37.76734790310866,10858,10787,33942,LYGON ST S OF VICTORIA ST DEPARTURE,INTERSECTION,All Moves,LYGON ST N OF VICTORIA ST DEPARTURE,9999,Missing Data,LYGON STREET,TMVMT,Manual,Greater than 10 Years,0,0,0,0,0.0
145.0339712151506,-37.8217300288138,10877,10074,33935,LYNCH ST W OF GLENFERRIE RD,INTERSECTION,All Moves,GLENFERRIE RD & LYNCH ST,9999,Missing Data,LYNCH STREET,TMVMT,Manual,Greater than 10 Years,0,0,0,0,0.0
145.059707909682,-37.72942916558469,10885,10988,13869,KINGSBURY DR 75M AFTER WAIORA RD,INTERSECTION,Scheduled PubTpt Bus flow,KINGSBURY DR 75M AFTER WAIORA RD,5740,KINGSBURY DRIVE,KINGSBURY DRIVE,PUBTT,Other,Greater than 10 Years,0,0,0,0,0.0
144.9507805870654,-37.807210006795394,10949,10380,33491,KING ST SE BD NW OF ROSSLYN ST,INTERSECTION,All Moves,KING ST NNW OF ROSSLYN ST,5041,KING STREET,KING STREET,MOTSV,Manual,Between 2 and 5 Years,5,2011,14000,460,0.03
144.35124277234567,-38.15467029979108,10951,10087,32787,LATROBE TCE S of MC KILLOP ST,INTERSECTION,All Moves,LATROBE TCE & MC KILLOP ST,2800,CORIO-WAURN PONDS ROAD,LATROBE TERRACE,TMVMT,Manual,Greater than 10 Years,0,0,0,0,0.0
144.94788762593086,-37.82523521860212,10976,10388,31394,LORIMER ST W OF MONTAGUE ST,INTERSECTION,Left Missing,LORIMER ST/MONTAGUE ST/WURUNDJERI WAY,5597,LORIMER STREET,LORIMER STREET,SCATS,Scats,Greater than 10 Years,11,2005,0,0,0.0
145.18245886102395,-38.199784257879,10988,10392,34364,LOWER SOMERVILLE R SE of WARRANDYTE RD,INTERSECTION,All Moves,BAXTER-TOORADIN RD & GOLF LINKS RD & WARRANDYTE RD,9999,Missing Data,LOWER SOMERVILLE ROAD,TMVMT,Manual,Greater than 10 Years,28,1988,440,0,0.0
144.9444403784353,-37.8312651043068,10991,10393,32473,WILLIAMSTOWN RD SW of INGLES ST,INTERSECTION,All Moves,INGLES ST & NORMANBY RD & WILLIAMSTOWN RD,9999,Missing Data,INGLES STREET,TMVMT,Manual,Greater than 10 Years,29,1987,10000,0,0.0
144.8495560598696,-37.726710098764045,10992,10699,32066,KEILOR PARK DR S OF CALDER FWY WEST BND RAMPS,INTERSECTION,All Moves,CALDER FWY WEST BND RAMPS & KEILOR PARK DR,5054,KEILOR PARK DRIVE,KEILOR PARK DRIVE,TMVMT,Manual,Greater than 10 Years,0,0,0,0,0.0
144.97336947595488,-37.83639706780573,10997,10397,32794,QUEENS RD SE of KINGS WAY,INTERSECTION,All Moves,KINGS WAY & QUEENS RD,5871,KINGS WAY,KINGS WAY,TMVMT,Manual,Greater than 10 Years,30,1986,26000,2900,0.11
144.9463601579587,-37.833222367628,10999,10399,29222,INGLES ST S BD BTW EVANS ST AND STATION ST,UNDEFINED,All Moves,INGLES ST BTW EVANS ST AND STATION ST,9999,Missing Data,INGLES STREET,APARX,Classification,Greater than 10 Years,25,1991,7400,0,0.0
145.34277959902002,-38.03614259502841,16007,16304,39758,JANE ST W OF CLYDE ST,INTERSECTION,All Moves,CLYDE ST & JANE ST & RESERVE ST,9999,Missing Data,JANE STREET,TMVMT,Manual,Greater than 10 Years,0,0,0,0,0.0
147.05254677342998,-36.53667060671129,16030,16314,41674,KIEWA VALLEY HWY N BD 500M N OF RUNNING CREEK RD @ 57.1KM FROM WODONGA,MIDBLOCK,All Moves,KIEWA VALLEY HWY 500M N OF RUNNING CREEK RD @ 57.1KM FROM WODONGA,2790,KIEWA VALLEY HIGHWAY,KIEWA VALLEY HIGHWAY,APARX,Classification,Between 2 and 5 Years,3,2013,430,50,0.14
144.98735049892187,-37.79927827155014,16077,16838,36793,WELLINGTON ST S OF GIPPS ST,INTERSECTION,All Moves,WELLINGTON ST/GIPPS ST,5853,JOHNSTON STREET,JOHNSTON STREET,SCATS,Scats,Greater than 10 Years,0,0,0,0,0.0
145.20836914462987,-37.978279452292654,16106,16846,19286,JAMES ST NE OF PRINCES HWY,INTERSECTION,All Moves,PHE/JAMES STREET,9999,Missing Data,JAMES STREET,SCATS,Scats,Greater than 10 Years,0,0,0,0,0.0
144.96520292083602,-37.83100618780516,16131,16417,38704,KINGS WAY SE OF STURT ST,INTERSECTION,All Moves,STURT ST/KINGS WAY,2510,PRINCES HIGHWAY EAST,KINGS WAY,SCATS,Scats,Less than 2 Years,0,2016,48000,0,0.0
144.9927244099459,-37.79981916144354,16135,16418,40374,JOHNSTON ST W OF HODDLE ST,INTERSECTION,All Moves,HODDLE ST & JOHNSTON ST,5853,JOHNSTON STREET,JOHNSTON STREET,TMVMT,Manual,Greater than 10 Years,18,1998,11000,0,0.0
143.25828559227813,-36.616717503443546,16150,16422,36082,INKERMAN ST NEBD 30M NE OF GOLDEN ST (ST ARNAUD),MIDBLOCK,All Moves,INKERMAN ST N30M NE OF GOLDEN ST (ST ARNAUD),2110,WIMMERA HIGHWAY,INKERMAN STREET,APARX,Classification,Greater than 10 Years,17,1999,120,10,0.13
147.00809269510955,-36.45081019206323,16166,16426,43141,KIEWA VALLEY HWY N BD NTH OF DEDERANG RD (45KM S OF WODONGA),MIDBLOCK,All Moves,KIEWA VALLEY HWY NTH OF DEDERANG RD (45KM S OF WODONGA),2790,KIEWA VALLEY HIGHWAY,KIEWA VALLEY HIGHWAY,APARX,Classification,Between 2 and 5 Years,3,2013,420,60,0.14
144.94251090595327,-37.82422069684102,16180,16924,39237,LORIMER ST NWBD NW OF WHARVES ACCESS RD,INTERSECTION,All Moves,WHARVES ACCESS RD NNE OF LORIMER ST,5597,LORIMER STREET,LORIMER STREET,TMVMT,Manual,Greater than 10 Years,17,1999,7800,1100,0.15
145.067248789943,-37.765254698541845,16192,16927,39580,LOWER HEIDELBERG RD SE OF CARLSBERG RD,INTERSECTION,All Moves,LOWER HEIDELBERG NR CARLSBERG RD,5762,MAIN HEIDELBERG-ELTHAM ROAD,LOWER HEIDELBERG ROAD,SCATS,Scats,Between 2 and 5 Years,5,2011,19000,0,0.0
145.94931653140793,-38.48003638734358,16204,16369,40414,SOUTH GIPPSLAND HWY NWBD 50M SE OF OGILVY ST,MIDBLOCK,All Moves,SOUTH GIPPSLAND HWY 50M SE OF OGILVY ST,2580,SOUTH GIPPSLAND HIGHWAY,KOONWARRA ROAD,APARX,Classification,Less than 2 Years,1,2015,4200,250,0.06
145.2246397307569,-37.733576062456,16214,16437,10104,KANGAROO GROUND-WARRANDYTE RD AT BETWEEN LEWIS & CASTLE RD,INTERSECTION,Scheduled PubTpt Bus flow,KANGAROO GROUND-WARRANDYTE RD AT BETWEEN LEWIS & CASTLE RD,5810,WARRANDYTE-KANGAROO GROUND ROAD,KANGAROO GROUND-WARRANDYTE ROAD,PUBTT,Other,Greater than 10 Years,0,0,0,0,0.0
145.26529779429984,-37.91394448440845,16215,16372,35575,KELLETTS RD E OF ST LAWRENCE WAY,INTERSECTION,All Moves,KELLETTS RD/ST LAWRENCE WAY,5428,KELLETTS ROAD,KELLETTS ROAD,SCATS,Scats,Between 2 and 5 Years,5,2011,10000,0,0.0
145.31570264301783,-37.80943378752321,16223,16439,16012,LIVERPOOL RD 5M BEFORE GEOFFREY DR,INTERSECTION,Scheduled PubTpt Bus flow,LIVERPOOL RD 5M BEFORE GEOFFREY DR,9999,Missing Data,LIVERPOOL ROAD,PUBTT,Other,Greater than 10 Years,0,0,0,0,0.0
143.21048506952857,-38.49635098843718,16239,16379,37634,LAVERS HILL-COBDEN RD S Bd btwn TOMAHAWK CREEK RD & PRINCETOWN RD,MIDBLOCK,All Moves,LAVERS HILL-COBDEN RD BTWN PRINCETOWN RD & TOMAHAWK CREEK RD,5033,LAVERS HILL-COBDEN ROAD,LAVERS HILL-COBDEN ROAD,APARX,Classification,Between 2 and 5 Years,2,2014,630,150,0.24
145.31630726302149,-37.81584798872176,16245,16444,16752,LIVERPOOL RD 25M AFTER LADE AVE,INTERSECTION,Scheduled PubTpt Bus flow,LIVERPOOL RD 25M AFTER LADE AVE,9999,Missing Data,LIVERPOOL ROAD ALT,PUBTT,Other,Greater than 10 Years,0,0,0,0,0.0
145.79293241393577,-38.108164761854255,16264,16386,35476,LONGWARRY-DROUIN RD E BD 200M W OF SNOWBALL RD,MIDBLOCK,All Moves,LONGWARRY-DROUIN RD 200M W OF SNOWBALL RD,5710,LONGWARRY-DROUIN ROAD,LONGWARRY-DROUIN ROAD,APARX,Classification,Less than 2 Years,1,2015,1200,90,0.08
145.17232409781795,-36.7521099495003,16274,16890,41321,KIRWANS BRIDGE-LONGWOOD RD E BD 300M W OF GOULBURN VALLEY HWY @ 4.5KM POST,MIDBLOCK,All Moves,KIRWANS BRIDGE-LONGWOOD RD 300M W OF GOULBURN VALLEY HWY @ 4.5KM POST,9999,Missing Data,KIRWANS BRIDGE ROAD,APARX,Classification,Between 5 and 10 Years,8,2008,20,0,0.23
144.92806309385952,-37.629934600919896,16280,16947,18904,LINCOLNE CR N OF DONALD CAMERON DR,INTERSECTION,All Moves,DONALD CAMERON DR/LINCOLNE CR/THOMAS BRUNTON PDE,9999,Missing Data,LINCOLNE CRESCENT,SCATS,Scats,Greater than 10 Years,0,0,0,0,0.0
145.31533404185916,-37.806564386342906,16295,16456,10779,LIVERPOOL RD 10M BEFORE KILSYTH AVE,INTERSECTION,Scheduled PubTpt Bus flow,LIVERPOOL RD 10M BEFORE KILSYTH AVE,9999,Missing Data,LIVERPOOL ROAD,PUBTT,Other,Greater than 10 Years,0,0,0,0,0.0
144.80523361122889,-37.84673965857005,16316,16461,38817,KOKOROIT CREEK RD W OF ACCESS RD,INTERSECTION,Left Missing,KOKOROIT CREEK RD/ACCESS RD,5833,KOROROIT CREEK ROAD,KOROROIT CREEK ROAD,SCATS,Scats,Greater than 10 Years,0,0,0,0,0.0
144.7400222400371,-37.87381025699301,16365,16980,40441,PRINCES FWY WEST EAST OF FORSYTH RD INBOUND,INTERSECTION,Missing Data,SVO_Map_LTD:480||SITE DESC: PENLINK/SKYE RD,9999,Missing Data,LINMAX COURT,INDET,Freeway Data Station,Greater than 10 Years,0,0,0,0,0.0
144.8495559054468,-37.7267306962816,16368,16981,19451,KEILOR PARK DR N BD BTW CALDER FWY WB RAMPS & OLD CALDER HWY,INTERSECTION,All Moves,KEILOR PARK DR BTW CALDER FWY RAMPS & OLD CALDER HWY,5054,KEILOR PARK DRIVE,KEILOR PARK DRIVE,MOTSV,Manual,Between 2 and 5 Years,5,2011,17000,1600,0.1
147.96406233930446,-37.879563131703016,16371,16983,36453,LOOKOUT RD W BD 50M E OF PRINCES HWY EAST,MIDBLOCK,All Moves,LOOKOUT RD 50M E OF PRINCES HWY EAST,9999,Missing Data,LOOKOUT ROAD,APARX,Classification,Between 2 and 5 Years,4,2012,1000,60,0.06
145.10234220821883,-37.95623862145918,16372,16489,21422,KINGSTON RD E BD E OF OLD_DANDENONG RD,UNDEFINED,All Moves,KINGSTON RD E OF OLD_DANDENONG RD,5970,HEATHERTON ROAD,KINGSTON ROAD,APARX,Classification,Greater than 10 Years,28,1988,11000,0,0.0
145.59248940511864,-38.60260517308532,16373,16984,35517,KORUMBURRA RD W OF BASS HWY,INTERSECTION,All Moves,BASS HWY & KORUMBURRA-WONTHAGGI RD & KORUMBURRA RD,9999,Missing Data,KORUMBURRA ROAD,TMVMT,Manual,Greater than 10 Years,0,0,0,0,0.0
144.95450678285707,-37.814517281328975,16374,16490,45518,LONSDALE ST SW OF KING ST,INTERSECTION,All Moves,KING ST/LONSDALE ST,9999,Missing Data,LONSDALE STREET,SCATS,Scats,Greater than 10 Years,16,2000,8700,0,0.0
145.91367814541712,-38.22175568060955,16397,16997,42019,KORUMBURRA-WARRAGUL RD S BD 120M N OF MATCHETTS RD @ 45.6KM FROM KORUMBURRA,MIDBLOCK,All Moves,KORUMBURRA-WARRAGUL RD 120M N OF MATCHETTS RD @ 45.6KM FROM KORUMBURRA,5682,KORUMBURRA-WARRAGUL ROAD,KORUMBURRA-WARRAGUL ROAD,APARX,Classification,Between 2 and 5 Years,2,2014,970,140,0.14
145.4370919695446,-36.29736678519577,16402,16502,20629,KATAMATITE-SHEPPARTON RD SWBD NE OF GOULBURN VALLEY HWY,INTERSECTION,All Moves,GOULBURN VALLEY HWY LEFT TURN TO KATAMATITE-SHEPPARTON RD,5419,KATAMATITE-SHEPPARTON ROAD,KATAMATITE-SHEPPARTON MAIN ROAD,MOTSV,Manual,Greater than 10 Years,0,0,0,0,0.0
145.20283617239824,-37.97577805954428,16422,16704,44330,JONES RD S of GLADSTONE RD,INTERSECTION,All Moves,GLADSTONE RD & JONES RD & PRINCES HWY,9999,Missing Data,JONES ROAD,TMVMT,Manual,Greater than 10 Years,31,1985,6000,200,0.03
146.2554714796072,-38.17839685974251,16459,16716,40298,MOE-GLENGARRY RD E BD 50M E OF WIRRAWAY ST @ 1.0KM FROM MOE,MIDBLOCK,All Moves,MOE-GLENGARRY RD 50M E OF WIRRAWAY ST @ 1.0KM FROM MOE,5539,MOE-GLENGARRY ROAD,LLOYD STREET,APARX,Classification,Greater than 10 Years,18,1998,2700,120,0.04
144.98942327528815,-37.29000173766279,16463,16220,37995,KILMORE EAST-SUNDAY CREEK RD E BD 50M W OF RAILWAY LINE,MIDBLOCK,All Moves,KILMORE EAST-SUNDAY CREEK RD 50M W OF RAILWAY LINE,9999,Missing Data,KILMORE EAST-SUNDAY CREEK ROAD,APARX,Classification,Greater than 10 Years,11,2005,280,60,0.22
143.81077852117727,-37.568272599065736,16466,16221,38973,LEARMONTH ST S BD 200M N OF LATROBE ST (BALLARAT),MIDBLOCK,All Moves,LEARMONTH ST 200M N OF LATROBE ST (BALLARAT),5497,DELACOMBE-WENDOUREE ROAD,LEARMONTH STREET,APARX,Classification,Greater than 10 Years,15,2001,3800,490,0.13
145.31611832419088,-37.812465899717886,16507,16541,13214,LIVERPOOL RD 30M OPP PARAMOUNT AVE,INTERSECTION,Scheduled PubTpt Bus flow,LIVERPOOL RD 30M OPP PARAMOUNT AVE,9999,Missing Data,LIVERPOOL ROAD,PUBTT,Other,Greater than 10 Years,0,0,0,0,0.0
145.05516379931643,-37.90179647878588,16516,16002,36587,LEILA RD E OF KOORNANG RD DEPARTURE,INTERSECTION,All Moves,KOORNANG RD N OF LEILA RD DEPARTURE,9999,Missing Data,LEILA ROAD,TMVMT,Manual,Greater than 10 Years,0,0,0,0,0.0
145.11143619765565,-37.957362073937446,16520,16239,13251,KINGSTON RD W BD BTWN BOUNDARY RD & OLD DANDENONG RD,INTERSECTION,Scheduled PubTpt Bus flow,KINGSTON RD BTWN BOUNDARY RD & OLD DANDENONG RD,5970,HEATHERTON ROAD,KINGSTON ROAD,PUBTT,Other,Greater than 10 Years,0,0,0,0,0.0
144.78026057905984,-37.70040970136824,16550,16744,37178,KINGS RD NE OF SHOPPING CENTRE ENT NR BOND DR,INTERSECTION,All Moves,KINGS RD/SHOPPING CENTRE ENT NR BOND DR,5009,KINGS ROAD,KINGS ROAD,SCATS,Scats,Between 2 and 5 Years,5,2011,8900,0,0.0
145.6363146594801,-38.59835669446231,16582,16012,39589,KIRRAK RD N BD 200M N OF BASS HWY,MIDBLOCK,All Moves,KIRRAK RD 200M N OF BASS HWY,9999,Missing Data,KIRRAK ROAD,APARX,Classification,Greater than 10 Years,0,0,0,0,0.0
145.37743250064165,-37.73501608315864,16594,16014,36178,INGRAM RD E OF MAROONDAH HWY DEPARTURE,INTERSECTION,All Moves,MAROONDAH HWY N OF INGRAM RD DEPARTURE,9999,Missing Data,INGRAM ROAD,TMVMT,Manual,Greater than 10 Years,0,0,0,0,0.0
145.07357168522873,-37.73799299342439,16611,16261,11805,LOWER PLENTY RD SWBD BTWN ROSANNA RD & UPPER HEIDELBERG RD,INTERSECTION,Scheduled PubTpt Bus flow,LOWER PLENTY RD SBTWN ROSANNA RD & UPPER HEIDELBERG RD,5743,LOWER PLENTY ROAD,LOWER PLENTY ROAD,PUBTT,Other,Greater than 10 Years,0,0,0,0,0.0
144.97244990887813,-37.76734790310866,16693,16769,42349,LYGON ST S OF BLYTH ST,INTERSECTION,All Moves,BLYTH ST & LYGON ST,9999,Missing Data,LYGON STREET,TMVMT,Manual,Greater than 10 Years,0,0,0,0,0.0
145.09040921483344,-37.95476354921325,16744,16040,11817,KINGSTON RD AT NEAR WILLIS ST,INTERSECTION,Scheduled PubTpt Bus flow,KINGSTON RD AT NEAR WILLIS ST,5970,HEATHERTON ROAD,KINGSTON ROAD,PUBTT,Other,Greater than 10 Years,0,0,0,0,0.0
147.9853255036124,-37.87882249493188,16817,16294,35351,LAKE TYERS RD SEBD 100M S OF PRINCES HWY EAST,MIDBLOCK,All Moves,LAKE TYERS RD 100M S OF PRINCES HWY EAST,9999,Missing Data,LAKE STREET,APARX,Classification,Between 5 and 10 Years,8,2008,860,60,0.08
145.2143272457753,-37.98746869643915,16823,16600,42765,PRINCES_HWY_E S of CLOW_ST,INTERSECTION,All Moves,PRINCES HWY/CLOW ST,2510,PRINCES HIGHWAY EAST,LONSDALE STREET,SCATS,Scats,Greater than 10 Years,0,0,0,0,0.0
145.31675687307353,-37.81697359488304,16852,16059,10542,LIVERPOOL RD 35M OPP GARDEN ST,INTERSECTION,Scheduled PubTpt Bus flow,LIVERPOOL RD 35M OPP GARDEN ST,9999,Missing Data,LIVERPOOL ROAD,PUBTT,Other,Greater than 10 Years,0,0,0,0,0.0
145.22882869103987,-37.80510487375076,16888,16070,18965,LOUGHNAN RD NE OF RINGWOOD ST,INTERSECTION,All Moves,RINGWOOD ST/LOUGHNAN RD,9999,Missing Data,LOUGHNAN ROAD,SCATS,Scats,Greater than 10 Years,0,0,0,0,0.0
144.96246149579267,-37.714885470438105,16903,16665,38497,LORNE ST E OF SYDNEY RD,INTERSECTION,All Moves,SYDNEY RD / LORNE ST,9999,Missing Data,LORNE STREET,SCATS,Scats,Greater than 10 Years,0,0,0,0,0.0
144.78027056685656,-37.700379489535166,16918,16080,42945,SHOPPING CENTRE ENT NR BOND DR E OF KINGS RD,INTERSECTION,All Moves,KINGS RD/SHOPPING CENTRE ENT NR BOND DR,5009,KINGS ROAD,KINGS ROAD,SCATS,Scats,Between 2 and 5 Years,5,2011,2700,0,0.0
144.79910410472735,-37.84586320728259,16958,16182,37806,KOROROIT CREEK RD E OF BURNS RD,INTERSECTION,All Moves,KOROROIT CREEK RD/BURNS RD,5833,KOROROIT CREEK ROAD,KOROROIT CREEK ROAD,SCATS,Scats,Greater than 10 Years,0,0,0,0,0.0
144.78026057905984,-37.70040970136824,16959,16094,37535,KINGS RD SW OF SHOPPING CENTRE ENT NR BOND DR,INTERSECTION,All Moves,KINGS RD/SHOPPING CENTRE ENT NR BOND DR,5009,KINGS ROAD,KINGS ROAD,SCATS,Scats,Between 2 and 5 Years,5,2011,11000,0,0.0
144.96825830825287,-37.793034102764096,16960,16684,48108,LYGON ST S of PRINCES ST,INTERSECTION,All Moves,LYGON ST & PRINCES ST,9999,Missing Data,LYGON STREET,TMVMT,Manual,Greater than 10 Years,26,1990,9700,0,0.0
145.14240210614872,-37.990626861904495,16975,16099,35497,LOWER DANDENONG RD E OF CENTRE DANDENONG RD,INTERSECTION,All Moves,LOWER DANDENONG RD/CENTRE DANDENONG RD,2050,STATE (LOWER DANDENONG/CHELTENHAM) HIGHWAY,LOWER DANDENONG ROAD,SCATS,Scats,Between 2 and 5 Years,3,2013,23000,0,0.0
144.78130368288123,-37.69724648880746,16987,16694,21447,KEILOR-MELTON RD E BD E OF KINGS RD,UNDEFINED,All Moves,KEILOR-MELTON RD E OF KINGS RD,5009,KINGS ROAD,KINGS ROAD,APARX,Classification,Greater than 10 Years,25,1991,9800,0,0.0
145.0097984557281,-37.932990860793865,16999,16700,44141,LAGNICOURT ST S BD S OF VILLEROY ST,UNDEFINED,All Moves,LAGNICOURT ST S OF VILLEROY ST,9999,Missing Data,LAGNICOURT STREET,APARX,Classification,Greater than 10 Years,27,1989,410,0,0.0
145.19242269522744,-37.93799969965896,17012,17306,41509,JACKSONS_RD S of POLICE_RD,INTERSECTION,All Moves,POLICE RD/JACKSONS RD,5170,JACKSONS ROAD,JACKSONS ROAD,SCATS,Scats,Between 5 and 10 Years,9,2007,10000,0,0.0
145.23946240029633,-37.870330000583856,17018,17309,41170,BURWOOD HWY SE OF KNOX CITY ENTRANCE,INTERSECTION,All Moves,BURWOOD HWY/KNOX CITY ENTRANCE,9999,Missing Data,LYNNE AVENUE,SCATS,Scats,Greater than 10 Years,16,2000,17000,0,0.0
144.90090831137834,-37.801307294725,17028,17314,19327,LEEDS ST N OF IRVING ST,INTERSECTION,All Moves,IRVING ST/LEEDS ST,9999,Missing Data,LEEDS STREET,SCATS,Scats,Greater than 10 Years,17,1999,1500,0,0.0
144.90280151581075,-37.74154227797644,17036,17318,36467,KEILOR_RD NW of GILLIES_ST,INTERSECTION,All Moves,KEILOR RD NR GILLIES ST,5592,KEILOR ROAD,KEILOR ROAD,SCATS,Scats,Between 2 and 5 Years,4,2012,8600,0,0.0
144.3507267568467,-38.15741618869158,17048,17824,37973,PRINCES HWY WEST N BD LATROBE TERRACE.SOUTH OF KILGOUR.ST FAST LANE,MIDBLOCK,Incomplete Through,PRINCES HWY WEST LATROBE TERRACE.SOUTH OF KILGOUR.ST,2800,CORIO-WAURN PONDS ROAD,LATROBE TERRACE,APARX,Classification,Greater than 10 Years,21,1995,8200,410,0.05
144.9834137108122,-37.80641793297208,17051,17324,36388,LANGRIDGE ST E OF SMITH ST,INTERSECTION,All Moves,GERTRUDE ST/LANGRIDGE ST/SMITH ST,9999,Missing Data,LANGRIDGE STREET,SCATS,Scats,Between 5 and 10 Years,9,2007,5400,0,0.0
146.9533671759222,-36.17966310795676,17076,17205,42533,KIEWA VALLEY HWY N BD 200M S OF YACKANDANDAH RD @ 1.5KM FROM BARANDUDA,MIDBLOCK,All Moves,KIEWA VALLEY HWY 200M S OF YACKANDANDAH RD @ 1.5KM FROM BARANDUDA,2790,KIEWA VALLEY HIGHWAY,KIEWA VALLEY HIGHWAY,APARX,Classification,Between 2 and 5 Years,2,2014,1400,120,0.09
145.1890176490276,-37.90712420607703,17086,17207,39965,JELLS RD S OF FERNTREE GULLY RD,INTERSECTION,Left Missing,FERNTREE GULLY RD/JELLS RD,5308,JELLS ROAD,JELLS ROAD,SCATS,Scats,Between 5 and 10 Years,8,2008,9200,0,0.0
144.9009814193649,-37.80090719868252,17151,17223,40978,LEEDS ST S OF HOPKINS ST,INTERSECTION,All Moves,HOPKINS ST/LEEDS ST,9999,Missing Data,LEEDS STREET,SCATS,Scats,Greater than 10 Years,17,1999,2600,0,0.0
145.108906502423,-37.98657269627045,17153,17855,37491,LOWER DANDENONG RD WE of BOUNDARY RD,INTERSECTION,All Moves,BOUNDARY RD & LOWER DANDENONG RD,2050,STATE (LOWER DANDENONG/CHELTENHAM) HIGHWAY,LOWER DANDENONG ROAD,TMVMT,Manual,Greater than 10 Years,28,1988,11000,1100,0.1
145.4136571075111,-36.375749517944406,17169,17358,39362,KNIGHT ST NW of ADAMS AVE,INTERSECTION,All Moves,ADAMS AVE & HAWDON ST & KNIGHT ST,9999,Missing Data,KNIGHT STREET,TMVMT,Manual,Greater than 10 Years,0,0,0,0,0.0
143.3589935711643,-37.69520369565716,17171,17726,40907,LISMORE-SKIPTON RD S BD 700M S OF STATION ST @ 2.9KM FROM SKIPTON,MIDBLOCK,All Moves,LISMORE-SKIPTON RD 700M S OF STATION ST @ 2.9KM FROM SKIPTON,5962,LISMORE-SKIPTON ROAD,LISMORE-SKIPTON ROAD,APARX,Classification,Greater than 10 Years,21,1995,110,20,0.17
145.07851957314836,-37.735157367499,17180,17361,38529,LOWER PLENTY RD NE of GREENSBOROUGH RD,INTERSECTION,Through Missing,GREENSBOROUGH RD & LOWER PLENTY RD,2850,GREENSBOROUGH HIGHWAY,LOWER PLENTY ROAD,TMVMT,Manual,Greater than 10 Years,28,1988,2400,90,0.04
145.40018080207355,-36.37397528505049,17198,17368,38262,KNIGHT ST W of WYNDHAM ST,INTERSECTION,All Moves,KNIGHT ST & WYNDHAM ST,9999,Missing Data,KNIGHT STREET,TMVMT,Manual,Greater than 10 Years,20,1996,4600,90,0.02
144.32471850696047,-36.69680094318922,17212,17372,39386,IRONSTONE ROAD WE of MIDLAND HWY,INTERSECTION,All Moves,IRONSTONE ROAD & MIDLAND HWY,9999,Missing Data,IRONSTONE ROAD,TMVMT,Manual,Greater than 10 Years,27,1989,180,10,0.07
143.4952099742685,-36.61529928691173,17222,17735,42406,LOGAN WEDDERBURN ROAD(TYPE Z)82.5KM S BD N OF LOGAN,MIDBLOCK,All Moves,LOGAN WEDDERBURN ROAD(TYPE Z)82.5KM N OF LOGAN,5235,LOGAN-WEDDERBURN ROAD,LOGAN-WEDDERBURN ROAD,APARX,Classification,Greater than 10 Years,24,1992,40,0,0.18
144.95572697816706,-37.81638470782775,17234,17378,18494,KING ST N BD S OF BOURKE ST,UNDEFINED,All Moves,KING ST S OF BOURKE ST,5041,KING STREET,KING STREET,APARX,Classification,Greater than 10 Years,28,1988,29000,0,0.0
145.11679841361885,-37.98754234775234,17245,17882,19487,LOWER DANDENONG RD E BD E OF BOUNDARY RD,UNDEFINED,All Moves,LOWER DANDENONG RD E OF BOUNDARY RD,2050,STATE (LOWER DANDENONG/CHELTENHAM) HIGHWAY,LOWER DANDENONG ROAD,APARX,Classification,Greater than 10 Years,28,1988,12000,0,0.0
144.96766395663445,-37.83738019342567,17256,17385,19226,LAKESIDE DR N BD S OF ALBERT RD,UNDEFINED,All Moves,LAKESIDE DR S OF ALBERT RD,9999,Missing Data,LAKESIDE DRIVE,APARX,Classification,Greater than 10 Years,0,0,0,0,0.0
144.95710629102925,-37.81939019775138,17289,17254,18921,FLINDERS ST E BD E OF KING ST,UNDEFINED,All Moves,FLINDERS ST E OF KING ST,5041,KING STREET,KING STREET,APARX,Classification,Greater than 10 Years,0,0,0,0,0.0
144.85001561294771,-37.72378159919453,17302,17752,41911,KEILOR PARK_DR S BD N OF CALDER HWY,UNDEFINED,All Moves,KEILOR PARK_DR N OF CALDER HWY,5054,KEILOR PARK DRIVE,KEILOR PARK DRIVE,APARX,Classification,Greater than 10 Years,29,1987,11000,0,0.0
145.0760731964514,-37.94968538691394,17330,17763,38741,KEYS RD WE of WARRIGAL RD,INTERSECTION,All Moves,KEYS RD & WARRIGAL RD,5313,WICKHAM-KEYS ROAD,KEYS ROAD,TMVMT,Manual,Greater than 10 Years,28,1988,9600,990,0.1
145.0509409478132,-37.72684912268756,17334,17765,39823,KINGSBURY DR NW of WATERDALE RD,INTERSECTION,All Moves,KINGSBURY DR & WATERDALE RD,5740,KINGSBURY DRIVE,KINGSBURY DRIVE,TMVMT,Manual,Greater than 10 Years,30,1986,12000,620,0.05
144.90872336647783,-38.36807630006468,17355,17280,40558,JETTY RD S BD N OF EASTBOURNE RD,UNDEFINED,All Moves,JETTY RD N OF EASTBOURNE RD,9999,Missing Data,JETTY ROAD,APARX,Classification,Greater than 10 Years,26,1990,4800,0,0.0
144.7871818100321,-37.84470452812679,17366,17286,19250,KOROROIT CREEK RD E BD ON BRIDGE OVER PRINCES FWY,UNDEFINED,All Moves,KOROROIT CREEK RD ON BRIDGE OVER PRINCES FWY,5833,KOROROIT CREEK ROAD,KOROROIT CREEK ROAD,APARX,Classification,Greater than 10 Years,24,1992,8000,0,0.0
145.09841769878238,-37.955747385259805,17383,17789,41913,KINGSTON RD W BD W OF OLD_DANDENONG RD,UNDEFINED,All Moves,KINGSTON RD W OF OLD_DANDENONG RD,5970,HEATHERTON ROAD,KINGSTON ROAD,APARX,Classification,Greater than 10 Years,28,1988,14000,0,0.0
144.74847441578177,-37.83955784214711,17393,17794,35744,LEAKES RD E OF PALMERS RD,INTERSECTION,All Moves,PALMERS RD/LEAKES RD,9999,Missing Data,LEAKES ROAD,SCATS,Scats,Greater than 10 Years,0,0,0,0,0.0
144.78152400564866,-37.69653109754801,17409,17404,38391,HUNGRY JACKS AND KFC ACCESS W OF KINGS RD,INTERSECTION,All Moves,HUNGRY JACKS AND KFC ACCESS & KINGS RD & SERVICE STATION ACCESS,5009,KINGS ROAD,KINGS ROAD,TMVMT,Manual,Greater than 10 Years,0,0,0,0,0.0
146.25118447670332,-38.17976795510944,17430,17410,38437,LLOYD ST SE OF WATERLOO RD DEPARTURE,INTERSECTION,All Moves,WATERLOO RD NE OF LLOYD ST DEPARTURE,5539,MOE-GLENGARRY ROAD,LLOYD STREET,TMVMT,Manual,Greater than 10 Years,0,0,0,0,0.0
144.05828774236886,-38.10078820322804,17432,17411,35308,HAMILTON HIGHWAY WEST BD WEST OF INVERLEIGH,MIDBLOCK,All Moves,HAMILTON HIGHWAY EAST BD WEST OF INVERLEIGH,9999,Missing Data,INVERLEIGH-WINCHELSEA ROAD,APARX,Classification,Greater than 10 Years,0,0,0,0,0.0
145.48900688807825,-38.09760899480624,17439,17413,43269,KOO WEE RUP RD S OF PRINCES FWY W BD RAMPS,INTERSECTION,All Moves,KOO WEE RUP RD & PRINCES FWY ON RAMP,5770,HEALESVILLE-KOO-WEE-RUP ROAD,KOO WEE RUP ROAD,TMVMT,Manual,Greater than 10 Years,0,0,0,0,0.0
145.21737953156455,-37.99478649244418,17456,17419,18428,PRINCES HWY NWBD SE OF WEBSTER,INTERSECTION,All Moves,PRINCES HWY SE OF WEBSTER,2510,PRINCES HIGHWAY EAST,LONSDALE STREET,MOTSV,Manual,Greater than 10 Years,0,0,0,0,0.0
145.10234220821883,-37.95623862145918,17457,17619,36163,KINGSTON RD W OF OLD DANDENONG RD,INTERSECTION,All Moves,KINGSTON RD & OLD DANDENONG RD,5970,HEATHERTON ROAD,KINGSTON ROAD,TMVMT,Manual,Greater than 10 Years,0,0,0,0,0.0
144.963105765121,-37.82883313733056,17466,17422,42574,WGF/KINGSWAY OUTBOUND ONRAMP FROM KINGSWAY,INTERSECTION,On Ramp,SVO_Map_LTD:779||SITE DESC: WGF/KINGSWAY OUTBOUND ONRAMP FROM KINGSWAY,7106,2510B 2820F,KINGS-WEST GATE OUT RAMP ON,INDET,Freeway Data Station,Greater than 10 Years,0,0,0,0,0.0
145.9444462718981,-38.548466265302416,17473,17625,37321,KOONWARRA-INVERLOCH RD SWBD 50M SW OF KOOKABURRA DV,MIDBLOCK,All Moves,KOONWARRA-INVERLOCH RD N50M SW OF KOOKABURRA DV,9999,Missing Data,KOONWARRA-INVERLOCH ROAD,APARX,Classification,Greater than 10 Years,16,2000,440,80,0.19
145.71162569667754,-38.366035588702175,17477,17926,42854,LOCH-POOWONG RD S BD 440M N OF SOUTH GIPPSLAND HWY @ 0.4KM FROM LOCH,MIDBLOCK,All Moves,LOCH-POOWONG RD 440M N OF SOUTH GIPPSLAND HWY @ 0.4KM FROM LOCH,9999,Missing Data,LOCH-POOWONG ROAD,APARX,Classification,Greater than 10 Years,15,2001,360,40,0.13
144.52920250248087,-37.309051001964015,17510,17638,38854,JAMES RD W BD 50M E OF CALDER HWY,MIDBLOCK,All Moves,JAMES RD 50M E OF CALDER HWY,9999,Missing Data,JAMES ROAD,APARX,Classification,Greater than 10 Years,15,2001,40,0,0.07
146.9827114343805,-37.97062777117173,17523,17642,39554,TRARALGON-MAFFRA RD NW OF MAFFRA-BRIAGOLONG R,INTERSECTION,All Moves,TRARALGON-MAFFRA RD & MAFFRA-SALE RD & STRATFORD-MAFFRA RD & MAFFRA-BRIAGOLONG R,5543,TRARALGON-MAFFRA ROAD,JOHNSON STREET,TMVMT,Manual,Greater than 10 Years,0,0,0,0,0.0
145.00323439622665,-37.8008383801244,17553,17652,18549,JOHNSTON ST W BD E OF CLARKE ST,INTERSECTION,All Moves,JOHNSTON ST E OF CLARKE ST,5854,JOHNSTON STREET BRIDGE,JOHNSTON STREET,APARX,Classification,Greater than 10 Years,15,2001,13000,0,0.0
144.97805940596763,-37.798293695992896,17566,17456,36857,JOHNSTON ST W of BRUNSWICK ST,INTERSECTION,All Moves,BRUNSWICK ST & JOHNSTON ST,5853,JOHNSTON STREET,JOHNSTON STREET,TMVMT,Manual,Greater than 10 Years,31,1985,15000,610,0.04
144.9544092330229,-37.81352268860354,17584,17462,36354,KING ST S of LT LONSDALE ST,INTERSECTION,All Moves,KING ST & LT LONSDALE ST,5041,KING STREET,KING STREET,TMVMT,Manual,Greater than 10 Years,30,1986,24000,0,0.0
145.05610313356226,-37.89425280103232,17601,17967,39979,KOORNANG_RD S OF TRUGANINI_RD,INTERSECTION,All Moves,KOORNANG RD/TRUGANINI RD,9999,Missing Data,KOORNANG ROAD,SCATS,Scats,Greater than 10 Years,15,2001,7700,0,0.0
144.97704465023455,-37.84963946418282,17609,17969,18963,LAKESIDE DR NWBD NW OF QUEENS RD,UNDEFINED,All Moves,LAKESIDE DR NW OF QUEENS RD,9999,Missing Data,LAKESIDE DRIVE,APARX,Classification,Greater than 10 Years,23,1993,7600,0,0.0
145.51430169900632,-37.66238390501473,17624,17975,41603,LALORS RD W BD E OF MAROONDAH HWY,UNDEFINED,All Moves,LALORS RD E OF MAROONDAH HWY,9999,Missing Data,LALORS ROAD,APARX,Classification,Greater than 10 Years,23,1993,630,0,0.0
144.9829641142495,-37.7904388963,17638,17680,18917,JAMIESON ST N BD S OF MCKEAN ST,UNDEFINED,All Moves,JAMIESON ST S OF MCKEAN ST,9999,Missing Data,JAMIESON STREET,APARX,Classification,Greater than 10 Years,29,1987,720,0,0.0
144.26269173252058,-36.7726228781118,17644,17682,37518,LAUREL ST NW of CALDER HWY,INTERSECTION,All Moves,CALDER HWY & LAUREL ST,9999,Missing Data,LAUREL STREET,TMVMT,Manual,Greater than 10 Years,24,1992,280,10,0.06
145.19532426547343,-37.923931399158825,17645,17482,40663,JACKSONS_RD S OF WELLINGTON_RD,INTERSECTION,Left Missing,WELLINGTON RD/JACKSONS RD,5170,JACKSONS ROAD,JACKSONS ROAD,SCATS,Scats,Greater than 10 Years,13,2003,5700,0,0.0
145.05970580457856,-37.94771595125849,17655,17485,40136,KEYS RD E of CHESTERVILLE RD,INTERSECTION,All Moves,CHESTERVILLE RD & KEYS RD,5313,WICKHAM-KEYS ROAD,KEYS ROAD,TMVMT,Manual,Greater than 10 Years,23,1993,6600,0,0.0
144.78693051008548,-37.84511006162772,17658,17486,18954,PRINCES FWY ONRAMP SW BD FROM KOROROIT CREEK RD,UNDEFINED,On Ramp,PRINCES FWY ONRAMP SFROM KOROROIT CREEK RD,7019,5833B 2500F,KOROROIT CREEK-PRINCES OUT RAMP ON,APARX,Classification,Greater than 10 Years,24,1992,7700,0,0.0
145.43225204949107,-36.302527548367614,17660,17987,40692,KATAMATITE-SHEPPARTON RD SWBD THRU MVMNT TO GOULBURN VALLEY HWY,INTERSECTION,Incomplete Through,GOULBURN VALLEY HWY LEFT TURN TO KATAMATITE-SHEPPARTON RD,5419,KATAMATITE-SHEPPARTON ROAD,KATAMATITE-SHEPPARTON MAIN ROAD,MOTSV,Manual,Greater than 10 Years,0,0,0,0,0.0
144.9529267720251,-37.81034270310936,17661,17487,40728,KING ST SEB BTW DUDLEY ST & BATMAN ST,UNDEFINED,All Moves,KING ST NBTW DUDLEY ST & BATMAN ST,5041,KING STREET,KING STREET,MOTSV,Manual,Greater than 10 Years,0,0,0,0,0.0
144.94251090595327,-37.82422069684102,17671,17691,37225,LORIMER ST SEBD NW OF WHARVES ACCESS RD,INTERSECTION,All Moves,LORIMER ST & WEST GATE FWY OFF RAMPS & WHARVES ACCESS RD,5597,LORIMER STREET,LORIMER STREET,TMVMT,Manual,Greater than 10 Years,17,1999,7500,1000,0.14
144.95732107785065,-37.81371293446769,17674,17991,35536,LONSDALE ST W OF QUEEN ST,INTERSECTION,All Moves,LONSDALE ST & QUEEN ST,9999,Missing Data,LONSDALE STREET,TMVMT,Manual,Greater than 10 Years,0,0,0,0,0.0
144.90872336647783,-38.36807630006468,17686,17495,18490,JETTY RD N BD N OF EASTBOURNE RD,UNDEFINED,All Moves,JETTY RD N OF EASTBOURNE RD,9999,Missing Data,JETTY ROAD,APARX,Classification,Greater than 10 Years,26,1990,5600,0,0.0
144.78401639011656,-37.69077430332994,17700,17500,36207,KINGS RD S OF PALMERSTON CR DEPARTURE,UNDEFINED,All Moves,WELLESLEY DR E OF KINGS RD DEPARTURE,5009,KINGS ROAD,KINGS ROAD,TMVMT,Manual,Greater than 10 Years,0,0,0,0,0.0
144.92398480450052,-37.82077209945064,17735,17016,40272,LORIMER ST W BD W OF HALL ST,INTERSECTION,All Moves,LORIMER ST W OF HALL ST,5597,LORIMER STREET,LORIMER STREET,APARX,Classification,Greater than 10 Years,13,2003,5300,0,0.0
144.95256586234774,-37.80957208376492,17738,17511,36127,KING ST SE OF DUDLEY ST,INTERSECTION,All Moves,KING ST/DUDLEY ST,5041,KING STREET,KING STREET,SCATS,Scats,Between 5 and 10 Years,7,2009,19000,0,0.0
145.0171940992495,-37.66282107577504,17763,17120,41997,KIAMA DR E BD W OF HIGH ST,UNDEFINED,All Moves,KIAMA DR W OF HIGH ST,9999,Missing Data,KIAMA DRIVE,APARX,Classification,Greater than 10 Years,17,1999,1400,0,0.0
144.963105765121,-37.82883313733056,17765,17520,39275,WEST GATE FWY OUTBOUND ONRAMP FROM MONTAGUE ST,INTERSECTION,On Ramp,SVO_Map_LTD:869||SITE DESC: WEST GATE FWY OUTBOUND ONRAMP FROM MONTAGUE ST,7106,2510B 2820F,KINGS-WEST GATE OUT RAMP ON,INDET,Freeway Data Station,Between 5 and 10 Years,10,2006,27000,0,0.0
143.95566542661007,-35.80507100246176,17776,17523,41827,LODDON VALLEY HWY N BD 3.1 KM N OF MOUNTFORD RD @120.1KM FROM BENDIGO,MIDBLOCK,All Moves,LODDON VALLEY HWY 3.1 KM N OF MOUNTFORD RD @120.1KM FROM BENDIGO,2630,LODDON VALLEY HIGHWAY,LODDON VALLEY HIGHWAY,APARX,Classification,Greater than 10 Years,21,1995,490,100,0.22
144.77804811422337,-37.71158459225508,17784,17127,38496,KINGS RD S OF HUME DR,INTERSECTION,All Moves,KINGS RD / HUME DR,5009,KINGS ROAD,KINGS ROAD,SCATS,Scats,Between 2 and 5 Years,5,2011,12000,0,0.0
142.10801200368354,-36.15512925216544,17827,17540,42400,JEPARIT-WARRACKNABEAL RD E BD 1.4 KM E OF WERNER RD @ 10.6KM FROM JEPARIT,MIDBLOCK,All Moves,JEPARIT-WARRACKNABEAL RD 1.4 KM E OF WERNER RD @ 10.6KM FROM JEPARIT,5191,JEPARIT-WARRACKNABEAL ROAD,JEPARIT-WARRACKNABEAL ROAD,APARX,Classification,Between 2 and 5 Years,2,2014,40,10,0.24
144.99298129488915,-37.79984481948038,17830,17142,19645,HODDLE ST N OF STUDLEY ST S BD,INTERSECTION,All Moves,HODDLE ST NR STUDLEY ST (S BD),5853,JOHNSTON STREET,JOHNSTON STREET,SCATS,Scats,Greater than 10 Years,0,0,0,0,0.0
144.77804811422337,-37.71158459225508,17836,17144,37467,KINGS RD N OF GOLDSMITH AVE,INTERSECTION,All Moves,KINGS RD/ GOLDSMITH AVE/ MCNICHOLL WAY,5009,KINGS ROAD,KINGS ROAD,SCATS,Scats,Greater than 10 Years,0,0,0,0,0.0
145.12927913931023,-37.705344855751726,17837,17050,40009,KARINGAL DR E OF WEIDLICH RD,INTERSECTION,All Moves,KARINGAL DR/WEIDLICH RD,5722,KARINGAL DRIVE,KARINGAL DRIVE,SCATS,Scats,Greater than 10 Years,0,0,0,0,0.0
145.05792585318332,-37.884652386604365,17852,17548,36334,KOORNANG ROAD S of PRINCES HWY EAST,INTERSECTION,All Moves,KOORNANG RD & KOORNGAN RD & PRINCES HWY EAST,9999,Missing Data,KOORNANG ROAD,TMVMT,Manual,Greater than 10 Years,31,1985,5100,310,0.06
144.68233300565566,-37.83329328441914,17863,17059,37072,LEAKES RD W BD BTW NIGHTHAWK RD & TARNEIT RD,MIDBLOCK,All Moves,LEAKES RD BTW NIGHTHAWK RD & TARNEIT RD,9999,Missing Data,LEAKES ROAD,APARX,Classification,Between 5 and 10 Years,7,2009,50,0,0.18
144.96948639460723,-37.81017679353139,17868,17061,42626,LONSDALE ST SW OF EXHIBITION ST,INTERSECTION,All Moves,EXHIBITION ST/LONSDALE ST,9999,Missing Data,LONSDALE STREET,SCATS,Scats,Less than 2 Years,0,2016,13000,0,0.0
145.0402280378093,-37.92647380232312,17899,17564,39914,JASPER RD S OF PATTERSON RD,INTERSECTION,All Moves,JASPER RD/PATTERSON RD,5847,JASPER ROAD,JASPER ROAD,SCATS,Scats,Greater than 10 Years,14,2002,9000,0,0.0
144.97332644672548,-37.83638325499536,17971,17588,18396,KINGSWAY W BD E OF QUEENS RD,UNDEFINED,All Moves,KINGSWAY E OF QUEENS RD,5871,KINGS WAY,KINGS WAY,MOTSV,Manual,Greater than 10 Years,0,0,0,0,0.0
143.81077852117727,-37.568272599065736,17975,17190,40854,LEARMONTH ST N BD 200M N OF LATROBE ST (BALLARAT),MIDBLOCK,All Moves,LEARMONTH ST 200M N OF LATROBE ST (BALLARAT),5497,DELACOMBE-WENDOUREE ROAD,LEARMONTH STREET,APARX,Classification,Greater than 10 Years,15,2001,3100,420,0.14
144.57375072773843,-37.45327468103979,17982,17099,41692,LAWSON RD SW BD 1.9KM SE OF FORBES RD,MIDBLOCK,All Moves,LAWSON RD N1.9KM SE OF FORBES RD,9999,Missing Data,LAWSON ROAD,APARX,Classification,Greater than 10 Years,16,2000,50,0,0.1
145.2111343206834,-37.96984059866798,17998,17199,39971,JAMES_ST S of HEATHERTON_RD,INTERSECTION,All Moves,HEATHERTON RD/JAMES ST/MENZIES AVE,9999,Missing Data,JAMES STREET,SCATS,Scats,Between 2 and 5 Years,4,2012,2200,0,0.0
145.72557122144153,-38.599998298627774,21024,21912,55231,KORUMBURRA-INVERLOCH RD N BD 3 KM N OF BASS HWY @ 23.0KM FROM KORUMBURRA,MIDBLOCK,All Moves,KORUMBURRA-INVERLOCH RD 3 KM N OF BASS HWY @ 23.0KM FROM KORUMBURRA,5697,KORUMBURRA-INVERLOCH ROAD,INVERLOCH-KONGWAK ROAD,APARX,Classification,Between 2 and 5 Years,2,2014,410,40,0.11
145.2307418001774,-37.98672376813123,21037,21918,24026,KIDDS RD E BD E OF POWER ST,INTERSECTION,All Moves,KIDDS RD E OF POWER ST,9999,Missing Data,KIDDS ROAD,APARX,Classification,Greater than 10 Years,13,2003,8300,0,0.0
146.55216535259484,-38.19442599558583,21046,21424,46141,LIDDIARD RD S OF PRINCES HWY DEPARTURE,INTERSECTION,All Moves,PARK LA N OF PRINCES HWY DEPARTURE,9999,Missing Data,LIDDIARD ROAD,TMVMT,Manual,Greater than 10 Years,0,0,0,0,0.0
145.9986110730325,-37.89050169913112,21047,21923,52817,LOCH VALLEY RD N BD 100M N OF LATROBE RIVER BRIDGE,MIDBLOCK,All Moves,LOCH VALLEY RD 100M N OF LATROBE RIVER BRIDGE,3002,LOCH VALLEY ROAD,LOCH VALLEY ROAD,APARX,Classification,Greater than 10 Years,15,2001,70,30,0.42
144.98933210979433,-37.79948023624699,21098,21802,44087,JOHNSTON ST E OF GOLD ST,INTERSECTION,Not representative,JOHNSTON ST/DIGHT ST/GOLD ST,5853,JOHNSTON STREET,JOHNSTON STREET,SCATS,Scats,Greater than 10 Years,13,2003,10000,0,0.0
147.43879350669016,-37.80458729747762,21109,21946,56613,LINDENOW RD N BD 400M N OF DARGO RD @ 10.4KM FROM PRINCES HIGHWAY EAST,MIDBLOCK,All Moves,LINDENOW RD 400M N OF DARGO RD @ 10.4KM FROM PRINCES HIGHWAY EAST,5560,LINDENOW ROAD,LINDENOW-GLENALADALE ROAD,APARX,Classification,Greater than 10 Years,20,1996,210,20,0.11
144.98339310207027,-37.79886491025656,21123,21808,46032,JOHNSTON ST W OF SMITH ST,INTERSECTION,All Moves,JOHNSTON ST/SMITH ST,5853,JOHNSTON STREET,JOHNSTON STREET,SCATS,Scats,Between 5 and 10 Years,9,2007,12000,0,0.0
144.9637495057043,-37.8245792008973,21124,21950,50921,KAVANAGH ST SW of POWER ST,INTERSECTION,All Moves,KAVANAGH ST & POWER ST,9999,Missing Data,KAVANAGH STREET,TMVMT,Manual,Greater than 10 Years,28,1988,730,40,0.06
144.9708047297256,-37.835050563410256,21152,21957,53328,KINGSWAY NW of ALBERT RD,INTERSECTION,All Moves,ALBERT RD & KINGSWAY,2510,PRINCES HIGHWAY EAST,KINGS WAY,TMVMT,Manual,Greater than 10 Years,31,1985,37000,3000,0.08
144.23203639879728,-36.797274999472414,21215,21973,50673,BENDIGO-MARYBRGH W of CALDER HWY DEPARTURE,INTERSECTION,All Moves,CALDER HWY N OF CAMP ST DEPARTURE,5200,BENDIGO-MARYBOROUGH ROAD,LOCKWOOD ROAD,TMVMT,Manual,Greater than 10 Years,0,0,0,0,0.0
143.97462067269467,-36.40061509812092,21219,21339,45042,LODDON VALLEY HWY S BD 400M N OF GLADMAN ST @ 51.5KM FROM BENDIGO,MIDBLOCK,All Moves,LODDON VALLEY HWY 400M N OF GLADMAN ST @ 51.5KM FROM BENDIGO,2630,LODDON VALLEY HIGHWAY,LODDON VALLEY HIGHWAY,APARX,Classification,Between 2 and 5 Years,3,2013,810,180,0.23
145.57609365851005,-38.5739054772726,21222,21834,55310,LOCH-WONTHAGGI RD N BD 200M N OF BASS HWY,MIDBLOCK,All Moves,LOCH-WONTHAGGI RD 200M N OF BASS HWY,9999,Missing Data,LOCH-WONTHAGGI ROAD,APARX,Classification,Greater than 10 Years,15,2001,340,30,0.11
145.0870084039722,-37.954351270441514,21230,21477,17264,KINGSTON RD 30M BEFORE NICHOLAS GR,INTERSECTION,Scheduled PubTpt Bus flow,KINGSTON RD 30M BEFORE NICHOLAS GR,5970,HEATHERTON ROAD,KINGSTON ROAD,PUBTT,Other,Greater than 10 Years,0,0,0,0,0.0
145.11473334337487,-37.929202187986,21240,21839,23284,KNIGHT ST S OF CENTRE RD,INTERSECTION,All Moves,CENTRE RD & KNIGHT ST,9999,Missing Data,KNIGHT STREET,TMVMT,Manual,Greater than 10 Years,0,0,0,0,0.0
144.9728750153023,-37.80923382164812,21253,21484,46272,LONSDALE ST W OF NICHOLSON ST,INTERSECTION,All Moves,ALBERT ST/NICHOLSON ST/LONSDALE ST,9999,Missing Data,LONSDALE STREET,SCATS,Scats,Less than 2 Years,0,2016,0,0,0.0
145.2787216210212,-37.91937218033927,21272,21988,51868,KELLETTS RD SEBD BTW WELLINGTON RD & NAPOLEON RD,MIDBLOCK,All Moves,KELLETTS RD BTW WELLINGTON RD & NAPOLEON RD,5428,KELLETTS ROAD,KELLETTS ROAD,APARX,Classification,Between 2 and 5 Years,5,2011,3600,130,0.04
144.96196138579603,-37.82768351083735,21315,21361,21053,WEST GATE FWY OFF RAMP E BD TO GRANT ST,UNDEFINED,Off Ramp,WEST GATE FWY OFF RAMP TO GRANT ST,2510,PRINCES HIGHWAY EAST,KINGS WAY,APARX,Classification,Greater than 10 Years,25,1991,10000,0,0.0
145.13010982841166,-37.77009081992317,21335,21866,24353,KING ST E OF WILLIAMSONS RD,INTERSECTION,Left Missing,WILLIAMSONS RD/LYNNWOOD PDE/KING ST,5353,KING STREET,KING STREET,SCATS,Scats,Between 5 and 10 Years,10,2006,5000,0,0.0
144.9628201334256,-37.82852707899751,21376,21888,52776,PHW AT WRR OFF RAMP OUTBOUND,INTERSECTION,All Moves,SVO_Map_LTD:220||SITE DESC: WRR/CALDER FWY SOUTH,2510,PRINCES HIGHWAY EAST,KINGS WAY,INDET,Freeway Data Station,Greater than 10 Years,12,2004,0,0,0.0
144.3660103967037,-38.149924598477824,21401,21601,44686,LT_MALOP_ST (CARPARK) W OF YARRA_ST,INTERSECTION,Exitfrom Carpark Busin Area,YARRA ST/LITTLE MALOP ST,9999,Missing Data,LITTLE MALOP STREET,SCATS,Scats,Between 5 and 10 Years,7,2009,1800,0,0.0
144.97072631298684,-37.8350099904647,21415,21202,47141,KINGS WAY NW OF ALBERT RD,INTERSECTION,Left Missing,ALBERT RD/KINGS WAY,2510,PRINCES HIGHWAY EAST,KINGS WAY,SCATS,Scats,Between 5 and 10 Years,10,2006,55000,0,0.0
144.74962201130788,-37.730373136683966,21445,21619,45173,WESTWOOD DR S OF COMMERCIAL RD,INTERSECTION,All Moves,WESTWOOD DR/INGLEWOOD DR/COMMERCIAL RD,9999,Missing Data,INGLEWOOD DRIVE,SCATS,Scats,Greater than 10 Years,0,0,0,0,0.0
143.42493990298968,-38.408594567239525,21447,21715,20934,COLAC-TIMBOON RD W BD 1.6KM W OF TOMAHAWK CREEK RD @ 20.1KM POST,MIDBLOCK,All Moves,COLAC-TIMBOON RD 1.6KM W OF TOMAHAWK CREEK RD @ 20.1KM POST,5037,TIMBOON-COLAC ROAD,IRREWILLIPE ROAD,APARX,Classification,Between 2 and 5 Years,3,2013,410,80,0.19
144.37167822490767,-37.347052809530126,21478,21725,43362,KYNETON-TRENTHAM RD S BD 270M SOUTH CEMETERY RD @ 9.7KM FROM KYNETON,MIDBLOCK,All Moves,KYNETON-TRENTHAM RD 270M SOUTH CEMETERY RD @ 9.7KM FROM KYNETON,5194,KYNETON-TRENTHAM ROAD,KYNETON-TRENTHAM ROAD,APARX,Classification,Greater than 10 Years,22,1994,0,0,0.0
144.97039093267983,-37.838798856280015,21483,21225,22151,LAKESIDE DR N BD 150M S OF ALBERT RD,UNDEFINED,All Moves,LAKESIDE DR 150M S OF ALBERT RD,9999,Missing Data,LAKESIDE DRIVE,APARX,Classification,Greater than 10 Years,15,2001,12000,0,0.0
145.74041940582575,-38.62577205711983,21488,21729,48370,INVERLOCH-VENUS BAY RD W OF CUTTRISS ST DEPARTURE,INTERSECTION,All Moves,INVERLOCH-VENUS BAY RD E OF CUTTRISS ST DEPARTURE,5662,INVERLOCH-VENUS BAY ROAD,INVERLOCH-VENUS BAY ROAD,TMVMT,Manual,Greater than 10 Years,0,0,0,0,0.0
146.45821360843863,-38.69897807517955,21501,21501,22285,PORT WELSHPOOL RD W BD BTW KEANE ST & ALBERT ST,MIDBLOCK,All Moves,PORT WELSHPOOL RD BTW KEANE ST & ALBERT ST,5908,PORT WELSHPOOL ROAD,LEWIS STREET,APARX,Classification,Between 2 and 5 Years,3,2013,200,40,0.24
144.96848401493014,-37.79170499771983,21532,21107,22099,LYGON ST N OF PRINCES ST,INTERSECTION,All Moves,CEMETERY RD EAST/LYGON ST/PRINCES ST,9999,Missing Data,LYGON STREET,SCATS,Scats,Less than 2 Years,0,2016,12000,0,0.0
147.00310157697027,-36.25282501161107,21557,21513,21158,KIEWA VALLEY HWY N BD 700M N OF KIEWA EAST RD @ 17.9KM FROM WODONGA,MIDBLOCK,All Moves,KIEWA VALLEY HWY 700M N OF KIEWA EAST RD @ 17.9KM FROM WODONGA,2790,KIEWA VALLEY HIGHWAY,KIEWA VALLEY HIGHWAY,APARX,Classification,Between 2 and 5 Years,2,2014,1500,150,0.1
145.21419832796605,-37.98622329905665,21577,21243,45736,CLOW_ST NR CLEELAND_ST,INTERSECTION,All Moves,CLOW ST NR CLEELAND ST,2510,PRINCES HIGHWAY EAST,LONSDALE STREET,SCATS,Scats,Greater than 10 Years,13,2003,9100,0,0.0
144.96476476286497,-37.83053926191194,21591,21651,48078,KINGS WAY SOUTHBOU NW of WEST GATE FWY OFF,INTERSECTION,All Moves,KINGS WAY SOUTHBOUND & WEST GATE FWY OFF,2510,PRINCES HIGHWAY EAST,KINGS WAY,TMVMT,Manual,Greater than 10 Years,28,1988,35000,2000,0.06
144.04217851105213,-38.12969503294664,21626,21524,44541,INVERLEIGH-WINCHELSEA RD N BD S OF HAMILTON HIGHWAY.INVERLEIGH @ 4.3KM FROM INV,MIDBLOCK,All Moves,INVERLEIGH-WINCHELSEA RD S OF HAMILTON HIGHWAY.INVERLEIGH @ 4.3KM FROM INV,5073,INVERLEIGH-WINCHELSEA ROAD,INVERLEIGH-WINCHELSEA ROAD,APARX,Classification,Between 2 and 5 Years,3,2013,190,40,0.21
147.05254677342998,-36.53667060671129,21636,21254,45068,KIEWA VALLEY HWY S BD 500M N OF RUNNING CREEK RD @ 57.1KM FROM WODONGA,MIDBLOCK,All Moves,KIEWA VALLEY HWY 500M N OF RUNNING CREEK RD @ 57.1KM FROM WODONGA,2790,KIEWA VALLEY HIGHWAY,KIEWA VALLEY HIGHWAY,APARX,Classification,Between 2 and 5 Years,3,2013,410,50,0.13
145.08634990107646,-37.95427227245548,21652,21127,12224,KINGSTON RD AT GOLF VIEW RD,INTERSECTION,Scheduled PubTpt Bus flow,KINGSTON RD AT GOLF VIEW RD,5970,HEATHERTON ROAD,KINGSTON ROAD,PUBTT,Other,Greater than 10 Years,0,0,0,0,0.0
145.01649420177162,-37.69543709661357,21660,21026,12930,KEON PDE E BD BTWN HIGH ST & CHEDDAR RD,INTERSECTION,Scheduled PubTpt Bus flow,KEON PDE BTWN HIGH ST & CHEDDAR RD,5910,CAMPBELLFIELD-GREENSBOROUGH ROAD,KEON PARADE,PUBTT,Other,Greater than 10 Years,0,0,0,0,0.0
144.94841571643718,-37.805363083634816,21673,21665,47483,KING ST NW OF HAWKE ST,INTERSECTION,All Moves,KING ST/HAWKE ST,5041,KING STREET,KING STREET,SCATS,Scats,Less than 2 Years,0,2016,0,0,0.0
145.2727419261482,-37.73611992580175,21718,21672,10847,JUMPING CREEK RD AT DUDLEY RD,INTERSECTION,Scheduled PubTpt Bus flow,JUMPING CREEK RD AT DUDLEY RD,9999,Missing Data,JUMPING CREEK ROAD,PUBTT,Other,Greater than 10 Years,0,0,0,0,0.0
144.97191877559024,-37.770243895970125,21726,21541,43813,LYGON ST S OF ALBERT ST DEPARTURE,INTERSECTION,All Moves,LYGON ST N OF ALBERT ST DEPARTURE,9999,Missing Data,LYGON STREET,TMVMT,Manual,Greater than 10 Years,0,0,0,0,0.0
144.77917470897796,-37.843656958465125,21757,21546,46025,LEAKES RD 2WAY W OF FITZGERALD RD,UNDEFINED,All Moves,LEAKES RD W OF FITZGERALD RD,9999,Missing Data,LEAKES ROAD,APARX,Classification,Greater than 10 Years,0,0,0,0,0.0
145.4029393026009,-37.723373986829365,21805,21049,19927,KILLARA RD E BD E OF BROADIES RD,INTERSECTION,All Moves,KILLARA RD E OF BROADIES RD,9999,Missing Data,KILLARA ROAD,APARX,Classification,Greater than 10 Years,15,2001,740,0,0.0
145.7665335170052,-38.47556140229028,21827,21156,48325,KORUMBURRA-WONTHAGGI RD N BD 2.3KM N OF OUTTRIM-MAYARRA RD,MIDBLOCK,All Moves,KORUMBURRA-WONTHAGGI RD 2.3KM N OF OUTTRIM-MAYARRA RD,5698,KORUMBURRA-WONTHAGGI ROAD,KORUMBURRA-WONTHAGGI ROAD,APARX,Classification,Greater than 10 Years,16,2000,540,50,0.1
145.09934641394955,-37.955861447375625,21854,21791,15061,KINGSTON RD 40M BEFORE OLD DANDENONG RD,INTERSECTION,Scheduled PubTpt Bus flow,KINGSTON RD 40M BEFORE OLD DANDENONG RD,5970,HEATHERTON ROAD,KINGSTON ROAD,PUBTT,Other,Greater than 10 Years,0,0,0,0,0.0
145.11205339883844,-37.95743818902955,21868,21793,11197,KINGSTON RD 50M BEFORE CLAYTON RD,INTERSECTION,Scheduled PubTpt Bus flow,KINGSTON RD 50M BEFORE CLAYTON RD,5970,HEATHERTON ROAD,KINGSTON ROAD,PUBTT,Other,Greater than 10 Years,0,0,0,0,0.0
144.97776118909263,-37.85075870137188,21916,21575,44334,LAKESIDE DR W of QUEENS RD,INTERSECTION,All Moves,LAKESIDE DR & LORNE ST & QUEENS RD,9999,Missing Data,LAKESIDE DRIVE,TMVMT,Manual,Greater than 10 Years,31,1985,9100,40,0.0
145.04291157225143,-37.91137199804606,21919,21576,22543,JASPER RD N OF MCKINNON RD,INTERSECTION,All Moves,JASPER RD/MCKINNON RD,5847,JASPER ROAD,JASPER ROAD,SCATS,Scats,Greater than 10 Years,11,2005,9500,0,0.0
145.02269815462316,-37.84400249367128,21940,21077,20395,KOOYONG RD N OF TOORAK RD,INTERSECTION,All Moves,TOORAK RD/KOOYONG RD,9999,Missing Data,KOOYONG ROAD,SCATS,Scats,Between 2 and 5 Years,4,2012,1900,0,0.0
144.9878513963862,-37.79932946463358,21950,21184,46898,JOHNSTON ST E OF WELLINGTON ST,INTERSECTION,Not representative,JOHNSTON ST/WELLINGTON ST,5853,JOHNSTON STREET,JOHNSTON STREET,SCATS,Scats,Between 5 and 10 Years,9,2007,11000,0,0.0
145.05789685538036,-37.884802791693815,21952,21081,16278,KOORNANG RD 20M AFTER EGAN ST,INTERSECTION,Scheduled PubTpt Bus flow,KOORNANG RD 20M AFTER EGAN ST,9999,Missing Data,KOORNANG ROAD,PUBTT,Other,Greater than 10 Years,0,0,0,0,0.0
145.02166571517583,-37.696031522638265,21963,21085,15059,KEON PDE W BD BTWN CHEDDAR RD & HIGH ST,INTERSECTION,Scheduled PubTpt Bus flow,KEON PDE BTWN CHEDDAR RD & HIGH ST,5910,CAMPBELLFIELD-GREENSBOROUGH ROAD,KEON PARADE,PUBTT,Other,Greater than 10 Years,0,0,0,0,0.0
145.06929504935255,-37.740447637164486,21968,21190,16262,LOWER PLENTY RD 15M AFTER MILLICENT ST,INTERSECTION,Scheduled PubTpt Bus flow,LOWER PLENTY RD 15M AFTER MILLICENT ST,5743,LOWER PLENTY ROAD,LOWER PLENTY ROAD,PUBTT,Other,Greater than 10 Years,0,0,0,0,0.0
145.08261649014415,-37.73281269164822,21976,21089,15062,LOWER PLENTY RD 20M AFTER GRAHAM RD,INTERSECTION,Scheduled PubTpt Bus flow,LOWER PLENTY RD 20M AFTER GRAHAM RD,5762,MAIN HEIDELBERG-ELTHAM ROAD,LOWER PLENTY ROAD,PUBTT,Other,Greater than 10 Years,0,0,0,0,0.0
145.22877908256095,-37.82194480000511,21994,21199,45893,CITY RD SW of MAFFRA ST,INTERSECTION,Right Missing,CITY RD & IRELAND ST & MAFFRA ST,9999,Missing Data,IRELAND STREET,TMVMT,Manual,Greater than 10 Years,29,1987,13000,1100,0.09
147.15891252361104,-36.73572528467621,19020,19412,23048,BOGONG HIGH PLAINS RD W BD 1.1KM EAST OF TAWONGA CRESENT @ 3.0KM FROM MOUNT BEA,MIDBLOCK,All Moves,BOGONG HIGH PLAINS RD 1.1KM EAST OF TAWONGA CRESENT @ 3.0KM FROM MOUNT BEA,2790,KIEWA VALLEY HIGHWAY,KIEWA VALLEY HIGHWAY,APARX,Classification,Between 2 and 5 Years,2,2014,380,0,0.0
144.76031559474737,-37.56121099880404,19026,19911,22359,MELBOURNE-LANCEFIELD RD S BD 600M S BALBETHAN RD,MIDBLOCK,All Moves,MELBOURNE-LANCEFIELD RD 600M S BALBETHAN RD,5821,MELBOURNE-LANCEFIELD ROAD,LANCEFIELD ROAD,APARX,Classification,Between 5 and 10 Years,8,2008,2800,190,0.07
145.14578260454772,-37.77312126226792,19030,19417,45755,KING ST W OF VICTORIA ST,INTERSECTION,All Moves,KING STREET & VICTORIA STREET,5353,KING STREET,KING STREET,TMVMT,Manual,Greater than 10 Years,18,1998,7300,190,0.03
145.3028856022037,-37.924080199216206,19033,19419,20073,LYSTERFIELD RD S BD N OF WELLINGTON RD,INTERSECTION,All Moves,LYSTERFIELD RD N OF WELLINGTON RD,5782,LYSTERFIELD ROAD,LYSTERFIELD ROAD,APARX,Classification,Greater than 10 Years,16,2000,5200,0,0.0
145.10413451983146,-37.649684981051,19042,19424,20437,GORGE RD E BD E OF PLENTY RD AT PLENTY RIVER,INTERSECTION,All Moves,GORGE RD E OF PLENTY RD AT PLENTY RIVER,5720,KURRAK ROAD,KURRAK ROAD,APARX,Classification,Greater than 10 Years,22,1994,3400,0,0.0
146.16195669515895,-38.401118214148084,19048,19921,48040,BOOLARRA SOUTH-MIRBOO NORTH RD S OF STRZELECKI HWY DEPARTURE,INTERSECTION,All Moves,BOOLARRA SOUTH-MIRBOO NORTH RD/STRZELECKI HWY,5973,BOOLARRA SOUTH-MIRBOO NORTH ROAD,INGLIS AVENUE,TMVMT,Manual,Greater than 10 Years,0,0,0,0,0.0
144.94767354974636,-37.8346026709593,19063,19803,22110,INGLES ST NWBD SE OF CROCKFORD ST,INTERSECTION,All Moves,INGLES ST SE OF CROCKFORD ST,9999,Missing Data,INGLES STREET,APARX,Classification,Greater than 10 Years,22,1994,6100,0,0.0
147.62032968305908,-37.83142609627684,19074,19307,46167,LIGAR ST SE OF PRINCES HWY EAST DEPARTURE,INTERSECTION,All Moves,LIGAR ST NW OF PRINCES HWY EAST DEPARTURE,9999,Missing Data,LIGAR STREET,TMVMT,Manual,Greater than 10 Years,0,0,0,0,0.0
144.0606152727572,-38.112163000052846,19124,19818,22232,INVERLEIGH-WINCHELSEA ROAD SOUTH BD SOUTH OF McFARLANES LANE,MIDBLOCK,All Moves,INVERLEIGH-WINCHELSEA ROAD NORTH BD SOUTH OF MCFARLANES LANE,5073,INVERLEIGH-WINCHELSEA ROAD,INVERLEIGH-WINCHELSEA ROAD,APARX,Classification,Greater than 10 Years,0,0,0,0,0.0
145.91367814541712,-38.22175568060955,19149,19326,44242,KORUMBURRA-WARRAGUL RD N BD 120M N OF MATCHETTS RD @ 45.6KM FROM KORUMBURRA,MIDBLOCK,All Moves,KORUMBURRA-WARRAGUL RD 120M N OF MATCHETTS RD @ 45.6KM FROM KORUMBURRA,5682,KORUMBURRA-WARRAGUL ROAD,KORUMBURRA-WARRAGUL ROAD,APARX,Classification,Between 2 and 5 Years,2,2014,950,120,0.13
142.0215916855693,-37.74223399314826,19159,19827,22557,DARTMOOR-HAMILTON ROAD WEST BD EAST OF HENTY HIGHWAY (SCORESBY STREET),MIDBLOCK,All Moves,DARTMOOR-HAMILTON ROAD EAST BD EAST OF HENTY HIGHWAY (SCORESBY STREET),5150,DARTMOOR-HAMILTON ROAD,LONSDALE STREET,APARX,Classification,Greater than 10 Years,0,0,0,0,0.0
145.22882869103987,-37.80510487375076,19166,19457,45589,LOUGHNAN RD SW OF WARRANDYTE RD DEPARTURE,INTERSECTION,All Moves,LOUGHNAN RD NE OF WARRANDYTE RD DEPARTURE,9999,Missing Data,LOUGHNAN ROAD,TMVMT,Manual,Greater than 10 Years,0,0,0,0,0.0
144.84955703896995,-37.72658290056176,19171,19332,45926,KEILOR PARK DR S of CALDER FWY WB OFF RAMP,INTERSECTION,All Moves,CALDER FWY WB OFF RAMP & KEILOR PARK DR,5054,KEILOR PARK DRIVE,KEILOR PARK DRIVE,TMVMT,Manual,Greater than 10 Years,19,1997,14000,1200,0.08
143.536635336714,-38.78252185856878,19184,19833,22320,OTWAY LIGHTHOUSE ROAD SOUTH BD SOUTH OF GOR,MIDBLOCK,All Moves,OTWAY LIGHTHOUSE ROAD NORTH BD SOUTH OF GOR,4901,OTWAY LIGHTHOUSE ROAD,LIGHTHOUSE ROAD,APARX,Classification,Greater than 10 Years,0,0,0,0,0.0
145.0534157201616,-37.85413377105336,19196,19959,20330,SEF/BURNLEY EAST INBOUND,INTERSECTION,All Moves,SVO_Map_LTD:414||SITE DESC: PRINCES FWY WEST EAST OF POINT COOK RD,9999,Missing Data,KING STREET,INDET,Freeway Data Station,Greater than 10 Years,18,1998,43000,0,0.0
144.7646129463103,-37.84092785034606,19197,19836,47020,LEAKES RD W OF FEDERATIONTRAIL,INTERSECTION,All Moves,LEAKES/FEDERATION TRAIL,9999,Missing Data,LEAKES ROAD,SCATS,Scats,Between 5 and 10 Years,8,2008,3900,0,0.0
145.19118751587732,-37.934971902172826,19202,19339,21461,S.E.ARTERIAL ON RAMP NWBD FROM JACKSONS RD,INTERSECTION,On Ramp,S.E.ARTERIAL ON RAMP FROM JACKSONS RD,7300,5170B 2000R,JACKSONS-MONASH IN RAMP ON,APARX,Classification,Greater than 10 Years,23,1993,11000,0,0.0
144.69167061343552,-37.83453543598653,19255,19480,47686,LEAKES RD W OF DERRIMUT RD,INTERSECTION,All Moves,DERRIMUT RD / LEAKES RD,9999,Missing Data,LEAKES ROAD,SCATS,Scats,Between 2 and 5 Years,5,2011,3200,0,0.0
145.10679140358488,-37.956789186692575,19277,19358,22695,KINGSTON RD W BD BTW PEACE RD & BOUNDARY RD,MIDBLOCK,All Moves,KINGSTON RD BTW PEACE RD & BOUNDARY RD,5970,HEATHERTON ROAD,KINGSTON ROAD,APARX,Classification,Between 5 and 10 Years,7,2009,10000,1100,0.1
145.34226641582046,-38.040294236723,19278,19855,47556,KANGAN_DR W OF CLYDE_RD,INTERSECTION,Left Missing,CLYDE RD/KANGAN DR,9999,Missing Data,KANGAN DRIVE,SCATS,Scats,Greater than 10 Years,13,2003,450,0,0.0
144.92474637544979,-37.76404536502435,19283,19856,44855,KELLAWAY AVE SW OF PASCOE VALE RD,INTERSECTION,All Moves,PASCOE VALE RD/KELLAWAY AVE,5598,KELLAWAY AVENUE,KELLAWAY AVENUE,SCATS,Scats,Greater than 10 Years,17,1999,3900,0,0.0
144.65825955114008,-37.69850769442788,19312,19863,20465,LEAKES RD N BD S OF TARLETONS RD,INTERSECTION,All Moves,LEAKES RD S OF TARLETONS RD,9999,Missing Data,LEAKES ROAD,APARX,Classification,Greater than 10 Years,14,2002,1300,0,0.0
145.17310110200307,-37.821388182799325,19316,19990,46356,LAUGHLIN AV W OF SPRINGVALE RD,INTERSECTION,All Moves,LAUGHLIN AV & SPRINGVALE RD,9999,Missing Data,LAUGHLIN AVENUE,TMVMT,Manual,Greater than 10 Years,0,0,0,0,0.0
143.22260072610396,-38.512846681981515,19327,19498,22900,LAVERS HILL-COBDEN RD E BD 1.9KM E OF PRINCETOWN RD @ 35.1KM FROM LAVERS HILL,MIDBLOCK,All Moves,LAVERS HILL-COBDEN RD 1.9KM E OF PRINCETOWN RD @ 35.1KM FROM LAVERS HILL,5033,LAVERS HILL-COBDEN ROAD,LAVERS HILL-COBDEN ROAD,APARX,Classification,Between 2 and 5 Years,2,2014,150,20,0.18
144.79910410472735,-37.84586320728259,19328,19371,22351,KOROROIT CREEK ROAD W Bd btwn MAIDSTONE STREET & PRINCES HIGHWAY WEST Offramp,MIDBLOCK,All Moves,KOROROIT CREEK ROAD BTWN PRINCES HIGHWAY WEST OFFRAMP & MAIDSTONE STREET,5833,KOROROIT CREEK ROAD,KOROROIT CREEK ROAD,APARX,Classification,Between 5 and 10 Years,8,2008,15000,1400,0.1
144.96927591742673,-37.78704119659377,19332,19994,46706,LYGON ST S OF PIGDON ST,INTERSECTION,All Moves,LYGON ST & PIGDON ST,9999,Missing Data,LYGON STREET,TMVMT,Manual,Greater than 10 Years,0,0,0,0,0.0
145.14576401548211,-37.65648680041205,19341,19871,20467,IRONBARK RD N BD S OF MURRAY RD,INTERSECTION,All Moves,IRONBARK RD S OF MURRAY RD,9999,Missing Data,IRONBARK ROAD,APARX,Classification,Greater than 10 Years,13,2003,0,0,0.0
147.42293411131888,-37.87989199877769,19357,19380,20126,LINDENOW RD N BD 400M N OF PRINCES HWY EAST @ 5.2KM FROM LINDENOW SOUTH,MIDBLOCK,All Moves,LINDENOW RD 400M N OF PRINCES HWY EAST @ 5.2KM FROM LINDENOW SOUTH,5560,LINDENOW ROAD,LINDENOW-GLENALADALE ROAD,APARX,Classification,Less than 2 Years,1,2015,170,20,0.13
144.77886994284555,-37.71291368223902,19391,19895,20502,KINGS RD NW OF THE LAKES ACCESS,INTERSECTION,All Moves,KINGS RD/SHOPPING CENTRE ACCESS S OF MELTON HWY/THE LAKES ACCESS,5009,KINGS ROAD,KINGS ROAD,SCATS,Scats,Between 2 and 5 Years,5,2011,8700,0,0.0
145.12927913931023,-37.705344855751726,19393,19896,48558,KARINGAL DR W OF WEIDLICH RD,INTERSECTION,All Moves,KARINGAL DR/WEIDLICH RD,5722,KARINGAL DRIVE,KARINGAL DRIVE,SCATS,Scats,Greater than 10 Years,0,0,0,0,0.0
145.00683941569523,-37.66448524222035,19419,19014,44727,KINGSWAY DR W OF EDGARS RD,INTERSECTION,All Moves,EDGARS RD/KINGSWAY DR,9999,Missing Data,KINGSWAY DRIVE,SCATS,Scats,Between 2 and 5 Years,5,2011,2600,0,0.0
144.979288683972,-37.85310219694828,19445,19614,22104,QUEENS RD NWBD LEFT TURN SLIP LANE TO LAKESIDE DR,UNDEFINED,Incomplete Through,QUEENS RD LEFT TURN SLIP LANE TO LAKESIDE DR,9999,Missing Data,LAKESIDE DRIVE,APARX,Classification,Greater than 10 Years,23,1993,5400,0,0.0
145.222882848086,-37.9992041486169,19467,19216,48545,PRINCES_HWY NW OF PLUNKETT_RD,INTERSECTION,All Moves,PRINCES HWY/PLUNKETT RD,2510,PRINCES HIGHWAY EAST,LONSDALE STREET,SCATS,Scats,Greater than 10 Years,13,2003,32000,0,0.0
144.83366090744272,-37.84999145833388,19550,19650,22353,KOROROIT CREEK ROAD W Bd btwn MILLERS RD & DRAKE PDE,MIDBLOCK,All Moves,KOROROIT CREEK ROAD BTWN MILLERS RD & DRAKE PDE,5833,KOROROIT CREEK ROAD,KOROROIT CREEK ROAD,APARX,Classification,Between 5 and 10 Years,8,2008,8800,510,0.06
144.84972446729955,-37.724796298968016,19562,19249,43704,KEILOR PARK DR S BD S of FULLARTON RD,INTERSECTION,All Moves,KEILOR PARK DR N OF FULLARTON RD,5054,KEILOR PARK DRIVE,KEILOR PARK DRIVE,TMVMT,Manual,Greater than 10 Years,25,1991,15000,1300,0.09
144.78152400564866,-37.69653109754801,19577,19659,47062,HUNGRY JACKS AND KFC ACCESS W OF KINGS RD DEPARTURE,UNDEFINED,All Moves,KINGS RD N OF HUNGRY JACKS AND KFC ACCESS DEPARTURE,5009,KINGS ROAD,KINGS ROAD,TMVMT,Manual,Greater than 10 Years,0,0,0,0,0.0
145.23748320289715,-37.91082328132271,19608,19670,21881,KELLETTS RD W OF TAYLORS LN,INTERSECTION,Left Missing,KELLETTS RD/TAYLORS LN,5428,KELLETTS ROAD,KELLETTS ROAD,SCATS,Scats,Between 5 and 10 Years,7,2009,10000,0,0.0
147.0149887615735,-36.25553832870157,19617,19673,20303,KIEWA EAST RD W BD 900M E OF KIEWA VALLEY HWY @ 0.9KM FROM KIEWA,MIDBLOCK,All Moves,KIEWA EAST RD 900M E OF KIEWA VALLEY HWY @ 0.9KM FROM KIEWA,5478,KIEWA EAST ROAD,KIEWA EAST ROAD,APARX,Classification,Less than 2 Years,1,2015,1200,120,0.11
143.22260072610396,-38.512846681981515,19621,19675,21019,LAVERS HILL-COBDEN RD W BD 1.9KM E OF PRINCETOWN RD @ 35.1KM FROM LAVERS HILL,MIDBLOCK,All Moves,LAVERS HILL-COBDEN RD 1.9KM E OF PRINCETOWN RD @ 35.1KM FROM LAVERS HILL,5033,LAVERS HILL-COBDEN ROAD,LAVERS HILL-COBDEN ROAD,APARX,Classification,Between 2 and 5 Years,2,2014,150,30,0.21
145.7078915828749,-38.3346222915081,19655,19091,22058,NYORA-POOWONG RD SEBD 1700M NW OF OGILVYS RD,MIDBLOCK,All Moves,NYORA-POOWONG RD 1700M NW OF OGILVYS RD,5691,LANG LANG-POOWONG ROAD,LANG LANG-POOWONG ROAD,APARX,Classification,Between 2 and 5 Years,3,2013,230,20,0.09
145.14367920778145,-38.119431032466096,19661,19280,47331,KLAUER ST W OF FRANKSTON-DANDENONG RD,INTERSECTION,All Moves,FRANKSTON-DANDENONG RD/KLAUER ST,5159,KLAUER ROAD,KLAUER STREET,SCATS,Scats,Greater than 10 Years,0,0,0,0,0.0
145.19338963689057,-37.671630158206256,19673,19502,22135,KANGAROO GROUND-WATTLE GLEN RD NWBD SE OF LORIMER RD,INTERSECTION,All Moves,KANGAROO GROUND-WATTLE GLEN RD SE OF LORIMER RD,5435,KANGAROO GROUND-WATTLE GLEN ROAD,KANGAROO GROUND-WATTLE GLEN ROAD,APARX,Classification,Greater than 10 Years,14,2002,2400,0,0.0
144.9522042610248,-37.80897287926816,19675,19097,46131,KING ST NW OF DUDLEY ST,INTERSECTION,All Moves,KING ST/DUDLEY ST,5041,KING STREET,KING STREET,SCATS,Scats,Between 5 and 10 Years,7,2009,14000,0,0.0
144.85156267172408,-37.73680688257539,19685,19287,46951,WESTERN RING ROAD OUTBOUND ONRAMP FROM KEILOR PARK DV,INTERSECTION,On Ramp,SVO_Map_LTD:888||SITE DESC: WESTERN RING ROAD OUTBOUND ONRAMP FROM KEILOR PARK DV,7120,5054B 2900F,KEILOR PARK-WESTERN RING OUT RAMP ON,INDET,Freeway Data Station,Between 5 and 10 Years,10,2006,3400,0,0.0
145.48019385211808,-38.1783032931245,19693,19289,48477,HEALESVILLE-KOO-WEE-RUP RD S BD 600M N OF MANKS RD,MIDBLOCK,All Moves,HEALESVILLE-KOO-WEE-RUP RD 600M N OF MANKS RD,5770,HEALESVILLE-KOO-WEE-RUP ROAD,KOO WEE RUP ROAD,APARX,Classification,Between 2 and 5 Years,3,2013,4900,770,0.16
144.99191400919543,-37.865442322472894,19696,19698,21469,INKERMAN ST E BD E OF QUEEN ST,INTERSECTION,All Moves,INKERMAN ST E OF QUEEN ST,9999,Missing Data,INKERMAN STREET,APARX,Classification,Greater than 10 Years,22,1994,7800,0,0.0
144.937439107933,-37.8257674934458,19704,19295,20542,WGF/INGLES ST OUTBOUND (>JUN2005),INTERSECTION,All Moves,SVO_Map_LTD:783||SITE DESC: WGF/INGLES ST OUTBOUND (>JUN2005),9999,Missing Data,INGLES STREET,INDET,Freeway Data Station,Greater than 10 Years,11,2005,0,0,0.0
144.9627357781022,-37.82859611440125,19725,19706,22176,KINGS WAY THRU MVMNT TO KINGS WAY OD:42,INTERSECTION,Incomplete Through,KINGS WAY THRU MVMNT TO KINGS WAY OD:42,7106,2510B 2820F,KINGS-WEST GATE OUT RAMP ON,MOTSV,Manual,Greater than 10 Years,23,1993,34000,970,0.03
145.68386077709212,-38.079726801576925,19727,19511,22128,JEFFERSON RD N BD S OF PRINCES FWY,UNDEFINED,All Moves,JEFFERSON RD S OF PRINCES FWY,9999,Missing Data,JEFFERSON ROAD,APARX,Classification,Greater than 10 Years,20,1996,30,0,0.0
144.9684215426071,-37.838296328932216,19729,19708,20487,LAKESIDE DR NWBD SE OF ALBERT ROAD DRIVE,UNDEFINED,All Moves,LAKESIDE DR SE OF ALBERT ROAD DRIVE,9999,Missing Data,LAKESIDE DRIVE,MOTSV,Manual,Greater than 10 Years,21,1995,14000,100,0.01
145.48016929951015,-38.178418700982895,19764,19122,19768,HEALESVILLE-KOO-WEE-RUP RD N BD 600M N OF MANKS RD,INTERSECTION,All Moves,HEALESVILLE-KOO-WEE-RUP RD 600M N OF MANKS RD,5770,HEALESVILLE-KOO-WEE-RUP ROAD,KOO WEE RUP ROAD,APARX,Classification,Greater than 10 Years,17,1999,2200,0,0.0
145.07545947242207,-37.73690847242723,19768,19525,22188,LOWER PLENTY RD NE OF ROSANNA RD,INTERSECTION,Left Missing,LOWER PLENTY RD/ROSANNA RD/BRASSEY AVE,2850,GREENSBOROUGH HIGHWAY,LOWER PLENTY ROAD,SCATS,Scats,Greater than 10 Years,18,1998,13000,0,0.0
145.119813963053,-37.973309183789,19819,19738,48598,OLD DANDENONG RD W of BOUNDARY RD DEPARTURE,INTERSECTION,All Moves,BOUNDARY RD N OF OLD DANDENONG RD DEPARTURE,9999,Missing Data,KINGSTON DRIVE,TMVMT,Manual,Greater than 10 Years,0,0,0,0,0.0
145.34277959902002,-38.03614259502841,19825,19740,47412,JANE ST W OF CLYDE RD,INTERSECTION,All Moves,CLYDE RD & JANE ST & RESERVE ST TURNS ONLY,9999,Missing Data,JANE STREET,TMVMT,Manual,Greater than 10 Years,0,0,0,0,0.0
142.3891674009126,-36.25323833609722,19837,19548,22309,BORUNG HWY W BD 10M WEST OF YARRIAMBIACK CREEK BRIDGE,MIDBLOCK,All Moves,BORUNG HWY 10M WEST OF YARRIAMBIACK CREEK BRIDGE,2690,BORUNG HIGHWAY,LYLE STREET,APARX,Classification,Between 5 and 10 Years,6,2010,950,90,0.1
145.19133262047114,-37.93511028375574,19839,19744,48883,MONASH FWY NWBD ONRAMP FROM JACKSONS RD,MIDBLOCK,On Ramp,MONASH FWY ONRAMP FROM JACKSONS RD,7300,5170B 2000R,JACKSONS-MONASH IN RAMP ON,APARX,Classification,Greater than 10 Years,11,2005,11000,670,0.06
144.96766980355395,-37.833462699370415,19845,19149,20479,KINGSWAY KERB LANE NW BD SE OF PARK ST,UNDEFINED,Incomplete Through,KINGSWAY KERB LANE NSE OF PARK ST,2510,PRINCES HIGHWAY EAST,KINGS WAY,MOTSV,Manual,Greater than 10 Years,0,0,0,0,0.0
147.62032968305908,-37.83142609627684,19871,19559,45581,LIGAR ST SE OF PRINCES HWY EAST,INTERSECTION,All Moves,LIGAR ST & PRINCES HWY EAST,9999,Missing Data,LIGAR STREET,TMVMT,Manual,Greater than 10 Years,0,0,0,0,0.0
145.83924297457793,-37.530531389788074,19872,19158,19937,LAKE MOUNTAIN RD N BD 500M N OF MARYSVILLE-WOODS POINT RD @ 0.5KM FROM NORTH OF,MIDBLOCK,All Moves,LAKE MOUNTAIN RD 500M N OF MARYSVILLE-WOODS POINT RD @ 0.5KM FROM NORTH OF,4083,LAKE MOUNTAIN ROAD,LAKE MOUNTAIN ROAD,APARX,Classification,Between 2 and 5 Years,2,2014,20,0,0.04
144.97911219836445,-37.81570840237906,19896,19764,23044,WELLINGTON PDE E OF JOLIMONT RD,INTERSECTION,All Moves,WELLINGTON PDE/JOLIMONT RD,5125,JOLIMONT ROAD,JOLIMONT ROAD,SCATS,Scats,Between 2 and 5 Years,3,2013,9700,0,0.0
145.24038209787423,-36.90788188301548,19906,19169,45561,AVENEL-NAGAMBIE RD W BD 4.7KM W OF HUME FWY @ 1.3KM FROM AVENEL,MIDBLOCK,All Moves,AVENEL-NAGAMBIE RD 4.7KM W OF HUME FWY @ 1.3KM FROM AVENEL,5385,AVENEL-NAGAMBIE ROAD,JONES STREET,APARX,Classification,Between 2 and 5 Years,3,2013,530,50,0.1
146.77503526197103,-37.96270428445633,19915,19172,22379,LICOLA ROAD SE BD BTWN OLD JOES ROAD & MUSTONS LANE,MIDBLOCK,All Moves,LICOLA ROAD & MUSTONS LANE,5954,LICOLA ROAD,LICOLA ROAD,APARX,Classification,Between 5 and 10 Years,7,2009,290,30,0.13
144.9664984673506,-37.832304551687145,19916,19574,20290,KINGS WAY SE OF PARK ST,INTERSECTION,Left Missing,KINGS WAY/PARK ST,2510,PRINCES HIGHWAY EAST,KINGS WAY,SCATS,Scats,Greater than 10 Years,0,0,0,0,0.0
145.02219128159496,-37.84662729648602,19918,19173,46359,KOOYONG RD S OF TOORAK RD DEPARTURE,INTERSECTION,All Moves,KOOYONG RD N OF TOORAK RD DEPARTURE,9999,Missing Data,KOOYONG ROAD,TMVMT,Manual,Greater than 10 Years,0,0,0,0,0.0
145.60795620630088,-38.183886331690495,19927,19774,22140,KOO-WEE-RUP-LONGWARRY RD E BD 800M E OF MC CLURES RD,INTERSECTION,All Moves,KOO-WEE-RUP-LONGWARRY RD 800M E OF MC CLURES RD,5709,KOO-WEE-RUP-LONGWARRY ROAD,KOO WEE RUP-LONGWARRY ROAD,APARX,Classification,Greater than 10 Years,17,1999,740,0,0.0
145.0769896595591,-37.736032857719614,19943,19583,46337,LOWER PLENTY RD SWBD SW of GREENSBOROUGH RD,INTERSECTION,All Moves,GREENSBOROUGH RD N OF LOWER PLENTY RD,2850,GREENSBOROUGH HIGHWAY,LOWER PLENTY ROAD,TMVMT,Manual,Greater than 10 Years,0,0,0,0,0.0
143.3182398782695,-37.94372559693103,19953,19782,22813,LISMORE-SKIPTON RD S BD 800M N OF HAMILTON HWY @ 30.2KM FROM SKIPTON,MIDBLOCK,All Moves,LISMORE-SKIPTON RD 800M N OF HAMILTON HWY @ 30.2KM FROM SKIPTON,5962,LISMORE-SKIPTON ROAD,LISMORE-SKIPTON ROAD,APARX,Classification,Between 2 and 5 Years,2,2014,140,40,0.31
145.0699136597465,-37.78463159846671,19957,19588,22210,EFWY/BETWEEN BURKE RD & BULLEEN RD INBOUND,INTERSECTION,All Moves,SVO_Map_LTD:38||SITE DESC: EFWY/NEAR PHONE 310,9999,Missing Data,LIBRA STREET,INDET,Freeway Data Station,Between 2 and 5 Years,2,2014,69000,0,0.0
144.88376809155295,-37.29161009198614,19968,19787,22229,KILMORE-LANCEFIELD RD E BD 500M W OF OLD KILMORE-LANCEFIELD RD @ 6.3KM FROM KIL,MIDBLOCK,All Moves,KILMORE-LANCEFIELD RD 500M W OF OLD KILMORE-LANCEFIELD RD @ 6.3KM FROM KIL,5393,KILMORE-LANCEFIELD ROAD,KILMORE-LANCEFIELD ROAD,APARX,Classification,Greater than 10 Years,11,2005,800,110,0.14
145.3458743094423,-37.75794178339923,19990,19198,44653,MAROONDAH HWY W BD BTW HUTCHINSON ST & WILLIAM ST EAST,MIDBLOCK,All Moves,MAROONDAH HWY BTW HUTCHINSON ST & WILLIAM ST EAST,9999,Missing Data,JOHN STREET,APARX,Classification,Greater than 10 Years,12,2004,11000,0,0.0
145.44995888176223,-36.28329089353237,20000,19800,43755,KATAMATITE-SHEPPARTON RD S BD 2.8 KM N OF GOULBURN VALLEY HWY @ 33.2K,MIDBLOCK,All Moves,KATAMATITE-SHEPPARTON RD 2.8 KM N OF GOULBURN VALLEY HWY @ 33.2K,5419,KATAMATITE-SHEPPARTON ROAD,KATAMATITE-SHEPPARTON MAIN ROAD,APARX,Classification,Between 2 and 5 Years,2,2014,0,290,0.0
144.85051877416416,-37.73790461196101,23044,23012,53899,KEILOR PARK DR NW of WESTERN RING RD,INTERSECTION,All Moves,KEILOR PARK DR & WESTERN RING RD,5054,KEILOR PARK DRIVE,KEILOR PARK DRIVE,TMVMT,Manual,Greater than 10 Years,21,1995,21000,1900,0.09
144.7808036378105,-37.698767112538285,23050,23015,49292,KINGS RD N BD BTW MELTON HWY & SYDENHAM RD BRIDGE,MIDBLOCK,All Moves,KINGS RD BTW MELTON HWY & SYDENHAM RD BRIDGE,5009,KINGS ROAD,KINGS ROAD,APARX,Classification,Between 2 and 5 Years,5,2011,12000,310,0.03
145.53574160421599,-38.186568413451525,23056,23018,55916,KOO-WEE-RUP-LONGWARRY RD NEBD 100M NE OF DENHAMS RD,MIDBLOCK,All Moves,KOO-WEE-RUP-LONGWARRY RD N100M NE OF DENHAMS RD,5709,KOO-WEE-RUP-LONGWARRY ROAD,KOO WEE RUP-LONGWARRY ROAD,APARX,Classification,Between 5 and 10 Years,10,2006,950,80,0.09
144.95979276625246,-37.81300303958328,23060,23020,23379,LONSDALE ST E OF QUEEN ST DEPARTURE,INTERSECTION,All Moves,QUEEN ST N OF LONSDALE ST DEPARTURE,9999,Missing Data,LONSDALE STREET,TMVMT,Manual,Greater than 10 Years,0,0,0,0,0.0
144.91661192637997,-37.68506568175828,23063,23542,49203,JOHNSTONE ST W BD W of PASCOE VALE RD,INTERSECTION,All Moves,PASCOE VALE RD NNE OF CAMP RD,9999,Missing Data,JOHNSTONE STREET,TMVMT,Manual,Greater than 10 Years,24,1992,19000,760,0.04
144.22270494501464,-36.709187272201,23117,23049,23687,LODDON VALLEY HWY SEBD SE OF SAILORS GULLY RD,INTERSECTION,All Moves,SAILORS GULLY RD E OF LODDON VALLEY HWY,2630,LODDON VALLEY HIGHWAY,LODDON VALLEY HIGHWAY,TMVMT,Manual,Greater than 10 Years,16,2000,1200,70,0.06
144.7646129463103,-37.84092785034606,23121,23051,51565,LEAKES RD W BD INTERSECTING MELBOURNE WATER RESERVE,MIDBLOCK,All Moves,LEAKES RD INTERSECTING MELBOURNE WATER RESERVE,9999,Missing Data,LEAKES ROAD,APARX,Classification,Between 5 and 10 Years,8,2008,5700,500,0.09
145.34485729253592,-36.848184776914366,23145,23063,52134,HUME FWY S BD 400M N OF ALEXANDERSONS RD @124.8KM FROM MELBOURNE,MIDBLOCK,All Moves,HUME FWY 400M N OF ALEXANDERSONS RD @124.8KM FROM MELBOURNE,9999,Missing Data,JEFFERIES ROAD,APARX,Classification,Greater than 10 Years,19,1997,2900,1100,0.39
145.05712568230405,-37.88895300375575,23148,23584,20771,KOORNANG RD 30M BEFORE NEERIM RD,INTERSECTION,Scheduled PubTpt Bus flow,KOORNANG RD 30M BEFORE NEERIM RD,9999,Missing Data,KOORNANG ROAD,PUBTT,Other,Greater than 10 Years,0,0,0,0,0.0
145.12231840648442,-37.70124278554619,23176,23078,51365,KARINGAL RD SE OF ST HELENA RD,INTERSECTION,All Moves,ST HELENA RD/KARINGAL DR,5722,KARINGAL DRIVE,KARINGAL DRIVE,SCATS,Scats,Greater than 10 Years,18,1998,7000,0,0.0
145.06894734576562,-37.76024300725534,23186,23085,51480,LOWER HEIDELBERG RD S of BANKSIA ST,INTERSECTION,All Moves,BANKSIA ST & LOWER HEIDELBERG R,5762,MAIN HEIDELBERG-ELTHAM ROAD,LOWER HEIDELBERG ROAD,TMVMT,Manual,Greater than 10 Years,24,1992,20000,510,0.03
144.96621154379855,-37.80489518727931,23187,23086,49135,LYGON ST S of QUEENSBERRY ST,INTERSECTION,All Moves,LYGON ST & QUEENSBERRY ST,9999,Missing Data,LYGON STREET,TMVMT,Manual,Greater than 10 Years,26,1990,8400,0,0.0
145.21968700482967,-38.000047497315485,23192,23091,51966,KIRKHAM RD 2WAY E OF FRANKSTON-DANDENONG RD,INTERSECTION,All Moves,KIRKHAM RD E OF FRANKSTON-DANDENONG RD,9999,Missing Data,KIRKHAM ROAD,APARX,Classification,Greater than 10 Years,0,0,0,0,0.0
145.07118781109764,-37.949096463104176,23203,23404,16291,KEYS RD W BD BTWN WARRIGAL RD & CHESTERVILLE RD,INTERSECTION,Scheduled PubTpt Bus flow,KEYS RD BTWN WARRIGAL RD & CHESTERVILLE RD,5313,WICKHAM-KEYS ROAD,KEYS ROAD,PUBTT,Other,Greater than 10 Years,0,0,0,0,0.0
145.0550379044035,-37.899862900154574,23206,23806,45630,KOORNANG RD S OF LEILA RD,INTERSECTION,All Moves,KOORNANG RD & LEILA RD,9999,Missing Data,KOORNANG ROAD,TMVMT,Manual,Greater than 10 Years,0,0,0,0,0.0
145.05712845623376,-37.88893799218488,23221,23411,20746,KOORNANG RD 30M AFTER NEERIM RD,INTERSECTION,Scheduled PubTpt Bus flow,KOORNANG RD 30M AFTER NEERIM RD,9999,Missing Data,KOORNANG ROAD,PUBTT,Other,Greater than 10 Years,0,0,0,0,0.0
145.22822759944103,-36.61593109826738,23268,23434,53904,MURCHISON RD W of GOULBURN VALLEY HW,INTERSECTION,All Moves,GOULBURN VALLEY HW & MURCHISON RD,9999,Missing Data,LOW ROAD,TMVMT,Manual,Greater than 10 Years,20,1996,830,80,0.1
144.6199737374311,-38.275810481902106,23270,23435,51994,LAWRENCE RD NW of POINT LONSDALE RD,INTERSECTION,All Moves,LAWRENCE RD & POINT LONSDALE RD,9999,Missing Data,LAWRENCE ROAD,TMVMT,Manual,Greater than 10 Years,24,1992,840,30,0.04
144.84971544464628,-37.724844105736814,23272,23436,51145,KEILOR PARK DR S of FULLARTON RD,INTERSECTION,All Moves,FULLARTON RD & KEILOR PARK DR,5054,KEILOR PARK DRIVE,KEILOR PARK DRIVE,TMVMT,Manual,Greater than 10 Years,19,1997,16000,1300,0.08
144.9634418341954,-37.8291888823721,23275,23838,48983,KINGSWAY NWBD SE OF WEST GATE FWY ON-RAMP,INTERSECTION,All Moves,KINGSWAY LEFT TURN TO WEST GATE FWY ON-RAMP OD:12,2510,PRINCES HIGHWAY EAST,KINGS WAY,MOTSV,Manual,Greater than 10 Years,23,1993,42000,2900,0.07
144.91485625242112,-37.801514144347,23297,23449,45744,DYNON RD W OF DOCKLINK RD,INTERSECTION,All Moves,DYNON RD/DOCKLINK RD,9999,Missing Data,KENSINGTON ROAD,SCATS,Scats,Between 2 and 5 Years,5,2011,21000,0,0.0
143.33757996705918,-37.74999589486043,23299,23850,44118,LISMORE-SKIPTON RD S BD S OF GLENELG HWY,MIDBLOCK,All Moves,LISMORE-SKIPTON RD S OF GLENELG HWY,5962,LISMORE-SKIPTON ROAD,LISMORE-SKIPTON ROAD,APARX,Classification,Greater than 10 Years,0,0,0,0,0.0
144.9248708034462,-37.8207768920788,23301,23851,47837,LORIMER ST E BD BTW SALMON ST & HALL ST,MIDBLOCK,All Moves,LORIMER ST BTW SALMON ST & HALL ST,5597,LORIMER STREET,LORIMER STREET,APARX,Classification,Greater than 10 Years,11,2005,5400,540,0.1
144.65708201864814,-37.70345259534033,23324,23863,46455,LEAKES RD N BD S OF TARLETONS RD,MIDBLOCK,All Moves,LEAKES RD S OF TARLETONS RD,9999,Missing Data,LEAKES ROAD,APARX,Classification,Greater than 10 Years,0,0,0,0,0.0
143.57293481354918,-37.25188444242604,23335,23467,45091,LEXTON-TALBOT RD W BD 50M W OF LEXTON-EVANSFORD RD,MIDBLOCK,All Moves,LEXTON-TALBOT RD 50M W OF LEXTON-EVANSFORD RD,5226,LEXTON-TALBOT ROAD,LEXTON-TALBOT ROAD,APARX,Classification,Between 2 and 5 Years,2,2014,80,20,0.24
144.937439107933,-37.8257674934458,23387,23894,44177,Westgate Fwy Mainline WB nr Ingles St,INTERSECTION,Missing Data,SVO_Map_LTD:500||SITE DESC: TULLAMARINE FWY BTWN BRUNSWICK RD & FLEMINGTON RD,9999,Missing Data,INGLES STREET,INDET,Freeway Data Station,Greater than 10 Years,0,0,0,0,0.0
145.05336000329336,-37.77211601257333,23416,23604,20674,LWR HEIDELBERG RD AT WAMBA RD,INTERSECTION,All Moves,LWR HEIDELBERG RD AT WAMBA RD,5762,MAIN HEIDELBERG-ELTHAM ROAD,LOWER HEIDELBERG ROAD,LASPD,Other,Greater than 10 Years,0,0,0,0,0.0
144.97488369837333,-37.79795280666437,23423,23311,43306,NICHOLSON ST S OF JOHNSTON ST DEPARTURE,INTERSECTION,All Moves,NICHOLSON ST N OF JOHNSTON ST DEPARTURE,5853,JOHNSTON STREET,JOHNSTON STREET,TMVMT,Manual,Greater than 10 Years,0,0,0,0,0.0
145.0781817699163,-37.735350661732205,23425,23607,22627,LOWER PLENTY RD SW OF GREENSBOROUGH RD,INTERSECTION,All Moves,GREENSBOROUGH RD/LOWER PLENTY RD,2850,GREENSBOROUGH HIGHWAY,LOWER PLENTY ROAD,SCATS,Scats,Greater than 10 Years,0,0,0,0,0.0
145.04097858185082,-37.922527600369975,23440,23612,46732,JASPER RD S OF CENTRE RD DEPARTURE,INTERSECTION,All Moves,JASPER RD N OF CENTRE RD DEPARTURE,5847,JASPER ROAD,JASPER ROAD,TMVMT,Manual,Greater than 10 Years,0,0,0,0,0.0
144.97161248226342,-37.77201279690414,23443,23613,46385,LYGON ST S OF VICTORIA ST DEPARTURE,INTERSECTION,All Moves,LYGON ST N OF VICTORIA ST DEPARTURE,9999,Missing Data,LYGON STREET,TMVMT,Manual,Greater than 10 Years,0,0,0,0,0.0
144.96246149579267,-37.714885470438105,23448,23115,23373,LORNE ST E OF SYDNEY RD,INTERSECTION,All Moves,LORNE ST & SYDNEY RD & TRAIN STATION CAR PARK,9999,Missing Data,LORNE STREET,TMVMT,Manual,Greater than 10 Years,0,0,0,0,0.0
147.65275400412617,-37.80946068950615,23521,23343,46503,LANES RD W BD 200M E OF GREAT ALPINE RD,MIDBLOCK,All Moves,LANES RD 200M E OF GREAT ALPINE RD,9999,Missing Data,LANES ROAD,APARX,Classification,Greater than 10 Years,11,2005,170,20,0.11
143.26078190382117,-36.61906140479931,23525,23344,48306,SUNRAYSIA HWY (KINGS AVENUE) NWBD 40M NW OF BURKE ST (ST A,MIDBLOCK,All Moves,SUNRAYSIA HWY (KINGS AVENUE) 40M NW OF BURKE ST (ST A,2700,SUNRAYSIA HIGHWAY,KINGS AVENUE,APARX,Classification,Between 2 and 5 Years,3,2013,1600,190,0.12
145.29252781019525,-37.787896156138025,23550,23351,46205,LINCOLN RD E OF DORSET RD,INTERSECTION,All Moves,DORSET RD/LINCOLN RD,9999,Missing Data,LINCOLN ROAD,SCATS,Scats,Greater than 10 Years,14,2002,4400,0,0.0
146.62322290507328,-37.62998729617866,23563,23355,44555,LICOLA RD S BD 200M S OF TARGET CREEK RD @ 57.8KM FROM HEYFIELD,MIDBLOCK,All Moves,LICOLA RD 200M S OF TARGET CREEK RD @ 57.8KM FROM HEYFIELD,5954,LICOLA ROAD,LICOLA ROAD,APARX,Classification,Greater than 10 Years,14,2002,30,0,0.24
145.27325567310473,-37.986645449037844,23587,23658,45132,JAMES COOK DR W OF HALLAM NORTH RD,INTERSECTION,All Moves,HALLAM NORTH RD & JAMES COOK DR,9999,Missing Data,JAMES COOK DRIVE,TMVMT,Manual,Greater than 10 Years,0,0,0,0,0.0
145.4029393026009,-37.723373986829365,23591,23202,50254,KILLARA RD W BD E OF BROADIES RD,MIDBLOCK,All Moves,KILLARA RD E OF BROADIES RD,9999,Missing Data,KILLARA ROAD,APARX,Classification,Between 2 and 5 Years,5,2011,860,60,0.08
145.16949891545772,-38.249812995221006,23599,23905,22697,JONES RD S BD BTW CROFTERS HILL WAY & VISTA CT,MIDBLOCK,All Moves,JONES RD BTW CROFTERS HILL WAY & VISTA CT,9999,Missing Data,JONES ROAD,APARX,Classification,Between 5 and 10 Years,7,2009,2900,220,0.07
142.40115349650267,-36.2532450588302,23605,23366,22307,BORUNG HWY W BD BTW THOMAS ST & HENTY HWY,MIDBLOCK,All Moves,BORUNG HWY BTW THOMAS ST & HENTY HWY,2690,BORUNG HIGHWAY,LYLE STREET,APARX,Classification,Between 5 and 10 Years,6,2010,590,80,0.15
142.2013358223008,-36.69998501094108,23613,23162,24250,HORSHAM-KALKEE RD N BD 400M S OF RASMUSSEN RD @ 1.2KM FROM HORSHAM,MIDBLOCK,All Moves,HORSHAM-KALKEE RD 400M S OF RASMUSSEN RD @ 1.2KM FROM HORSHAM,5273,HORSHAM-KALKEE ROAD,KALKEE ROAD,APARX,Classification,Between 5 and 10 Years,7,2009,760,50,0.07
145.09222007370093,-37.7297205352352,23623,23713,21353,LOWER PLENTY RD W OF YALLAMBIE RD,INTERSECTION,All Moves,LOWER PLENTY RD/YALLAMBIE RD,5762,MAIN HEIDELBERG-ELTHAM ROAD,LOWER PLENTY ROAD,SCATS,Scats,Between 2 and 5 Years,5,2011,14000,0,0.0
144.84605653504047,-37.85036563183549,23626,23208,52209,KOROROIT CREEK RD E BD E OF MILLERS RD,MIDBLOCK,All Moves,KOROROIT CREEK RD E OF MILLERS RD,5833,KOROROIT CREEK ROAD,KOROROIT CREEK ROAD,APARX,Classification,Less than 2 Years,1,2015,12000,840,0.07
145.14371300250687,-37.99077277687911,23651,23914,46275,LOWER_DANDENONG_RD W OF SPRINGVALE_RD,INTERSECTION,Left Missing,SPRINGVALE RD/CHELTENHAM RD,2050,STATE (LOWER DANDENONG/CHELTENHAM) HIGHWAY,LOWER DANDENONG ROAD,SCATS,Scats,Less than 2 Years,0,2016,21000,0,0.0
145.7033063830604,-38.254515675064205,23661,23719,52980,LYONS RD EB 300M W OF HOOK RD,MIDBLOCK,All Moves,LYONS RD 300M W OF HOOK RD,9999,Missing Data,LYONS ROAD,APARX,Classification,Less than 2 Years,1,2015,0,0,0.38
145.09042980154192,-37.95476607440737,23677,23672,16258,KINGSTON RD AT NEAR WILLIS ST,INTERSECTION,Scheduled PubTpt Bus flow,KINGSTON RD AT NEAR WILLIS ST,5970,HEATHERTON ROAD,KINGSTON ROAD,PUBTT,Other,Greater than 10 Years,0,0,0,0,0.0
145.00740229829677,-37.66454778719368,23685,23674,10854,KINGSWAY DR E BD BTWN EDGARS RD & HIGH ST,INTERSECTION,Scheduled PubTpt Bus flow,KINGSWAY DR BTWN EDGARS RD & HIGH ST,9999,Missing Data,KINGSWAY DRIVE,PUBTT,Other,Greater than 10 Years,0,0,0,0,0.0
145.07799170238772,-37.953331979011764,23701,23383,19699,KINGSTON RD 60M AFTER WARRIGAL RD,INTERSECTION,Scheduled PubTpt Bus flow,KINGSTON RD 60M AFTER WARRIGAL RD,5970,HEATHERTON ROAD,KINGSTON ROAD,PUBTT,Other,Greater than 10 Years,0,0,0,0,0.0
145.12810379868515,-37.76972877758512,23702,23725,51053,LYNNWOOD PDE WB BTWN WILLIAMSONS AND HIGH,MIDBLOCK,All Moves,LYNNWOOD PDE BTWN WILLIAMSONS AND HIGH,9999,Missing Data,LYNNWOOD PARADE,APARX,Classification,Greater than 10 Years,25,1991,5800,150,0.03
144.76005781624727,-37.59464999505016,23715,23727,51956,MELBOURNE_LANCEFIELD RD 2WAY N OF SUNBURY RD,UNDEFINED,All Moves,MELBOURNE_LANCEFIELD RD 2WAY N OF SUNBURY RD,5821,MELBOURNE-LANCEFIELD ROAD,LANCEFIELD ROAD,APARX,Classification,Greater than 10 Years,26,1990,4000,0,0.0
145.19033801026,-37.93418589355334,23716,23179,51025,MONASH_FWY_ONRAMP INBOUND FROM JACKSONS_RD,INTERSECTION,On Ramp,MONASH FWY/JACKSONS W/B,7300,5170B 2000R,JACKSONS-MONASH IN RAMP ON,SCATS,Scats,Between 5 and 10 Years,9,2007,11000,0,0.0
145.27586214341127,-37.78741987851463,23726,23387,17344,KENT AVNWBD BTWN CROYDON RD & WHITEHORSE RD,INTERSECTION,Scheduled PubTpt Bus flow,KENT AVBTWN CROYDON RD & WHITEHORSE RD,9999,Missing Data,KENT AVENUE,PUBTT,Other,Greater than 10 Years,0,0,0,0,0.0
144.35317093138158,-38.14445120395728,23733,23683,47016,GORDON_AV W OF LATROBE_TCE,INTERSECTION,All Moves,LATROBE TER/GORDON AVE/CARPARK ACCESS,2800,CORIO-WAURN PONDS ROAD,LATROBE TERRACE,SCATS,Scats,Between 5 and 10 Years,6,2010,2600,0,0.0
144.9627357781022,-37.82859611440125,23759,23735,23079,KINGS WAY RIGHT TURN TO YORK ST OD:43,INTERSECTION,Incomplete Through,KINGS WAY THRU MVMNT TO KINGS WAY OD:42,7106,2510B 2820F,KINGS-WEST GATE OUT RAMP ON,MOTSV,Manual,Greater than 10 Years,23,1993,1000,30,0.03
144.92771873849455,-38.355132932082014,23784,23935,21458,MORN. PENIN. FWY ONRAMP NE BD FROM LONSDALE ST,INTERSECTION,On Ramp,MORN. PENIN. FWY ONRAMP NFROM LONSDALE ST,7405,5997B 2600R,LONSDALE-MORNINGTON PENINSULA IN RAMP ON,APARX,Classification,Greater than 10 Years,23,1993,2000,0,0.0
145.1052951068216,-37.98613202073098,23798,23192,24237,LOWER DANDENONG RD WB BTW SIBTHORPE ST & BOUNDARY RD,MIDBLOCK,All Moves,LOWER DANDENONG RD BTW SIBTHORPE ST & BOUNDARY RD,2050,STATE (LOWER DANDENONG/CHELTENHAM) HIGHWAY,LOWER DANDENONG ROAD,APCLM,Permanent Classification,Between 2 and 5 Years,2,2014,14000,1000,0.07
144.8470328336286,-37.725537151186494,23815,23195,50732,CALDER_FWY_ONRAMP OUTBOUND FROM KEILOR_PARK_DR,INTERSECTION,On Ramp,CALDER/KEILOR PARK OUTBOUND MERGE,7059,5054B 2530F,KEILOR PARK-CALDER OUT RAMP ON,SCATS,Scats,Between 5 and 10 Years,9,2007,13000,0,0.0
145.09841769878238,-37.955747385259805,23823,23746,47397,KINGSTON RD W OF OLD DANDENONG RD,INTERSECTION,All Moves,KINGSTON RD & OLD DANDENONG RD,5970,HEATHERTON ROAD,KINGSTON ROAD,TMVMT,Manual,Greater than 10 Years,0,0,0,0,0.0
145.60796731170515,-38.183887762138006,23850,23754,47793,KOO-WEE-RUP-LONGWARRY RD W BD 800M E OF MC CLURES RD,MIDBLOCK,All Moves,KOO-WEE-RUP-LONGWARRY RD 800M E OF MC CLURES RD,5709,KOO-WEE-RUP-LONGWARRY ROAD,KOO WEE RUP-LONGWARRY ROAD,APARX,Classification,Greater than 10 Years,13,2003,790,100,0.13
145.01307691242093,-37.66517584358371,23900,23966,19725,KINGSWAY DR 15M AFTER LINOAK AVE,INTERSECTION,Scheduled PubTpt Bus flow,KINGSWAY DR 15M AFTER LINOAK AVE,9999,Missing Data,KINGSWAY DRIVE,PUBTT,Other,Greater than 10 Years,0,0,0,0,0.0
144.9238670971043,-37.82077348446073,23912,23269,55540,LORIMER ST E BD W OF HALL ST,MIDBLOCK,All Moves,LORIMER ST W OF HALL ST,5597,LORIMER STREET,LORIMER STREET,APARX,Classification,Greater than 10 Years,0,0,0,0,0.0
144.86923411288458,-37.85581051532304,23960,23285,49899,KOROROIT CREEK RD W BD E OF WALTER ST,MIDBLOCK,All Moves,KOROROIT CREEK RD E OF WALTER ST,5833,KOROROIT CREEK ROAD,KOROROIT CREEK ROAD,APARX,Classification,Greater than 10 Years,0,0,0,0,0.0
144.9574180429396,-37.820063393493015,23980,23292,24029,KING ST N OF FLINDERS ST,INTERSECTION,All Moves,KING ST/FLINDERS ST,5041,KING STREET,KING STREET,SCATS,Scats,Between 5 and 10 Years,7,2009,26000,0,0.0
145.44549370352382,-36.09922244681325,23996,23298,22260,KATAMATITE-NATHALIA ROAD W BD BTWN KINNAIRDS ROAD & GOULBURN VALLEY HIGHWAY,MIDBLOCK,All Moves,KATAMATITE-NATHALIA ROAD BTWN GOULBURN VALLEY HIGHWAY & KINNAIRDS ROAD,5401,KATAMATITE-NATHALIA ROAD,KATAMATITE-NATHALIA ROAD,APARX,Classification,Between 2 and 5 Years,3,2013,680,60,0.1
145.10336130020826,-37.95636559429113,24000,23300,20711,KINGSTON RD W BD BTWN BOUNDARY RD & OLD DANDENONG RD,INTERSECTION,Scheduled PubTpt Bus flow,KINGSTON RD BTWN BOUNDARY RD & OLD DANDENONG RD,5970,HEATHERTON ROAD,KINGSTON ROAD,PUBTT,Other,Greater than 10 Years,0,0,0,0,0.0
144.90392327649184,-37.80026196269472,18001,18101,42742,IRVING ST SW OF HOPKINS ST DEPARTURE,INTERSECTION,All Moves,MOORE ST N OF HOPKINS ST DEPARTURE,9999,Missing Data,IRVING STREET,TMVMT,Manual,Greater than 10 Years,0,0,0,0,0.0
145.82861449852584,-38.38261659553422,18002,18102,40641,KORUMBURRA-WARRAGUL RD S BD 600M N OF SANDERS RD @ 8.1KM FROM KORUMBURRA,MIDBLOCK,All Moves,KORUMBURRA-WARRAGUL RD 600M N OF SANDERS RD @ 8.1KM FROM KORUMBURRA,5682,KORUMBURRA-WARRAGUL ROAD,KORUMBURRA-WARRAGUL ROAD,APARX,Classification,Between 2 and 5 Years,2,2014,650,100,0.16
145.7330744508261,-38.339163843225165,18003,18103,42696,LANG LANG-POOWONG RD E BD 700M W OF FRYS RD @ 3.7KM FROM POOWONG,MIDBLOCK,All Moves,LANG LANG-POOWONG RD 700M W OF FRYS RD @ 3.7KM FROM POOWONG,5691,LANG LANG-POOWONG ROAD,LANG LANG-POOWONG ROAD,APARX,Classification,Between 2 and 5 Years,3,2013,220,20,0.1
145.08147636198345,-37.99066813332259,18022,18905,22187,IMES ST NE OF NEPEAN HWY,INTERSECTION,Left Missing,NEPEAN HWY/PARKERS RD/IMES ST,9999,Missing Data,IMES STREET,SCATS,Scats,Greater than 10 Years,0,0,0,0,0.0
141.24302889813714,-36.726099900413374,18023,18118,43245,KANIVA-EDENHOPE RD S BD 400M S OF MINIMAY-GOROKE RD @ 42.8KM FROM KANIVA,MIDBLOCK,All Moves,KANIVA-EDENHOPE RD 400M S OF MINIMAY-GOROKE RD @ 42.8KM FROM KANIVA,5134,KANIVA-EDENHOPE ROAD,KANIVA-EDENHOPE ROAD,APARX,Classification,Greater than 10 Years,19,1997,30,0,0.19
144.3442455030091,-38.18569619997261,18032,18123,40038,KIDMAN AV W OF SURF COAST HWY,INTERSECTION,All Moves,KIDMAN AV & SURF COAST HWY,9999,Missing Data,KIDMAN AVENUE,TMVMT,Manual,Greater than 10 Years,17,1999,600,30,0.06
143.56172359674795,-35.35199749888585,18050,18132,39939,MURRAY VALLEY HWY NWBD 300M NORTH-WEST WHITTAKER ST. SWAN HILL @151.6KM FROM ECH,MIDBLOCK,All Moves,MURRAY VALLEY HWY 300M NORTH-WEST WHITTAKER ST. SWAN HILL @151.6KM FROM ECH,9999,Missing Data,KIMBERLEY AVENUE,APARX,Classification,Greater than 10 Years,22,1994,2800,330,0.12
144.96091798380695,-37.80071380096098,18092,18939,20263,LEICESTER ST N BD S OF GRATTAN ST,UNDEFINED,All Moves,LEICESTER ST S OF GRATTAN ST,9999,Missing Data,LEICESTER STREET,APARX,Classification,Greater than 10 Years,18,1998,1400,0,0.0
145.0534157201616,-37.85413377105336,18115,18951,20108,SEF/BURNLEY EAST OUTBOUND,INTERSECTION,All Moves,SVO_Map_LTD:414||SITE DESC: PRINCES FWY WEST EAST OF POINT COOK RD,9999,Missing Data,KING STREET,INDET,Freeway Data Station,Greater than 10 Years,18,1998,48000,0,0.0
145.2149365421735,-37.99079978569681,18138,18175,35371,LONSDALE ST S of FOSTER ST,INTERSECTION,All Moves,FOSTER ST & LONSDALE ST,2510,PRINCES HIGHWAY EAST,LONSDALE STREET,TMVMT,Manual,Greater than 10 Years,27,1989,0,0,0.0
144.94745490804493,-37.834374091698415,18165,18977,20230,INGLES ST NWBD NW OF CROCKFORD ST,INTERSECTION,All Moves,INGLES ST NW OF CROCKFORD ST,9999,Missing Data,INGLES STREET,APARX,Classification,Greater than 10 Years,22,1994,5800,0,0.0
142.0219170557932,-37.74205486126571,18184,18198,35643,GLENELG HIGHWAY SOUTH BD COX ST.HAMILTON,MIDBLOCK,All Moves,GLENELG HIGHWAY NORTH BD COX ST.HAMILTON,2670,GLENELG HIGHWAY,LONSDALE STREET,APARX,Classification,Greater than 10 Years,0,0,0,0,0.0
145.21420004481192,-37.98623860292993,18198,18002,36738,CLOW_ST NR CLEELAND_ST,INTERSECTION,All Moves,CLOW ST NR CLEELAND ST,2510,PRINCES HIGHWAY EAST,LONSDALE STREET,SCATS,Scats,Greater than 10 Years,13,2003,5700,0,0.0
144.99298129488915,-37.79984481948038,18216,18011,39177,HODDLE ST N OF TRURO ST,INTERSECTION,All Moves,HODDLE ST/TRURO ST,5853,JOHNSTON STREET,JOHNSTON STREET,SCATS,Scats,Between 2 and 5 Years,3,2013,48000,0,0.0
144.1169051672936,-35.62459209823615,18239,18022,42978,KOONDROOK-MURRABIT RD WBD 2.4 KM W OF KERANG-KOONDROOK RD @ 2.4KM FROM KOONDROO,MIDBLOCK,All Moves,KOONDROOK-MURRABIT RD 2.4 KM W OF KERANG-KOONDROOK RD @ 2.4KM FROM KOONDROO,9999,Missing Data,KOONDROOK-MURRABIT ROAD,APARX,Classification,Greater than 10 Years,16,2000,180,20,0.12
145.98072304706088,-38.44157828440287,18241,18023,35451,LEONGATHA NORTH RD N BD 100M N OF STRZELECKI HWY,MIDBLOCK,All Moves,LEONGATHA NORTH RD 100M N OF STRZELECKI HWY,9999,Missing Data,LEONGATHA NORTH ROAD,APARX,Classification,Greater than 10 Years,16,2000,120,10,0.08
142.36893416232527,-38.28340609434354,18265,18035,43240,KOROIT-WOOLSTHORPE RD S BD N OF KOROIT @ 1.0KM FROM KOROIT,MIDBLOCK,All Moves,KOROIT-WOOLSTHORPE RD N OF KOROIT @ 1.0KM FROM KOROIT,5120,KOROIT-WOOLSTHORPE ROAD,KOROIT-WOOLSTHORPE ROAD,APARX,Classification,Between 2 and 5 Years,2,2014,270,30,0.13
144.59057932477393,-37.50543583361832,18268,18532,18982,JONATHAN RD N BD N OF BROOKING RD,INTERSECTION,All Moves,JONATHAN RD N OF BROOKING RD,9999,Missing Data,JONATHAN ROAD,APARX,Classification,Greater than 10 Years,26,1990,210,0,0.0
144.9628509595609,-37.828557145865325,18290,18543,40724,KINGSWAY THRU MVMNT TO KINGS WAY OD:13,INTERSECTION,Incomplete Through,KINGSWAY LEFT TURN TO WEST GATE FWY ON-RAMP OD:12,2510,PRINCES HIGHWAY EAST,KINGS WAY,MOTSV,Manual,Greater than 10 Years,23,1993,29000,1300,0.04
145.09141198862747,-37.92545079517155,18317,18061,37550,JACKS RD S of CENTRE RD,INTERSECTION,All Moves,CENTRE RD & JACKS RD,9999,Missing Data,JACKS ROAD,TMVMT,Manual,Greater than 10 Years,28,1988,1000,0,0.0
145.24230162874238,-37.855964325508914,18336,18566,41591,IRELAND AVE NWBD SE OF STUD RD,UNDEFINED,All Moves,IRELAND AVE SSE OF STUD RD,9999,Missing Data,IRELAND AVENUE,APARX,Classification,Greater than 10 Years,24,1992,250,0,0.0
145.04091437300016,-37.92285420289732,18361,18083,40688,JASPER RD S OF BREWER RD,INTERSECTION,All Moves,JASPER RD NR BREWER RD,5847,JASPER ROAD,JASPER ROAD,SCATS,Scats,Greater than 10 Years,25,1991,7500,0,0.0
145.06424511765016,-37.902933341998434,18369,18087,37099,LEILA RD W BD BTW WILMOTH AV & MURRUMBEENA RD,MIDBLOCK,All Moves,LEILA RD BTW WILMOTH AV & MURRUMBEENA RD,9999,Missing Data,LEILA ROAD,APARX,Classification,Between 2 and 5 Years,3,2013,1700,40,0.03
145.2507934067723,-37.9123759615668,18381,18093,19166,KELLETTS RD E OF TAYLORS LN,INTERSECTION,Left Missing,KELLETTS RD/TAYLORS LN,5428,KELLETTS ROAD,KELLETTS ROAD,SCATS,Scats,Between 5 and 10 Years,7,2009,8700,0,0.0
145.09841769878238,-37.955747385259805,18383,18094,36539,KINGSTON RD E OF OLD DANDENONG RD,INTERSECTION,All Moves,KINGSTON RD & OLD DANDENONG RD,5970,HEATHERTON ROAD,KINGSTON ROAD,TMVMT,Manual,Greater than 10 Years,0,0,0,0,0.0
144.9750735963705,-37.836323696269645,18392,18594,39369,KINGSWAY W of ST KILDA RD,INTERSECTION,All Moves,KINGSWAY & ST KILDA RD & TOORAK RD,5871,KINGS WAY,KINGS WAY,TMVMT,Manual,Greater than 10 Years,31,1985,18000,740,0.04
144.27565948725527,-36.765641285690336,18401,18201,36504,KING ST SW OF MYRTLE ST DEPARTURE,INTERSECTION,All Moves,MYRTLE ST NW OF KING ST DEPARTURE,9999,Missing Data,KING STREET,TMVMT,Manual,Greater than 10 Years,0,0,0,0,0.0
144.2834252792294,-36.7587520588622,18406,18204,36501,LYTTLETON TCE W OF BRAMBLE ST,INTERSECTION,All Moves,BRAMBLE ST & CHAPEL ST & LYTTLETON TCE & MCIVOR HWY & MYERS ST,9999,Missing Data,LYTTLETON TERRACE,TMVMT,Manual,Greater than 10 Years,0,0,0,0,0.0
145.11189379666283,-37.986940590429526,18413,18208,38426,LOWER DANDENONG RD E OF BOUNDARY RD DEPARTURE,UNDEFINED,All Moves,BOUNDARY RD N OF LOWER DANDENONG RD DEPARTURE,2050,STATE (LOWER DANDENONG/CHELTENHAM) HIGHWAY,LOWER DANDENONG ROAD,TMVMT,Manual,Greater than 10 Years,0,0,0,0,0.0
145.11189379666283,-37.986940590429526,18423,18301,37758,LOWER DANDENONG RD W OF BOUNDARY RD,INTERSECTION,All Moves,BOUNDARY RD & LOWER DANDENONG RD,2050,STATE (LOWER DANDENONG/CHELTENHAM) HIGHWAY,LOWER DANDENONG ROAD,TMVMT,Manual,Greater than 10 Years,0,0,0,0,0.0
145.73368107439416,-38.15165527819106,18430,18403,37975,KOOWEERUP-LONGWARRY RD WB 500M E OF GLOVER RD AT 21.3KM,MIDBLOCK,All Moves,KOOWEERUP-LONGWARRY RD 500M E OF GLOVER RD AT 21.3KM,5709,KOO-WEE-RUP-LONGWARRY ROAD,KOO WEE RUP-LONGWARRY ROAD,APARX,Classification,Less than 2 Years,1,2015,470,60,0.15
144.963105765121,-37.82883313733056,18443,18305,38203,WEST GATE FWY OUTBOUND ONRAMP FROM KINGSWAY/SPOWER ST,INTERSECTION,On Ramp,SVO_Map_LTD:868||SITE DESC: WEST GATE FWY OUTBOUND ONRAMP FROM KINGSWAY/SPOWER ST,7106,2510B 2820F,KINGS-WEST GATE OUT RAMP ON,INDET,Freeway Data Station,Greater than 10 Years,11,2005,28000,0,0.0
144.70114279567136,-37.83560558128722,18444,18803,21953,LEAKES RD W BD BTW MORRIS RD & KULIN DR,MIDBLOCK,All Moves,LEAKES RD BTW MORRIS RD & KULIN DR,9999,Missing Data,LEAKES ROAD,APARX,Classification,Between 5 and 10 Years,7,2009,5300,300,0.06
145.87350597227848,-38.67979871386143,18491,18712,43070,INVERLOCH-VENUS BAY RD N BD 600M S OF TARWIN LOWER RD @ 17.6KM FROM INVERLOCH,MIDBLOCK,All Moves,INVERLOCH-VENUS BAY RD 600M S OF TARWIN LOWER RD @ 17.6KM FROM INVERLOCH,5662,INVERLOCH-VENUS BAY ROAD,INVERLOCH-VENUS BAY ROAD,APARX,Classification,Between 2 and 5 Years,4,2012,630,80,0.13
144.78401639011656,-37.69077430332994,18495,18413,38088,KINGS RD S OF PALMERSTON CR,INTERSECTION,All Moves,KINGS RD & PALMERSTON CR & WELLESLEY DR,5009,KINGS ROAD,KINGS ROAD,TMVMT,Manual,Greater than 10 Years,0,0,0,0,0.0
144.90875155913665,-37.63991518823469,18513,18416,36212,KIRKHAM DR S OF SOMERTON RD DEPARTURE,INTERSECTION,All Moves,SOMERTON RD E OF KIRKHAM DR DEPARTURE,9999,Missing Data,KIRKHAM DRIVE,TMVMT,Manual,Greater than 10 Years,0,0,0,0,0.0
145.2479339029148,-37.91201780507001,18529,18231,41182,KELLETTS RD W BD BTW TAYLORS LN & WARTOOK WAY,MIDBLOCK,All Moves,KELLETTS RD BTW TAYLORS LN & WARTOOK WAY,5428,KELLETTS ROAD,KELLETTS ROAD,APARX,Classification,Between 2 and 5 Years,5,2011,13000,470,0.03
144.76018556519327,-37.58031369523431,18533,18419,19910,MELBOURNE LANCEFIELD RD N BD N OF GELLIES RD,INTERSECTION,All Moves,MELBOURNE LANCEFIELD RD N OF GELLIES RD,5821,MELBOURNE-LANCEFIELD ROAD,LANCEFIELD ROAD,APARX,Classification,Greater than 10 Years,14,2002,3200,0,0.0
147.39779277648387,-37.93052058342983,18535,18232,43198,LINDENOW-MEERLIEU RD N BD 100M S OF PRINCES HWY,MIDBLOCK,All Moves,LINDENOW-MEERLIEU RD 100M S OF PRINCES HWY,9999,Missing Data,LINDENOW-MEERLIEU ROAD,APARX,Classification,Greater than 10 Years,15,2001,40,0,0.11
144.9637495057043,-37.8245792008973,18537,18720,37570,POWER ST SE of KAVANAGH ST,INTERSECTION,All Moves,KAVANAGH ST & POWER ST,9999,Missing Data,KAVANAGH STREET,TMVMT,Manual,Greater than 10 Years,28,1988,7600,800,0.1
144.96838971535274,-37.79226029399899,18538,18628,37854,CEMETERY RD EAST W of LYGON ST,INTERSECTION,All Moves,LYGON ST & PRINCES ST,9999,Missing Data,LYGON STREET,TMVMT,Manual,Greater than 10 Years,26,1990,18000,0,0.0
144.84969303140056,-37.724962798382144,18543,18323,39650,KEILOR PARK DR S OF FULLARTON RD,INTERSECTION,All Moves,KEILOR PARK DR/FULLARTON RD/HARRICK RD,5054,KEILOR PARK DRIVE,KEILOR PARK DRIVE,SCATS,Scats,Between 5 and 10 Years,8,2008,19000,0,0.0
144.85414696226078,-37.71841465750007,18545,18629,35760,KEILOR PARK DR 2WAY N OF SPENCE ST,UNDEFINED,All Moves,KEILOR PARK DR 2WAY N OF SPENCE ST,5054,KEILOR PARK DRIVE,KEILOR PARK DRIVE,APARX,Classification,Greater than 10 Years,25,1991,28000,0,0.0
144.65825955114008,-37.69850769442788,18556,18325,40273,LEAKES RD S BD S OF TARLETONS RD,INTERSECTION,All Moves,LEAKES RD S OF TARLETONS RD,9999,Missing Data,LEAKES ROAD,APARX,Classification,Greater than 10 Years,14,2002,1300,0,0.0
144.96196138579603,-37.82768351083735,18557,18631,19837,WEST GATE FWY OFF RAMP E BD TO POWER ST,UNDEFINED,Off Ramp,WEST GATE FWY OFF RAMP TO POWER ST,2510,PRINCES HIGHWAY EAST,KINGS WAY,APARX,Classification,Greater than 10 Years,25,1991,16000,0,0.0
145.73373358884837,-38.15162377884968,18558,18821,47629,KOOWEERUP-LONGWARRY RD EB 500M E OF GLOVER RD AT 21.3KM,MIDBLOCK,All Moves,KOOWEERUP-LONGWARRY RD 500M E OF GLOVER RD AT 21.3KM,5709,KOO-WEE-RUP-LONGWARRY ROAD,KOO WEE RUP-LONGWARRY ROAD,APARX,Classification,Less than 2 Years,1,2015,510,50,0.11
145.34680861697203,-37.758170947052,18571,18238,39456,JOHN ST SE of HUTCHINSON ST,INTERSECTION,All Moves,HUTCHINSON ST & JOHN ST,9999,Missing Data,JOHN STREET,TMVMT,Manual,Greater than 10 Years,30,1986,6200,0,0.0
144.96196138579603,-37.82768351083735,18575,18634,42456,KINGSWAY SE BD NW OF WEST GATE FWY,UNDEFINED,All Moves,KINGS WAY NNW OF WEST GATE FWY,2510,PRINCES HIGHWAY EAST,KINGS WAY,APARX,Classification,Greater than 10 Years,25,1991,25000,0,0.0
145.16941280896873,-37.96193368646794,18589,18331,37164,LIGHTWOOD RD SE OF CORRIGAN RD,INTERSECTION,All Moves,CORRIGAN RD/LIGHTWOOD RD,9999,Missing Data,LIGHTWOOD ROAD,SCATS,Scats,Between 2 and 5 Years,5,2011,4600,0,0.0
144.9558317432773,-37.81661379052616,18608,18640,36128,KING ST SE OF BOURKE ST,INTERSECTION,All Moves,KING ST/BOURKE ST,5041,KING STREET,KING STREET,SCATS,Scats,Between 5 and 10 Years,8,2008,29000,0,0.0
145.15046567487403,-38.15268588924513,18638,18737,37554,LEE ST S of CRANBOURNE RD,INTERSECTION,All Moves,CRANBOURNE RD & LEE ST,9999,Missing Data,LEE STREET,TMVMT,Manual,Greater than 10 Years,27,1989,3000,0,0.0
144.96766980355395,-37.833462699370415,18665,18344,18537,KINGSWAY NWBD KERB LANE SE OF PARK ST,UNDEFINED,Incomplete Through,KINGSWAY KERB LANE SE OF PARK ST,2510,PRINCES HIGHWAY EAST,KINGS WAY,APARX,Classification,Greater than 10 Years,23,1993,11000,0,0.0
145.0788997924552,-37.734939779554445,18671,18443,38288,LOWER PLENTY RD SW OF CREW ST,INTERSECTION,All Moves,LOWER PLENTY RD/CREW ST/MARTINS LN,5762,MAIN HEIDELBERG-ELTHAM ROAD,LOWER PLENTY ROAD,SCATS,Scats,Greater than 10 Years,0,0,0,0,0.0
144.94797633952862,-37.805103466775165,18679,18345,38283,KING ST SE OF CURZON ST,INTERSECTION,Left Missing,VICTORIA ST/KING ST/CURZON ST,5041,KING STREET,KING STREET,SCATS,Scats,Less than 2 Years,0,2016,14000,0,0.0
145.09841769878238,-37.955747385259805,18702,18657,18922,KINGSTON RD E BD W OF OLD_DANDENONG RD,UNDEFINED,All Moves,KINGSTON RD W OF OLD_DANDENONG RD,5970,HEATHERTON ROAD,KINGSTON ROAD,APARX,Classification,Greater than 10 Years,28,1988,13000,0,0.0
145.5090580369879,-37.6567893787274,18720,18752,19263,LILYDALE RD NWBD NW OF MAROONDAH HWY,INTERSECTION,All Moves,LILYDALE RD NW OF MAROONDAH HWY,9999,Missing Data,LILYDALE ROAD,APARX,Classification,Greater than 10 Years,23,1993,1300,0,0.0
145.01304069660003,-37.66517179277507,18722,18352,42494,KINGSWAY DR W BD E OF LINOAK AV,INTERSECTION,All Moves,KINGSWAY DR E OF LINOAK AV,9999,Missing Data,KINGSWAY DRIVE,APARX,Classification,Greater than 10 Years,17,1999,9400,0,0.0
145.0127985854914,-37.82798540201632,18725,18453,42102,MADDEN GR W BD W OF LOYOLA GV,UNDEFINED,All Moves,MADDEN GR W OF LOYOLA GV,5856,BURNLEY-KEW ROAD,LOYOLA GROVE,APARX,Classification,Greater than 10 Years,27,1989,4500,0,0.0
146.7815636130952,-37.97389959944499,18765,18853,43767,LICOLA RD S BD 1.6KM N OF HEYFIELD-SEATON RD @ 1.9KM FROM HEYFIELD,MIDBLOCK,All Moves,LICOLA RD 1.6KM N OF HEYFIELD-SEATON RD @ 1.9KM FROM HEYFIELD,5954,LICOLA ROAD,LICOLA ROAD,APARX,Classification,Between 2 and 5 Years,4,2012,220,30,0.13
145.19200561753442,-37.935779388500286,18800,18465,18156,S.E.ARTERIAL ON RAMP W BD FROM JACKSONS RD,INTERSECTION,On Ramp,S.E.ARTERIAL ON RAMP FROM JACKSONS RD,7300,5170B 2000R,JACKSONS-MONASH IN RAMP ON,APARX,Classification,Greater than 10 Years,23,1993,11000,0,0.0
144.9011293025702,-37.8014688118051,18802,18365,35604,IRVING ST NE OF LEEDS ST,INTERSECTION,All Moves,IRVING ST/LEEDS ST,9999,Missing Data,IRVING STREET,SCATS,Scats,Greater than 10 Years,17,1999,5600,0,0.0
144.8460190370354,-37.850354934028005,18812,18467,37560,KOROROIT CK RD SE of MILLERS RD,INTERSECTION,All Moves,KOROROIT CK RD & MILLERS RD,5833,KOROROIT CREEK ROAD,KOROROIT CREEK ROAD,TMVMT,Manual,Greater than 10 Years,31,1985,5900,450,0.08
145.03906830626863,-37.93287379574722,18813,18277,18693,JASPER RD N OF SOUTH RD,INTERSECTION,All Moves,SOUTH RD/JASPER RD/TAYLOR ST,5847,JASPER ROAD,JASPER ROAD,SCATS,Scats,Between 5 and 10 Years,9,2007,6000,0,0.0
145.29583008289245,-37.90412650339294,18852,18868,20228,LYSTERFIELD RD N BD S OF GLENFERN RD,INTERSECTION,All Moves,LYSTERFIELD RD S OF GLENFERN RD,5782,LYSTERFIELD ROAD,LYSTERFIELD ROAD,APARX,Classification,Greater than 10 Years,17,1999,4300,0,0.0
145.19316191597304,-37.93457119748658,18891,18687,19308,JACKSONS_RD N of MONASH FWY EXIT RAMP,INTERSECTION,All Moves,MONASH FWY/JACKSONS RD,5170,JACKSONS ROAD,JACKSONS ROAD,SCATS,Scats,Between 5 and 10 Years,9,2007,13000,0,0.0
144.9773788497242,-37.81539380903259,18894,18782,19207,LANSDOWNE_ST N of WELLINGTON_PDE,INTERSECTION,All Moves,WELLINGTON PDE/LANSDOWNE ST,5102,LANSDOWNE STREET,LANSDOWNE STREET,SCATS,Scats,Less than 2 Years,1,2015,6400,0,0.0
144.95998330218265,-37.81294349279685,18902,18482,36288,LONSDALE ST E OF QUEEN ST,INTERSECTION,All Moves,QUEEN ST/LONSDALE ST,9999,Missing Data,LONSDALE STREET,SCATS,Scats,Greater than 10 Years,16,2000,14000,0,0.0
145.06899569246255,-37.759993395678336,18910,18785,40317,LOWER HEIDELBERG RD S OF BANKSIA ST,INTERSECTION,All Moves,BANKSIA ST/LOWER HEIDELBERG RD,5762,MAIN HEIDELBERG-ELTHAM ROAD,LOWER HEIDELBERG ROAD,SCATS,Scats,Between 5 and 10 Years,10,2006,19000,0,0.0
145.00984224960223,-37.78300298988414,18928,18693,39539,JEFFREY ST S OF WESTGARTH ST,INTERSECTION,All Moves,VICTORIA RD/WESTGARTH ST/JEFFREY ST,9999,Missing Data,JEFFREY STREET,SCATS,Scats,Between 2 and 5 Years,5,2011,3800,0,0.0
144.8934428178029,-37.8158989115527,18935,18882,21433,LENNOX ST E BD W OF STEPHEN ST,UNDEFINED,All Moves,LENNOX ST W OF STEPHEN ST,9999,Missing Data,LENNOX STREET,APARX,Classification,Greater than 10 Years,28,1988,630,0,0.0
143.81058205263668,-37.56935218879494,18937,18489,37037,LEARMONTH ST S BD 80M N OF BALLARAT CARNGHAM RD,MIDBLOCK,All Moves,LEARMONTH ST 80M N OF BALLARAT CARNGHAM RD,5497,DELACOMBE-WENDOUREE ROAD,LEARMONTH STREET,APARX,Classification,Greater than 10 Years,23,1993,2500,470,0.18
145.05661277652356,-37.89161689794314,18968,18798,43314,KOORNANG RD S OF NEERIM RD,INTERSECTION,All Moves,KOORNANG RD & NEERIM RD,9999,Missing Data,KOORNANG ROAD,TMVMT,Manual,Greater than 10 Years,0,0,0,0,0.0
145.14323021028807,-37.990719035364734,18975,18888,48841,GOLF CLUB ENT S OF LOWER DANDENONG RD,INTERSECTION,All Moves,LOWER DANDENONG RD/CENTRE DANDENONG RD,2050,STATE (LOWER DANDENONG/CHELTENHAM) HIGHWAY,LOWER DANDENONG ROAD,SCATS,Scats,Between 2 and 5 Years,3,2013,0,0,0.0
144.86359711321967,-37.73989992882446,18989,18895,20293,KEILOR PARK DR W OF MILLEARA RD,INTERSECTION,All Moves,MILLEARA RD/KEILOR PARK DR,5054,KEILOR PARK DRIVE,KEILOR PARK DRIVE,SCATS,Scats,Greater than 10 Years,0,0,0,0,0.0
144.2449888955819,-36.759800999100165,22008,22208,23270,MARONG RD E OF CALDER HWY DEPARTURE,INTERSECTION,All Moves,INGLIS ST NE OF CALDER HWY DEPARTURE,5835,GOLDEN SQUARE-LONG GULLY ROAD,INGLIS STREET,TMVMT,Manual,Greater than 10 Years,16,2000,2100,110,0.05
144.30472252110036,-36.73133827892228,22033,22217,53123,LONG GULLY-WHITE HILLS RD W BD 30M S OF MIDLAND HWY,MIDBLOCK,All Moves,LONG GULLY-WHITE HILLS RD 30M S OF MIDLAND HWY,5223,LONG GULLY-WHITE HILLS ROAD,LYONS STREET,APARX,Classification,Greater than 10 Years,19,1997,780,60,0.09
143.5665305784984,-36.478886191375366,22045,22009,53370,LOGAN-WEDDERBURN RD N BD 60M S BERRIMAL-WEDDERBURN RD @ 10.8KM FROM WEDDERBURN,MIDBLOCK,All Moves,LOGAN-WEDDERBURN RD 60M S BERRIMAL-WEDDERBURN RD @ 10.8KM FROM WEDDERBURN,5235,LOGAN-WEDDERBURN ROAD,LOGAN-WEDDERBURN ROAD,APARX,Classification,Between 2 and 5 Years,2,2014,40,10,0.25
144.35259740878425,-38.147557871558725,22060,22718,51590,LATROBE_TCE S OF RYRIE_ST,INTERSECTION,All Moves,LATROBE TER/RYRIE ST/ABERDEEN ST,2800,CORIO-WAURN PONDS ROAD,LATROBE TERRACE,SCATS,Scats,Less than 2 Years,0,2016,21000,0,0.0
145.171942015357,-38.09937382619863,22063,22226,53815,LATHAMS RD W OF FRANKSTON-DANDENONG RD,INTERSECTION,All Moves,DANDENONG-FRANKSTON RD/LATHAMS RD/HALL RD,9999,Missing Data,LATHAMS ROAD,SCATS,Scats,Between 5 and 10 Years,8,2008,9100,0,0.0
144.98942327528815,-37.29000173766279,22072,22015,53206,KILMORE EAST-SUNDAY CREEK RD W BD 50M W OF RAILWAY LINE,MIDBLOCK,All Moves,KILMORE EAST-SUNDAY CREEK RD 50M W OF RAILWAY LINE,9999,Missing Data,KILMORE EAST-SUNDAY CREEK ROAD,APARX,Classification,Greater than 10 Years,11,2005,270,60,0.22
145.06072283548187,-37.206112200902574,22083,22725,52626,LORINE PARADE S BD N OF STRATH CREEK RD,MIDBLOCK,All Moves,LORINE PARADE N OF STRATH CREEK RD,9999,Missing Data,LORINE PARADE,APARX,Classification,Greater than 10 Years,0,0,0,0,0.0
144.96825830825287,-37.793034102764096,22108,22731,51035,LYGON ST S OF PRINCES ST,INTERSECTION,All Moves,CEMETERY RD EAST/LYGON ST/PRINCES ST,9999,Missing Data,LYGON STREET,SCATS,Scats,Less than 2 Years,0,2016,0,0,0.0
145.21626451718683,-37.99306139281354,22113,22732,51386,PRINCES_HWY_E SE of WEBSTER_ST,INTERSECTION,Right Missing,LONSDALE ST/WEBSTER ST,2510,PRINCES HIGHWAY EAST,LONSDALE STREET,SCATS,Scats,Greater than 10 Years,13,2003,35000,0,0.0
144.95762456017005,-37.82050387638758,22130,22123,50856,KINGSWAY S OF FLINDERS_ST,INTERSECTION,All Moves,KINGS WAY NR YARRA RIVER,2510,PRINCES HIGHWAY EAST,KINGS WAY,SCATS,Scats,Greater than 10 Years,12,2004,30000,0,0.0
144.21369598698166,-37.069870581639336,22134,22737,56363,MIDLAND HWY NEBD BTW ROWE ST & STEWART ST,MIDBLOCK,All Moves,MIDLAND HWY NBTW ROWE ST & STEWART ST,2590,MIDLAND HIGHWAY,JOHNSTONE STREET,APARX,Classification,Between 2 and 5 Years,3,2013,4200,460,0.11
144.9476055731491,-37.83453160673087,22151,22249,53655,INGLES ST NW of CROCKFORD ST,INTERSECTION,All Moves,CROCKFORD ST & INGLES ST,9999,Missing Data,INGLES STREET,TMVMT,Manual,Greater than 10 Years,29,1987,8300,0,0.0
146.25118447670332,-38.17976795510944,22182,22750,23389,MOE-GLENGARRY RD SE OF WATERLOO RD,INTERSECTION,All Moves,MOE-GLENGARRY RD & WATERLOO RD,5539,MOE-GLENGARRY ROAD,LLOYD STREET,TMVMT,Manual,Greater than 10 Years,0,0,0,0,0.0
143.84167731227475,-37.572918944293086,22189,22259,49251,BALLARAT-CARNGHAM RD W BD BTW DRUMMOND ST & WINERMERE ST,MIDBLOCK,All Moves,BALLARAT-CARNGHAM RD BTW DRUMMOND ST & WINERMERE ST,5078,BALLARAT-CARNGHAM ROAD,LA TROBE STREET,APARX,Classification,Greater than 10 Years,11,2005,3400,290,0.08
144.96026508286732,-37.82591850678376,22200,22046,51385,MORAY ST SE OF CITY RD,INTERSECTION,All Moves,CITY RD/MORAY ST/QUEENSBRIDGE ST,2510,PRINCES HIGHWAY EAST,KINGS WAY,SCATS,Scats,Between 5 and 10 Years,10,2006,4300,0,0.0
145.10175661765803,-37.98570011234029,22226,22760,23129,LOWER DANDENONG RD W OF BOUNDARY RD,INTERSECTION,All Moves,BOUNDARY RD/LOWER DANDENONG RD,2050,STATE (LOWER DANDENONG/CHELTENHAM) HIGHWAY,LOWER DANDENONG ROAD,SCATS,Scats,Greater than 10 Years,0,0,0,0,0.0
145.7078915828749,-38.3346222915081,22255,22767,24422,NYORA-POOWONG RD W BD 850M E OF OGILVYS RD,MIDBLOCK,All Moves,NYORA-POOWONG RD 850M E OF OGILVYS RD,5691,LANG LANG-POOWONG ROAD,LANG LANG-POOWONG ROAD,APARX,Classification,Between 2 and 5 Years,3,2013,300,30,0.1
145.04097858185082,-37.922527600369975,22264,22769,23231,JASPER RD 104M S OURLADYSHC 40 S BD BTW CENTRE RD & PATTERSON RD,MIDBLOCK,All Moves,JASPER RD 104M S OURLADYSHC 40 BTW CENTRE RD & PATTERSON RD,5847,JASPER ROAD,JASPER ROAD,APARX,Classification,Greater than 10 Years,0,0,0,0,0.0
145.31632995929658,-37.813839597908874,22267,22063,50287,LIVERPOOL RD S BD S OF PARAMOUNT AV,MIDBLOCK,All Moves,LIVERPOOL RD S OF PARAMOUNT AV,9999,Missing Data,LIVERPOOL ROAD,APARX,Classification,Between 2 and 5 Years,5,2011,6100,360,0.06
145.0550379044035,-37.899862900154574,22300,22778,24724,KOORNANG RD S BD N OF NORTH RD,MIDBLOCK,All Moves,KOORNANG RD N OF NORTH RD,9999,Missing Data,KOORNANG ROAD,APARX,Classification,Between 2 and 5 Years,5,2011,5200,160,0.03
144.97282957887387,-37.83612773824734,22314,22290,53949,KINGS WAY W OF ST KILDA RD,INTERSECTION,All Moves,ST KILDA RD/TOORAK RD/KINGS WAY,2510,PRINCES HIGHWAY EAST,KINGS WAY,SCATS,Scats,Greater than 10 Years,0,0,0,0,0.0
145.34680861697203,-37.758170947052,22325,22293,23408,JOHN ST E OF HUTCHINSON ST,INTERSECTION,All Moves,HUTCHINSON ST/JOHN ST,9999,Missing Data,JOHN STREET,SCATS,Scats,Greater than 10 Years,0,0,0,0,0.0
143.61628807884188,-37.23006658552672,22328,22294,24405,LEXTON-TALBOT RD SWBD BTW BROWNS RD & WILSONS RD,MIDBLOCK,All Moves,LEXTON-TALBOT RD NBTW BROWNS RD & WILSONS RD,5226,LEXTON-TALBOT ROAD,LEXTON-TALBOT ROAD,APARX,Classification,Between 5 and 10 Years,6,2010,60,10,0.17
144.23203639879728,-36.797274999472414,22356,22791,52038,BENDIGO-MARYBOROUG W OF CALDER HWY,INTERSECTION,All Moves,CALDER HWY & CAMP ST,5200,BENDIGO-MARYBOROUGH ROAD,LOCKWOOD ROAD,TMVMT,Manual,Greater than 10 Years,17,1999,4100,170,0.04
144.8495560598696,-37.726710098764045,22365,22183,55884,KEILOR PARK DR S BD S OF CALDER FWY,MIDBLOCK,All Moves,KEILOR PARK DR S OF CALDER FWY,5054,KEILOR PARK DRIVE,KEILOR PARK DRIVE,APARX,Classification,Greater than 10 Years,0,0,0,0,0.0
144.7841362050735,-37.84440940254091,22404,22196,54982,KOROROIT CREEK RD E OF PRINCES FWY N BD RAMPS,INTERSECTION,All Moves,PRINCES FWY (N BD RAMPS)/KOROROIT CREEK RD,5833,KOROROIT CREEK ROAD,KOROROIT CREEK ROAD,SCATS,Scats,Greater than 10 Years,0,0,0,0,0.0
144.94518487201756,-37.83199816504428,22407,22197,24906,INGLES ST NR LIGHT RAIL CROSSING,INTERSECTION,All Moves,INGLES ST NR LIGHT RAIL CROSSING,9999,Missing Data,INGLES STREET,LASPD,Other,Greater than 10 Years,0,0,0,0,0.0
143.80428906776996,-37.51240658798668,22411,22200,55296,SUNRAYSIA HWY (HOWITT ST WENDOUREE) E BD W OF DOWLING ST SLOW LAN,MIDBLOCK,Incomplete Through,SUNRAYSIA HWY (HOWITT ST WENDOUREE) W OF DOWLING ST,5327,BALLARAT-MARYBOROUGH ROAD,LEARMONTH ROAD,APARX,Classification,Greater than 10 Years,24,1992,3500,300,0.09
146.66656132919752,-37.78143029738751,22449,22530,23668,LICOLA RD S BD N OF KELLEHERS RD @ 27.34 KM FROM HEYFIELD,MIDBLOCK,All Moves,LICOLA RD N OF KELLEHERS RD @ 27.34 KM FROM HEYFIELD,5954,LICOLA ROAD,LICOLA ROAD,APARX,Classification,Between 2 and 5 Years,3,2013,30,0,0.25
145.55277436156135,-38.38205374835129,22456,22412,53986,KALLAY DR W BD 10M W OF BASS HWY,MIDBLOCK,All Moves,KALLAY DR 10M W OF BASS HWY,9999,Missing Data,KALLAY DRIVE,APARX,Classification,Greater than 10 Years,15,2001,40,0,0.12
144.85049937641523,-37.73787980935608,22466,22916,54951,KEILOR PARK DR NW OF WESTERN RING RD,INTERSECTION,All Moves,KEILOR PARK DR & WESTERN RING RD SB,5054,KEILOR PARK DRIVE,KEILOR PARK DRIVE,TMVMT,Manual,Greater than 10 Years,19,1997,23000,1200,0.05
143.940546851323,-36.079227705300944,22469,22917,51839,LODDON VALLEY HWY S BD N OF DURHAM OX (BENDIGO) @ 88.8KM POST,INTERSECTION,All Moves,SITE_NO: 28||SITE DESC: LODDON VALLEY HWY N OF DURHAM OX (BENDIGO) @ 88.8KM POST,2630,LODDON VALLEY HIGHWAY,LODDON VALLEY HIGHWAY,MOTSV,Manual,Greater than 10 Years,0,0,0,0,0.0
145.22474165961563,-38.00022793336518,22473,22538,54485,LONSDALE_ST W of SOUTH GIPPSLAND_HWY,INTERSECTION,Through Missing,PRINCES HWY/SOUTH GIPPSLAND HWY,2510,PRINCES HIGHWAY EAST,LONSDALE STREET,SCATS,Scats,Greater than 10 Years,13,2003,6900,0,0.0
144.9896752095466,-37.86515192567751,22481,22921,55693,INKERMAN ST W OF CHAPEL ST,INTERSECTION,All Moves,CHAPEL ST/INKERMAN ST,9999,Missing Data,INKERMAN STREET,SCATS,Scats,Less than 2 Years,1,2015,5900,0,0.0
145.17269996540972,-37.96438444099598,22483,22421,53920,LIGHTWOOD RD NW OF HEATHERTON RD,INTERSECTION,All Moves,DOUGLAS ST & HEATHERTON RD,9999,Missing Data,LIGHTWOOD ROAD,TMVMT,Manual,Greater than 10 Years,17,1999,4600,80,0.02
144.55962899269892,-37.96624774543449,22497,22546,54094,PRINCES HWY WEST ON RAMP NEBD NE OF OLD MELBOURNE RD,MIDBLOCK,On Ramp,PRINCES HWY WEST ON RAMP NNE OF OLD MELBOURNE RD,7321,LITTLE RIVER ROADB 2500R,LITTLE RIVER-PRINCES IN RAMP ON,APARX,Classification,Greater than 10 Years,11,2005,800,80,0.11
145.14405460452363,-37.99081080214497,22501,22427,49211,LOWER DANDENONG RD W BD W of SPRINGVALE RD,INTERSECTION,All Moves,SPRINGVALE RD N OF CHELTENHAM RD,2050,STATE (LOWER DANDENONG/CHELTENHAM) HIGHWAY,LOWER DANDENONG ROAD,TMVMT,Manual,Greater than 10 Years,21,1995,24000,0,0.0
143.89695409954544,-35.73468100241705,22523,22935,23975,KERANG-QUAMBATOOK ROAD W BD BTWN MURRAY VALLEY HIGHWAY & LINDSAY ROAD,MIDBLOCK,All Moves,KERANG-QUAMBATOOK ROAD BTWN MURRAY VALLEY HIGHWAY & LINDSAY ROAD,5331,KERANG-QUAMBATOOK ROAD,KERANG-QUAMBATOOK ROAD,APARX,Classification,Between 2 and 5 Years,3,2013,570,120,0.22
145.85445389708752,-38.65378039604808,22557,22566,55114,INVERLOCH-VENUS BAY RD SEBD 100M NW OF TARWIN LOWER RD,MIDBLOCK,All Moves,INVERLOCH-VENUS BAY RD 100M NW OF TARWIN LOWER RD,5662,INVERLOCH-VENUS BAY ROAD,INVERLOCH-VENUS BAY ROAD,APARX,Classification,Greater than 10 Years,11,2005,550,60,0.12
145.01621405975416,-37.879642090755205,22578,22953,51913,KOOYONG ROAD SW OF GLEN EIRA ROAD,INTERSECTION,All Moves,GLEN EIRA ROAD & KOOYONG ROAD,9999,Missing Data,KOOYONG ROAD,TMVMT,Manual,Greater than 10 Years,17,1999,9800,0,0.0
144.60741470012323,-37.880028012294666,22593,22302,24017,LEICHARDT DR W BD BTW CLARENCE ST & MIDDLE RING RD,MIDBLOCK,All Moves,LEICHARDT DR BTW CLARENCE ST & MIDDLE RING RD,9999,Missing Data,LEICHARDT DRIVE,APARX,Classification,Between 5 and 10 Years,7,2009,270,10,0.07
145.01252111613508,-37.89892320352632,22606,22461,52169,KOOYONG RD N BD N OF SHERIDAN GVE,MIDBLOCK,All Moves,KOOYONG RD N OF SHERIDAN GVE,9999,Missing Data,KOOYONG ROAD,APARX,Classification,Between 2 and 5 Years,5,2011,8500,400,0.05
145.4902251054743,-38.09217850212372,22619,22465,49356,KOO WEE RUP RD N BD BTW BALD HILL RD & PRINCES FWY (PAK. BYP),MIDBLOCK,All Moves,KOO WEE RUP RD BTW BALD HILL RD & PRINCES FWY (PAK. BYP),5770,HEALESVILLE-KOO-WEE-RUP ROAD,KOO WEE RUP ROAD,APARX,Classification,Between 5 and 10 Years,8,2008,7600,830,0.11
143.3589935711643,-37.69520369565716,22627,22967,53447,LISMORE-SKIPTON RD N BD 700M S OF STATION ST @ 2.9KM FROM SKIPTON,MIDBLOCK,All Moves,LISMORE-SKIPTON RD 700M S OF STATION ST @ 2.9KM FROM SKIPTON,5962,LISMORE-SKIPTON ROAD,LISMORE-SKIPTON ROAD,APARX,Classification,Greater than 10 Years,21,1995,130,20,0.17
143.3156491322582,-37.95824370124336,22668,22977,23898,LISMORE-SKIPTON RD S BD 900M S OF HAMILTON HWY @ 38.1KM FROM CAMPERDOWN,MIDBLOCK,All Moves,LISMORE-SKIPTON RD 900M S OF HAMILTON HWY @ 38.1KM FROM CAMPERDOWN,5962,LISMORE-SKIPTON ROAD,LISMORE-SKIPTON ROAD,APARX,Classification,Between 2 and 5 Years,2,2014,80,20,0.24
145.0760731964514,-37.94968538691394,22730,22324,55476,KEYS RD W OF WARRIGAL RD,INTERSECTION,All Moves,WARRIGAL RD/KEYS RD/CORPORATE DR,5313,WICKHAM-KEYS ROAD,KEYS ROAD,SCATS,Scats,Less than 2 Years,1,2015,0,0,0.0
145.15686626637344,-37.95245844753799,22752,22494,24718,LIGHTWOOD RD SEBD BTW VIEW RD & CORRIGAN RD,MIDBLOCK,All Moves,LIGHTWOOD RD BTW VIEW RD & CORRIGAN RD,9999,Missing Data,LIGHTWOOD ROAD,APARX,Classification,Between 5 and 10 Years,7,2009,6000,170,0.03
144.7889922112685,-37.05218400945553,22769,22498,55221,LANCEFIELD-TOOBORAC RD W BD 1 KM WEST CALDER HWY @ 23.0KM FROM LANCEFIELD,MIDBLOCK,All Moves,LANCEFIELD-TOOBORAC RD 1 KM WEST CALDER HWY @ 23.0KM FROM LANCEFIELD,5389,LANCEFIELD-TOOBORAC ROAD,LANCEFIELD-TOOBORAC ROAD,APARX,Classification,Greater than 10 Years,22,1994,290,40,0.14
144.96603820307195,-37.831853211790154,22776,22333,49358,KINGSWAY NB BTW DORCAS ST & BANK ST,MIDBLOCK,All Moves,KINGSWAY BTW DORCAS ST & BANK ST (LNS 1&2),2510,PRINCES HIGHWAY EAST,KINGS WAY,APCLM,Permanent Classification,Greater than 10 Years,27,1989,38000,2400,0.06
144.90280151581075,-37.74154227797644,22781,22334,50129,KEILOR_RD NW of GILLIES_ST,INTERSECTION,All Moves,KEILOR RD NR GILLIES ST,5592,KEILOR ROAD,KEILOR ROAD,SCATS,Scats,Between 2 and 5 Years,4,2012,8700,0,0.0
144.9526135870122,-37.80967399739843,22788,22336,52469,KING ST NWB BTW DUDLEY ST & BATMAN ST,MIDBLOCK,All Moves,KING ST NBTW DUDLEY ST & BATMAN ST,5041,KING STREET,KING STREET,APARX,Classification,Greater than 10 Years,24,1992,23000,3700,0.16
145.17232409781795,-36.7521099495003,22791,22827,52966,KIRWANS BRIDGE RD E BD 500M W OF GOULBURN VALLEY HWY,MIDBLOCK,All Moves,KIRWANS BRIDGE RD 500M W OF GOULBURN VALLEY HWY,9999,Missing Data,KIRWANS BRIDGE ROAD,APARX,Classification,Greater than 10 Years,20,1996,10,0,0.09
143.42493990298968,-38.408594567239525,22798,22340,22903,COLAC-TIMBOON RD E BD 1.6KM W OF TOMAHAWK CREEK RD @ 20.1KM POST,MIDBLOCK,All Moves,COLAC-TIMBOON RD 1.6KM W OF TOMAHAWK CREEK RD @ 20.1KM POST,5037,TIMBOON-COLAC ROAD,IRREWILLIPE ROAD,APARX,Classification,Between 2 and 5 Years,3,2013,580,110,0.2
142.20429990587255,-36.7408808278205,22817,22836,24467,HENTY HIGHWAY SOUTH BD NORTH OF CAVENDISH.,MIDBLOCK,All Moves,HENTY HIGHWAY NORTH BD NORTH OF CAVENDISH.,9999,Missing Data,KENNY ROAD,APARX,Classification,Greater than 10 Years,0,0,0,0,0.0
144.78209352007792,-37.69492020265066,22843,22645,23724,SERVICE STATION ACCESS E OF KINGS RD,INTERSECTION,All Moves,HUNGRY JACKS AND KFC ACCESS & KINGS RD & SERVICE STATION ACCESS,5009,KINGS ROAD,KINGS ROAD,TMVMT,Manual,Greater than 10 Years,0,0,0,0,0.0
145.1026000064794,-37.729422542875085,22848,22846,49471,LOWER PLENTY RD E BD E OF YALLAMBIE RD,MIDBLOCK,All Moves,LOWER PLENTY RD E OF YALLAMBIE RD,5762,MAIN HEIDELBERG-ELTHAM ROAD,LOWER PLENTY ROAD,APARX,Classification,Between 2 and 5 Years,5,2011,14000,500,0.03
144.39077786562223,-38.25532638390255,22854,22848,23088,LOWER DUNEED ROAD WEST BD WEST OF BARWON HEADS ROAD.,MIDBLOCK,All Moves,LOWER DUNEED ROAD EAST BD WEST OF BARWON HEADS ROAD.,5008,LOWER DUNEED ROAD,LOWER DUNEED ROAD,APARX,Classification,Greater than 10 Years,0,0,0,0,0.0
145.19033801026,-37.93418589355334,22861,22651,53954,MONASH FWY INBOUND ONRAMP FROM JACKSONS RD,INTERSECTION,On Ramp,SVO_Map_LTD:664||SITE DESC: MONASH FWY INBOUND ONRAMP FROM JACKSONS RD,7300,5170B 2000R,JACKSONS-MONASH IN RAMP ON,INDET,Freeway Data Station,Between 5 and 10 Years,10,2006,10000,0,0.0
145.01252111613508,-37.89892320352632,22865,22362,49274,KOOYONG RD S BD N OF SHERIDAN GVE,MIDBLOCK,All Moves,KOOYONG RD N OF SHERIDAN GVE,9999,Missing Data,KOOYONG ROAD,APARX,Classification,Between 2 and 5 Years,5,2011,7600,280,0.04
144.9617577088068,-37.82746748560192,22869,22853,54975,KINGS WAY NW OF SOUTHERN LINK ONRAMP,INTERSECTION,All Moves,SOUTHERN LINK/KINGS WAY,2510,PRINCES HIGHWAY EAST,KINGS WAY,SCATS,Scats,Greater than 10 Years,0,0,0,0,0.0
145.4029393026009,-37.723373986829365,22874,22365,52210,KILLARA RD E BD E OF BROADIES RD,MIDBLOCK,All Moves,KILLARA RD E OF BROADIES RD,9999,Missing Data,KILLARA ROAD,APARX,Classification,Between 2 and 5 Years,5,2011,920,70,0.08
144.76461304853385,-37.84092785955645,22880,22657,56241,LEAKES RD E BD BTW FITZGERALD RD & PALMERS RD,MIDBLOCK,All Moves,LEAKES RD BTW FITZGERALD RD & PALMERS RD,9999,Missing Data,LEAKES ROAD,APARX,Classification,Between 2 and 5 Years,5,2011,7800,460,0.06
144.62183580648667,-37.47421806145592,22900,22374,24539,SAUNDERS RD E OF STATION RD,INTERSECTION,All Moves,SAUNDERS RD & STATION RD,5396,GISBORNE-KILMORE ROAD,KILMORE ROAD,TMVMT,Manual,Greater than 10 Years,0,0,0,0,0.0
145.1712722520219,-37.96330945581021,22906,22376,51735,LIGHTWOOD RD NW OF HEATHERTON RD DEPARTURE,INTERSECTION,All Moves,HEATHERTON RD E OF LIGHTWOOD RD DEPARTURE,9999,Missing Data,LIGHTWOOD ROAD,TMVMT,Manual,Greater than 10 Years,0,0,0,0,0.0
145.10969452854715,-38.15413718693371,22909,22377,54984,NEPEAN HWY SW OF FRANKSTON PIER ACCESS RD,INTERSECTION,All Moves,NEPEAN HWY/FRANKSTON PIER ACCESS,9999,Missing Data,LIDDESDALE AVENUE,SCATS,Scats,Greater than 10 Years,0,0,0,0,0.0
145.22135794814767,-37.99836425885331,22915,22379,52732,PRINCES HWY NW OF PLUNKETT RD,INTERSECTION,All Moves,PRINCES HWY/PLUNKETT RD,2510,PRINCES HIGHWAY EAST,LONSDALE STREET,SCATS,Scats,Greater than 10 Years,0,0,0,0,0.0
144.96142878603757,-37.82711740516464,22916,22869,55147,KINGS WAY NW OF SOUTHERN LINK ONRAMP,INTERSECTION,All Moves,SOUTHERN LINK/KINGS WAY,2510,PRINCES HIGHWAY EAST,KINGS WAY,SCATS,Scats,Between 5 and 10 Years,10,2006,29000,0,0.0
146.43021639848163,-38.233879799897245,22942,22677,24012,MORWELL-TRARALGON ROAD W BD BTWN THE CENTRE VALLEY ROAD & MID VALLEY ROAD,MIDBLOCK,All Moves,MORWELL-TRARALGON ROAD & BRIDLE ROAD,9999,Missing Data,KURT STREET,APARX,Classification,Between 5 and 10 Years,7,2009,6100,610,0.1
143.80376162375177,-37.514361412488725,22976,22689,24261,BALLARAT-MARYBOROUGH RD N BD 400M S OF WESTERN FWY @ 3.8KM FROM BALLARAT,MIDBLOCK,All Moves,BALLARAT-MARYBOROUGH RD 400M S OF WESTERN FWY @ 3.8KM FROM BALLARAT,5327,BALLARAT-MARYBOROUGH ROAD,LEARMONTH ROAD,APARX,Classification,Greater than 10 Years,18,1998,2600,270,0.1
145.21439474533543,-37.98813927868618,22982,22891,53918,WALKER ST W BD W OF LONSDALE ST,INTERSECTION,All Moves,LONSDALE ST N OF WALKER ST,2510,PRINCES HIGHWAY EAST,LONSDALE STREET,TMVMT,Manual,Greater than 10 Years,0,0,0,0,0.0
142.35570893399333,-38.29986109795215,22985,22693,52836,KOROIT PORT FAIRY RD (1.00KM) S BD 300M S OF GARDEN ST KOROIT,MIDBLOCK,All Moves,KOROIT PORT FAIRY RD (1.00KM) 300M S OF GARDEN ST KOROIT,5121,KOROIT-PORT FAIRY ROAD,KOROIT-PORT FAIRY ROAD,APARX,Classification,Greater than 10 Years,23,1993,270,30,0.11
145.17269996540972,-37.96438444099598,22990,22695,51355,LIGHTWOOD RD NWBD NW OF HEATHERTON RD,INTERSECTION,All Moves,HEATHERTON RD E OF LIGHTWOOD RD,9999,Missing Data,LIGHTWOOD ROAD,TMVMT,Manual,Greater than 10 Years,17,1999,4000,50,0.01
145.0945498009769,-37.95527229257026,25032,25917,20726,KINGSTON RD 40M OPP PIETRO ST,INTERSECTION,Scheduled PubTpt Bus flow,KINGSTON RD 40M OPP PIETRO ST,5970,HEATHERTON ROAD,KINGSTON ROAD,PUBTT,Other,Greater than 10 Years,0,0,0,0,0.0
145.05506209691805,-37.89973379792281,25036,25919,23480,KOORNANG RD 75M AFTER OAKLEIGH RD,INTERSECTION,Scheduled PubTpt Bus flow,KOORNANG RD 75M AFTER OAKLEIGH RD,9999,Missing Data,KOORNANG ROAD,PUBTT,Other,Greater than 10 Years,0,0,0,0,0.0
145.05654325200763,-37.8919765095522,25039,25921,11896,KOORNANG RD 70M AFTER CENTRE RD,INTERSECTION,Scheduled PubTpt Bus flow,KOORNANG RD 70M AFTER CENTRE RD,9999,Missing Data,KOORNANG ROAD,PUBTT,Other,Greater than 10 Years,0,0,0,0,0.0
146.66656132919752,-37.78143029738751,25043,25923,1798,LICOLA RD N BD N OF KELLEHERS RD @ 27.34 KM FROM HEYFIELD,MIDBLOCK,All Moves,LICOLA RD N OF KELLEHERS RD @ 27.34 KM FROM HEYFIELD,5954,LICOLA ROAD,LICOLA ROAD,APARX,Classification,Between 2 and 5 Years,3,2013,30,0,0.16
145.21652318485047,-37.81017548787457,25052,25927,49941,LOUGHNAN RD SWBD SW of RINGWOOD ST,INTERSECTION,All Moves,LOUGHNAN RD NNE OF RINGWOOD ST,9999,Missing Data,LOUGHNAN ROAD,TMVMT,Manual,Greater than 10 Years,19,1997,9300,160,0.02
145.10744911105647,-37.95687032574831,25058,25930,12948,KINGSTON RD 80M BEFORE PEACE RD,INTERSECTION,Scheduled PubTpt Bus flow,KINGSTON RD 80M BEFORE PEACE RD,5970,HEATHERTON ROAD,KINGSTON ROAD,PUBTT,Other,Greater than 10 Years,0,0,0,0,0.0
144.99191400919543,-37.865442322472894,25101,25450,27875,INKERMAN ST W BD E OF QUEEN ST,INTERSECTION,All Moves,INKERMAN ST E OF QUEEN ST,9999,Missing Data,INKERMAN STREET,APARX,Classification,Greater than 10 Years,22,1994,7700,0,0.0
145.01789009966,-37.9744215017922,25107,25453,28595,KARRAKATTA ST E BD E OF BLUFF RD,UNDEFINED,All Moves,KARRAKATTA ST E OF BLUFF RD,9999,Missing Data,KARRAKATTA STREET,APARX,Classification,Greater than 10 Years,27,1989,440,0,0.0
144.96196138579603,-37.82768351083735,25115,25457,28607,WEST GATE FWY ON RAMP W BD FROM GRANT ST,UNDEFINED,On Ramp,WEST GATE FWY ON RAMP FROM GRANT ST,2510,PRINCES HIGHWAY EAST,KINGS WAY,APARX,Classification,Greater than 10 Years,25,1991,20000,0,0.0
145.04057949487787,-37.924560196815314,25130,25966,22455,JASPER RD 40M AFTER LONDON ST,INTERSECTION,Scheduled PubTpt Bus flow,JASPER RD 40M AFTER LONDON ST,5847,JASPER ROAD,JASPER ROAD,PUBTT,Other,Greater than 10 Years,0,0,0,0,0.0
146.78423102291853,-38.15099470084459,25215,25208,57893,SMITHS LN N BD N OF PRINCES HIGHWAY EAST,MIDBLOCK,All Moves,SMITHS LN N OF PRINCES HIGHWAY EAST,9999,Missing Data,LATROBE STREET,APARX,Classification,Between 5 and 10 Years,8,2008,10,0,0.0
146.707430017484,-37.859633000872805,25216,25608,57206,LICOLA RD S BD 150M N OF SEATON-GLENMAGGIE RD,MIDBLOCK,All Moves,LICOLA RD 150M N OF SEATON-GLENMAGGIE RD,5954,LICOLA ROAD,LICOLA ROAD,APARX,Classification,Between 5 and 10 Years,9,2007,120,30,0.3
145.53574160421599,-38.186568413451525,25221,25211,56858,KOO-WEE-RUP-LONGWARRY RD SWBD 100M NE OF DENHAMS RD,MIDBLOCK,All Moves,KOO-WEE-RUP-LONGWARRY RD N100M NE OF DENHAMS RD,5709,KOO-WEE-RUP-LONGWARRY ROAD,KOO WEE RUP-LONGWARRY ROAD,APARX,Classification,Between 5 and 10 Years,10,2006,870,70,0.09
144.91661192637997,-37.68506568175828,25246,25224,27735,JOHNSTONE ST SE of PEARCEDALE PDE,INTERSECTION,All Moves,BAMBURGH ST & JOHNSTONE ST & PEARCEDALE PDE,9999,Missing Data,JOHNSTONE STREET,TMVMT,Manual,Greater than 10 Years,30,1986,17000,0,0.0
144.96377734998416,-37.829544274861824,25264,25233,25188,YORK ST SW of KINGS WAY NORTHBOU,INTERSECTION,Incomplete Through,KINGS WAY NORTHBOUND & YORK ST,2510,PRINCES HIGHWAY EAST,KINGS WAY,TMVMT,Manual,Greater than 10 Years,0,0,0,0,0.0
144.95204477151327,-37.81299513875124,25285,25642,24804,LATROBE ST NE OF SPENCER ST,INTERSECTION,All Moves,SPENCER ST/LA TROBE ST,9999,Missing Data,LA TROBE STREET,SCATS,Scats,Between 5 and 10 Years,9,2007,7200,0,0.0
145.02119041355107,-37.695976932125994,25316,25658,56726,KEON PDE W OF DALTON RD,INTERSECTION,All Moves,KEON PDE/DALTON RD/CHEDDAR RD WEST/TUNALEY PDE,5910,CAMPBELLFIELD-GREENSBOROUGH ROAD,KEON PARADE,SCATS,Scats,Less than 2 Years,0,2016,8700,0,0.0
145.31841516992927,-36.61968779973548,25331,25266,27815,LONGWOOD SHEPPARTON RD N BD S OF MURCHISON-VIOLET TOWN RD,INTERSECTION,All Moves,LONGWOOD SHEPPARTON RD & MURCHISON-VIOLET TOWN RD,9999,Missing Data,LONGWOOD-SHEPPARTON ROAD,TMVMT,Manual,Greater than 10 Years,20,1996,60,0,0.06
144.9627357781022,-37.82859611440125,25343,25671,28472,WEST GATE FWY OFF-RAMP LEFT TURN TO KINGS WAY OD:12,INTERSECTION,Incomplete Through,KINGS WAY THRU MVMNT TO KINGS WAY OD:42,7106,2510B 2820F,KINGS-WEST GATE OUT RAMP ON,MOTSV,Manual,Greater than 10 Years,23,1993,10000,1100,0.11
145.21968700482967,-38.000047497315485,25350,25276,27340,KIRKHAM RD W BD W OF FRANKSTON-DANDENONG RD,INTERSECTION,All Moves,KIRKHAM RD W OF FRANKSTON-DANDENONG RD,9999,Missing Data,KIRKHAM ROAD,APARX,Classification,Greater than 10 Years,27,1989,2700,0,0.0
144.92674130565712,-37.82098051262058,25356,25678,23873,LORIMER STREET E Bd btwn SALMON STREET AND INGLES STREET,INTERSECTION,All Moves,SITE_NO: 48||SITE DESC: LORIMER STREET BTWN SALMON STREET AND INGLES STREET,5597,LORIMER STREET,LORIMER STREET,MOTSV,Manual,Greater than 10 Years,0,0,0,0,0.0
145.048820780494,-37.844677403813606,25357,25279,27667,LAWSON ST S BD N OF TOORAK RD,UNDEFINED,All Moves,LAWSON ST N OF TOORAK RD,9999,Missing Data,LAWSON STREET,APARX,Classification,Greater than 10 Years,27,1989,620,0,0.0
145.01033321662212,-37.94304645246305,25365,25283,27339,LINACRE RD W BD W OF LANSDOWN ST,UNDEFINED,All Moves,LINACRE RD W OF LANSDOWN ST,9999,Missing Data,LINACRE ROAD,APARX,Classification,Greater than 10 Years,28,1988,950,0,0.0
145.08419539679795,-37.983567989569835,25368,25684,54489,LOWER DANDENONG RD W OF SHOPPING CENTRE ACCESS,INTERSECTION,All Moves,LOWER DANDENONG RD/SHOPPING CENTRE ACCESS,2050,STATE (LOWER DANDENONG/CHELTENHAM) HIGHWAY,LOWER DANDENONG ROAD,SCATS,Scats,Greater than 10 Years,11,2005,11000,0,0.0
145.28908162324498,-37.76735149638334,25385,25692,10889,LYONS RD 15M AFTER TURKEITH CRES,INTERSECTION,Scheduled PubTpt Bus flow,LYONS RD 15M AFTER TURKEITH CRES,9999,Missing Data,LYONS ROAD,PUBTT,Other,Greater than 10 Years,0,0,0,0,0.0
144.78821390297216,-37.84480616552208,25397,25698,58024,KOROROIT CREEK RD W OF PRINCES FWY WEST,INTERSECTION,All Moves,PRINCES FWY WEST/KOROROIT CREEK RD,5833,KOROROIT CREEK ROAD,KOROROIT CREEK ROAD,SCATS,Scats,Between 2 and 5 Years,5,2011,19000,0,0.0
143.536635336714,-38.78252185856878,25423,25807,1197,GREAT OCEAN ROAD NORTH BD SOUTH OF COLAC-LAVERS HILL ROAD,MIDBLOCK,All Moves,GREAT OCEAN ROAD NORTH BD SOUTH OF COLAC-LAVERS HILL ROAD,4901,OTWAY LIGHTHOUSE ROAD,LIGHTHOUSE ROAD,APARX,Classification,Greater than 10 Years,0,0,0,0,0.0
144.1207639980973,-35.65699639315734,25428,25308,56801,KERANG-KOONDROOK RD NEBD BTW COHUNA-KOONDROOK RD & BUCKLAND RD,MIDBLOCK,All Moves,KERANG-KOONDROOK RD NBTW COHUNA-KOONDROOK RD & BUCKLAND RD,5578,KERANG-KOONDROOK ROAD,KERANG-KOONDROOK ROAD,APARX,Classification,Between 2 and 5 Years,3,2013,590,120,0.21
145.01207562130804,-37.94371350003852,25468,25819,27675,LANSDOWN ST S BD S OF LINACRE RD,UNDEFINED,All Moves,LANSDOWN ST S OF LINACRE RD,9999,Missing Data,LANSDOWN STREET,APARX,Classification,Greater than 10 Years,28,1988,80,0,0.0
145.19259669663495,-37.93714250226941,25479,25723,1522,JACKSONS_RD N of POLICE_RD,INTERSECTION,Left Missing,POLICE RD/JACKSONS RD,5170,JACKSONS ROAD,JACKSONS ROAD,SCATS,Scats,Between 5 and 10 Years,9,2007,18000,0,0.0
145.19261634504434,-37.94029609977706,25503,25328,2687,JACKSONS RD N of POLICE RD,INTERSECTION,All Moves,JACKSONS RD & POLICE RD,5170,JACKSONS ROAD,JACKSONS ROAD,TMVMT,Manual,Greater than 10 Years,30,1986,15000,630,0.04
144.9487455381053,-37.80556577149782,25509,25330,26577,KING ST SE of HAWKE ST,INTERSECTION,All Moves,HAWKE ST & KING ST,5041,KING STREET,KING STREET,TMVMT,Manual,Greater than 10 Years,30,1986,16000,0,0.0
144.97268508472945,-37.76603329393636,25516,25734,2672,LYGON ST N of BLYTH ST,INTERSECTION,All Moves,BLYTH ST & LYGON ST,9999,Missing Data,LYGON STREET,TMVMT,Manual,Greater than 10 Years,31,1985,11000,460,0.04
144.90875155913665,-37.63991518823469,25547,25015,25096,KIRKHAM DR S OF SOMERTON RD,INTERSECTION,All Moves,KIRKHAM DR & SOMERTON RD,9999,Missing Data,KIRKHAM DRIVE,TMVMT,Manual,Greater than 10 Years,0,0,0,0,0.0
145.05610313356226,-37.89425280103232,25548,25503,27647,KOORNANG RD S BD N OF NORTH RD,INTERSECTION,All Moves,KOORNANG RD N OF NORTH RD,9999,Missing Data,KOORNANG ROAD,MOTSV,Manual,Between 5 and 10 Years,9,2007,5900,160,0.03
142.8795343378929,-38.60509528547436,25549,25109,197,GREAT OCEAN ROAD EAST BD EAST OF TIMBOON-PETERBOROUGH ROAD,MIDBLOCK,All Moves,GREAT OCEAN ROAD EAST BD EAST OF TIMBOON-PETERBOROUGH ROAD,9999,Missing Data,IRVINE STREET,APARX,Classification,Greater than 10 Years,0,0,0,0,0.0
144.83366090744272,-37.84999145833388,25576,25508,57773,KOROROIT CREEK RD E BD W OF MILLERS RD,MIDBLOCK,All Moves,KOROROIT CREEK RD W OF MILLERS RD,5833,KOROROIT CREEK ROAD,KOROROIT CREEK ROAD,APARX,Classification,Greater than 10 Years,0,0,0,0,0.0
144.78209352007792,-37.69492020265066,25588,25116,27235,SERVICE STATION ACCESS E OF KINGS RD DEPARTURE,UNDEFINED,All Moves,KINGS RD N OF HUNGRY JACKS AND KFC ACCESS DEPARTURE,5009,KINGS ROAD,KINGS ROAD,TMVMT,Manual,Greater than 10 Years,0,0,0,0,0.0
144.91323380459758,-37.779596803233034,25594,25117,27376,LANGS RD SW of EPSOM RD,INTERSECTION,All Moves,EPSOM RD & LANGS RD,5600,LANGS ROAD,LANGS ROAD,TMVMT,Manual,Greater than 10 Years,29,1987,4600,0,0.0
145.21737953156455,-37.99478649244418,25595,25511,27304,PRINCES HWY SEBD SE OF WEBSTER,INTERSECTION,All Moves,PRINCES HWY SE OF WEBSTER,2510,PRINCES HIGHWAY EAST,LONSDALE STREET,MOTSV,Manual,Greater than 10 Years,0,0,0,0,0.0
144.97021310922264,-37.78129490046887,25613,25026,1528,LYGON_ST N OF PIGDON_ST,INTERSECTION,All Moves,LYGON ST/PIGDON ST,9999,Missing Data,LYGON STREET,SCATS,Scats,Between 5 and 10 Years,7,2009,11000,0,0.0
145.04429680027653,-37.84749461477766,25644,25757,28585,KAIKOURA AVE N BD S OF TOORAK RD,UNDEFINED,All Moves,KAIKOURA AVE S OF TOORAK RD,9999,Missing Data,KAIKOURA AVENUE,APARX,Classification,Greater than 10 Years,27,1989,390,0,0.0
144.9481257570827,-37.80519174913788,25645,25357,26313,KING ST SE of CURZON ST,INTERSECTION,All Moves,CURZON ST & KING ST,5041,KING STREET,KING STREET,TMVMT,Manual,Greater than 10 Years,23,1993,22000,1500,0.07
144.505902664068,-37.680889985266425,25661,25035,26324,WESTERN FWY E of LONGFOREST RD,INTERSECTION,All Moves,LONGFOREST RD & WESTERN FWY,9999,Missing Data,LONG FOREST ROAD,TMVMT,Manual,Greater than 10 Years,21,1995,9200,0,0.0
144.8295994062753,-37.849500235911705,25681,25526,25153,KOROROIT CREEK RD E of GRIEVE PDE,INTERSECTION,All Moves,GRIEVE PDE & KOROROIT CREEK RD,5833,KOROROIT CREEK ROAD,KOROROIT CREEK ROAD,TMVMT,Manual,Greater than 10 Years,29,1987,6300,0,0.0
144.94833514758804,-37.835294373253696,25684,25363,58340,INGLES ST NW OF PICKLES ST,INTERSECTION,Left Missing,DORCAS ST/PICKLES ST/INGLES ST,9999,Missing Data,INGLES STREET,SCATS,Scats,Greater than 10 Years,15,2001,6300,0,0.0
145.00541831549648,-37.93477952908112,25697,25765,27333,LITTLEWOOD ST W BD E OF HAMPTON ST,UNDEFINED,All Moves,LITTLEWOOD ST E OF HAMPTON ST,9999,Missing Data,LITTLEWOOD STREET,APARX,Classification,Greater than 10 Years,27,1989,560,0,0.0
145.85594268903344,-38.69794642582366,25705,25043,57484,INVERLOCH-VENUS BAY RD W BD BTW LEES RD & TARWIN LOWER-WARATAH RD,MIDBLOCK,All Moves,INVERLOCH-VENUS BAY RD BTW LEES RD & TARWIN LOWER-WARATAH RD,5662,INVERLOCH-VENUS BAY ROAD,INVERLOCH-VENUS BAY ROAD,APARX,Classification,Less than 2 Years,1,2015,520,20,0.04
145.27689527453109,-37.79029190623504,25750,25051,16082,KENT AV 20M AFTER SOMERSET CRES,INTERSECTION,Scheduled PubTpt Bus flow,KENT AV 20M AFTER SOMERSET CRES,9999,Missing Data,KENT AVENUE,PUBTT,Other,Greater than 10 Years,0,0,0,0,0.0
144.97681281215225,-37.84943788601088,25789,25544,27936,LINK_RD NE OF LAKESIDE_DR,INTERSECTION,Left Missing,LAKESIDE DR/LAKESIDE DR,9999,Missing Data,LAKESIDE DRIVE,SCATS,Scats,Greater than 10 Years,15,2001,6800,0,0.0
143.1569912404292,-38.40250517182914,25799,25882,23322,LAVERS HILL-COBDEN RD SEBd btwn COBDEN-PORT CAMPBELL RD & TIMBOON-COLAC RD,MIDBLOCK,All Moves,LAVERS HILL-COBDEN RD BTWN TIMBOON-COLAC RD & COBDEN-PORT CAMPBELL RD,5033,LAVERS HILL-COBDEN ROAD,LAVERS HILL-COBDEN ROAD,APARX,Classification,Between 2 and 5 Years,3,2013,350,70,0.22
145.05571078621503,-37.89629739939026,25830,25785,13522,KOORNANG RD AT MOONYA RD,INTERSECTION,Scheduled PubTpt Bus flow,KOORNANG RD AT MOONYA RD,9999,Missing Data,KOORNANG ROAD,PUBTT,Other,Greater than 10 Years,0,0,0,0,0.0
144.35022525093527,-38.160155501349216,25838,25387,2144,LATROBE_TCE N OF FYANS_ST,INTERSECTION,All Moves,LATROBE TER/FYANS ST/WEST FYANS ST,2800,CORIO-WAURN PONDS ROAD,LATROBE TERRACE,SCATS,Scats,Between 2 and 5 Years,3,2013,15000,0,0.0
145.04153674236576,-37.91961648898453,25892,25795,23485,JASPER RD 50M BEFORE CENTRE RD,INTERSECTION,Scheduled PubTpt Bus flow,JASPER RD 50M BEFORE CENTRE RD,5847,JASPER ROAD,JASPER ROAD,PUBTT,Other,Greater than 10 Years,0,0,0,0,0.0
144.81977863664906,-37.819483080467656,25897,25563,25792,LITTLE_BOUNDARY_RD NW 0F PIPE_RD,INTERSECTION,All Moves,LITTLE BOUNDARY RD/PIPE RD,5448,LITTLE BOUNDARY ROAD,LITTLE BOUNDARY ROAD,SCATS,Scats,Greater than 10 Years,18,1998,9100,0,0.0
145.48865528683584,-38.13935829599789,25916,25799,1924,HEALESVILLE-KOO-WEE-RUP RD N OF BALLARTO RD DEPARTURE,INTERSECTION,All Moves,HEALESVILLE-KOO-WEE-RUP RD N OF BALLARTO RD DEPARTURE,5770,HEALESVILLE-KOO-WEE-RUP ROAD,KOO WEE RUP ROAD,TMVMT,Manual,Greater than 10 Years,0,0,0,0,0.0
144.26269173252058,-36.7726228781118,25943,25183,28171,LAUREL ST SE of CALDER HWY,INTERSECTION,All Moves,CALDER HWY & LAUREL ST,9999,Missing Data,LAUREL STREET,TMVMT,Manual,Greater than 10 Years,24,1992,1300,50,0.04
145.69627279686995,-36.06987313195124,25947,25576,24037,KATAMATITE-YARRAWONGA RD E BD 1.2 KM E OF BENALLA-TOCUMWAL RD @ 2.1KM FROM KATA,MIDBLOCK,All Moves,KATAMATITE-YARRAWONGA RD 1.2 KM E OF BENALLA-TOCUMWAL RD @ 2.1KM FROM KATA,5402,KATAMATITE-YARRAWONGA ROAD,KATAMATITE-YARRAWONGA ROAD,APARX,Classification,Between 2 and 5 Years,3,2013,350,80,0.24
144.85208729633212,-37.72588109615707,25948,25088,26638,CALDER FWY OFF RAM E BD E of KEILOR PARK DR,INTERSECTION,Off Ramp,KEILOR PARK DR N OF CALDER FWY OFF RAM,7368,5054B 2530R,KEILOR PARK-CALDER IN RAMP ON,TMVMT,Manual,Greater than 10 Years,0,0,0,0,0.0
146.67242373816268,-37.81183589067352,25993,25593,24794,LICOLA RD E BD W OF GLENMAGGIE RD @ 15.15 KM FROM HEYFIELD,MIDBLOCK,All Moves,LICOLA RD W OF GLENMAGGIE RD @ 15.15 KM FROM HEYFIELD,5954,LICOLA ROAD,LICOLA ROAD,APARX,Classification,Greater than 10 Years,0,0,0,0,0.0
143.536635336714,-38.78252185856878,25999,25599,989,GREAT OCEAN ROAD NORTH BD SOUTH OF COLAC-LAVERS HILL ROAD,MIDBLOCK,All Moves,GREAT OCEAN ROAD NORTH BD SOUTH OF COLAC-LAVERS HILL ROAD,4901,OTWAY LIGHTHOUSE ROAD,LIGHTHOUSE ROAD,APARX,Classification,Greater than 10 Years,0,0,0,0,0.0
144.84983327073806,-37.73638999180678,24020,24320,49514,KEILOR PARK DR NWBD NW OF WESTERN RING RD,INTERSECTION,All Moves,WESTERN RING RD N OF KEILOR PARK DR,5054,KEILOR PARK DRIVE,KEILOR PARK DRIVE,TMVMT,Manual,Greater than 10 Years,19,1997,9000,390,0.04
145.0711348682599,-37.73939264982389,24054,24354,20730,LOWER PLENTY RD 10M AFTER ARDEN CRES,INTERSECTION,Scheduled PubTpt Bus flow,LOWER PLENTY RD 10M AFTER ARDEN CRES,5743,LOWER PLENTY ROAD,LOWER PLENTY ROAD,PUBTT,Other,Greater than 10 Years,0,0,0,0,0.0
145.08048479441362,-37.9536088824637,24055,24355,19684,KINGSTON RD AT BYNG AVE,INTERSECTION,Scheduled PubTpt Bus flow,KINGSTON RD AT BYNG AVE,5970,HEATHERTON ROAD,KINGSTON ROAD,PUBTT,Other,Greater than 10 Years,0,0,0,0,0.0
144.68233300565566,-37.83329328441914,24082,24382,22306,LEAKES RD W BD 50 M EAST OF GARD RD,MIDBLOCK,All Moves,LEAKES RD 50 M EAST OF GARD RD,9999,Missing Data,LEAKES ROAD,APARX,Classification,Between 5 and 10 Years,7,2009,50,0,0.11
144.8118786081103,-37.84753026301741,24093,24393,46355,KOROROIT CREEK RD W of GRIEVE PDE DEPARTURE,INTERSECTION,All Moves,GRIEVE PDE N OF KOROROIT CREEK RD DEPARTURE,5833,KOROROIT CREEK ROAD,KOROROIT CREEK ROAD,TMVMT,Manual,Greater than 10 Years,0,0,0,0,0.0
144.68785741710875,-37.83403324629616,24096,24396,48619,LEAKES RD W OF DAVIS RD,INTERSECTION,All Moves,DAVIS RD & LEAKES RD,9999,Missing Data,LEAKES ROAD,TMVMT,Manual,Greater than 10 Years,0,0,0,0,0.0
144.85862244665165,-37.71556538013717,24138,24212,55735,KEILOR PARK DR NB BTW THE LINK & TULLAMARINE PARK DR,MIDBLOCK,All Moves,KEILOR PARK DR BTW THE LINK & TULLAMARINE PARK DR,5054,KEILOR PARK DRIVE,KEILOR PARK DRIVE,APARX,Classification,Greater than 10 Years,19,1997,19000,2100,0.11
144.96120437094007,-37.810361928007,24141,24213,53772,LATROBE ST W OF ELIZABETH ST,INTERSECTION,All Moves,ELIZABETH ST/LATROBE ST,9999,Missing Data,LA TROBE STREET,SCATS,Scats,Between 2 and 5 Years,5,2011,11000,0,0.0
144.20441050785854,-36.68804280098056,24146,24711,44639,LODDON VALLEY HWY NWBD 200M N OF FOREST DR,MIDBLOCK,All Moves,LODDON VALLEY HWY 200M N OF FOREST DR,2630,LODDON VALLEY HIGHWAY,LODDON VALLEY HIGHWAY,APARX,Classification,Between 5 and 10 Years,10,2006,880,110,0.13
144.88630021642192,-37.73491167851045,24211,24228,50802,KEILOR RD W of NEWMAN ST,INTERSECTION,All Moves,KEILOR RD & NEWMAN ST,5592,KEILOR ROAD,KEILOR ROAD,TMVMT,Manual,Greater than 10 Years,23,1993,3900,210,0.05
145.14139851631987,-38.119152458214906,24212,24724,15560,KLAUER ST AT LORNA ST,INTERSECTION,Scheduled PubTpt Bus flow,KLAUER ST AT LORNA ST,5159,KLAUER ROAD,KLAUER STREET,PUBTT,Other,Greater than 10 Years,0,0,0,0,0.0
145.0412069607391,-37.921418302740605,24246,24634,17350,JASPER RD S BD BTWN CENTRE RD & PATTERSON RD,INTERSECTION,Scheduled PubTpt Bus flow,JASPER RD BTWN CENTRE RD & PATTERSON RD,5847,JASPER ROAD,JASPER ROAD,PUBTT,Other,Greater than 10 Years,0,0,0,0,0.0
145.48016929951015,-38.178418700982895,24291,24826,49910,HEALESVILLE-KOO-WEE-RUP RD N BD 600M N OF MANKS RD,MIDBLOCK,All Moves,HEALESVILLE-KOO-WEE-RUP RD 600M N OF MANKS RD,5770,HEALESVILLE-KOO-WEE-RUP ROAD,KOO WEE RUP ROAD,APARX,Classification,Between 2 and 5 Years,3,2013,5100,1100,0.23
143.92591935960095,-36.118645084817295,24319,24830,23117,LODDON VALLEY HIGHWAY S BD BTWN BOORT-PYRAMID ROAD & BOORT-PYRAMID ROAD,MIDBLOCK,All Moves,LODDON VALLEY HIGHWAY BTWN BOORT-PYRAMID ROAD & BOORT-PYRAMID ROAD,2630,LODDON VALLEY HIGHWAY,LODDON VALLEY HIGHWAY,APARX,Classification,Between 2 and 5 Years,3,2013,790,210,0.27
144.78151347544429,-37.69656100218233,24371,24752,47748,KEILOR-MELTON RD AT KINGS WAY,INTERSECTION,All Moves,KEILOR-MELTON RD AT KINGS WAY,5009,KINGS ROAD,KINGS ROAD,LASPD,Other,Greater than 10 Years,0,0,0,0,0.0
145.82743187794355,-38.43728189658011,24374,24932,56883,STH GIPPSLAND HWY S BD 100M S OF PRINCES ST,MIDBLOCK,All Moves,STH GIPPSLAND HWY 100M S OF PRINCES ST,2580,SOUTH GIPPSLAND HIGHWAY,LEONGATHA ROAD,APARX,Classification,Less than 2 Years,1,2015,3500,370,0.11
145.05602716067668,-37.894646994284834,24376,24437,11258,KOORNANG RD 30M BEFORE MUNRO AVE,INTERSECTION,Scheduled PubTpt Bus flow,KOORNANG RD 30M BEFORE MUNRO AVE,9999,Missing Data,KOORNANG ROAD,PUBTT,Other,Greater than 10 Years,0,0,0,0,0.0
144.99733441049318,-37.80026892015613,24444,24764,19965,JOHNSTON ST W OF NICHOLSON ST,INTERSECTION,Not representative,JOHNSTON ST/NICHOLSON ST,5853,JOHNSTON STREET,JOHNSTON STREET,SCATS,Scats,Greater than 10 Years,0,0,0,0,0.0
145.91117072541383,-38.250002583315045,24446,24944,50721,KORUMBURRA-WARRAGUL RD S OF BONA-VISTA RD DEPARTURE,INTERSECTION,All Moves,PFE OFF RAMP NE OF KORUMBURRA-WARRAGUL RD DEPARTURE,5682,KORUMBURRA-WARRAGUL ROAD,KORUMBURRA-WARRAGUL ROAD,TMVMT,Manual,Greater than 10 Years,0,0,0,0,0.0
144.96322758745623,-37.80976956806736,24458,24451,45520,LATROBE ST SW OF SWANSTON ST,INTERSECTION,All Moves,SWANSTON ST/LATROBE ST,9999,Missing Data,LA TROBE STREET,SCATS,Scats,Between 2 and 5 Years,5,2011,11000,0,0.0
144.96004976103904,-37.825831461783125,24479,24454,23065,CITY RD SW OF QUEENSBRIDGE ST,INTERSECTION,All Moves,CITY RD/MORAY ST/QUEENSBRIDGE ST,8044,2510R WHITEMAN STREETB,KINGS WAY,SCATS,Scats,Greater than 10 Years,0,0,0,0,0.0
144.82356781457716,-37.82352938518448,24494,24275,47147,LITTLE BOUNDARY RD NW OF PRINCES HWY,INTERSECTION,All Moves,PRINCES HWY/LITTLE BOUNDARY RD,5448,LITTLE BOUNDARY ROAD,LITTLE BOUNDARY ROAD,SCATS,Scats,Less than 2 Years,0,2016,14000,0,0.0
144.78066553594815,-37.73515900576079,24503,24774,49487,KINGS_RD S OF GILLESPIE_RD,INTERSECTION,All Moves,KINGS RD/GILLESPIE RD,5875,KEILOR-LAVERTON ROAD,KINGS ROAD,SCATS,Scats,Between 5 and 10 Years,9,2007,16000,0,0.0
144.92270489781635,-37.29288328041332,24525,24504,47653,KILMORE-LANCEFIELD RD W BD 150M W OF KINGS LA,MIDBLOCK,All Moves,KILMORE-LANCEFIELD RD 150M W OF KINGS LA,5393,KILMORE-LANCEFIELD ROAD,KILMORE-LANCEFIELD ROAD,APARX,Classification,Between 2 and 5 Years,3,2013,1100,150,0.13
145.1416417945865,-38.11918217173086,24554,24959,14307,KLAUER ST AT LORNA ST,INTERSECTION,Scheduled PubTpt Bus flow,KLAUER ST AT LORNA ST,5159,KLAUER ROAD,KLAUER STREET,PUBTT,Other,Greater than 10 Years,0,0,0,0,0.0
144.96744448802482,-37.810771362172254,24593,24869,25140,LONSDALE ST NE OF RUSSELL ST,INTERSECTION,All Moves,RUSSELL ST/LONSDALE ST,9999,Missing Data,LONSDALE STREET,SCATS,Scats,Greater than 10 Years,12,2004,15000,0,0.0
145.31692724455587,-37.81900999935319,24606,24787,24396,LIVERPOOL RD S OF CANTERBURY RD,INTERSECTION,All Moves,CANTERBURY RD/LIVERPOOL RD,9999,Missing Data,LIVERPOOL ROAD,SCATS,Scats,Greater than 10 Years,18,1998,6200,0,0.0
144.96618588110687,-37.80504370216979,24615,24788,54911,LYGON ST S OF QUEENSBERRY ST,INTERSECTION,All Moves,LYGON ST/QUEENSBERRY ST,9999,Missing Data,LYGON STREET,SCATS,Scats,Greater than 10 Years,14,2002,7600,0,0.0
145.025502878345,-37.976005602713975,24663,24972,27332,ILUKA ST S BD N OF BALCOMBE RD,UNDEFINED,All Moves,ILUKA ST N OF BALCOMBE RD,9999,Missing Data,ILUKA STREET,APARX,Classification,Greater than 10 Years,27,1989,630,0,0.0
145.21112436189168,-37.969893195272455,24676,24115,50581,JAMES ST S of HEATHERTON RD,INTERSECTION,All Moves,HEATHERTON RD & JAMES ST,9999,Missing Data,JAMES STREET,TMVMT,Manual,Greater than 10 Years,30,1986,1900,80,0.04
144.96523533768283,-37.83103978640156,24681,24974,26970,KINGS WAY NWBD SE OF STURT ST,INTERSECTION,All Moves,KINGS WAY & STURT ST,2510,PRINCES HIGHWAY EAST,KINGS WAY,TMVMT,Manual,Greater than 10 Years,23,1993,43000,2700,0.06
143.81810750243199,-37.53432869878188,24682,24794,46259,BALLARAT-MARYBOROUGH RD SEBD BTW NORMAN ST & GILLIES ST,MIDBLOCK,All Moves,BALLARAT-MARYBOROUGH RD BTW NORMAN ST & GILLIES ST,5327,BALLARAT-MARYBOROUGH ROAD,LEARMONTH ROAD,APARX,Classification,Greater than 10 Years,13,2003,4500,350,0.08
145.07731711045415,-37.95325704128462,24704,24483,45849,KINGSTON CTR E OF WARRIGAL RD,INTERSECTION,All Moves,WARRIGAL RD/BERNARD ST/HOSPITAL ENTRANCE,5970,HEATHERTON ROAD,KINGSTON ROAD,SCATS,Scats,Between 2 and 5 Years,5,2011,740,0,0.0
143.80376162375177,-37.514361412488725,24727,24886,25800,BALLARAT-MARYBOROUGH RD S BD 400M S OF WESTERN FWY @ 3.8KM FROM BALLARAT,MIDBLOCK,All Moves,BALLARAT-MARYBOROUGH RD 400M S OF WESTERN FWY @ 3.8KM FROM BALLARAT,5327,BALLARAT-MARYBOROUGH ROAD,LEARMONTH ROAD,APARX,Classification,Greater than 10 Years,18,1998,2600,250,0.1
145.14240210614872,-37.990626861904495,24729,24486,20623,LOWER DANDENONG RD W OF SPRINGVALE RD,INTERSECTION,All Moves,SPRINGVALE RD/CHELTENHAM RD,2050,STATE (LOWER DANDENONG/CHELTENHAM) HIGHWAY,LOWER DANDENONG ROAD,SCATS,Scats,Between 2 and 5 Years,3,2013,22000,0,0.0
145.485247978217,-38.11559229953278,24737,24487,22395,KOO WEE RUP RD S BD S OF GREENHILLS RD,MIDBLOCK,All Moves,KOO WEE RUP RD S OF GREENHILLS RD,5770,HEALESVILLE-KOO-WEE-RUP ROAD,KOO WEE RUP ROAD,APARX,Classification,Between 2 and 5 Years,5,2011,5800,730,0.13
143.6404878103435,-38.19393074430917,24779,24894,293,COLAC-BALLARAT ROAD NBD S OF COROROOKE ROAD,MIDBLOCK,All Moves,COLAC-BALLARAT ROAD NORTH BD SOUTH OF COROROOKE ROAD,9999,Missing Data,LANG STREET,APARX,Classification,Between 2 and 5 Years,3,2013,470,90,0.19
144.59057932477393,-37.50543583361832,24803,24992,27341,JONATHAN RD S BD N OF BROOKING RD,INTERSECTION,All Moves,JONATHAN RD N OF BROOKING RD,9999,Missing Data,JONATHAN ROAD,APARX,Classification,Greater than 10 Years,26,1990,190,0,0.0
145.05435600808516,-37.903457001339405,24813,24134,21256,KOORNANG RD 10M BEFORE FLORENCE ST,INTERSECTION,Scheduled PubTpt Bus flow,KOORNANG RD 10M BEFORE FLORENCE ST,9999,Missing Data,KOORNANG ROAD,PUBTT,Other,Greater than 10 Years,0,0,0,0,0.0
144.72602232927983,-37.87263466784704,24849,24143,52403,KILMUR RD SE OF OLD GEELONG RD,INTERSECTION,All Moves,OLD GEELONG RD/DUNLOP RD/KILMUR RD,9999,Missing Data,KILMUR ROAD,SCATS,Scats,Between 2 and 5 Years,3,2013,1700,0,0.0
145.01511709928138,-37.665404102534175,24877,24068,17310,KINGSWAY DR 50M BEFORE AVONDALE ST,INTERSECTION,Scheduled PubTpt Bus flow,KINGSWAY DR 50M BEFORE AVONDALE ST,9999,Missing Data,KINGSWAY DRIVE,PUBTT,Other,Greater than 10 Years,0,0,0,0,0.0
144.54883645156423,-37.01408960177232,24916,24081,43571,HEATHCOTE KYNETON RD N BD 1.8 KM N OF BENDIGO REDESDALE RD @ 20.6KM FROM HEATHCO,MIDBLOCK,All Moves,HEATHCOTE KYNETON RD 1.8 KM N OF BENDIGO REDESDALE RD @ 20.6KM FROM HEATHCO,9999,Missing Data,KNIGHT ROAD,APARX,Classification,Between 2 and 5 Years,3,2013,320,30,0.12
145.05336000329336,-37.77211601257333,24924,24574,20675,LWR HEIDELBERG RD AT WAMBA RD,INTERSECTION,All Moves,LWR HEIDELBERG RD AT WAMBA RD,5762,MAIN HEIDELBERG-ELTHAM ROAD,LOWER HEIDELBERG ROAD,LASPD,Other,Greater than 10 Years,0,0,0,0,0.0
144.8507827410101,-37.73229120903335,24949,24092,47420,KEILOR PARK DR NW OF WESTERN RING RD NTH BND RAMPS DEPARTURE,INTERSECTION,All Moves,WESTERN RING RD NTH BND RAMPS NE OF KEILOR PARK DR DEPARTURE,5054,KEILOR PARK DRIVE,KEILOR PARK DRIVE,TMVMT,Manual,Greater than 10 Years,0,0,0,0,0.0
144.15863071611497,-37.34137036211904,20001,20701,47821,DAYLESFORD-TRENTHAM RD E BD BTW MIDLAND HWY & LYMAN ST,MIDBLOCK,All Moves,DAYLESFORD-TRENTHAM RD BTW MIDLAND HWY & LYMAN ST,5195,DAYLESFORD-TRENTHAM ROAD,KNOX STREET,APARX,Classification,Between 2 and 5 Years,3,2013,1100,100,0.09
145.01693440003208,-37.69548771008503,20006,20402,17263,KEON PDE W BD BTWN CHEDDAR RD & HIGH ST,INTERSECTION,Scheduled PubTpt Bus flow,KEON PDE BTWN CHEDDAR RD & HIGH ST,5910,CAMPBELLFIELD-GREENSBOROUGH ROAD,KEON PARADE,PUBTT,Other,Greater than 10 Years,0,0,0,0,0.0
144.85096804413635,-37.73164400961118,20048,20422,20979,KEILOR PARK DR SB LN1 BTW OLD CALDER HWY & BRIMBANK RD,MIDBLOCK,Incomplete Through,KEILOR PARK DR BTW OLD CALDER HWY & BRIMBANK RD,5054,KEILOR PARK DRIVE,KEILOR PARK DRIVE,APARX,Classification,Greater than 10 Years,21,1995,5300,500,0.1
145.31580962912895,-37.81245560308495,20056,20426,15490,LIVERPOOL RD 50M AFTER PARAMOUNT AVE,INTERSECTION,Scheduled PubTpt Bus flow,LIVERPOOL RD 50M AFTER PARAMOUNT AVE,9999,Missing Data,LIVERPOOL ROAD ALT,PUBTT,Other,Greater than 10 Years,0,0,0,0,0.0
145.0944812118241,-37.955263868559946,20064,20431,15493,KINGSTON RD 40M BEFORE PIETRO RD,INTERSECTION,Scheduled PubTpt Bus flow,KINGSTON RD 40M BEFORE PIETRO RD,5970,HEATHERTON ROAD,KINGSTON ROAD,PUBTT,Other,Greater than 10 Years,0,0,0,0,0.0
144.96489734462943,-37.83068156835768,20102,20748,22828,KINGS WAY NW OF STURT ST,INTERSECTION,Left & Through Missing,STURT ST/KINGS WAY,2510,PRINCES HIGHWAY EAST,KINGS WAY,SCATS,Scats,Greater than 10 Years,19,1997,40000,0,0.0
145.2479339029148,-37.91201780507001,20110,20750,48772,KELLETTS RD E BD BTW TAYLORS LN & WARTOOK WAY,MIDBLOCK,All Moves,KELLETTS RD BTW TAYLORS LN & WARTOOK WAY,5428,KELLETTS ROAD,KELLETTS ROAD,APARX,Classification,Between 2 and 5 Years,5,2011,13000,600,0.04
145.2307418001774,-37.98672376813123,20115,20448,45030,KIDDS RD W BD E OF POWER ST,INTERSECTION,All Moves,KIDDS RD E OF POWER ST,9999,Missing Data,KIDDS ROAD,APARX,Classification,Greater than 10 Years,13,2003,8100,0,0.0
144.9677233130975,-37.793699303377984,20116,20751,23008,PRINCES ST E BD E of LYGON ST,INTERSECTION,All Moves,LYGON ST N OF PRINCES ST,9999,Missing Data,LYTTON STREET,TMVMT,Manual,Greater than 10 Years,0,0,0,0,0.0
144.76126425844447,-37.50217139192488,20146,20759,46574,MELBOURNE-LANCEFIELD RD S BD 300M S OF KONAGEDARRA RD @ 42.8KM FROM MELBOURNE,MIDBLOCK,All Moves,MELBOURNE-LANCEFIELD RD 300M S OF KONAGEDARRA RD @ 42.8KM FROM MELBOURNE,5821,MELBOURNE-LANCEFIELD ROAD,LANCEFIELD ROAD,APARX,Classification,Greater than 10 Years,21,1995,2100,150,0.07
144.64037725011462,-37.47489694468805,20150,20617,20350,GISBORNE-KILMORE RD E BD 300M E OF CAMPBELL RD @ 5.9KM FROM GISBORNE,MIDBLOCK,All Moves,GISBORNE-KILMORE RD 300M E OF CAMPBELL RD @ 5.9KM FROM GISBORNE,5396,GISBORNE-KILMORE ROAD,KILMORE ROAD,APARX,Classification,Between 2 and 5 Years,2,2014,1900,170,0.09
144.97467181435127,-37.82210607065546,20170,20765,47695,LINLITHGOW AVE W OF ALEXANDRA AVE,INTERSECTION,Left Missing,ALEXANDRA AVE/LINLITHGOW AVE,9999,Missing Data,LINLITHGOW AVENUE,SCATS,Scats,Between 5 and 10 Years,10,2006,4400,0,0.0
143.93571849595355,-35.777622800938474,20171,20223,45052,LODDON VALLEY HWY S BD 600M S OF OLD ECHUCA RD @124.0KM FROM BENDIGO,MIDBLOCK,All Moves,LODDON VALLEY HWY 600M S OF OLD ECHUCA RD @124.0KM FROM BENDIGO,2630,LODDON VALLEY HIGHWAY,LODDON VALLEY HIGHWAY,APARX,Classification,Greater than 10 Years,18,1998,620,130,0.22
145.3156315366965,-37.811267603324474,20176,20624,19682,LIVERPOOL RD 40M AFTER ORCHARD ST,INTERSECTION,Scheduled PubTpt Bus flow,LIVERPOOL RD 40M AFTER ORCHARD ST,9999,Missing Data,LIVERPOOL ROAD ALT,PUBTT,Other,Greater than 10 Years,0,0,0,0,0.0
144.97057516578403,-37.807541441845125,20201,20774,44576,LATROBE ST SW OF VICTORIA ST,INTERSECTION,All Moves,VICTORIA ST/VICTORIA PDE/LA TROBE ST/SPRING ST,9999,Missing Data,LA TROBE STREET,SCATS,Scats,Less than 2 Years,1,2015,0,0,0.0
144.94125441432217,-37.82578644143548,20213,20473,21762,LORIMER ST SEBD NW OF WHARVES ACCESS RD,INTERSECTION,All Moves,WHARVES ACCESS RD LEFT TURN TO LORIMER ST OD:12,7106,2510B 2820F,KINGS-WEST GATE OUT RAMP ON,MOTSV,Manual,Greater than 10 Years,23,1993,5300,980,0.18
145.0111610951383,-37.66496147768954,20228,20636,11825,KINGSWAY DR 10M BEFORE LYNDON ST,INTERSECTION,Scheduled PubTpt Bus flow,KINGSWAY DR 10M BEFORE LYNDON ST,9999,Missing Data,KINGSWAY DRIVE,PUBTT,Other,Greater than 10 Years,0,0,0,0,0.0
145.01207562130804,-37.94371350003852,20254,20787,21428,LANSDOWN ST N BD S OF LINACRE RD,UNDEFINED,All Moves,LANSDOWN ST S OF LINACRE RD,9999,Missing Data,LANSDOWN STREET,APARX,Classification,Greater than 10 Years,28,1988,80,0,0.0
145.31495381358505,-37.80642289894767,20270,20647,11813,LIVERPOOL RD 50M BEFORE PLEASANT ST,INTERSECTION,Scheduled PubTpt Bus flow,LIVERPOOL RD 50M BEFORE PLEASANT ST,9999,Missing Data,LIVERPOOL ROAD ALT,PUBTT,Other,Greater than 10 Years,0,0,0,0,0.0
144.7853460117602,-37.84452334023919,20273,20648,44245,KOROROIT CREEK RD W BD ON BRIDGE OVER PRINCES FWY,MIDBLOCK,All Moves,KOROROIT CREEK RD ON BRIDGE OVER PRINCES FWY,5833,KOROROIT CREEK ROAD,KOROROIT CREEK ROAD,APARX,Classification,Greater than 10 Years,18,1998,9600,1500,0.16
144.94571827637492,-37.832540357474734,20276,20488,20008,INGLES ST N BD BTW EVANS ST AND STATION ST,UNDEFINED,All Moves,INGLES ST BTW EVANS ST AND STATION ST,9999,Missing Data,INGLES STREET,APARX,Classification,Greater than 10 Years,25,1991,8500,0,0.0
143.9294122292227,-36.10967139654933,20292,20254,43539,LODDON VALLEY HWY N BD 200M N OF BOORT-PYRAMID RD @ 85.0KM FROM BENDIGO,MIDBLOCK,All Moves,LODDON VALLEY HWY 200M N OF BOORT-PYRAMID RD @ 85.0KM FROM BENDIGO,2630,LODDON VALLEY HIGHWAY,LODDON VALLEY HIGHWAY,APARX,Classification,Greater than 10 Years,18,1998,500,110,0.22
144.85861228842484,-37.715581091318654,20294,20493,48457,KEILOR PARK DR SB BTW THE LINK & TULLAMARINE PARK DR,MIDBLOCK,All Moves,KEILOR PARK DR BTW THE LINK & TULLAMARINE PARK DR,5054,KEILOR PARK DRIVE,KEILOR PARK DRIVE,APARX,Classification,Greater than 10 Years,19,1997,21000,2500,0.12
146.28947211708044,-38.18311520383536,20299,20256,45549,MOE-GLENGARRY RD (JOHN FIELD DRIVE) NEBD 140M NORTH/EAST TANJIL ST (,MIDBLOCK,All Moves,MOE-GLENGARRY RD (JOHN FIELD DRIVE) N140M NORTH/EAST TANJIL ST (,5539,MOE-GLENGARRY ROAD,JOHN FIELD DRIVE,APARX,Classification,Greater than 10 Years,24,1992,1800,150,0.08
145.07571650690392,-37.94964194299048,20316,20498,20454,KEYS RD E BD W OF WARRIGAL RD,INTERSECTION,All Moves,KEYS RD W OF WARRIGAL RD,5313,WICKHAM-KEYS ROAD,KEYS ROAD,APARX,Classification,Greater than 10 Years,15,2001,8600,0,0.0
145.21437389286467,-37.987932001264376,20338,20271,22082,LONSDALE_ST N OF WALKER_ST,INTERSECTION,All Moves,LONSDALE ST/WALKER ST,2510,PRINCES HIGHWAY EAST,LONSDALE STREET,SCATS,Scats,Between 5 and 10 Years,8,2008,17000,0,0.0
145.0171940992495,-37.66282107577504,20340,20272,22148,KIAMA DR W BD W OF HIGH ST,UNDEFINED,All Moves,KIAMA DR W OF HIGH ST,9999,Missing Data,KIAMA DRIVE,APARX,Classification,Greater than 10 Years,17,1999,1500,0,0.0
145.0465475133322,-37.90074573815698,20347,20275,45327,LEILA RD 2WAY E OF GRANGE RD,UNDEFINED,All Moves,LEILA RD 2WAY E OF GRANGE RD,9999,Missing Data,LEILA ROAD,APARX,Classification,Greater than 10 Years,28,1988,1900,0,0.0
145.04429680027653,-37.84749461477766,20365,20284,43642,KAIKOURA AV W of TOORONGA RD,INTERSECTION,All Moves,KAIKOURA AV (TURNS ONLY) & TOORONGA RD,9999,Missing Data,KAIKOURA AVENUE,TMVMT,Manual,Greater than 10 Years,27,1989,780,0,0.0
145.0160612121126,-37.665512935472336,20368,20683,47767,KINGSWAY DR W OF HIGH ST,INTERSECTION,All Moves,HIGH ST/PASCHKE CRES/KINGSWAY DR,9999,Missing Data,KINGSWAY DRIVE,SCATS,Scats,Between 2 and 5 Years,5,2011,5600,0,0.0
145.02302449636326,-37.97393010236256,20395,20299,21045,IONA ST E BD E OF BLUFF RD,UNDEFINED,All Moves,IONA ST E OF BLUFF RD,9999,Missing Data,IONA STREET,APARX,Classification,Greater than 10 Years,27,1989,420,0,0.0
144.95212512085857,-37.80884209367768,20403,20803,22596,KING ST SB BTWN DUDLEY ST & WALSH ST,MIDBLOCK,All Moves,KING ST BTWN DUDLEY ST & WALSH ST,5041,KING STREET,KING STREET,APCLM,Permanent Classification,Greater than 10 Years,24,1992,20000,930,0.05
145.03451380829813,-37.76698092607316,20406,20805,46442,LIVINGSTONE ST W OF ORIEL RD,INTERSECTION,Left Missing,ORIEL RD/LIVINGSTONE ST,5745,LIVINGSTONE STREET,LIVINGSTONE STREET,SCATS,Scats,Between 5 and 10 Years,8,2008,4300,0,0.0
145.00753241239374,-37.66456224105309,20497,20931,15052,KINGSWAY DR 20M AFTER MOUNT VIEW RD,INTERSECTION,Scheduled PubTpt Bus flow,KINGSWAY DR 20M AFTER MOUNT VIEW RD,9999,Missing Data,KINGSWAY DRIVE,PUBTT,Other,Greater than 10 Years,0,0,0,0,0.0
145.08092587217035,-37.7337802851363,20517,20842,18846,LOWER PLENTY RD 10M BEFORE KAMBEA CRES,INTERSECTION,Scheduled PubTpt Bus flow,LOWER PLENTY RD 10M BEFORE KAMBEA CRES,5762,MAIN HEIDELBERG-ELTHAM ROAD,LOWER PLENTY ROAD,PUBTT,Other,Greater than 10 Years,0,0,0,0,0.0
145.08389259573835,-37.953984987671646,20531,20343,15509,KINGSTON RD 20M AFTER BALL RD,INTERSECTION,Scheduled PubTpt Bus flow,KINGSTON RD 20M AFTER BALL RD,5970,HEATHERTON ROAD,KINGSTON ROAD,PUBTT,Other,Greater than 10 Years,0,0,0,0,0.0
143.5665305784984,-36.478886191375366,20560,20353,44972,LOGAN-WEDDERBURN RD S BD 60M S BERRIMAL-WEDDERBURN RD @ 10.8KM FROM WEDDERBURN,MIDBLOCK,All Moves,LOGAN-WEDDERBURN RD 60M S BERRIMAL-WEDDERBURN RD @ 10.8KM FROM WEDDERBURN,5235,LOGAN-WEDDERBURN ROAD,LOGAN-WEDDERBURN ROAD,APARX,Classification,Between 2 and 5 Years,2,2014,40,10,0.26
143.81555981552674,-37.57043706572871,20585,20865,20953,BALLARAT-CARNGHAM RD (LATROBE STREET) E BD 400M E OF WILTSHIRE LANE @ 2.9KM FRO,MIDBLOCK,All Moves,BALLARAT-CARNGHAM RD (LATROBE STREET) 400M E OF WILTSHIRE LANE @ 2.9KM FRO,5078,BALLARAT-CARNGHAM ROAD,LA TROBE STREET,APARX,Classification,Greater than 10 Years,18,1998,2900,410,0.14
144.52991587542317,-37.03233220107169,20586,20361,45540,HEATHCOTE-KYNETON RD N BD 400M S OF MCNIFFS RD @ 27.1KM FROM KYNETON,MIDBLOCK,All Moves,HEATHCOTE-KYNETON RD 400M S OF MCNIFFS RD @ 27.1KM FROM KYNETON,5290,HEATHCOTE-KYNETON ROAD,KYNETON-REDESDALE ROAD,APARX,Classification,Between 5 and 10 Years,10,2006,460,60,0.14
147.36031722276255,-38.196932212473534,20590,20363,46576,LONGFORD LOCH SPORT RD E BD 400M E OF GOLDEN BEACH RD @ 26.4KM POST,MIDBLOCK,All Moves,LONGFORD LOCH SPORT RD 400M E OF GOLDEN BEACH RD @ 26.4KM POST,5915,LONGFORD-LOCH SPORT ROAD,LONGFORD-LOCH SPORT ROAD,APARX,Classification,Between 2 and 5 Years,4,2012,220,20,0.12
144.2046781903244,-36.69092890158943,20597,20964,20942,LODDON VALLEY HWY SEBD 2.7KM. N OF ALLIES RD @ 12.3KM FROM BENDIGO,MIDBLOCK,All Moves,LODDON VALLEY HWY 2.7KM. N OF ALLIES RD @ 12.3KM FROM BENDIGO,2630,LODDON VALLEY HIGHWAY,LODDON VALLEY HIGHWAY,APARX,Classification,Greater than 10 Years,18,1998,800,80,0.1
145.13577339948904,-37.93155239797928,20620,20874,45905,KOMBIE RD S of CENTRE RD,INTERSECTION,All Moves,CENTRE RD & MC NAUGHTON RD,9999,Missing Data,KOMBI ROAD,TMVMT,Manual,Greater than 10 Years,26,1990,6400,490,0.08
145.05580560919614,-37.956592658168425,20671,20382,44151,KAREN ST W BD BTW NEPEAN HWY & CHESTERVILLE RD,UNDEFINED,All Moves,KAREN ST BTW NEPEAN HWY & CHESTERVILLE RD,9999,Missing Data,KAREN STREET,APARX,Classification,Greater than 10 Years,26,1990,7800,0,0.0
145.02302449636326,-37.97393010236256,20688,20892,43462,IONA ST W BD E OF BLUFF RD,UNDEFINED,All Moves,IONA ST E OF BLUFF RD,9999,Missing Data,IONA STREET,APARX,Classification,Greater than 10 Years,27,1989,560,0,0.0
145.05329399535293,-37.895575393163845,20699,20391,46011,LYONS ST 2WAY W OF KOORNANG RD,UNDEFINED,All Moves,LYONS ST 2WAY W OF KOORNANG RD,9999,Missing Data,LYONS STREET,APARX,Classification,Greater than 10 Years,28,1988,180,0,0.0
145.02015309780813,-37.93506177212944,20709,20993,21040,LUDSTONE ST E BD E OF EARLESFIELD RD,UNDEFINED,All Moves,LUDSTONE ST E OF EARLESFIELD RD,9999,Missing Data,LUDSTONE STREET,APARX,Classification,Greater than 10 Years,27,1989,1800,0,0.0
145.06250141094887,-37.793208350022326,20740,20505,44695,KILBY RD W OF BURKE RD,INTERSECTION,Left Missing,BURKE RD/DONCASTER RD/KILBY RD/HIGH ST,9999,Missing Data,KILBY ROAD,SCATS,Scats,Between 5 and 10 Years,8,2008,1900,0,0.0
145.7973836875572,-38.63339198890981,20757,20124,44298,INVERLOCH-VENUS BAY RD W BD 400M E OF POUND CREEK RD @ 8.4KM FROM INVERLOCH,MIDBLOCK,All Moves,INVERLOCH-VENUS BAY RD 400M E OF POUND CREEK RD @ 8.4KM FROM INVERLOCH,5662,INVERLOCH-VENUS BAY ROAD,INVERLOCH-VENUS BAY ROAD,APARX,Classification,Greater than 10 Years,21,1995,500,50,0.1
144.8516093693041,-37.73676706965151,20776,20030,21191,WRR/KEILOR PARK DR NORTH INBOUND,INTERSECTION,All Moves,SVO_Map_LTD:266||SITE DESC: MONASH FWY BWTN STH GIPP & BELG-HALM,7120,5054B 2900F,KEILOR PARK-WESTERN RING OUT RAMP ON,INDET,Freeway Data Station,Greater than 10 Years,18,1998,39000,0,0.0
145.20341186790563,-37.97540656585223,20777,20130,43419,JONES RD S OF PRINCES HWY,INTERSECTION,All Moves,PRINCES HWY/GLADSTONE RD/JONES RD,9999,Missing Data,JONES ROAD,SCATS,Scats,Between 2 and 5 Years,2,2014,5100,0,0.0
144.85096804413635,-37.73164400961118,20781,20519,45987,KEILOR PARK DR SB LN2 BTW OLD CALDER HWY & BRIMBANK RD,MIDBLOCK,Incomplete Through,KEILOR PARK DR BTW OLD CALDER HWY & BRIMBANK RD,5054,KEILOR PARK DRIVE,KEILOR PARK DRIVE,APARX,Classification,Greater than 10 Years,21,1995,3800,150,0.04
145.0195266937081,-37.86236289927594,20822,20145,21084,KOOYONG RD N OF DANDENONG RD,INTERSECTION,All Moves,DANDENONG RD/KOOYONG RD,9999,Missing Data,KOOYONG ROAD,SCATS,Scats,Less than 2 Years,1,2015,0,0,0.0
145.22561217152503,-37.717678483981054,20838,20051,20031,KANGAROO GROUND-WARRANDYTE RD N BD S OF PIGEON BANK LANE,INTERSECTION,All Moves,KANGAROO GROUND-WARRANDYTE RD S OF PIGEON BANK LANE,5810,WARRANDYTE-KANGAROO GROUND ROAD,KANGAROO GROUND-WARRANDYTE ROAD,APARX,Classification,Greater than 10 Years,23,1993,2300,0,0.0
145.01320461431104,-37.665190129350215,20845,20540,13259,KINGSWAY DR 15M BEFORE LINOAK AVE,INTERSECTION,Scheduled PubTpt Bus flow,KINGSWAY DR 15M BEFORE LINOAK AVE,9999,Missing Data,KINGSWAY DRIVE,PUBTT,Other,Greater than 10 Years,0,0,0,0,0.0
144.78674408962917,-37.843555063688925,20847,20054,20025,PRINCES FWY OFFRAMP SW BD TO KOROROIT CREEK RD,UNDEFINED,Off Ramp,PRINCES FWY OFFRAMP STO KOROROIT CREEK RD,7312,5833B 2500R,KOROROIT CREEK-PRINCES IN RAMP ON,APARX,Classification,Greater than 10 Years,24,1992,4000,0,0.0
145.1033667970665,-37.95636627428642,20848,20541,18845,KINGSTON RD E BD BTWN OLD DANDENONG RD & BOUNDARY RD,INTERSECTION,Scheduled PubTpt Bus flow,KINGSTON RD BTWN OLD DANDENONG RD & BOUNDARY RD,5970,HEATHERTON ROAD,KINGSTON ROAD,PUBTT,Other,Greater than 10 Years,0,0,0,0,0.0
145.06932555466108,-37.7404301485267,20854,20543,13221,LOWER PLENTY RD 15M BEFORE MILLICENT ST,INTERSECTION,Scheduled PubTpt Bus flow,LOWER PLENTY RD 15M BEFORE MILLICENT ST,5743,LOWER PLENTY ROAD,LOWER PLENTY ROAD,PUBTT,Other,Greater than 10 Years,0,0,0,0,0.0
144.19911602986525,-36.67469658567515,20865,20159,21915,LODDON VALLEY HWY SEBD 100M NW OF RILEYS RD,MIDBLOCK,All Moves,LODDON VALLEY HWY 100M NW OF RILEYS RD,2630,LODDON VALLEY HIGHWAY,LODDON VALLEY HIGHWAY,APARX,Classification,Greater than 10 Years,0,0,0,0,0.0
145.1890176490276,-37.90712420607703,20891,20168,20874,JELLS RD S OF FERNTREE GULLY RD,INTERSECTION,All Moves,FERNTREE GULLY RD/JELLS RD,5308,JELLS ROAD,JELLS ROAD,SCATS,Scats,Between 2 and 5 Years,3,2013,7900,0,0.0
143.3615110726881,-37.69055556279208,20945,20186,21890,LISMORE-SKIPTON ROAD SOUTH BD 800m NORTH OF HAMILTON HIGHWAY,MIDBLOCK,All Moves,LISMORE-SKIPTON ROAD NORTH BD 800M NORTH OF HAMILTON HIGHWAY,5962,LISMORE-SKIPTON ROAD,LISMORE ROAD,APARX,Classification,Greater than 10 Years,0,0,0,0,0.0
145.1918480265161,-37.949757800550046,20953,20089,22389,JACKSONS RD S BD BTW TILLBROOK CT & JUSTIN DR,MIDBLOCK,All Moves,JACKSONS RD BTW TILLBROOK CT & JUSTIN DR,5170,JACKSONS ROAD,JACKSONS ROAD,APARX,Classification,Between 5 and 10 Years,7,2009,7600,310,0.04
145.19312645194077,-37.935527865255885,20987,20588,20208,S.E.ARTERIAL OFF RAMP SE BD TO JACKSONS RD,UNDEFINED,Off Ramp,S.E.ARTERIAL OFF RAMP STO JACKSONS RD,7009,5170B 2000F,JACKSONS-MONASH OUT RAMP ON,APARX,Classification,Greater than 10 Years,25,1991,10000,0,0.0
145.69627279686995,-36.06987313195124,20988,20200,23052,KATAMATITE-YARRAWONGA RD W BD 1.2 KM E OF BENALLA-TOCUMWAL RD @ 2.1KM FROM KATA,MIDBLOCK,All Moves,KATAMATITE-YARRAWONGA RD 1.2 KM E OF BENALLA-TOCUMWAL RD @ 2.1KM FROM KATA,5402,KATAMATITE-YARRAWONGA ROAD,KATAMATITE-YARRAWONGA ROAD,APARX,Classification,Between 2 and 5 Years,3,2013,370,70,0.21
145.01789009966,-37.9744215017922,28008,28904,29556,KARRAKATTA ST W BD E OF BLUFF RD,UNDEFINED,All Moves,KARRAKATTA ST E OF BLUFF RD,9999,Missing Data,KARRAKATTA STREET,APARX,Classification,Greater than 10 Years,27,1989,240,0,0.0
144.90872336647783,-38.36807630006468,28033,28916,10738,JETTY RD N of EASTBOURNE RD,INTERSECTION,All Moves,EASTBOURNE RD & JETTY RD,9999,Missing Data,JETTY ROAD,TMVMT,Manual,Greater than 10 Years,0,0,0,0,0.0
144.90948689412525,-37.74780249934093,28049,28426,25628,LINCOLN RD S OF MT ALEXANDER RD,INTERSECTION,All Moves,MT ALEXANDER RD/LINCOLN RD/KEILOR RD/BULLA RD,5589,LINCOLN ROAD,LINCOLN ROAD,SCATS,Scats,Greater than 10 Years,0,0,0,0,0.0
144.8541694517342,-37.718404737385455,28077,28440,26294,KEILOR PARK DRIVE SWBD N OF FULLARTON,INTERSECTION,All Moves,KEILOR PARK DRIVE NN OF FULLARTON,5054,KEILOR PARK DRIVE,KEILOR PARK DRIVE,MOTSV,Manual,Greater than 10 Years,0,0,0,0,0.0
144.84969344413258,-37.724960609377725,28082,28940,4172,KEILOR PARK DR N OF CALDER FWY EAST BND RAMPS DEPARTURE,INTERSECTION,All Moves,KEILOR PARK DR N OF CALDER FWY EAST BND RAMPS DEPARTURE,5054,KEILOR PARK DRIVE,KEILOR PARK DRIVE,TMVMT,Manual,Greater than 10 Years,0,0,0,0,0.0
145.21542928743463,-37.98781859774459,28114,28458,29286,LANGHORNE ST SE OF WALKER ST,INTERSECTION,All Moves,WALKER ST/LANGHORNE ST,9999,Missing Data,LANGHORNE STREET,SCATS,Scats,Greater than 10 Years,0,0,0,0,0.0
145.05530867790944,-37.89842550115719,28118,28460,4184,KOORNANG RD N OF OAKLEIGH RD DEPARTURE,INTERSECTION,All Moves,KOORNANG RD N OF OAKLEIGH RD DEPARTURE,9999,Missing Data,KOORNANG ROAD,TMVMT,Manual,Greater than 10 Years,0,0,0,0,0.0
144.97102993198757,-37.775674399849215,28121,28462,4772,LYGON ST N OF WESTON ST S BD,INTERSECTION,Not representative,LYGON ST NR WESTON ST,9999,Missing Data,LYGON STREET,SCATS,Scats,Greater than 10 Years,0,0,0,0,0.0
145.06538020283472,-37.89715782018255,28127,28465,21600,KANGAROO RD 5M AFTER MURRUMBEENA RD,INTERSECTION,Scheduled PubTpt Bus flow,KANGAROO RD 5M AFTER MURRUMBEENA RD,9999,Missing Data,KANGAROO ROAD,PUBTT,Other,Greater than 10 Years,0,0,0,0,0.0
144.8588233203372,-37.8540652486353,28167,28983,23544,KOROROIT CREEK RD AT TECHNO PARK DR,INTERSECTION,Scheduled PubTpt Bus flow,KOROROIT CREEK RD AT TECHNO PARK DR,5833,KOROROIT CREEK ROAD,KOROROIT CREEK ROAD,PUBTT,Other,Greater than 10 Years,0,0,0,0,0.0
145.03046340045944,-37.983737497592685,28190,28994,29700,LYNETTE AVE W BD E OF HAYDENS RD,UNDEFINED,All Moves,LYNETTE AVE E OF HAYDENS RD,9999,Missing Data,LYNETTE AVENUE,APARX,Classification,Greater than 10 Years,28,1988,70,0,0.0
144.97102993198757,-37.775674399849215,28247,28822,9669,LYGON ST N of BRUNSWICK RD,INTERSECTION,All Moves,BRUNSWICK RD & LYGON ST,9999,Missing Data,LYGON STREET,TMVMT,Manual,Greater than 10 Years,26,1990,16000,0,0.0
144.7871818100321,-37.84470452812679,28255,28826,29575,KOROROIT CREEK RD W BD ON BRIDGE OVER PRINCES FWY,UNDEFINED,All Moves,KOROROIT CREEK RD ON BRIDGE OVER PRINCES FWY,5833,KOROROIT CREEK ROAD,KOROROIT CREEK ROAD,APARX,Classification,Greater than 10 Years,24,1992,10000,0,0.0
145.10413451983146,-37.649684981051,28260,28828,29375,GORGE RD W BD E OF PLENTY RD AT PLENTY RIVER,INTERSECTION,All Moves,GORGE RD E OF PLENTY RD AT PLENTY RIVER,5720,KURRAK ROAD,KURRAK ROAD,APARX,Classification,Greater than 10 Years,22,1994,4900,0,0.0
144.43125208584283,-37.19505670221688,28280,28838,25830,MALMSBURY-ELPHINSTONE RD W BD BTWN CALDER FWY & KYNETON-METCALFE RD,MIDBLOCK,All Moves,MALMSBURY-ELPHINSTONE RD BTWN CALDER FWY & KYNETON-METCALFE RD,9999,Missing Data,KYNETON-METCALFE ROAD,APARX,Classification,Between 2 and 5 Years,3,2013,190,30,0.17
147.5868057131018,-37.702762535253946,28300,28353,27116,LOOKOUT RD SEBD 100M NW OF WY YUNG RD,MIDBLOCK,All Moves,LOOKOUT RD 100M NW OF WY YUNG RD,9999,Missing Data,LOOKOUT ROAD,APARX,Classification,Between 5 and 10 Years,8,2008,120,20,0.16
144.9643667928127,-37.809435881804234,28309,28852,28423,LATROBE ST NE OF SWANSTON ST,INTERSECTION,All Moves,SWANSTON ST/LATROBE ST,9999,Missing Data,LA TROBE STREET,SCATS,Scats,Between 2 and 5 Years,5,2011,13000,0,0.0
144.97189219188266,-37.77039749572371,28320,28363,3943,LYGON ST N OF ALBERT ST,INTERSECTION,All Moves,ALBERT ST & LYGON ST,9999,Missing Data,LYGON STREET,TMVMT,Manual,Greater than 10 Years,0,0,0,0,0.0
145.12021776288435,-38.14948348865641,28354,28874,12800,KARS (EAST) ST 10M AFTER NOLAN ST,INTERSECTION,Scheduled PubTpt Bus flow,KARS (EAST) ST 10M AFTER NOLAN ST,9999,Missing Data,KARS STREET,PUBTT,Other,Greater than 10 Years,0,0,0,0,0.0
145.39045348343632,-37.89194041184536,28374,28390,23529,KALLISTA-EMERALD RD 10M BEFORE THE PATCH RD,INTERSECTION,Scheduled PubTpt Bus flow,KALLISTA-EMERALD RD 10M BEFORE THE PATCH RD,9999,Missing Data,KALLISTA-EMERALD ROAD,PUBTT,Other,Greater than 10 Years,0,0,0,0,0.0
145.21968700482967,-38.000047497315485,28377,28886,28326,KIRKHAM RD E BD W OF FRANKSTON-DANDENONG RD,INTERSECTION,All Moves,KIRKHAM RD W OF FRANKSTON-DANDENONG RD,9999,Missing Data,KIRKHAM ROAD,APARX,Classification,Greater than 10 Years,27,1989,2300,0,0.0
144.86494001644874,-37.7413759432747,28402,28202,29367,LINCOLN DRIVE W BD E OF MILLEARA RD,UNDEFINED,All Moves,LINCOLN DRIVE E OF MILLEARA RD,9999,Missing Data,LINCOLN DRIVE,APARX,Classification,Greater than 10 Years,0,0,0,0,0.0
144.9783867715836,-37.80951269416264,28406,28602,4548,LANSDOWNE ST N OF ALBERT ST,INTERSECTION,All Moves,ALBERT ST/LANSDOWNE ST,5102,LANSDOWNE STREET,LANSDOWNE STREET,SCATS,Scats,Between 2 and 5 Years,5,2011,4500,0,0.0
145.04062024955795,-37.92435259259404,28444,28217,21604,JASPER RD 25M OPP LONDON ST,INTERSECTION,Scheduled PubTpt Bus flow,JASPER RD 25M OPP LONDON ST,5847,JASPER ROAD,JASPER ROAD,PUBTT,Other,Greater than 10 Years,0,0,0,0,0.0
145.3780461659316,-37.88655983419984,28456,28502,15900,KALLISTA-EMERALD RD 5M BEFORE GRANTULLA RD,INTERSECTION,Scheduled PubTpt Bus flow,KALLISTA-EMERALD RD 5M BEFORE GRANTULLA RD,9999,Missing Data,KALLISTA-EMERALD ROAD,PUBTT,Other,Greater than 10 Years,0,0,0,0,0.0
142.78894786465597,-37.09010674102496,28482,28622,1465,LONDON RD N BD BTW WESTERN HWY & MOSSMAN RD,MIDBLOCK,All Moves,LONDON RD BTW WESTERN HWY & MOSSMAN RD,5249,ARARAT-STAWELL ROAD,LONDON ROAD,APARX,Classification,Between 2 and 5 Years,4,2012,650,50,0.08
145.14671161339487,-37.773137456061086,28490,28508,7281,KING ST E OF VICTORIA ST,INTERSECTION,All Moves,KING STREET & VICTORIA STREET,5353,KING STREET,KING STREET,TMVMT,Manual,Greater than 10 Years,18,1998,5400,100,0.02
143.14172781736832,-38.2398192042732,28507,28228,25306,LEURA ST SWBd btwn MANIFOLD ST & CAMPERDOWN-COBDEN RD,MIDBLOCK,All Moves,LEURA ST NBTWN CAMPERDOWN-COBDEN RD & MANIFOLD ST,5029,CAMPERDOWN-COBDEN ROAD,LEURA STREET,APARX,Classification,Between 2 and 5 Years,2,2014,1000,110,0.11
145.0491321810677,-37.919858100022495,28520,28629,25767,CENTRE RD BTW TUCKER RD & JASPER RD,INTERSECTION,All Moves,CENTRE RD BTW TUCKER RD & JASPER RD,9999,Missing Data,JEFFREY STREET,LASPD,Other,Greater than 10 Years,0,0,0,0,0.0
146.67242373816268,-37.81183589067352,28546,28017,2546,LICOLA RD W BD W OF GLENMAGGIE RD @ 15.15 KM FROM HEYFIELD,MIDBLOCK,All Moves,LICOLA RD W OF GLENMAGGIE RD @ 15.15 KM FROM HEYFIELD,5954,LICOLA ROAD,LICOLA ROAD,APARX,Classification,Greater than 10 Years,0,0,0,0,0.0
144.76076315432115,-37.500005190278266,28570,28734,25584,MELBOURNE-LANCEFIELD RD S BD 250M N OF BOLINDA-DARRAWEIT RD,MIDBLOCK,All Moves,MELBOURNE-LANCEFIELD RD 250M N OF BOLINDA-DARRAWEIT RD,5821,MELBOURNE-LANCEFIELD ROAD,LANCEFIELD ROAD,APARX,Classification,Between 5 and 10 Years,8,2008,2500,170,0.07
145.01572581938615,-37.88210389933258,28586,28124,26442,KOOYONG RD N OF ALLISON ST,INTERSECTION,All Moves,KOOYONG RD NR ALLISON ST,9999,Missing Data,KOOYONG ROAD,SCATS,Scats,Greater than 10 Years,0,0,0,0,0.0
144.76031559474737,-37.56121099880404,28593,28641,265,MELBOURNE-LANCEFIELD RD N BD 600M S BALBETHAN RD,MIDBLOCK,All Moves,MELBOURNE-LANCEFIELD RD 600M S BALBETHAN RD,5821,MELBOURNE-LANCEFIELD ROAD,LANCEFIELD ROAD,APARX,Classification,Between 5 and 10 Years,8,2008,2700,180,0.07
144.884046114593,-37.734281471537,28602,28525,28193,KEILOR RD E of NEWMAN ST,INTERSECTION,All Moves,KEILOR RD & NEWMAN ST,8037,5592B 7218F,KEILOR ROAD,TMVMT,Manual,Greater than 10 Years,23,1993,7100,300,0.04
144.94499990026483,-37.82151414767503,28616,28128,27380,COLLINS ST NE OF MERCHANT LN,INTERSECTION,All Moves,COLLINS ST/MERCHANT LN,9999,Missing Data,IMPORT LANE,SCATS,Scats,Greater than 10 Years,0,0,0,0,0.0
142.32597786853952,-38.3231952995196,28627,28030,25033,KOROIT-PORT FAIRY RD SWBd btwn LAKE VIEW RD & PRINCES HWY WEST,MIDBLOCK,All Moves,KOROIT-PORT FAIRY RD NBTWN PRINCES HWY WEST & LAKE VIEW RD,5121,KOROIT-PORT FAIRY ROAD,KOROIT-PORT FAIRY ROAD,APARX,Classification,Between 2 and 5 Years,3,2013,460,40,0.09
145.89825088939153,-38.312505103062605,28645,28033,25038,KORUMBURRA-WARRAGUL RD S Bd S OF WILD DOG RD AFTER SPEED ADVISORY SIGN,MIDBLOCK,All Moves,KORUMBURRA-WARRAGUL RD S OF WILD DOG RD AFTER SPEED ADVISORY SIGN,5682,KORUMBURRA-WARRAGUL ROAD,KORUMBURRA-WARRAGUL ROAD,APARX,Classification,Greater than 10 Years,0,0,0,0,0.0
145.3439770131739,-38.03300512021232,28647,28649,26390,LANGMORE LA E OF CLYDE RD DEPARTURE,INTERSECTION,All Moves,CLYDE RD N OF LANGMORE LA DEPARTURE TURNS ONLY,9999,Missing Data,LANGMORE LANE,TMVMT,Manual,Greater than 10 Years,0,0,0,0,0.0
145.4884890783607,-38.092923031814045,28657,28749,27243,PRINCES FWY E BD ON RAMP E OF KOO WEE RUP RD,INTERSECTION,On Ramp,KOO WEE RUP RD & PRINCES FWY EBD RAMPS,7585,5770B 2510R,KOO WEE RUP-PRINCES IN RAMP ON,TMVMT,Manual,Greater than 10 Years,0,0,0,0,0.0
145.05476817940715,-37.90130219818898,28688,28656,10894,KOORNANG RD AT LEILA ST,INTERSECTION,Scheduled PubTpt Bus flow,KOORNANG RD AT LEILA ST,9999,Missing Data,KOORNANG ROAD,PUBTT,Other,Greater than 10 Years,0,0,0,0,0.0
144.98606901461707,-37.806593516529865,28692,28755,28784,WELLINGTON ST N OF NAPOLEON ST,INTERSECTION,All Moves,WELLINGTON ST NR NAPOLEON ST,9999,Missing Data,LANGRIDGE STREET,SCATS,Scats,Greater than 10 Years,0,0,0,0,0.0
144.99298129488915,-37.79984481948038,28711,28263,28288,HODDLE ST N OF STANTON ST S BD,INTERSECTION,All Moves,HODDLE ST NR STANTON ST (S BD),5853,JOHNSTON STREET,JOHNSTON STREET,SCATS,Scats,Between 2 and 5 Years,3,2013,45000,0,0.0
145.1918480265161,-37.949757800550046,28729,28148,58305,ELONERA RD S BD BTW COOLAVIN ST & TITCHER RD,MIDBLOCK,All Moves,ELONERA RD BTW COOLAVIN ST & TITCHER RD,5170,JACKSONS ROAD,JACKSONS ROAD,APARX,Classification,Between 5 and 10 Years,9,2007,10000,630,0.06
145.05756201631695,-37.88659530177022,28749,28269,5462,KOORNANG RD N BD BTW EGAN ST & ROSSTOWN RD,MIDBLOCK,All Moves,KOORNANG RD BTW EGAN ST & ROSSTOWN RD,9999,Missing Data,KOORNANG ROAD,APARX,Classification,Between 2 and 5 Years,5,2011,7700,260,0.03
143.73208824498687,-37.04516927116124,28759,28667,6916,INKERMAN ST NWBD BTW GOLDSMITH ST & BARKLY ST,MIDBLOCK,All Moves,INKERMAN ST BTW GOLDSMITH ST & BARKLY ST,9999,Missing Data,INKERMAN STREET,APARX,Classification,Between 5 and 10 Years,6,2010,1300,60,0.05
144.8984133951407,-37.80222310256386,28764,28668,30000,IRVING ST S OF NICHOLSON ST,INTERSECTION,All Moves,NICHOLSON ST/IRVING ST,9999,Missing Data,IRVING STREET,SCATS,Scats,Greater than 10 Years,0,0,0,0,0.0
144.77905575062215,-37.71322388475234,28768,28555,29622,KINGS RD S OF GOLDSMITH AVE,INTERSECTION,All Moves,KINGS RD/ GOLDSMITH AVE/ MCNICHOLL WAY,5009,KINGS ROAD,KINGS ROAD,SCATS,Scats,Greater than 10 Years,0,0,0,0,0.0
144.97102993198757,-37.775674399849215,28794,28559,28086,LYGON ST N OF WESTON ST N BD,INTERSECTION,All Moves,LYGON ST NR WESTON ST,9999,Missing Data,LYGON STREET,SCATS,Scats,Greater than 10 Years,0,0,0,0,0.0
144.85370354009606,-37.85261991357231,28805,28278,13349,KOROROIT CREEK RD AT GANTON CT,INTERSECTION,Scheduled PubTpt Bus flow,KOROROIT CREEK RD AT GANTON CT,5833,KOROROIT CREEK ROAD,KOROROIT CREEK ROAD,PUBTT,Other,Greater than 10 Years,0,0,0,0,0.0
144.96972560475325,-37.80787179185116,28821,28163,9834,LATROBE ST NE BD SW OF VICTORIA ST,INTERSECTION,All Moves,LATROBE ST NSW OF VICTORIA ST,9999,Missing Data,LA TROBE STREET,MOTSV,Manual,Between 2 and 5 Years,5,2011,7100,240,0.03
145.28961963773915,-37.76309800183752,28865,28686,15896,LYONS (WEST) RD 15M BEFORE HOLLOWAY RD,INTERSECTION,Scheduled PubTpt Bus flow,LYONS (WEST) RD 15M BEFORE HOLLOWAY RD,9999,Missing Data,LYONS ROAD,PUBTT,Other,Greater than 10 Years,0,0,0,0,0.0
145.067248789943,-37.765254698541845,28874,28572,6046,LOWER HEIDELBERG RD S BD S OF BANKSIA ST,INTERSECTION,All Moves,LOWER HEIDELBERG RD S OF BANKSIA ST,5762,MAIN HEIDELBERG-ELTHAM ROAD,LOWER HEIDELBERG ROAD,MOTSV,Manual,Between 2 and 5 Years,5,2011,19000,590,0.03
145.2257129515452,-38.016500792611325,28888,28292,29714,KITCHEN RD S BD S OF GREENS RD,UNDEFINED,All Moves,KITCHEN RD S OF GREENS RD,9999,Missing Data,KITCHEN ROAD,APARX,Classification,Greater than 10 Years,24,1992,4900,0,0.0
144.8541694517342,-37.718404737385455,28897,28576,28934,KEILOR PARK DR SW OF THOMSONS RD,INTERSECTION,All Moves,KEILOR PARK DR / THOMSONS RD,5054,KEILOR PARK DRIVE,KEILOR PARK DRIVE,SCATS,Scats,Between 2 and 5 Years,3,2013,19000,0,0.0
144.98298239438867,-37.288663881183595,28908,28177,6939,KILMORE EAST RD E BD BTW NORTHERN HWY & OGRADYS RD,MIDBLOCK,All Moves,KILMORE EAST RD BTW NORTHERN HWY & OGRADYS RD,9999,Missing Data,KILMORE EAST ROAD,APARX,Classification,Between 2 and 5 Years,5,2011,1000,80,0.08
144.88714689449756,-37.73525799803612,28911,28578,7243,KEILOR RD SEBD NW OF MATTHEWS AV,INTERSECTION,All Moves,KEILOR RD SNW OF MATTHEWS AV,5592,KEILOR ROAD,KEILOR ROAD,MOTSV,Manual,Between 2 and 5 Years,5,2011,8900,290,0.03
145.00123220520027,-37.80065078220963,28923,28078,29836,CAR PARK ACCESS N OF JOHNSTON ST,INTERSECTION,All Moves,JOHNSTON ST/PATTERSON ST/CAR PARK ACCESS,5853,JOHNSTON STREET,JOHNSTON STREET,SCATS,Scats,Between 2 and 5 Years,3,2013,490,0,0.0
145.27667573953218,-37.78974659464233,28928,28299,13581,KENT AV 20M BEFORE SOMERSET CRES,INTERSECTION,Scheduled PubTpt Bus flow,KENT AV 20M BEFORE SOMERSET CRES,9999,Missing Data,KENT AVENUE,PUBTT,Other,Greater than 10 Years,0,0,0,0,0.0
145.28909350478736,-37.76727970104122,28950,28700,13582,LYONS RD AT TURKEITH CRES,INTERSECTION,Scheduled PubTpt Bus flow,LYONS RD AT TURKEITH CRES,9999,Missing Data,LYONS ROAD,PUBTT,Other,Greater than 10 Years,0,0,0,0,0.0
145.1170508870443,-38.15684469635401,28984,28596,16116,KARS ST 50M AFTER LIDDESDALE AVE,INTERSECTION,Scheduled PubTpt Bus flow,KARS ST 50M AFTER LIDDESDALE AVE,9999,Missing Data,KARS STREET,PUBTT,Other,Greater than 10 Years,0,0,0,0,0.0
145.28087982823106,-37.7942064790906,28996,28600,21641,KENT AV 10M BEFORE WICKLOW AVE,INTERSECTION,Scheduled PubTpt Bus flow,KENT AV 10M BEFORE WICKLOW AVE,9999,Missing Data,KENT AVENUE,PUBTT,Other,Greater than 10 Years,0,0,0,0,0.0
144.96796556212558,-37.83363333739143,26007,26203,26929,KINGS WAY SE of PARK ST,INTERSECTION,Exitfrom Carpark Busin Area,KINGS WAY & PARK ST,2510,PRINCES HIGHWAY EAST,KINGS WAY,TMVMT,Manual,Greater than 10 Years,30,1986,37000,3100,0.09
144.937439107933,-37.8257674934458,26020,26611,52313,WGF/MONTAGUE WEST OUTBOUND ONRAMP FROM MONTAGUE ST (>=2005),INTERSECTION,On Ramp,SVO_Map_LTD:777||SITE DESC: WGF/MONTAGUE WEST OUTBOUND ONRAMP FROM MONTAGUE ST (>=2005),9999,Missing Data,INGLES STREET,INDET,Freeway Data Station,Greater than 10 Years,0,0,0,0,0.0
145.108906502423,-37.98657269627045,26027,26213,25493,LOWER DANDENONG RD E of BOUNDARY RD,INTERSECTION,All Moves,BOUNDARY RD & LWR DANDENONG RD,2050,STATE (LOWER DANDENONG/CHELTENHAM) HIGHWAY,LOWER DANDENONG ROAD,TMVMT,Manual,Greater than 10 Years,0,0,0,0,0.0
145.5734981007714,-38.180167298282875,26041,26622,55993,KOO-WEE-RUP-LONGWARRY RD E BD 100M E OF TYNONG-BAYLES RD (BTW 2 TIMBER BRIDGES),MIDBLOCK,All Moves,KOO-WEE-RUP-LONGWARRY RD 100M E OF TYNONG-BAYLES RD (BTW 2 TIMBER BRIDGES),5709,KOO-WEE-RUP-LONGWARRY ROAD,KOO WEE RUP-LONGWARRY ROAD,APARX,Classification,Greater than 10 Years,15,2001,1000,120,0.12
145.06726821526104,-37.8973888322773,26072,26235,23481,KANGAROO RD 20M BEFORE SECOND AVE,INTERSECTION,Scheduled PubTpt Bus flow,KANGAROO RD 20M BEFORE SECOND AVE,9999,Missing Data,KANGAROO ROAD,PUBTT,Other,Greater than 10 Years,0,0,0,0,0.0
144.9706210649313,-37.77873220240173,26085,26644,54625,LYGON_ST N OF PARK_ST,INTERSECTION,All Moves,LYGON ST NR PARK ST,9999,Missing Data,LYGON STREET,SCATS,Scats,Between 5 and 10 Years,7,2009,14000,0,0.0
144.9686196199656,-37.83395121967876,26098,26248,27678,KINGS WAY S BD S OF BANK ST,UNDEFINED,All Moves,KINGS WAY S OF BANK ST,2510,PRINCES HIGHWAY EAST,KINGS WAY,APARX,Classification,Greater than 10 Years,29,1987,36000,0,0.0
145.76614383147736,-38.476396505903445,26113,26256,1330,KORUMBURRA-WONTHAGGI RD NEBD 400M N OF KORUMBURRA-INVERLOCH RD,MIDBLOCK,All Moves,KORUMBURRA-WONTHAGGI RD N OF KORUMBURRA-INVERLOCH RD,5698,KORUMBURRA-WONTHAGGI ROAD,KORUMBURRA-WONTHAGGI ROAD,APARX,Classification,Between 2 and 5 Years,3,2013,800,70,0.09
145.14367920778145,-38.119431032466096,26114,26658,52741,KLAUER ST W OF FRANKSTON-DANDENONG RD,INTERSECTION,All Moves,FRANKSTON-DANDENONG RD/KLAUER ST,5159,KLAUER ROAD,KLAUER STREET,SCATS,Scats,Greater than 10 Years,0,0,0,0,0.0
144.84984058839817,-37.73642440244446,26184,26694,49214,KEILOR PARK DR NWBD NW of WESTERN RING RD,INTERSECTION,All Moves,SLATER PDE N OF WESTERN RING RD,5054,KEILOR PARK DRIVE,KEILOR PARK DRIVE,TMVMT,Manual,Greater than 10 Years,21,1995,22000,1900,0.09
145.16565811242228,-37.980130743777885,26246,26501,48975,KINGSCLERE AV E OF CORRIGAN RD,INTERSECTION,All Moves,CORRIGAN RD/KINGSCLERE AVE,9999,Missing Data,KINGSCLERE AVENUE,SCATS,Scats,Greater than 10 Years,13,2003,4500,0,0.0
145.27986563247998,-37.79330767136916,26267,26137,10888,KENT AVNWBD BTWN CROYDON RD & WHITEHORSE RD,INTERSECTION,Scheduled PubTpt Bus flow,KENT AVBTWN CROYDON RD & WHITEHORSE RD,9999,Missing Data,KENT AVENUE,PUBTT,Other,Greater than 10 Years,0,0,0,0,0.0
145.40679722269692,-36.07548345156278,26271,26028,56420,KATAMATITE-NATHALIA RD W BD 100M E OF LYONS RD @ 1.7KM FROM GOULBURN VALLEY HIG,MIDBLOCK,All Moves,KATAMATITE-NATHALIA RD 100M E OF LYONS RD @ 1.7KM FROM GOULBURN VALLEY HIG,5401,KATAMATITE-NATHALIA ROAD,KATAMATITE-NATHALIA ROAD,APARX,Classification,Between 2 and 5 Years,3,2013,480,60,0.14
145.00541831549648,-37.93477952908112,26280,26144,28319,LITTLEWOOD ST E BD E OF HAMPTON ST,UNDEFINED,All Moves,LITTLEWOOD ST E OF HAMPTON ST,9999,Missing Data,LITTLEWOOD STREET,APARX,Classification,Greater than 10 Years,27,1989,370,0,0.0
145.76614383147736,-38.476396505903445,26315,26049,1781,KORUMBURRA-WONTHAGGI RD NEBD BTW BENA-KONGWAK RD & KORUMBURRA-INVERLOCH RD,MIDBLOCK,All Moves,KORUMBURRA-WONTHAGGI RD BTW BENA-KONGWAK RD & KORUMBURRA-INVERLOCH RD,5698,KORUMBURRA-WONTHAGGI ROAD,KORUMBURRA-WONTHAGGI ROAD,APARX,Classification,Between 2 and 5 Years,3,2013,330,40,0.14
144.86494001644874,-37.7413759432747,26324,26165,28336,LINCOLN DRIVE E BD E OF MILLEARA RD,UNDEFINED,All Moves,LINCOLN DRIVE E OF MILLEARA RD,9999,Missing Data,LINCOLN DRIVE,APARX,Classification,Greater than 10 Years,0,0,0,0,0.0
145.9986110730325,-37.89050169913112,26341,26506,54698,LOCH VALLEY RD S BD 100M N OF LATROBE RIVER BRIDGE,MIDBLOCK,All Moves,LOCH VALLEY RD 100M N OF LATROBE RIVER BRIDGE,3002,LOCH VALLEY ROAD,LOCH VALLEY ROAD,APARX,Classification,Greater than 10 Years,15,2001,70,20,0.38
144.35122579932144,-38.15476109832503,26369,26067,54929,LATROBE_TCE S OF KILGOUR_ST,INTERSECTION,All Moves,LATROBE TER/KILGOUR ST/NOBLE ST,2800,CORIO-WAURN PONDS ROAD,LATROBE TERRACE,SCATS,Scats,Between 2 and 5 Years,3,2013,16000,0,0.0
145.26901491186473,-37.97949091110062,26370,26907,52263,JOHN FAWKNER_DR S OF HEATHERTON_RD,INTERSECTION,Left Missing,HEATHERTON RD/HANNA DR/JOHN FAWKNER DR,9999,Missing Data,JOHN FAWKNER DRIVE,SCATS,Scats,Greater than 10 Years,13,2003,1800,0,0.0
145.07713283639836,-37.73595092483778,26374,26068,16259,LOWER PLENTY RD 10M BEFORE CANTALA AVE,INTERSECTION,Scheduled PubTpt Bus flow,LOWER PLENTY RD 10M BEFORE CANTALA AVE,2850,GREENSBOROUGH HIGHWAY,LOWER PLENTY ROAD,PUBTT,Other,Greater than 10 Years,0,0,0,0,0.0
144.7808036378105,-37.698767112538285,26402,26518,24024,KINGS RD N BD BTW MELTON HWY & SYDENHAM RD BRIDGE,INTERSECTION,All Moves,KINGS RD BTW MELTON HWY & SYDENHAM RD BRIDGE,5009,KINGS ROAD,KINGS ROAD,APARX,Classification,Greater than 10 Years,15,2001,9700,0,0.0
145.14660975031396,-38.38877858805834,26414,26076,21270,LORD SOMERS RD 10M BEFORE LINDELL AVE,INTERSECTION,Scheduled PubTpt Bus flow,LORD SOMERS RD 10M BEFORE LINDELL AVE,9999,Missing Data,LORD SOMERS ROAD,PUBTT,Other,Greater than 10 Years,0,0,0,0,0.0
145.7035311527634,-38.518403891687576,26439,26525,22794,KORUMBURRA-WONTHAGGI RD NEBD 200M NORTH-EAST OF BENA-KONGWAK RD @ 15.8KM FROM KO,MIDBLOCK,All Moves,KORUMBURRA-WONTHAGGI RD N200M NORTH-EAST OF BENA-KONGWAK RD @ 15.8KM FROM KO,5698,KORUMBURRA-WONTHAGGI ROAD,KORUMBURRA-WONTHAGGI ROAD,APARX,Classification,Greater than 10 Years,18,1998,360,30,0.1
145.07321946793607,-37.73819576114755,26475,26532,50361,LOWER PLENTY RD SWBD SW of ROSANNA RD,INTERSECTION,All Moves,LOWER PLENTY RD NNE OF ROSANNA RD,5743,LOWER PLENTY ROAD,LOWER PLENTY ROAD,TMVMT,Manual,Greater than 10 Years,0,0,0,0,0.0
145.18799985343216,-37.912738053968795,26481,26092,1534,JELLS RD N OF GRANDVIEW RD,INTERSECTION,All Moves,JELLS RD/GRANDVIEW RD,5308,JELLS ROAD,JELLS ROAD,SCATS,Scats,Between 2 and 5 Years,5,2011,10000,0,0.0
145.40191030726433,-36.37420444387827,26487,26094,27810,KNIGHT ST E of WYNDHAM ST,INTERSECTION,All Moves,KNIGHT ST & WYNDHAM ST,9999,Missing Data,KNIGHT STREET,TMVMT,Manual,Greater than 10 Years,20,1996,3200,90,0.03
144.9628201334256,-37.82852707899751,26488,26535,52606,WGF AT WRR ON RAMP INBOUND,INTERSECTION,All Moves,SVO_Map_LTD:220||SITE DESC: WRR/CALDER FWY SOUTH,2510,PRINCES HIGHWAY EAST,KINGS WAY,INDET,Freeway Data Station,Greater than 10 Years,18,1998,47000,0,0.0
144.95389239083823,-37.812404299103946,26506,26099,57350,KING ST NW OF LA TROBE ST,INTERSECTION,All Moves,KING ST/LA TROBE ST,5041,KING STREET,KING STREET,SCATS,Scats,Between 5 and 10 Years,8,2008,17000,0,0.0
144.78107508978115,-37.69794599689781,26536,26445,52748,KINGS RD S OF MELTON HWY,INTERSECTION,Left Missing,MELTON HWY/KINGS RD,5009,KINGS ROAD,KINGS ROAD,SCATS,Scats,Between 5 and 10 Years,10,2006,5700,0,0.0
145.22474165961563,-38.00022793336518,26537,26944,51916,PRINCES HWY SE OF PLUNKETT RD,INTERSECTION,All Moves,PRINCES HWY/PLUNKETT RD,2510,PRINCES HIGHWAY EAST,LONSDALE STREET,SCATS,Scats,Greater than 10 Years,0,0,0,0,0.0
145.10969452854715,-38.15413718693371,26546,26947,50868,NEPEAN HWY NE OF FRANKSTON PIER ACCESS RD,INTERSECTION,All Moves,NEPEAN HWY/FRANKSTON PIER ACCESS,9999,Missing Data,LIDDESDALE AVENUE,SCATS,Scats,Greater than 10 Years,0,0,0,0,0.0
144.92674130565712,-37.82098051262058,26555,26950,23874,LORIMER STREET W Bd btwn SALMON STREET AND INGLES STREET,INTERSECTION,All Moves,SITE_NO: 48||SITE DESC: LORIMER STREET BTWN SALMON STREET AND INGLES STREET,5597,LORIMER STREET,LORIMER STREET,MOTSV,Manual,Greater than 10 Years,0,0,0,0,0.0
145.23561353394888,-37.643832302590155,26570,26955,24722,KANGAROO GROUND ST ANDREWS RD S BD S OF CHURCH RD,MIDBLOCK,All Moves,KANGAROO GROUND ST ANDREWS RD S OF CHURCH RD,5436,KANGAROO GROUND-ST ANDREWS ROAD,KANGAROO GROUND-ST ANDREWS ROAD,APARX,Classification,Between 2 and 5 Years,5,2011,2000,130,0.06
145.05329399535293,-37.895575393163845,26571,26560,24425,LYONS ST W BD BTW MOIRA AV & KOORNANG RD,MIDBLOCK,All Moves,LYONS ST BTW MOIRA AV & KOORNANG RD,9999,Missing Data,LYONS STREET,APARX,Classification,Between 2 and 5 Years,5,2011,330,10,0.05
144.7600993388807,-37.58998130175716,26584,26959,24776,MELBOURNE-LANCEFIELD RD S BD BTW GELLIES RD & SUNBURY RD,MIDBLOCK,All Moves,MELBOURNE-LANCEFIELD RD BTW GELLIES RD & SUNBURY RD,5821,MELBOURNE-LANCEFIELD ROAD,LANCEFIELD ROAD,APARX,Classification,Greater than 10 Years,0,0,0,0,0.0
144.35305184357205,-38.14514780513642,26585,26462,52707,LATROBE_TCE S OF GORDON_AV,INTERSECTION,All Moves,LATROBE TER/GORDON AVE/CARPARK ACCESS,2800,CORIO-WAURN PONDS ROAD,LATROBE TERRACE,SCATS,Scats,Between 5 and 10 Years,6,2010,18000,0,0.0
145.27145737174988,-38.08224719713193,26618,26970,24850,LESDON AV S OF THOMPSONS RD DEPARTURE,INTERSECTION,All Moves,THOMPSONS RD E OF LESDON AV DEPARTURE,9999,Missing Data,LESDON AVENUE,TMVMT,Manual,Greater than 10 Years,0,0,0,0,0.0
144.99263330854654,-37.79981006469727,26627,26577,53821,JOHNSTON ST W OF HODDLE ST,INTERSECTION,Not representative,HODDLE ST/JOHNSTON ST,5853,JOHNSTON STREET,JOHNSTON STREET,SCATS,Scats,Between 2 and 5 Years,4,2012,9600,0,0.0
145.05779103602163,-37.885358096774965,26640,26478,50917,KOORNANG RD S of DANDENONG RD,INTERSECTION,All Moves,DANDENONG RD & DARLING RD & KOORNANG RD,9999,Missing Data,KOORNANG ROAD,TMVMT,Manual,Greater than 10 Years,31,1985,4300,0,0.0
144.9087439183375,-38.368355395996495,26717,26302,28604,JETTY RD N BD N OF EASTBOURNE RD,UNDEFINED,All Moves,JETTY RD N OF EASTBOURNE RD,9999,Missing Data,JETTY ROAD,APARX,Classification,Greater than 10 Years,25,1991,4200,0,0.0
144.97327304642772,-37.83636611518602,26725,26305,27084,KINGS WAY EA of QUEENS RD,INTERSECTION,All Moves,KINGS WAY & QUEENS RD,5871,KINGS WAY,KINGS WAY,TMVMT,Manual,Greater than 10 Years,30,1986,14000,400,0.03
145.18635985841473,-37.92151788900511,26760,26316,966,JELLS RD NE OF WELLINGTON RD,INTERSECTION,All Moves,WELLINGTON RD/JELLS RD/SIR KENNETH LUKE BLVD,5308,JELLS ROAD,JELLS ROAD,SCATS,Scats,Less than 2 Years,1,2015,8900,0,0.0
144.9476055731491,-37.83453160673087,26764,26318,26462,INGLES ST SE of CROCKFORD ST,INTERSECTION,All Moves,CROCKFORD ST & INGLES ST,9999,Missing Data,INGLES STREET,TMVMT,Manual,Greater than 10 Years,29,1987,7600,0,0.0
143.3156491322582,-37.95824370124336,26810,26835,22901,LISMORE-SKIPTON RD N BD 900M S OF HAMILTON HWY @ 38.1KM FROM CAMPERDOWN,MIDBLOCK,All Moves,LISMORE-SKIPTON RD 900M S OF HAMILTON HWY @ 38.1KM FROM CAMPERDOWN,5962,LISMORE-SKIPTON ROAD,LISMORE-SKIPTON ROAD,APARX,Classification,Between 2 and 5 Years,2,2014,60,20,0.35
145.28871232085825,-37.76958049549465,26818,26336,23474,LYONS RD 10M BEFORE EXETER RD,INTERSECTION,Scheduled PubTpt Bus flow,LYONS RD 10M BEFORE EXETER RD,9999,Missing Data,LYONS ROAD,PUBTT,Other,Greater than 10 Years,0,0,0,0,0.0
144.88054890124468,-37.85699557260861,26835,26843,49990,KOROROIT CREEK RD W OF ADELINE ST,INTERSECTION,All Moves,KOROROIT CREEK NR ADELINE ST,5833,KOROROIT CREEK ROAD,KOROROIT CREEK ROAD,SCATS,Scats,Greater than 10 Years,0,0,0,0,0.0
145.26708325910442,-37.91332883435294,26842,26846,11245,KELLETTS RD 50M BEFORE JACOB DR,INTERSECTION,Scheduled PubTpt Bus flow,KELLETTS RD 50M BEFORE JACOB DR,5428,KELLETTS ROAD,KELLETTS ROAD,PUBTT,Other,Greater than 10 Years,0,0,0,0,0.0
144.64431148868687,-36.29928910007864,26867,26762,55923,PRAIRIE-ROCHESTER RD E BD 120M W OF WATERMANS LANE (BALLENDELLA) @ 3.,MIDBLOCK,All Moves,PRAIRIE-ROCHESTER RD 120M W OF WATERMANS LANE (BALLENDELLA) @ 3.,9999,Missing Data,LOWE ROAD,APARX,Classification,Between 2 and 5 Years,3,2013,200,30,0.18
144.9544836757827,-37.81341574959418,26898,26864,25538,LT LONSDALE ST E of KING ST,INTERSECTION,Incomplete Through,KING ST & LT LONSDALE ST,9999,Missing Data,LITTLE LONSDALE STREET,TMVMT,Manual,Greater than 10 Years,0,0,0,0,0.0
145.05829796778175,-37.746726597591966,26911,26367,25487,LOWER PLENTY RD NE OF WAIORA RD,INTERSECTION,All Moves,LOWER PLENTY RD/UPPER HEIDELBERG RD/WAIORA RD/ALTONA ST,5743,LOWER PLENTY ROAD,LOWER PLENTY ROAD,SCATS,Scats,Greater than 10 Years,18,1998,10000,0,0.0
144.95508348230283,-37.81435233548249,26914,26368,27920,LONSDALE ST NE OF KING ST,INTERSECTION,All Moves,KING ST/LONSDALE ST,9999,Missing Data,LONSDALE STREET,SCATS,Scats,Greater than 10 Years,16,2000,11000,0,0.0
144.91083239904327,-37.706931511432224,26917,26369,28578,LYTTON ST E BD W OF CHAPMAN AVE,UNDEFINED,All Moves,LYTTON ST W OF CHAPMAN AVE,9999,Missing Data,LYTTON STREET,APARX,Classification,Greater than 10 Years,28,1988,550,0,0.0
144.81693510908136,-37.81636730168498,26923,26371,25942,LITTLE BOUNDARY RD SE of FAIRBAIRN RD,INTERSECTION,All Moves,BOUNDARY RD & FAIRBAIRN RD,5448,LITTLE BOUNDARY ROAD,LITTLE BOUNDARY ROAD,TMVMT,Manual,Greater than 10 Years,25,1991,13000,1400,0.11
143.3615110726881,-37.69055556279208,26930,26875,23943,LISMORE-SKIPTON ROAD SOUTH BD SOUTH OF SKIPTON,MIDBLOCK,All Moves,LISMORE-SKIPTON ROAD NORTH BD SOUTH OF SKIPTON,5962,LISMORE-SKIPTON ROAD,LISMORE ROAD,APARX,Classification,Greater than 10 Years,0,0,0,0,0.0
143.536635336714,-38.78252185856878,26952,26790,23175,OTWAY LIGHTHOUSE ROAD SOUTH BD PAST CATTLE GRID,MIDBLOCK,All Moves,OTWAY LIGHTHOUSE ROAD NORTH BD PAST CATTLE GRID,4901,OTWAY LIGHTHOUSE ROAD,LIGHTHOUSE ROAD,APARX,Classification,Greater than 10 Years,0,0,0,0,0.0
145.19971539847748,-37.67477719624987,26967,26795,49903,KANGAROO GROUND-WATTLE GLEN RD SEBD SE OF LORIMER RD,MIDBLOCK,All Moves,KANGAROO GROUND-WATTLE GLEN RD SE OF LORIMER RD,5435,KANGAROO GROUND-WATTLE GLEN ROAD,KANGAROO GROUND-WATTLE GLEN ROAD,APARX,Classification,Greater than 10 Years,0,0,0,0,0.0
145.0735382450189,-37.73801224197428,26991,26395,12244,LOWER PLENTY RD NEBD BTWN UPPER HEIDELBERG RD & ROSANNA RD,INTERSECTION,Scheduled PubTpt Bus flow,LOWER PLENTY RD NBTWN UPPER HEIDELBERG RD & ROSANNA RD,5743,LOWER PLENTY ROAD,LOWER PLENTY ROAD,PUBTT,Other,Greater than 10 Years,0,0,0,0,0.0
145.12838660443805,-37.988963889471165,31022,31711,7925,LOWER DANDENONG RD W BD BTWN CENTRE DANDENONG RD & HOWARD RD,INTERSECTION,Scheduled PubTpt Bus flow,LOWER DANDENONG RD BTWN CENTRE DANDENONG RD & HOWARD RD,2050,STATE (LOWER DANDENONG/CHELTENHAM) HIGHWAY,LOWER DANDENONG ROAD,PUBTT,Other,Greater than 10 Years,0,0,0,0,0.0
145.15344955891868,-37.9498771538502,31026,31712,9241,LIGHTWOOD RD 50M BEFORE SPRINGVALE RD,INTERSECTION,Scheduled PubTpt Bus flow,LIGHTWOOD RD 50M BEFORE SPRINGVALE RD,9999,Missing Data,LIGHTWOOD ROAD,PUBTT,Other,Greater than 10 Years,0,0,0,0,0.0
145.16936210283805,-37.984100597997774,31055,31316,7165,KINGSCLERE AV 30M BEFORE ALLAWAH CL,INTERSECTION,Scheduled PubTpt Bus flow,KINGSCLERE AV 30M BEFORE ALLAWAH CL,9999,Missing Data,KINGSCLERE AVENUE,PUBTT,Other,Greater than 10 Years,0,0,0,0,0.0
145.05957155226892,-37.74599375005581,31058,31512,7327,LOWER PLENTY RD 50M BEFORE ST JAMES RD,INTERSECTION,Scheduled PubTpt Bus flow,LOWER PLENTY RD 50M BEFORE ST JAMES RD,5743,LOWER PLENTY ROAD,LOWER PLENTY ROAD,PUBTT,Other,Greater than 10 Years,0,0,0,0,0.0
145.3028856022037,-37.924080199216206,31074,31321,28630,LYSTERFIELD RD N BD N OF WELLINGTON RD,INTERSECTION,All Moves,LYSTERFIELD RD N OF WELLINGTON RD,5782,LYSTERFIELD ROAD,LYSTERFIELD ROAD,APARX,Classification,Greater than 10 Years,16,2000,5000,0,0.0
143.93571849595355,-35.777622800938474,31117,31736,29951,LODDON VALLEY HWY N BD 600M S OF OLD ECHUCA RD @124.0KM FROM BENDIGO,MIDBLOCK,All Moves,LODDON VALLEY HWY 600M S OF OLD ECHUCA RD @124.0KM FROM BENDIGO,2630,LODDON VALLEY HIGHWAY,LODDON VALLEY HIGHWAY,APARX,Classification,Greater than 10 Years,18,1998,590,120,0.21
145.2143272457753,-37.98746869643915,31136,31336,28755,LONSDALE ST S BD S OF PRINCES HWY,INTERSECTION,All Moves,CLOW ST E OF PRINCES HWY,2510,PRINCES HIGHWAY EAST,LONSDALE STREET,TMVMT,Manual,Greater than 10 Years,0,0,0,0,0.0
145.2163031667185,-37.99312082105658,31137,31532,6459,PRINCES HWY SE OF WEBSTER ST,INTERSECTION,All Moves,PRINCES HWY & WEBSTER ST,2510,PRINCES HIGHWAY EAST,LONSDALE STREET,TMVMT,Manual,Greater than 10 Years,19,1997,37000,0,0.0
144.07383268823847,-36.987987806465455,31138,31741,30712,ALLENS RD E BD 80M E OF POLSUE ST,MIDBLOCK,All Moves,ALLENS RD 80M E OF POLSUE ST,5202,BENDIGO-MALDON ROAD,LOWTHER STREET,APARX,Classification,Between 2 and 5 Years,2,2014,0,0,0.0
144.0711237166163,-36.9866161614782,31139,31337,28717,BENDIGO-MALDON RD NEBD 300M NE OF REEF ST,MIDBLOCK,All Moves,BENDIGO-MALDON RD N300M NE OF REEF ST,5202,BENDIGO-MALDON ROAD,LOWTHER STREET,APARX,Classification,Greater than 10 Years,17,1999,600,30,0.06
144.57375072773843,-37.45327468103979,31167,31540,30703,LAWSON RD NE BD 1.9KM SE OF FORBES RD,MIDBLOCK,All Moves,LAWSON RD N1.9KM SE OF FORBES RD,9999,Missing Data,LAWSON ROAD,APARX,Classification,Greater than 10 Years,16,2000,50,0,0.04
144.22263012559733,-36.709096688198414,31168,31344,5691,LODDON VALLEY HWY SE OF ALLIES RD,INTERSECTION,All Moves,LODDON VALLEY HWY SE OF ALLIES RD,2630,LODDON VALLEY HIGHWAY,LODDON VALLEY HIGHWAY,TMVMT,Manual,Greater than 10 Years,16,2000,1500,100,0.07
145.10975540501644,-37.811874609675456,31210,31048,56652,KENMARE ST W BD BTW ELGAR RD & MALVERN RD,MIDBLOCK,All Moves,KENMARE ST BTW ELGAR RD & MALVERN RD,9999,Missing Data,KENMARE STREET,APARX,Classification,Greater than 10 Years,12,2004,410,0,0.01
144.99994220179903,-37.80052436790216,31288,31778,6380,JOHNSTON ST AT TRENERRY CRES,INTERSECTION,Scheduled PubTpt Bus flow,JOHNSTON ST AT TRENERRY CRES,5853,JOHNSTON STREET,JOHNSTON STREET,PUBTT,Other,Greater than 10 Years,0,0,0,0,0.0
145.1670124350368,-37.981022683512634,31291,31373,11011,KINGSCLERE AV 35M BEFORE YAGOONA AVE,INTERSECTION,Scheduled PubTpt Bus flow,KINGSCLERE AV 35M BEFORE YAGOONA AVE,9999,Missing Data,KINGSCLERE AVENUE,PUBTT,Other,Greater than 10 Years,0,0,0,0,0.0
145.0859712152678,-37.98378214738896,31320,31577,6386,LOWER DANDENONG RD 50M BEFORE IVY ST,INTERSECTION,Scheduled PubTpt Bus flow,LOWER DANDENONG RD 50M BEFORE IVY ST,2050,STATE (LOWER DANDENONG/CHELTENHAM) HIGHWAY,LOWER DANDENONG ROAD,PUBTT,Other,Greater than 10 Years,0,0,0,0,0.0
145.14711460990844,-37.77317082276187,31329,31901,8754,KING ST AT ASHCROFT AVE,INTERSECTION,Scheduled PubTpt Bus flow,KING ST AT ASHCROFT AVE,5353,KING STREET,KING STREET,PUBTT,Other,Greater than 10 Years,0,0,0,0,0.0
145.14985751199328,-37.77346225880366,31371,31793,9953,KING ST W BD BTWN BLACKBURN RD & VICTORIA ST,INTERSECTION,Scheduled PubTpt Bus flow,KING ST BTWN BLACKBURN RD & VICTORIA ST,5353,KING STREET,KING STREET,PUBTT,Other,Greater than 10 Years,0,0,0,0,0.0
145.05265670890887,-37.77203586233389,31383,31201,6884,LOWER HEIDELBERG RD W BD BTWN HARTLANDS RD & HEIDELBERG RD,INTERSECTION,Scheduled PubTpt Bus flow,LOWER HEIDELBERG RD BTWN HARTLANDS RD & HEIDELBERG RD,5762,MAIN HEIDELBERG-ELTHAM ROAD,LOWER HEIDELBERG ROAD,PUBTT,Other,Greater than 10 Years,0,0,0,0,0.0
144.9370664384871,-37.82293486805913,31392,31796,10309,LORIMER ST 25M AFTER ROGERS ST,INTERSECTION,Scheduled PubTpt Bus flow,LORIMER ST 25M AFTER ROGERS ST,5597,LORIMER STREET,LORIMER STREET,PUBTT,Other,Greater than 10 Years,0,0,0,0,0.0
145.03433009643547,-37.766961615846334,31420,31911,7196,LIVINGSTONE ST 35M AFTER ORIEL RD,INTERSECTION,Scheduled PubTpt Bus flow,LIVINGSTONE ST 35M AFTER ORIEL RD,5745,LIVINGSTONE STREET,LIVINGSTONE STREET,PUBTT,Other,Greater than 10 Years,0,0,0,0,0.0
144.9662642692915,-37.80459000372656,31425,31110,6364,LYGON ST 10M BEFORE QUEENSBERRY ST,INTERSECTION,Scheduled PubTpt Bus flow,LYGON ST 10M BEFORE QUEENSBERRY ST,9999,Missing Data,LYGON STREET,PUBTT,Other,Greater than 10 Years,0,0,0,0,0.0
145.11799628603728,-38.154648000311965,31472,31417,11936,KARS (EAST) ST 5M OPP GWENO AVE,INTERSECTION,Scheduled PubTpt Bus flow,KARS (EAST) ST 5M OPP GWENO AVE,9999,Missing Data,KARS STREET,PUBTT,Other,Greater than 10 Years,0,0,0,0,0.0
145.03400839375155,-37.766927802057616,31503,31097,6135,LIVINGSTONE ST 80M BEFORE ORIEL RD,INTERSECTION,Scheduled PubTpt Bus flow,LIVINGSTONE ST 80M BEFORE ORIEL RD,5745,LIVINGSTONE STREET,LIVINGSTONE STREET,PUBTT,Other,Greater than 10 Years,0,0,0,0,0.0
145.9495305563194,-38.47946801090582,31529,31124,8652,LONG ST N OF NERRENA RD,INTERSECTION,All Moves,LONG ST & NERRENA RD & SOUTH GIPPSLAND HWY,9999,Missing Data,LONG STREET,TMVMT,Manual,Greater than 10 Years,0,0,0,0,0.0
145.25857361378715,-37.91330846216827,31541,31426,3931,KELLETTS RD E OF ST LAWRANCE WAY,INTERSECTION,All Moves,KELLETTS RD & ST LAWRANCE WAY,5428,KELLETTS ROAD,KELLETTS ROAD,TMVMT,Manual,Greater than 10 Years,0,0,0,0,0.0
146.71350931259255,-37.874929345723295,31547,31828,29054,LICOLA RD S BD 400M W OF THE CRESCENT @ 5.4KM FROM GLENMAGGIE,MIDBLOCK,All Moves,LICOLA RD 400M W OF THE CRESCENT @ 5.4KM FROM GLENMAGGIE,5954,LICOLA ROAD,LICOLA ROAD,APARX,Classification,Between 2 and 5 Years,2,2014,40,20,0.41
144.3502542610123,-38.15999110323969,31556,31428,6095,LATROBE TCE N BD N OF FYANS ST,INTERSECTION,All Moves,LATROBE TCE N OF FYANS ST,2800,CORIO-WAURN PONDS ROAD,LATROBE TERRACE,TMVMT,Manual,Greater than 10 Years,18,1998,12000,490,0.04
145.25752379361404,-37.913181697886806,31566,31624,30958,KELLETTS RD W OF ST LAWRANCE WAY DEPARTURE,INTERSECTION,All Moves,KELLETTS RD E OF ST LAWRANCE WAY DEPARTURE,5428,KELLETTS ROAD,KELLETTS ROAD,TMVMT,Manual,Greater than 10 Years,0,0,0,0,0.0
142.7899877782574,-37.08364469729139,31588,31834,29055,ARARAT-STAWELL RD N BD 30M N OF MOSSMAN RD @ 2.7KM FROM STAWELL,MIDBLOCK,All Moves,ARARAT-STAWELL RD 30M N OF MOSSMAN RD @ 2.7KM FROM STAWELL,5249,ARARAT-STAWELL ROAD,LONDON ROAD,APARX,Classification,Between 2 and 5 Years,3,2013,730,50,0.08
144.1314938179878,-36.60572138486232,31608,31938,30555,LODDON VALLEY HWY N BD 900M N OF PYRAMID-YARRABERB RD @ 24.0KM FROM BENDIGO,MIDBLOCK,All Moves,LODDON VALLEY HWY 900M N OF PYRAMID-YARRABERB RD @ 24.0KM FROM BENDIGO,2630,LODDON VALLEY HIGHWAY,LODDON VALLEY HIGHWAY,APARX,Classification,Greater than 10 Years,18,1998,480,70,0.15
145.34309619751667,-37.809726489010046,31613,31438,6662,LEITH RD NE OF MT DANDENONG TOURIST RD,INTERSECTION,All Moves,LEITH RD & MT DANDENONG TOURIST RD,5780,LILYDALE-MONTROSE ROAD,LEITH ROAD,TMVMT,Manual,Greater than 10 Years,18,1998,15000,0,0.0
144.78362497355607,-37.84351486611006,31616,31231,30922,PRINCES FWY ON RAMP NEBD FROM KOROROIT CREEK RD,MIDBLOCK,On Ramp,PRINCES FWY ON RAMP NFROM KOROROIT CREEK RD,7312,5833B 2500R,KOROROIT CREEK-PRINCES IN RAMP ON,APARX,Classification,Greater than 10 Years,18,1998,7200,970,0.14
145.9495305563194,-38.47946801090582,31633,31233,6836,LONG ST N OF NERRENA RD DEPARTURE,INTERSECTION,All Moves,LONG ST N OF NERRENA RD DEPARTURE,9999,Missing Data,LONG STREET,TMVMT,Manual,Greater than 10 Years,0,0,0,0,0.0
145.18306791383424,-37.99559836625535,31637,31635,28994,KIRKHAM RD WEST E BD E OF CHANDLER RD,UNDEFINED,All Moves,KIRKHAM RD WEST E OF CHANDLER RD,9999,Missing Data,KIRKHAM ROAD,APARX,Classification,Greater than 10 Years,17,1999,2000,0,0.0
144.24491867391197,-36.75995560647494,31655,31846,31088,SPECIMEN HILL RD S OF CALDER HWY,INTERSECTION,All Moves,CALDER HWY & SPECIMEN HILL RD,5835,GOLDEN SQUARE-LONG GULLY ROAD,INGLIS STREET,TMVMT,Manual,Greater than 10 Years,16,2000,2600,160,0.06
144.5594558875513,-37.96627091456869,31681,31642,30570,PRINCES FWY EB ON-RAMP FROM LITTLE RIVER RD,MIDBLOCK,On Ramp,PRINCES FWY ON-RAMP FROM LITTLE RIVER RD,7321,LITTLE RIVER ROADB 2500R,LITTLE RIVER-PRINCES IN RAMP ON,APARX,Classification,Between 5 and 10 Years,7,2009,860,80,0.1
143.9516665767165,-35.7032307587108,31690,31952,31375,KERANG-MURRABIT RD N BD 5.2KM N OF KERANG-KOONDROOK RD @ 6.9KM POST,MIDBLOCK,All Moves,KERANG-MURRABIT RD 5.2KM N OF KERANG-KOONDROOK RD @ 6.9KM POST,5332,KERANG-MURRABIT ROAD,KERANG-MURRABIT ROAD,APARX,Classification,Between 2 and 5 Years,3,2013,210,20,0.13
145.13117890879792,-37.98930823226503,31697,31953,28145,LOWER DANDENONG RD W BD W of CENTRE DANDENONG RD,INTERSECTION,All Moves,LOWER DANDENONG RD E OF CENTRE DANDENONG RD,2050,STATE (LOWER DANDENONG/CHELTENHAM) HIGHWAY,LOWER DANDENONG ROAD,TMVMT,Manual,Greater than 10 Years,21,1995,17000,0,0.0
144.85096804413635,-37.73164400961118,31713,31856,31707,KEILOR PARK DR NB LN1 BTW OLD CALDER HWY & BRIMBANK RD,MIDBLOCK,Incomplete Through,KEILOR PARK DR BTW OLD CALDER HWY & BRIMBANK RD,5054,KEILOR PARK DRIVE,KEILOR PARK DRIVE,APARX,Classification,Greater than 10 Years,21,1995,7100,620,0.09
144.46430654625883,-38.189120885357774,31714,31247,5352,KENSINGTON RD N OF BELLARINE HWY,INTERSECTION,All Moves,BELLARINE HWY & FERGUSON RD,9999,Missing Data,KENSINGTON ROAD,TMVMT,Manual,Greater than 10 Years,20,1996,1400,0,0.0
145.21968700482967,-38.000047497315485,31744,31862,29324,KIRKHAM RD E of FRANKSTON-DANDENON,INTERSECTION,Through Missing,FRANKSTON-DANDENONG & KIRKHAM RD,9999,Missing Data,KIRKHAM ROAD,TMVMT,Manual,Greater than 10 Years,27,1989,630,0,0.0
145.06843225731473,-37.761891888069655,31745,31252,29387,LOWER HEIDELBERG RD S BD S OF BANKSIA ST,INTERSECTION,All Moves,LOWER HEIDELBERG RD S OF BANKSIA ST,5762,MAIN HEIDELBERG-ELTHAM ROAD,LOWER HEIDELBERG ROAD,APARX,Classification,Greater than 10 Years,15,2001,19000,0,0.0
145.62440834197815,-37.79254835171931,31749,31160,31740,YARRA JUNC.-NOOJEE RD N Bd BTW RIVERSDALE & SUMMERHILL,MIDBLOCK,All Moves,YARRA JUNC.-NOOJEE RD BTW RIVERSDALE & SUMMERHILL,5525,YARRA JUNCTION-NOOJEE ROAD,LITTLE YARRA ROAD,APCLM,Permanent Classification,Less than 2 Years,1,2015,1700,110,0.06
144.99806480966615,-37.80034035717938,31758,31463,7311,JOHNSTON ST 20M AFTER NICHOLSON ST,INTERSECTION,Scheduled PubTpt Bus flow,JOHNSTON ST 20M AFTER NICHOLSON ST,5853,JOHNSTON STREET,JOHNSTON STREET,PUBTT,Other,Greater than 10 Years,0,0,0,0,0.0
144.85096804413635,-37.73164400961118,31770,31656,29810,KEILOR PARK DR NB BTW OLD CALDER HWY & BRIMBANK RD,UNDEFINED,All Moves,KEILOR PARK DR BTW OLD CALDER HWY & BRIMBANK RD,5054,KEILOR PARK DRIVE,KEILOR PARK DRIVE,MOTSV,Manual,Greater than 10 Years,0,0,0,0,0.0
145.00020969739617,-37.800550578095205,31771,31163,7678,JOHNSTON ST 10M AFTER TRENERRY CRES,INTERSECTION,Scheduled PubTpt Bus flow,JOHNSTON ST 10M AFTER TRENERRY CRES,5853,JOHNSTON STREET,JOHNSTON STREET,PUBTT,Other,Greater than 10 Years,0,0,0,0,0.0
144.9444403784353,-37.8312651043068,31788,31969,3882,NORMANBY RD NE of WILLIAMSTOWN RD,INTERSECTION,All Moves,INGLES ST & NORMANBY RD & WILLIAMSTOWN RD,9999,Missing Data,INGLES STREET,TMVMT,Manual,Greater than 10 Years,28,1988,8500,1700,0.21
145.14240210614872,-37.990626861904495,31792,31166,7634,LOWER DANDENONG RD E BD E of CENTRE DANDENONG RD,INTERSECTION,All Moves,LOWER DANDENONG RD E OF CENTRE DANDENONG RD,2050,STATE (LOWER DANDENONG/CHELTENHAM) HIGHWAY,LOWER DANDENONG ROAD,TMVMT,Manual,Greater than 10 Years,21,1995,26000,0,0.0
145.1625629759456,-38.15363359308865,31793,31261,3752,KARINGAL_DR N of CRANBOURNE_RD,INTERSECTION,Left Missing,CRANBOURNE RD/KARINGAL DR,9999,Missing Data,KARINGAL DRIVE,SCATS,Scats,Between 2 and 5 Years,3,2013,3100,0,0.0
145.00160640737505,-37.800687448862014,31799,31262,6481,JOHNSTON ST 15M BEFORE CLARKE ST,INTERSECTION,Scheduled PubTpt Bus flow,JOHNSTON ST 15M BEFORE CLARKE ST,5853,JOHNSTON STREET,JOHNSTON STREET,PUBTT,Other,Greater than 10 Years,0,0,0,0,0.0
144.97870668228495,-37.850657736616405,31800,31971,2951,LORNE ST NE of LAKESIDE DR,INTERSECTION,All Moves,LAKESIDE DR & LORNE ST & QUEENS RD,9999,Missing Data,LORNE STREET,TMVMT,Manual,Greater than 10 Years,31,1985,6000,160,0.03
144.53028786108507,-37.03037298569632,31806,31662,31715,HEATHCOTE KYNETON RD N BD 1.1 KM. S OF BENDIGO REDESDALE RD @ 27.2KM FROM KYNETO,MIDBLOCK,All Moves,HEATHCOTE KYNETON RD 1.1 KM. S OF BENDIGO REDESDALE RD @ 27.2KM FROM KYNETO,5290,HEATHCOTE-KYNETON ROAD,KYNETON-REDESDALE ROAD,APARX,Classification,Between 2 and 5 Years,3,2013,510,90,0.18
144.97488369837333,-37.79795280666437,31820,31664,28791,ELGIN ST E OF CANNING ST,INTERSECTION,Not representative,CANNING ST/ELGIN ST,5853,JOHNSTON STREET,JOHNSTON STREET,SCATS,Scats,Greater than 10 Years,0,0,0,0,0.0
145.12044869671223,-37.7684112712979,31832,31878,9716,LYNNWOOD PDE 20M AFTER CONIFER PL,INTERSECTION,Scheduled PubTpt Bus flow,LYNNWOOD PDE 20M AFTER CONIFER PL,9999,Missing Data,LYNNWOOD PARADE,PUBTT,Other,Greater than 10 Years,0,0,0,0,0.0
144.81747461801018,-37.817040183081005,31869,31884,9721,LITTLE BOUNDARY RD 50M AFTER LESLIE RD,INTERSECTION,Scheduled PubTpt Bus flow,LITTLE BOUNDARY RD 50M AFTER LESLIE RD,5448,LITTLE BOUNDARY ROAD,LITTLE BOUNDARY ROAD,PUBTT,Other,Greater than 10 Years,0,0,0,0,0.0
145.1941670015379,-37.92952930252861,31899,31889,8902,JACKSONS RD N BD BTWN MONASH FREEWAY OFFRAMP & WELLINGTON RD,INTERSECTION,Scheduled PubTpt Bus flow,JACKSONS RD BTWN MONASH FREEWAY OFFRAMP & WELLINGTON RD,5170,JACKSONS ROAD,JACKSONS ROAD,PUBTT,Other,Greater than 10 Years,0,0,0,0,0.0
145.2103265728212,-37.97408689993039,31909,31890,9175,JAMES ST 20M OPP CHARLES ST,INTERSECTION,Scheduled PubTpt Bus flow,JAMES ST 20M OPP CHARLES ST,9999,Missing Data,JAMES STREET,PUBTT,Other,Greater than 10 Years,0,0,0,0,0.0
145.06922996245316,-37.75873029431638,31924,31283,9026,LOWER HEIDELBERG RD S BD BTWN ROSANNA RD & BANKSIA ST,INTERSECTION,Scheduled PubTpt Bus flow,LOWER HEIDELBERG RD BTWN ROSANNA RD & BANKSIA ST,2850,GREENSBOROUGH HIGHWAY,LOWER HEIDELBERG ROAD,PUBTT,Other,Greater than 10 Years,0,0,0,0,0.0
145.1946185860845,-37.92741299790896,31937,31285,7916,JACKSONS RD 50M BEFORE PADEY DR,INTERSECTION,Scheduled PubTpt Bus flow,JACKSONS RD 50M BEFORE PADEY DR,5170,JACKSONS ROAD,JACKSONS ROAD,PUBTT,Other,Greater than 10 Years,0,0,0,0,0.0
145.06083430388287,-37.793024859866485,31941,31494,6382,KILBY RD 25M AFTER GLASS ST,INTERSECTION,Scheduled PubTpt Bus flow,KILBY RD 25M AFTER GLASS ST,9999,Missing Data,KILBY ROAD,PUBTT,Other,Greater than 10 Years,0,0,0,0,0.0
145.15902511501224,-37.77457534147862,31944,31685,8411,KING ST 50M AFTER WYENA WAY,INTERSECTION,Scheduled PubTpt Bus flow,KING ST 50M AFTER WYENA WAY,5353,KING STREET,KING STREET,PUBTT,Other,Greater than 10 Years,0,0,0,0,0.0
145.15332970913207,-37.7738722403388,31951,31686,9951,KING ST 50M AFTER GREENRIDGE AVE,INTERSECTION,Scheduled PubTpt Bus flow,KING ST 50M AFTER GREENRIDGE AVE,5353,KING STREET,KING STREET,PUBTT,Other,Greater than 10 Years,0,0,0,0,0.0
144.92176819501532,-37.820798209609634,31955,31193,9218,LORIMER ST W BD BTWN INGLES ST & SALMON ST,INTERSECTION,Scheduled PubTpt Bus flow,LORIMER ST BTWN INGLES ST & SALMON ST,5597,LORIMER STREET,LORIMER STREET,PUBTT,Other,Greater than 10 Years,0,0,0,0,0.0
145.11468830664708,-37.98728508892063,31957,31687,6395,LOWER DANDENONG RD 100M BEFORE REDWOOD DR,INTERSECTION,Scheduled PubTpt Bus flow,LOWER DANDENONG RD 100M BEFORE REDWOOD DR,2050,STATE (LOWER DANDENONG/CHELTENHAM) HIGHWAY,LOWER DANDENONG ROAD,PUBTT,Other,Greater than 10 Years,0,0,0,0,0.0
145.1559020055035,-37.77419119217794,31962,31688,12394,KING ST 35M AFTER TUCKERS RD,INTERSECTION,Scheduled PubTpt Bus flow,KING ST 35M AFTER TUCKERS RD,5353,KING STREET,KING STREET,PUBTT,Other,Greater than 10 Years,0,0,0,0,0.0
144.94515314778073,-37.82514250356626,31986,31294,9004,LORIMER ST E BD BTWN INGLES ST & WEST GATE FREEWAY OFFRAMP,INTERSECTION,Scheduled PubTpt Bus flow,LORIMER ST BTWN INGLES ST & WEST GATE FREEWAY OFFRAMP,5597,LORIMER STREET,LORIMER STREET,PUBTT,Other,Greater than 10 Years,0,0,0,0,0.0
145.7078915828749,-38.3346222915081,29038,29820,27168,NYORA-POOWONG RD W BD 240M E OF MOUNT LYALL RD,MIDBLOCK,All Moves,NYORA-POOWONG RD 240M E OF MOUNT LYALL RD,5691,LANG LANG-POOWONG ROAD,LANG LANG-POOWONG ROAD,APARX,Classification,Between 2 and 5 Years,3,2013,220,20,0.09
144.85414696226078,-37.71841465750007,29046,29422,30175,KEILOR PARK DR NE OF THOMSONS RD,INTERSECTION,All Moves,KEILOR PARK DR / THOMSONS RD,5054,KEILOR PARK DRIVE,KEILOR PARK DRIVE,SCATS,Scats,Between 2 and 5 Years,3,2013,17000,0,0.0
144.24509147173137,-36.75967197805578,29050,29701,1883,INGLIS ST NE OF CALDER HWY,INTERSECTION,All Moves,CALDER HWY & SPECIMEN HILL RD,5835,GOLDEN SQUARE-LONG GULLY ROAD,INGLIS STREET,TMVMT,Manual,Greater than 10 Years,16,2000,2000,130,0.07
145.04097858185082,-37.922527600369975,29056,29826,2758,JASPER RD 104M S OURLADYSHC 40 N BD BTW CENTRE RD & PATTERSON RD,MIDBLOCK,All Moves,JASPER RD 104M S OURLADYSHC 40 BTW CENTRE RD & PATTERSON RD,5847,JASPER ROAD,JASPER ROAD,APARX,Classification,Greater than 10 Years,0,0,0,0,0.0
145.31250440492977,-38.0021535847781,29057,29703,24984,KURRAJONG RD E BD E OF NARRE WARREN NORTH,INTERSECTION,All Moves,NARRE WARREN NORTH N OF KURRAJONG RD,9999,Missing Data,KURRAJONG ROAD,TMVMT,Manual,Greater than 10 Years,0,0,0,0,0.0
145.0550379044035,-37.899862900154574,29072,29830,752,KOORNANG RD N BD N OF NORTH RD,MIDBLOCK,All Moves,KOORNANG RD N OF NORTH RD,9999,Missing Data,KOORNANG ROAD,APARX,Classification,Between 2 and 5 Years,5,2011,4500,140,0.03
144.2186953281285,-35.80495039341982,29076,29708,57931,KING GEORGE STREET NWBD BTWN COHUNA-MCMILLANS ROAD & MURRAY VALLEY HIGHWAY,MIDBLOCK,All Moves,KING GEORGE STREET SBTWN MURRAY VALLEY HIGHWAY & COHUNA-MCMILLANS ROAD,2570,MURRAY VALLEY HIGHWAY,KING GEORGE STREET,APARX,Classification,Between 2 and 5 Years,3,2013,1800,290,0.16
144.71000131468404,-37.83631643972077,29078,29209,1758,LEAKES RD E BD BTWN MORRIS RD & WOODS RD,MIDBLOCK,All Moves,LEAKES RD BTWN MORRIS RD & WOODS RD,9999,Missing Data,LEAKES ROAD,APARX,Classification,Between 2 and 5 Years,5,2011,8100,350,0.04
145.07056601351,-37.89779226082615,29109,29717,51734,KANGAROO RD W OF POATH RD DEPARTURE,INTERSECTION,All Moves,KANGAROO RD W OF POATH RD DEPARTURE,9999,Missing Data,KANGAROO ROAD,TMVMT,Manual,Greater than 10 Years,0,0,0,0,0.0
145.00281850721413,-37.80080065634738,29135,29223,26620,JOHNSTON ST E BD E OF CLARKE ST,INTERSECTION,All Moves,JOHNSTON ST E OF CLARKE ST,5854,JOHNSTON STREET BRIDGE,JOHNSTON STREET,MOTSV,Manual,Between 2 and 5 Years,5,2011,9700,210,0.02
144.97488369837333,-37.79795280666437,29166,29232,29161,JOHNSTON ST E OF NICHOLSON ST DEPARTURE,INTERSECTION,All Moves,NICHOLSON ST N OF JOHNSTON ST DEPARTURE,5853,JOHNSTON STREET,JOHNSTON STREET,TMVMT,Manual,Greater than 10 Years,0,0,0,0,0.0
144.78026057905984,-37.70040970136824,29169,29233,5907,KINGS RD NE OF SHOPPING CENTRE ENT NR BOND DR,INTERSECTION,All Moves,KINGS RD/SHOPPING CENTRE ENT NR BOND DR,5009,KINGS ROAD,KINGS ROAD,SCATS,Scats,Between 2 and 5 Years,5,2011,9000,0,0.0
144.83366090744272,-37.84999145833388,29189,29737,25105,KOROROIT CREEK RD E of GRIEVE PDE DEPARTURE,INTERSECTION,All Moves,GRIEVE PDE N OF KOROROIT CREEK RD DEPARTURE,5833,KOROROIT CREEK ROAD,KOROROIT CREEK ROAD,TMVMT,Manual,Greater than 10 Years,0,0,0,0,0.0
144.8469156191948,-37.8506107638592,29190,29238,18037,KOROROIT CREEK RD 100M AFTER MILLERS RD,INTERSECTION,Scheduled PubTpt Bus flow,KOROROIT CREEK RD 100M AFTER MILLERS RD,5833,KOROROIT CREEK ROAD,KOROROIT CREEK ROAD,PUBTT,Other,Greater than 10 Years,0,0,0,0,0.0
145.91117072541383,-38.250002583315045,29193,29738,1285,KORUMBURRAA-WARRAGUL RD N BD BTW DROUIN-KORUMBURRA RD & MOUNTAIN VIEW RD,MIDBLOCK,All Moves,KORUMBURRAA-WARRAGUL RD BTW DROUIN-KORUMBURRA RD & MOUNTAIN VIEW RD,5682,KORUMBURRA-WARRAGUL ROAD,KORUMBURRA-WARRAGUL ROAD,APARX,Classification,Between 5 and 10 Years,7,2009,250,30,0.12
146.55241274587863,-38.19231958974934,29218,29245,3935,DEAKIN ST N OF CAR PARK ENTRY,INTERSECTION,All Moves,CAR PARK ENTRY & DEAKIN ST,9999,Missing Data,LIDDIARD ROAD,TMVMT,Manual,Greater than 10 Years,0,0,0,0,0.0
144.932708901012,-37.822051603953845,29222,29746,276,ST GATE FREEWAY (EAST BOUND) INGLES STREET (HITRAC WIM SITE 5004) 6 LANES,MIDBLOCK,All Moves,ST GATE FREEWAY (EAST BOUND) INGLES STREET (HITRAC WIM SITE 5004) 6 LANES,5597,LORIMER STREET,LORIMER STREET,WGHMO,WIM,Greater than 10 Years,0,0,0,0,0.0
146.707430017484,-37.859633000872805,29234,29749,25254,LICOLA RD S BD BTW CHEYNES BRIDGE TRK & KELLEHERS RD,MIDBLOCK,All Moves,LICOLA RD BTW CHEYNES BRIDGE TRK & KELLEHERS RD,5954,LICOLA ROAD,LICOLA ROAD,APARX,Classification,Between 5 and 10 Years,7,2009,20,0,0.12
144.37167822490767,-37.347052809530126,29249,29752,58308,KYNETON-TRENTHAM RD NEBD @ 15KM POST,MIDBLOCK,All Moves,KYNETON-TRENTHAM RD N@ 15KM POST,5194,KYNETON-TRENTHAM ROAD,KYNETON-TRENTHAM ROAD,APARX,Classification,Between 5 and 10 Years,8,2008,780,70,0.09
142.02480473074277,-36.4512666852734,29259,29755,25567,DIMBOOLA-RAINBOW RD SE BD BTW LOCHIEL ST & NORMANBY ST,MIDBLOCK,All Moves,DIMBOOLA-RAINBOW RD NBTW LOCHIEL ST & NORMANBY ST,5051,DIMBOOLA-RAINBOW ROAD,LLOYD STREET,APARX,Classification,Between 2 and 5 Years,2,2014,0,30,0.0
145.11791632918184,-38.1548343044444,29261,29255,22483,KARS (WEST) ST 30M BEFORE GWENO AVE,INTERSECTION,Scheduled PubTpt Bus flow,KARS (WEST) ST 30M BEFORE GWENO AVE,9999,Missing Data,KARS STREET,PUBTT,Other,Greater than 10 Years,0,0,0,0,0.0
145.82992850798155,-38.39655409012429,29276,29479,25035,KORUMBURRA-WARRAGUL RD S Bd 450M N OF FAIRBANK RD,MIDBLOCK,All Moves,KORUMBURRA-WARRAGUL RD 450M N OF FAIRBANK RD,5682,KORUMBURRA-WARRAGUL ROAD,KORUMBURRA-WARRAGUL ROAD,APARX,Classification,Greater than 10 Years,0,0,0,0,0.0
144.88054890124468,-37.85699557260861,29295,29484,27624,KOROROIT CREEK RD W OF ADELINE ST,INTERSECTION,All Moves,KOROROIT CREEK NR ADELINE ST,5833,KOROROIT CREEK ROAD,KOROROIT CREEK ROAD,SCATS,Scats,Greater than 10 Years,0,0,0,0,0.0
142.76069109529288,-37.062486193999376,29306,29766,57510,WESTERN HIGHWAY NWBd btwn LONGFIELD ROAD & GRAMPIANS ROAD,MIDBLOCK,All Moves,LONGFIELD ROAD SBTWN WESTERN HIGHWAY & SEABY STREET,2520,WESTERN HIGHWAY,LONGFIELD STREET,APARX,Classification,Greater than 10 Years,0,0,0,0,0.0
145.17061942914395,-38.2452086050506,29329,29272,22478,JONES RD N BD BTWN MORNINGTON-TYABB RD & BUNGOWER RD,INTERSECTION,Scheduled PubTpt Bus flow,JONES RD BTWN MORNINGTON-TYABB RD & BUNGOWER RD,9999,Missing Data,JONES ROAD,PUBTT,Other,Greater than 10 Years,0,0,0,0,0.0
145.11473334337487,-37.929202187986,29374,29787,25337,KNIGHT ST S OF CENTRE RD DEPARTURE,INTERSECTION,All Moves,CENTRE RD E OF KNIGHT ST DEPARTURE,9999,Missing Data,KNIGHT STREET,TMVMT,Manual,Greater than 10 Years,0,0,0,0,0.0
145.14666427111788,-38.388497796355594,29381,29291,16965,LORD SOMERS RD 25M OPP LINDELL AVE,INTERSECTION,Scheduled PubTpt Bus flow,LORD SOMERS RD 25M OPP LINDELL AVE,9999,Missing Data,LORD SOMERS ROAD,PUBTT,Other,Greater than 10 Years,0,0,0,0,0.0
145.74191679797886,-38.62593499615888,29384,29792,1836,INVERLOCH-VENUS BAY RD E OF CUTTRISS ST,INTERSECTION,All Moves,INVERLOCH-VENUS BAY RD & CURTISS ST,5662,INVERLOCH-VENUS BAY ROAD,INVERLOCH-VENUS BAY ROAD,TMVMT,Manual,Greater than 10 Years,0,0,0,0,0.0
145.04097858185082,-37.922527600369975,29474,29622,1629,JASPER RD 152M N OURLADYSHC 40 N BD BTW CENTRE RD & PATTERSON RD,MIDBLOCK,All Moves,JASPER RD 152M N OURLADYSHC 40 BTW CENTRE RD & PATTERSON RD,5847,JASPER ROAD,JASPER ROAD,APARX,Classification,Greater than 10 Years,0,0,0,0,0.0
145.0065146934895,-37.28350990625957,29477,29326,8007,KILMORE EAST-SUNDAY CREEK RD NEBD BTW SAUNDERS RD & BROADFORD-WANDONG RD,MIDBLOCK,All Moves,KILMORE EAST-SUNDAY CREEK RD NBTW SAUNDERS RD & BROADFORD-WANDONG RD,9999,Missing Data,KILMORE EAST-SUNDAY CREEK ROAD,APARX,Classification,Between 2 and 5 Years,5,2011,60,0,0.09
145.11472271374564,-37.98728933555376,29482,29327,3187,LOWER DANDENONG RD E OF WOODLANDS DR DEPARTURE,INTERSECTION,All Moves,LOWER DANDENONG RD E OF WOODLANDS DR DEPARTURE,2050,STATE (LOWER DANDENONG/CHELTENHAM) HIGHWAY,LOWER DANDENONG ROAD,TMVMT,Manual,Greater than 10 Years,0,0,0,0,0.0
144.8541694517342,-37.718404737385455,29486,29502,694,KEILOR PARK DRIVE NEBd BTW TRANSLINK DR & SPENCE ST,MIDBLOCK,All Moves,KEILOR PARK DRIVE NBTW TRANSLINK DR & SPENCE ST,5054,KEILOR PARK DRIVE,KEILOR PARK DRIVE,APARX,Classification,Between 5 and 10 Years,8,2008,16000,1600,0.1
145.05516379931643,-37.90179647878588,29493,29626,25290,LEILA RD W BD BTW RIGBY AV & KOORNANG RD,MIDBLOCK,All Moves,LEILA RD BTW RIGBY AV & KOORNANG RD,9999,Missing Data,LEILA ROAD,APARX,Classification,Between 2 and 5 Years,5,2011,1100,50,0.05
144.8495764880957,-37.72619249647394,29504,29134,4609,KEILOR PARK DR N OF CALDER FWY WEST BND RAMPS DEPARTURE,INTERSECTION,All Moves,KEILOR PARK DR N OF CALDER FWY WEST BND RAMPS DEPARTURE,5054,KEILOR PARK DRIVE,KEILOR PARK DRIVE,TMVMT,Manual,Greater than 10 Years,0,0,0,0,0.0
145.4884890783607,-38.092923031814045,29532,29509,25101,PRINCES FWY E BD ON RAMP E OF KOO WEE RUP RD DEPARTURE,INTERSECTION,On Ramp,KOO WEE RUP RD N OF PRINCES FWY RAMPS DEPARTURE,7585,5770B 2510R,KOO WEE RUP-PRINCES IN RAMP ON,TMVMT,Manual,Greater than 10 Years,0,0,0,0,0.0
143.5197039775476,-37.27142869268348,29535,29910,25611,LEXTON-TALBOT RD SWBD BTW SKENE ST & HAMILTON ST,MIDBLOCK,All Moves,LEXTON-TALBOT RD NBTW SKENE ST & HAMILTON ST,5226,LEXTON-TALBOT ROAD,LEXTON-TALBOT ROAD,APARX,Classification,Between 5 and 10 Years,6,2010,90,10,0.18
145.17232409781795,-36.7521099495003,29544,29511,233,KIRWANS BRIDGE-LONGWOOD RD WB 50M BEFORE RLY XING MANGALORE-TOCUMWAL,MIDBLOCK,All Moves,KIRWANS BRIDGE-LONGWOOD RD 50M BEFORE RLY XING MANGALORE-TOCUMWAL,9999,Missing Data,KIRWANS BRIDGE ROAD,APARX,Classification,Greater than 10 Years,0,0,0,0,0.0
145.2521006110638,-37.9125396621756,29581,29146,22487,KELLETS RD 50M AFTER GOULBURN DR,INTERSECTION,Scheduled PubTpt Bus flow,KELLETS RD 50M AFTER GOULBURN DR,5428,KELLETTS ROAD,KELLETTS ROAD,PUBTT,Other,Greater than 10 Years,0,0,0,0,0.0
144.96326008407988,-37.82899635553918,29616,29024,11658,KINGSWAY NWBD SE OF WEST GATE FWY ON-RAMP,INTERSECTION,All Moves,KINGS WAY & WEST GATE FWY,2510,PRINCES HIGHWAY EAST,KINGS WAY,TMVMT,Manual,Greater than 10 Years,23,1993,42000,2900,0.07
145.06824060504704,-37.94875452228406,29617,29646,27838,KEYS RD E BD W OF WARRIGAL RD,INTERSECTION,All Moves,KEYS RD W OF WARRIGAL RD,5313,WICKHAM-KEYS ROAD,KEYS ROAD,MOTSV,Manual,Greater than 10 Years,0,0,0,0,0.0
145.12021169439456,-38.14949809769872,29620,29350,13077,KARS (WEST) ST 10M BEFORE NOLAN ST,INTERSECTION,Scheduled PubTpt Bus flow,KARS (WEST) ST 10M BEFORE NOLAN ST,9999,Missing Data,KARS STREET,PUBTT,Other,Greater than 10 Years,0,0,0,0,0.0
144.8499156950586,-37.724102802363774,29632,29027,6297,KEILOR PARK DR N of FULLARTON RD,INTERSECTION,All Moves,FULLARTON RD & KEILOR PARK DR,5054,KEILOR PARK DRIVE,KEILOR PARK DRIVE,TMVMT,Manual,Greater than 10 Years,19,1997,15000,1400,0.09
145.18770855567263,-37.91434198776301,29686,29037,6501,JELLS RD S BD S OF FERNTREE GULLY RD,INTERSECTION,All Moves,JELLS RD S OF FERNTREE GULLY RD,5308,JELLS ROAD,JELLS ROAD,MOTSV,Manual,Between 2 and 5 Years,5,2011,10000,320,0.03
144.8495764880957,-37.72619249647394,29693,29038,3433,KEILOR PARK DR N OF CALDER FWY WEST BND RAMPS,INTERSECTION,All Moves,CALDER FWY WEST BND RAMPS & KEILOR PARK DR,5054,KEILOR PARK DRIVE,KEILOR PARK DRIVE,TMVMT,Manual,Greater than 10 Years,0,0,0,0,0.0
145.067248789943,-37.765254698541845,29719,29941,28384,LOWER HEIDELBERG RD S OF BANKSIA ST,INTERSECTION,All Moves,BANKSIA ST/LOWER HEIDELBERG RD,5762,MAIN HEIDELBERG-ELTHAM ROAD,LOWER HEIDELBERG ROAD,SCATS,Scats,Greater than 10 Years,0,0,0,0,0.0
145.11590894497382,-38.15949598252404,29726,29366,21286,KARS (WEST) ST 20M BEFORE NEIL ST,INTERSECTION,Scheduled PubTpt Bus flow,KARS (WEST) ST 20M BEFORE NEIL ST,9999,Missing Data,KARS STREET,PUBTT,Other,Greater than 10 Years,0,0,0,0,0.0
145.14617919759723,-37.77310134453016,29735,29944,26363,VICTORIA ST S OF KING ST,INTERSECTION,All Moves,KING ST/VICTORIA ST,5353,KING STREET,KING STREET,SCATS,Scats,Greater than 10 Years,0,0,0,0,0.0
145.25863301301402,-37.91331564119342,29742,29369,13569,KELLETTS RD 30M OPP ST LAWRANCE WAY,INTERSECTION,Scheduled PubTpt Bus flow,KELLETTS RD 30M OPP ST LAWRANCE WAY,5428,KELLETTS ROAD,KELLETTS ROAD,PUBTT,Other,Greater than 10 Years,0,0,0,0,0.0
145.18778479090628,-38.10138269997898,29743,29945,27030,LYREBIRD DR S OF HALL RD,INTERSECTION,All Moves,HALL RD/LYREBIRD DR - CARRUM DOWNS,9999,Missing Data,LYREBIRD DRIVE,SCATS,Scats,Greater than 10 Years,0,0,0,0,0.0
145.89825088939153,-38.312505103062605,29750,29370,1800,KORUMBURRA-WARRAGUL RD N Bd S OF WILD DOG RD AFTER SPEED ADVISORY SIGN,MIDBLOCK,All Moves,KORUMBURRA-WARRAGUL RD S OF WILD DOG RD AFTER SPEED ADVISORY SIGN,5682,KORUMBURRA-WARRAGUL ROAD,KORUMBURRA-WARRAGUL ROAD,APARX,Classification,Greater than 10 Years,0,0,0,0,0.0
146.67242373816268,-37.81183589067352,29831,29187,625,LICOLA RD W BD W OF GLENMAGGIE RD @ 15.21 KM FROM HEYFIELD,MIDBLOCK,All Moves,LICOLA RD W OF GLENMAGGIE RD @ 15.21 KM FROM HEYFIELD,5954,LICOLA ROAD,LICOLA ROAD,APARX,Classification,Greater than 10 Years,0,0,0,0,0.0
145.06843225731473,-37.761891888069655,29832,29682,58450,LOWER HEIDELBERG RD S BD S OF BANKSIA ST,MIDBLOCK,All Moves,LOWER HEIDELBERG RD S OF BANKSIA ST,5762,MAIN HEIDELBERG-ELTHAM ROAD,LOWER HEIDELBERG ROAD,APARX,Classification,Between 5 and 10 Years,10,2006,20000,640,0.03
144.96246149579267,-37.714885470438105,29856,29964,26711,LORNE ST E OF SYDNEY RD DEPARTURE,INTERSECTION,All Moves,SYDNEY RD N OF LORNE ST DEPARTURE,9999,Missing Data,LORNE STREET,TMVMT,Manual,Greater than 10 Years,0,0,0,0,0.0
145.25857361378715,-37.91330846216827,29886,29691,825,KELLETTS RD E OF ST LAWRANCE WAY DEPARTURE,INTERSECTION,All Moves,KELLETTS RD E OF ST LAWRANCE WAY DEPARTURE,5428,KELLETTS ROAD,KELLETTS ROAD,TMVMT,Manual,Greater than 10 Years,0,0,0,0,0.0
144.97488369837333,-37.79795280666437,29912,29398,26794,ELGIN ST E OF RATHDOWNE ST,INTERSECTION,All Moves,RATHDOWNE ST/ELGIN ST,5853,JOHNSTON STREET,JOHNSTON STREET,SCATS,Scats,Greater than 10 Years,0,0,0,0,0.0
144.78095349316763,-37.69831379888126,29938,29979,2329,KINGS RD N OF MELTON HWY,INTERSECTION,All Moves,KINGS RD & MELTON HWY,5009,KINGS ROAD,KINGS ROAD,TMVMT,Manual,Greater than 10 Years,0,0,0,0,0.0
142.46858934885938,-38.36904219147912,29944,29981,1889,LAVEROCK RD N OF PRINCES HWY,INTERSECTION,All Moves,LAVEROCK RD & PRINCES HWY,9999,Missing Data,LAVEROCK ROAD,TMVMT,Manual,Greater than 10 Years,16,2000,1700,0,0.0
144.94723419782835,-37.82530558954032,29946,29084,30575,LORIMER ST E BD W OF CHARLES GRIMES BRIDGE,INTERSECTION,All Moves,CHARLES GRIMES BRIDGE LEFT TURN TO LORIMER ST OD:12,5597,LORIMER STREET,LORIMER STREET,MOTSV,Manual,Greater than 10 Years,23,1993,19000,1900,0.1
145.03532344070572,-37.87751531026637,29969,29091,16425,KAMBROOK RD 30M BEFORE ESKDALE RD,INTERSECTION,Scheduled PubTpt Bus flow,KAMBROOK RD 30M BEFORE ESKDALE RD,9999,Missing Data,KAMBROOK ROAD,PUBTT,Other,Greater than 10 Years,0,0,0,0,0.0
145.16339001298147,-37.88198640137773,29985,29096,29860,KINGS WAY E BD W OF SPRINGVALE RD,UNDEFINED,All Moves,KINGS WAY W OF SPRINGVALE RD,9999,Missing Data,KINGSWAY,APARX,Classification,Greater than 10 Years,28,1988,3200,0,0.0
145.19312645194077,-37.935527865255885,29990,29098,28616,S.E.ARTERIAL ON RAMP NW BD FROM JACKSONS RD,UNDEFINED,On Ramp,S.E.ARTERIAL ON RAMP NFROM JACKSONS RD,7009,5170B 2000F,JACKSONS-MONASH OUT RAMP ON,APARX,Classification,Greater than 10 Years,25,1991,11000,0,0.0
144.1314938179878,-36.60572138486232,29991,29996,28674,LODDON VALLEY HWY S BD 900M N OF PYRAMID-YARRABERB RD @ 24.0KM FROM BENDIGO,MIDBLOCK,All Moves,LODDON VALLEY HWY 900M N OF PYRAMID-YARRABERB RD @ 24.0KM FROM BENDIGO,2630,LODDON VALLEY HIGHWAY,LODDON VALLEY HIGHWAY,APARX,Classification,Greater than 10 Years,18,1998,450,50,0.13
144.78401639011656,-37.69077430332994,27006,27904,51243,KINGS RD N OF PALMERSTON CRES,INTERSECTION,All Moves,KINGS RD/PALMERSTON CRES/WELLESLEY DR,5009,KINGS ROAD,KINGS ROAD,SCATS,Scats,Greater than 10 Years,0,0,0,0,0.0
145.2149365421735,-37.99079978569681,27060,27931,55019,LONSDALE_ST S of FOSTER_ST,INTERSECTION,Left Missing,LONSDALE ST/FOSTER ST,2510,PRINCES HIGHWAY EAST,LONSDALE STREET,SCATS,Scats,Between 5 and 10 Years,8,2008,19000,0,0.0
145.21652318485047,-37.81017548787457,27062,27932,53522,LOUGHNAN RD SW of RINGWOOD ST,INTERSECTION,All Moves,RINGWOOD ST/LOUGHNAN RD,9999,Missing Data,LOUGHNAN ROAD,SCATS,Scats,Between 5 and 10 Years,8,2008,11000,0,0.0
145.0444444918392,-37.71879180033277,27070,27936,54676,KINGSBURY DR S OF RING RD,INTERSECTION,Left Missing,KINGSBURY DR/RING RD,5740,KINGSBURY DRIVE,KINGSBURY DRIVE,SCATS,Scats,Greater than 10 Years,17,1999,12000,0,0.0
144.9011293025702,-37.8014688118051,27102,27451,26568,IRVING ST NE of LEEDS ST,INTERSECTION,All Moves,IRVING ST & LEEDS ST,9999,Missing Data,IRVING STREET,TMVMT,Manual,Greater than 10 Years,0,0,0,0,0.0
144.78655729743355,-37.84503169687664,27121,27961,51621,PRINCES FWY WEST S BD ONRAMP FROM KOROROIT CREEK RD,MIDBLOCK,On Ramp,PRINCES FWY WEST ONRAMP FROM KOROROIT CREEK RD,7019,5833B 2500F,KOROROIT CREEK-PRINCES OUT RAMP ON,APARX,Classification,Greater than 10 Years,11,2005,10000,910,0.09
144.96489734462943,-37.83068156835768,27160,27981,56121,KINGS WAY NW OF STURT ST,INTERSECTION,Left Missing,STURT ST/KINGS WAY,2510,PRINCES HIGHWAY EAST,KINGS WAY,SCATS,Scats,Less than 2 Years,0,2016,53000,0,0.0
142.20082441662547,-36.70436430125134,27200,27500,24735,HORSHAM-KALKE RD S BD BTW BOWDEN ST & WESTERN HWY,MIDBLOCK,All Moves,HORSHAM-KALKE RD BTW BOWDEN ST & WESTERN HWY,5273,HORSHAM-KALKEE ROAD,KALKEE ROAD,APARX,Classification,Between 2 and 5 Years,5,2011,3400,240,0.07
145.29343301655,-37.78762420742141,27215,27808,24485,LINCOLN_RD E BD E OF DORSET_RD DEP,INTERSECTION,All Moves,DORSET RD/LINCOLN RD,9999,Missing Data,LINCOLN ROAD,SCATS,Scats,Greater than 10 Years,0,0,0,0,0.0
144.97488369837333,-37.79795280666437,27221,27811,24601,JOHNSTON ST E OF NICHOLSON ST DEPARTURE,INTERSECTION,All Moves,NICHOLSON ST N OF JOHNSTON ST DEPARTURE,5853,JOHNSTON STREET,JOHNSTON STREET,TMVMT,Manual,Greater than 10 Years,0,0,0,0,0.0
145.31584369638168,-37.81039879535356,27224,27312,24681,LIVERPOOL ROAD S Bd btwn MT DANDENONG ROAD & CANTERBURY ROAD,MIDBLOCK,All Moves,LIVERPOOL ROAD BTWN CANTERBURY ROAD & MT DANDENONG ROAD,9999,Missing Data,LIVERPOOL ROAD,APARX,Classification,Greater than 10 Years,0,0,0,0,0.0
146.9978662720453,-36.45422639181351,27228,27314,24707,KIEWA VALLEY HWY S BD NORTH OF DEDERANG RD,MIDBLOCK,All Moves,KIEWA VALLEY HWY NORTH OF DEDERANG RD,2790,KIEWA VALLEY HIGHWAY,KIEWA VALLEY HIGHWAY,APARX,Classification,Greater than 10 Years,0,0,0,0,0.0
145.1625629759456,-38.15363359308865,27245,27322,53889,KARINGAL DR N OF CRANBOURNE RD,INTERSECTION,All Moves,CRANBOURNE RD/KARINGAL DR,9999,Missing Data,KARINGAL DRIVE,SCATS,Scats,Between 2 and 5 Years,3,2013,6200,0,0.0
145.05792585318332,-37.884652386604365,27257,27827,52362,KOORNANG RD S OF PRINCES HWY,INTERSECTION,All Moves,PRINCES HWY/DARLING RD/KOORNANG RD,9999,Missing Data,KOORNANG ROAD,SCATS,Scats,Less than 2 Years,0,2016,7800,0,0.0
144.81594729757248,-37.848002887516046,27285,27609,24513,KOROROIT CREEK RD E OF MAIDSTONE ST,INTERSECTION,All Moves,KOROROIT CREEK RD/MAIDSTONE ST/HORSBURGH DR,5833,KOROROIT CREEK ROAD,KOROROIT CREEK ROAD,SCATS,Scats,Greater than 10 Years,0,0,0,0,0.0
144.12577530045087,-35.633596096697126,27286,27339,23428,KERANG-KOONDROOK RD S BD 200M S OF MURRAY RIVER BRIDGE @ 25.6KM FROM KERANG,MIDBLOCK,All Moves,KERANG-KOONDROOK RD 200M S OF MURRAY RIVER BRIDGE @ 25.6KM FROM KERANG,5578,KERANG-KOONDROOK ROAD,KOONDROOK-MURRABIT ROAD,APARX,Classification,Less than 2 Years,1,2015,1600,180,0.11
144.95391896216003,-37.812466920149085,27299,27345,51917,LA TROBE ST SW OF WILLIAMS ST,INTERSECTION,All Moves,WILLIAM ST/LA TROBE ST,9999,Missing Data,LA TROBE STREET,SCATS,Scats,Greater than 10 Years,0,0,0,0,0.0
145.18770855567263,-37.91434198776301,27304,27348,51000,JELLS RD S OF SHOP ENTRANCE,INTERSECTION,All Moves,JELLS RD/SHOPPING CENTRE ENT,5308,JELLS ROAD,JELLS ROAD,SCATS,Scats,Between 2 and 5 Years,5,2011,10000,0,0.0
144.82037582229452,-37.82011878698108,27305,27848,56264,LITTLE BOUNDARY RD NWBD NW OF PIPE RD,MIDBLOCK,All Moves,LITTLE BOUNDARY RD NW OF PIPE RD,5448,LITTLE BOUNDARY ROAD,LITTLE BOUNDARY ROAD,APARX,Classification,Greater than 10 Years,0,0,0,0,0.0
144.84960695970042,-37.72554159816083,27320,27356,48933,KEILOR PARK DR S OF CALDER FWY EAST BND RAMPS DEPARTURE,INTERSECTION,All Moves,KEILOR PARK DR N OF CALDER FWY EAST BND RAMPS DEPARTURE,5054,KEILOR PARK DRIVE,KEILOR PARK DRIVE,TMVMT,Manual,Greater than 10 Years,0,0,0,0,0.0
145.14070551167325,-38.119067370713054,27331,27861,49972,KLAUER ST E OF HARTNETT DR,INTERSECTION,All Moves,KLAUER ST/HARTNETT DR,5159,KLAUER ROAD,KLAUER STREET,SCATS,Scats,Between 5 and 10 Years,9,2007,6200,0,0.0
145.4823257771046,-38.168364900838405,27361,27204,50336,HEALESVILLE-KOO-WEE-RUP RD N BD BTW BALLARTO RD & ISLAND RD,MIDBLOCK,All Moves,HEALESVILLE-KOO-WEE-RUP RD BTW BALLARTO RD & ISLAND RD,5770,HEALESVILLE-KOO-WEE-RUP ROAD,KOO WEE RUP ROAD,APARX,Classification,Between 2 and 5 Years,3,2013,4800,770,0.16
145.49019191391807,-38.09836744662957,27364,27372,49982,LIVESTOCK WAY E OF KOO WEE RUP RD,INTERSECTION,All Moves,KOO WEE RUP RD/LIVESTOCK WAY/SOUTHEAST BLVD,9999,Missing Data,LIVESTOCK WAY,SCATS,Scats,Between 2 and 5 Years,3,2013,950,0,0.0
144.97833243014733,-37.809829802423614,27365,27205,24865,LANSDOWNE ST S OF VICTORIA PDE,INTERSECTION,All Moves,LANSDOWNE ST & VICTORIA PDE,5102,LANSDOWNE STREET,LANSDOWNE STREET,TMVMT,Manual,Greater than 10 Years,0,0,0,0,0.0
145.2417210101843,-37.91133593366963,27377,27616,53837,KELLETTS RD W OF TAYLORS LN,INTERSECTION,All Moves,KELLETTS RD/TAYLORS LN,5428,KELLETTS ROAD,KELLETTS ROAD,SCATS,Scats,Less than 2 Years,0,2016,12000,0,0.0
144.96723869699258,-37.79895100285322,27382,27617,48929,LYGON ST S OF ELGIN ST,INTERSECTION,All Moves,ELGIN ST & LYGON ST,9999,Missing Data,LYGON STREET,TMVMT,Manual,Greater than 10 Years,0,0,0,0,0.0
145.17232409781795,-36.7521099495003,27393,27619,50059,KIRWANS BRIDGE RD W BD 500M W OF GOULBURN VALLEY HWY,MIDBLOCK,All Moves,KIRWANS BRIDGE RD 500M W OF GOULBURN VALLEY HWY,9999,Missing Data,KIRWANS BRIDGE ROAD,APARX,Classification,Greater than 10 Years,20,1996,10,0,0.14
145.34452106509295,-38.0414821603479,27395,27711,23736,KANGAN DR E OF CLYDE RD,INTERSECTION,All Moves,CLYDE RD & KANGAN DR & MONASH UNIVERSITY ACCESS RD,9999,Missing Data,KANGAN DRIVE,TMVMT,Manual,Greater than 10 Years,0,0,0,0,0.0
144.19020989800433,-36.809177595724485,27434,27719,56555,BENDIGO-MARYBOROUGH RD W BD BTW CALDER ALTERNATIVE HWY & CALDER HWY,MIDBLOCK,All Moves,BENDIGO-MARYBOROUGH RD BTW CALDER ALTERNATIVE HWY & CALDER HWY,5200,BENDIGO-MARYBOROUGH ROAD,LOCKWOOD ROAD,APARX,Classification,Between 2 and 5 Years,2,2014,2000,200,0.1
146.45456048571603,-38.69914792183568,27477,27395,49748,PORT WELSHPOOL RD S BD BTW TOWNSEND ST & KEANE ST,MIDBLOCK,All Moves,PORT WELSHPOOL RD BTW TOWNSEND ST & KEANE ST,5908,PORT WELSHPOOL ROAD,LEWIS STREET,APARX,Classification,Between 5 and 10 Years,7,2009,200,20,0.11
144.85112228245092,-37.730962000193934,27509,27642,51458,KEILOR PARK DR SB BTW OLD CALDER HWY & BRIMBANK RD,MIDBLOCK,All Moves,KEILOR PARK DR BTW OLD CALDER HWY & BRIMBANK RD,5054,KEILOR PARK DRIVE,KEILOR PARK DRIVE,APARX,Classification,Greater than 10 Years,19,1997,19000,1900,0.1
144.95416689464653,-37.81239718721394,27511,27643,23466,LA TROBE ST NE OF KING ST,INTERSECTION,All Moves,KING ST/LA TROBE ST,9999,Missing Data,LA TROBE STREET,SCATS,Scats,Between 5 and 10 Years,8,2008,9600,0,0.0
144.74449254512112,-37.82381359696465,27516,27236,56125,JESSICA WAY N OF DOHERTYS RD,INTERSECTION,All Moves,DOHERTYS RD/JESSICA WAY,9999,Missing Data,JESSICA WAY,SCATS,Scats,Greater than 10 Years,0,0,0,0,0.0
144.35262410725227,-38.14742228773018,27517,27645,23183,PRINCES HIGHWAY WEST SOUTH BD NORTH OF MYERS STREET,MIDBLOCK,All Moves,PRINCES HIGHWAY WEST NORTH BD NORTH OF MYERS STREET,2800,CORIO-WAURN PONDS ROAD,LATROBE TERRACE,APARX,Classification,Greater than 10 Years,0,0,0,0,0.0
145.17310110200307,-37.821388182799325,27569,27660,24694,LAUGHLIN AV W BD W OF SPRINGVALE RD,MIDBLOCK,All Moves,LAUGHLIN AV W OF SPRINGVALE RD,9999,Missing Data,LAUGHLIN AVENUE,APARX,Classification,Between 5 and 10 Years,8,2008,370,0,0.01
146.78892496934466,-38.15389720064713,27579,27663,52968,LYONS ST N BD 30M NORTH ROSEDALE-LONGFORD RD,MIDBLOCK,All Moves,LYONS ST 30M NORTH ROSEDALE-LONGFORD RD,5590,ROSEDALE-LONGFORD ROAD,LYONS STREET,APARX,Classification,Between 2 and 5 Years,3,2013,840,150,0.19
144.65708201864814,-37.70345259534033,27623,27009,24695,LEAKES RD S BD BTW BEATTYS RD & WESTERN FWY,MIDBLOCK,All Moves,LEAKES RD BTW BEATTYS RD & WESTERN FWY,9999,Missing Data,LEAKES ROAD,APARX,Classification,Between 5 and 10 Years,8,2008,530,60,0.13
144.9784278828432,-37.80927279968321,27629,27506,24757,LANDSDOWNE ST S BD BTWN VICTORIA PDE & ALBERT ST,MIDBLOCK,All Moves,LANDSDOWNE ST BTWN VICTORIA PDE & ALBERT ST,5102,LANSDOWNE STREET,LANSDOWNE STREET,APARX,Classification,Between 2 and 5 Years,5,2011,4700,140,0.03
145.89825088939153,-38.312505103062605,27638,27012,23152,KORUMBURRAA-WARRAGUL RD S BD BTW DROUIN-KORUMBURRA RD & MOUNTAIN VIEW RD,MIDBLOCK,All Moves,KORUMBURRAA-WARRAGUL RD BTW DROUIN-KORUMBURRA RD & MOUNTAIN VIEW RD,5682,KORUMBURRA-WARRAGUL ROAD,KORUMBURRA-WARRAGUL ROAD,APARX,Classification,Between 5 and 10 Years,7,2009,260,30,0.13
146.78892496934466,-38.15389720064713,27641,27676,51087,LYONS ST S BD 30M NORTH ROSEDALE-LONGFORD RD,MIDBLOCK,All Moves,LYONS ST 30M NORTH ROSEDALE-LONGFORD RD,5590,ROSEDALE-LONGFORD ROAD,LYONS STREET,APARX,Classification,Between 2 and 5 Years,3,2013,880,190,0.22
145.1795192434085,-37.9069173055277,27656,27772,52505,LUM_RD S OF FERNTREE_GULLY_RD,INTERSECTION,All Moves,FERNTREE GULLY RD/LUM RD,9999,Missing Data,LUM ROAD,SCATS,Scats,Between 5 and 10 Years,8,2008,2000,0,0.0
146.55216535259484,-38.19442599558583,27665,27680,51907,LIDDARD RD S OF PRINCES HWY EAST,INTERSECTION,All Moves,LIDDARD RD & PARK LN & PRINCES HWY EAST,9999,Missing Data,LIDDIARD ROAD,TMVMT,Manual,Greater than 10 Years,18,1998,3000,330,0.11
144.744044798734,-37.839183764066064,27691,27118,24679,LEAKES RD W BD W OF PALMERS RD,MIDBLOCK,All Moves,LEAKES RD W OF PALMERS RD,9999,Missing Data,LEAKES ROAD,APARX,Classification,Between 5 and 10 Years,8,2008,6000,420,0.07
146.55241274587863,-38.19231958974934,27701,27023,24597,DEAKIN ST S OF CAR PARK ENTRY,INTERSECTION,All Moves,CAR PARK ENTRY & DEAKIN ST,9999,Missing Data,LIDDIARD ROAD,TMVMT,Manual,Greater than 10 Years,0,0,0,0,0.0
144.937439107933,-37.8257674934458,27702,27120,56058,WEST GATE FWY MAINLINE CARRIAGEWAY W BD E OF WESTERN LINK (AT INGLES ST),INTERSECTION,Missing Data,WEST GATE FWY E OF WESTERN LINK (AT INGLES ST) MAINLINE+RAMPS,9999,Missing Data,INGLES STREET,MOTSV,Manual,Between 2 and 5 Years,4,2012,63000,7000,0.11
146.78916087995412,-38.152849597926966,27707,27520,24510,ROSEDALE-LONGFORD RD S OF PRINCES HWY EAST,INTERSECTION,All Moves,PRINCES HWY EAST & ROSEDALE-LONGFORD RD,5590,ROSEDALE-LONGFORD ROAD,LYONS STREET,TMVMT,Manual,Greater than 10 Years,0,0,0,0,0.0
144.7791592875137,-37.70374059585262,27738,27029,53488,ACCESS RD W OF KINGS RD,INTERSECTION,All Moves,KINGS RD / ACCESS RD,5009,KINGS ROAD,KINGS ROAD,SCATS,Scats,Between 2 and 5 Years,5,2011,5800,0,0.0
144.71809405831968,-37.42878218684324,27746,27126,23214,GISBORNE-KILMORE RD SWBD 300M SW OF MELBOURNE-LANCEFIELD RD,MIDBLOCK,All Moves,GISBORNE-KILMORE RD N300M SW OF MELBOURNE-LANCEFIELD RD,5396,GISBORNE-KILMORE ROAD,KILMORE ROAD,APARX,Classification,Greater than 10 Years,0,0,0,0,0.0
144.9784696123057,-37.79833763148573,27753,27695,53303,JOHNSTON ST W OF NAPIER ST,INTERSECTION,All Moves,JOHNSTON ST/NAPIER ST,5853,JOHNSTON STREET,JOHNSTON STREET,SCATS,Scats,Greater than 10 Years,0,0,0,0,0.0
144.68233300565566,-37.83329328441914,27754,27789,23417,LEAKES RD E OF DERRIMUT RD DEPARTURE,INTERSECTION,All Moves,DERRIMUT RD N OF LEAKES RD DEPARTURE,9999,Missing Data,LEAKES ROAD,TMVMT,Manual,Greater than 10 Years,0,0,0,0,0.0
145.17310110200307,-37.821388182799325,27765,27697,48922,LAUGHLIN AV W OF SPRINGVALE RD DEPARTURE,INTERSECTION,All Moves,SPRINGVALE RD N OF LAUGHLIN AV DEPARTURE,9999,Missing Data,LAUGHLIN AVENUE,TMVMT,Manual,Greater than 10 Years,0,0,0,0,0.0
145.2257129515452,-38.016500792611325,27767,27288,52408,KITCHEN RD S OF GREENS RD,INTERSECTION,All Moves,GREENS RD/KITCHEN RD,9999,Missing Data,KITCHEN ROAD,SCATS,Scats,Between 5 and 10 Years,8,2008,2200,0,0.0
145.26529779429984,-37.91394448440845,27779,27793,54111,KELLETTS RD W OF NAPOLEON RD,INTERSECTION,All Moves,KELLETS RD/NAPOLEON RD,5428,KELLETTS ROAD,KELLETTS ROAD,SCATS,Scats,Between 2 and 5 Years,5,2011,6900,0,0.0
144.8505096072057,-37.73789288709729,27791,27796,23754,KEILOR PARK DR SE OF WESTERN RING RD NTH BND RAMPS DEPARTURE,INTERSECTION,All Moves,WESTERN RING RD NTH BND RAMPS NE OF KEILOR PARK DR DEPARTURE,5054,KEILOR PARK DRIVE,KEILOR PARK DRIVE,TMVMT,Manual,Greater than 10 Years,0,0,0,0,0.0
144.82196684095163,-37.82181226881705,27810,27296,49683,LITTLE BOUNDARY RD NWBD INTERSECTING MELBOURNE WATER RESERVE,MIDBLOCK,All Moves,LITTLE BOUNDARY RD INTERSECTING MELBOURNE WATER RESERVE,5448,LITTLE BOUNDARY ROAD,LITTLE BOUNDARY ROAD,APARX,Classification,Greater than 10 Years,15,2001,11000,2600,0.22
144.94193075906657,-37.66859538850205,27829,27542,50346,KING ST S of BARRY RD,INTERSECTION,All Moves,BARRY RD & MAFFRA ST,9999,Missing Data,KING STREET,TMVMT,Manual,Greater than 10 Years,20,1996,2400,0,0.0
144.9681090165087,-37.79391319863688,27845,27147,834,LYGON_ST S of LYTTON_ST,INTERSECTION,All Moves,LYGON ST NR LYTTON ST,9999,Missing Data,LYGON STREET,SCATS,Scats,Greater than 10 Years,19,1997,13000,0,0.0
144.24581492056586,-36.75891971836024,27911,27169,24363,GOLDEN SQUARE-LONG GULLY RD N BD 100M N OF CALDER HWY (MARONG RD) @ 6.3KM FROM,MIDBLOCK,All Moves,GOLDEN SQUARE-LONG GULLY RD 100M N OF CALDER HWY (MARONG RD) @ 6.3KM FROM,5835,GOLDEN SQUARE-LONG GULLY ROAD,INGLIS STREET,APARX,Classification,Less than 2 Years,1,2015,2800,230,0.08
144.83365440972318,-37.84999066546829,27937,27082,54853,KOROROIT CREEK RD E BD W OF MILLERS RD,MIDBLOCK,All Moves,KOROROIT CREEK RD W OF MILLERS RD,5833,KOROROIT CREEK ROAD,KOROROIT CREEK ROAD,APARX,Classification,Greater than 10 Years,0,0,0,0,0.0
144.233864000979,-36.71553802970933,27955,27088,23363,LODDON VALLEY HWY E OF LEGGO ST DEPARTURE,INTERSECTION,All Moves,LEGGO ST N OF LODDON VALLEY HWY DEPARTURE,2630,LODDON VALLEY HIGHWAY,LODDON VALLEY HIGHWAY,TMVMT,Manual,Greater than 10 Years,0,0,0,0,0.0
145.22388091367995,-37.71427979112437,27961,27186,56262,KANGAROO GROUND-WARRANDYTE RD NWBD N OF PIGEON BANK LA,MIDBLOCK,All Moves,KANGAROO GROUND-WARRANDYTE RD N OF PIGEON BANK LA,5810,WARRANDYTE-KANGAROO GROUND ROAD,KANGAROO GROUND-WARRANDYTE ROAD,APARX,Classification,Greater than 10 Years,0,0,0,0,0.0
144.82037582229452,-37.82011878698108,27965,27187,54041,LITTLE BOUNDARY RD SEBD NW OF PIPE RD,MIDBLOCK,All Moves,LITTLE BOUNDARY RD NW OF PIPE RD,5448,LITTLE BOUNDARY ROAD,LITTLE BOUNDARY ROAD,APARX,Classification,Greater than 10 Years,0,0,0,0,0.0
145.3028856022037,-37.924080199216206,27974,27190,56276,LYSTERFIELD RD S BD N OF WELLINGTON RD,MIDBLOCK,All Moves,LYSTERFIELD RD N OF WELLINGTON RD,5782,LYSTERFIELD ROAD,LYSTERFIELD ROAD,APARX,Classification,Between 2 and 5 Years,5,2011,4500,250,0.06
146.283942905845,-38.18994619904146,27987,27099,54740,PRINCES FWY ON RAMP SE BD FROM JOHN FIELD DR,MIDBLOCK,On Ramp,PRINCES FWY OFF RAMP TO JOHN FIELD DR,7031,7841B 2510F,JOHN FIELD-PRINCES OUT RAMP ON,APARX,Classification,Greater than 10 Years,13,2003,4500,250,0.06
144.68233300565566,-37.83329328441914,30001,30701,1638,LEAKES RD E BD BTW NIGHTHAWK RD & TARNEIT RD,MIDBLOCK,All Moves,LEAKES RD BTW NIGHTHAWK RD & TARNEIT RD,9999,Missing Data,LEAKES ROAD,APARX,Classification,Between 5 and 10 Years,7,2009,50,0,0.11
144.78081621143755,-37.73477670165151,30025,30811,58317,KINGS RD N BD BTW GILLESPIE RD & CHARLBURY RD,MIDBLOCK,All Moves,KINGS RD BTW GILLESPIE RD & CHARLBURY RD,5875,KEILOR-LAVERTON ROAD,KINGS ROAD,APCLM,Permanent Classification,Greater than 10 Years,0,0,0,0,0.0
145.16705423144396,-38.259873706831854,30032,30718,56834,JONES RD S BD N OF MORNINGTON-TYABB RD,MIDBLOCK,All Moves,JONES RD N OF MORNINGTON-TYABB RD,9999,Missing Data,JONES ROAD,APARX,Classification,Between 2 and 5 Years,2,2014,2500,150,0.06
144.9380367853771,-37.66402309541634,30035,30816,206,KYABRAM ST N OF BARRY RD,INTERSECTION,All Moves,BARRY RD/KYABRAM ST,9999,Missing Data,KYABRAM STREET,SCATS,Scats,Greater than 10 Years,13,2003,2400,0,0.0
145.08680560424682,-37.9838827773633,30048,30726,56699,LOWER DANDENONG RD W OF SOUTHERN RD,INTERSECTION,All Moves,LOWER DANDENONG RD/SOUTHERN RD,2050,STATE (LOWER DANDENONG/CHELTENHAM) HIGHWAY,LOWER DANDENONG ROAD,SCATS,Scats,Between 2 and 5 Years,4,2012,12000,0,0.0
145.10234220821883,-37.95623862145918,30066,30735,26374,KINGSTON RD E OF OLD DANDENONG RD,INTERSECTION,All Moves,KINGSTON RD & OLD DANDENONG RD,5970,HEATHERTON ROAD,KINGSTON ROAD,TMVMT,Manual,Greater than 10 Years,0,0,0,0,0.0
148.47627760122867,-37.722291276816215,30101,30849,57915,MARLO RD N BD 2.1KM S OF PRINCES HWY EAST @ 3.2KM FROM ORBOST,MIDBLOCK,All Moves,MARLO RD 2.1KM S OF PRINCES HWY EAST @ 3.2KM FROM ORBOST,9999,Missing Data,LOCHEND ROAD,APARX,Classification,Less than 2 Years,1,2015,440,70,0.17
143.95232938584766,-36.18302840079228,30104,30851,71,LODDON VALLEY HIGHWAY N BD BTWN BOORT-MITIAMO ROAD & BOORT-PYRAMID ROAD,MIDBLOCK,All Moves,LODDON VALLEY HIGHWAY BTWN BOORT-PYRAMID ROAD & BOORT-MITIAMO ROAD,2630,LODDON VALLEY HIGHWAY,LODDON VALLEY HIGHWAY,APARX,Classification,Between 2 and 5 Years,3,2013,860,230,0.27
143.92183254475793,-35.72798459329488,30120,30762,58178,LODDON CRESCENT N BD BTWN BOUNDARY STREET & WATTLE AV,MIDBLOCK,All Moves,LODDON CRESCENT BTWN WATTLE AV & BOUNDARY STREET,5332,KERANG-MURRABIT ROAD,LODDON CRESCENT,APARX,Classification,Between 2 and 5 Years,3,2013,360,30,0.1
144.97681281215225,-37.84943788601088,30127,30765,57672,LAKESIDE_DR NW OF LINK_RD,INTERSECTION,All Moves,LAKESIDE DR/LAKESIDE DR,9999,Missing Data,LAKESIDE DRIVE,SCATS,Scats,Greater than 10 Years,18,1998,5400,0,0.0
144.19911602986525,-36.67469658567515,30172,30505,2095,LODDON VALLEY HWY NWBD 100M NW OF RILEYS RD,MIDBLOCK,All Moves,LODDON VALLEY HWY 100M NW OF RILEYS RD,2630,LODDON VALLEY HIGHWAY,LODDON VALLEY HIGHWAY,APARX,Classification,Greater than 10 Years,0,0,0,0,0.0
144.99298129488915,-37.79984481948038,30186,30013,25471,JOHNSTON ST E OF HODDLE ST DEPARTURE,INTERSECTION,All Moves,HODDLE ST N OF JOHNSTON ST DEPARTURE,5853,JOHNSTON STREET,JOHNSTON STREET,TMVMT,Manual,Greater than 10 Years,0,0,0,0,0.0
144.86923411288458,-37.85581051532304,30188,30509,24853,KOROROIT CREEK RD E OF MILLERS RD DEPARTURE,INTERSECTION,All Moves,MILLERS RD N OF KOROROIT CREEK RD DEPARTURE,5833,KOROROIT CREEK ROAD,KOROROIT CREEK ROAD,TMVMT,Manual,Greater than 10 Years,0,0,0,0,0.0
143.38296418231954,-37.434360302469095,30191,30014,1426,SKIPTON RD N BD BTW HAVELOCK ST & WALKER ST,MIDBLOCK,All Moves,SKIPTON RD BTW HAVELOCK ST & WALKER ST,5090,SKIPTON ROAD,LAWRENCE STREET,APARX,Classification,Between 5 and 10 Years,6,2010,650,60,0.1
143.73208824498687,-37.04516927116124,30194,30786,27151,INKERMAN ST SEBD BTW GOLDSMITH ST & BARKLY ST,MIDBLOCK,All Moves,INKERMAN ST BTW GOLDSMITH ST & BARKLY ST,9999,Missing Data,INKERMAN STREET,APARX,Classification,Between 5 and 10 Years,6,2010,1400,60,0.05
144.97189219188266,-37.77039749572371,30225,30892,1954,LYGON ST N OF ALBERT ST DEPARTURE,INTERSECTION,All Moves,LYGON ST N OF ALBERT ST DEPARTURE,9999,Missing Data,LYGON STREET,TMVMT,Manual,Greater than 10 Years,0,0,0,0,0.0
142.1865344311159,-34.3030022869434,30226,30518,1297,CALDER HWY N BD BTW FITZROY AV & GOULBURN AV,MIDBLOCK,All Moves,CALDER HWY BTW FITZROY AV & GOULBURN AV,2530,CALDER HIGHWAY,JACARANDA STREET,APARX,Classification,Between 5 and 10 Years,6,2010,4200,430,0.1
144.98298239438867,-37.288663881183595,30256,30526,25636,KILMORE EAST RD W BD BTW NORTHERN HWY & OGRADYS RD,MIDBLOCK,All Moves,KILMORE EAST RD BTW NORTHERN HWY & OGRADYS RD,9999,Missing Data,KILMORE EAST ROAD,APARX,Classification,Between 2 and 5 Years,5,2011,1000,100,0.11
144.97488369837333,-37.79795280666437,30267,30036,2252,NICHOLSON ST N OF GERTRUDE ST,INTERSECTION,All Moves,GERTRUDE ST & NICHOLSON ST,5853,JOHNSTON STREET,JOHNSTON STREET,TMVMT,Manual,Greater than 10 Years,0,0,0,0,0.0
145.07469851382734,-37.89829764033986,30270,30533,25632,KANGAROO RD W BD BTW HOWE ST & POATH RD,MIDBLOCK,All Moves,KANGAROO RD BTW HOWE ST & POATH RD,9999,Missing Data,KANGAROO ROAD,APARX,Classification,Between 2 and 5 Years,5,2011,3800,90,0.02
142.32597786853952,-38.3231952995196,30283,30044,1133,KOROIT-PORT FAIRY RD NEBd btwn PRINCES HWY WEST & LAKE VIEW RD,MIDBLOCK,All Moves,KOROIT-PORT FAIRY RD NBTWN PRINCES HWY WEST & LAKE VIEW RD,5121,KOROIT-PORT FAIRY ROAD,KOROIT-PORT FAIRY ROAD,APARX,Classification,Between 2 and 5 Years,3,2013,460,40,0.09
142.20082441662547,-36.70436430125134,30295,30050,595,HORSHAM-KALKE RD N BD BTW BOWDEN ST & WESTERN HWY,MIDBLOCK,All Moves,HORSHAM-KALKE RD BTW BOWDEN ST & WESTERN HWY,5273,HORSHAM-KALKEE ROAD,KALKEE ROAD,APARX,Classification,Between 2 and 5 Years,5,2011,3400,230,0.07
144.27565948725527,-36.765641285690336,30303,30054,26714,KING ST NE OF MYRTLE ST,INTERSECTION,All Moves,KING ST & MYRTLE ST,9999,Missing Data,KING STREET,TMVMT,Manual,Greater than 10 Years,0,0,0,0,0.0
144.96693555671047,-37.80065308918087,30383,30095,2639,LYGON ST N OF GRATTAN ST,INTERSECTION,All Moves,GRATTAN ST/LYGON ST,9999,Missing Data,LYGON STREET,SCATS,Scats,Greater than 10 Years,14,2002,13000,0,0.0
145.24839847643344,-37.87210469362642,30406,30102,1163,LEWIS ST N BD N OF BURWOOD HWY,INTERSECTION,All Moves,LEWIS ST N OF BURWOOD HWY,9999,Missing Data,LEWIS ROAD,TMVMT,Manual,Greater than 10 Years,16,2000,5400,280,0.05
143.38296418231954,-37.434360302469095,30408,30103,25612,SKIPTON RD S BD BTW HAVELOCK ST & WALKER ST,MIDBLOCK,All Moves,SKIPTON RD BTW HAVELOCK ST & WALKER ST,5090,SKIPTON ROAD,LAWRENCE STREET,APARX,Classification,Between 5 and 10 Years,6,2010,630,70,0.12
143.84167731227475,-37.572918944293086,30415,30903,58400,BALLARAT-CARNGHAM RD E BD BTW DRUMMOND ST & WINERMERE ST,MIDBLOCK,All Moves,BALLARAT-CARNGHAM RD BTW DRUMMOND ST & WINERMERE ST,5078,BALLARAT-CARNGHAM ROAD,LA TROBE STREET,APARX,Classification,Greater than 10 Years,11,2005,3900,310,0.08
144.9248708034462,-37.8207768920788,30468,30921,57648,LORIMER ST W BD BTW SALMON ST & HALL ST,MIDBLOCK,All Moves,LORIMER ST BTW SALMON ST & HALL ST,5597,LORIMER STREET,LORIMER STREET,APARX,Classification,Greater than 10 Years,11,2005,5800,740,0.13
146.707430017484,-37.859633000872805,30496,30634,58489,LICOLA RD N BD 150M N OF SEATON-GLENMAGGIE RD,MIDBLOCK,All Moves,LICOLA RD 150M N OF SEATON-GLENMAGGIE RD,5954,LICOLA ROAD,LICOLA ROAD,APARX,Classification,Between 5 and 10 Years,9,2007,120,40,0.36
144.96766781625217,-37.83346098694082,30506,30136,28301,PARK ST W OF ST KILDA RD,INTERSECTION,All Moves,ST KILDA RD/PARK ST/DOMAIN RD/ALBERT RD,2510,PRINCES HIGHWAY EAST,KINGS WAY,SCATS,Scats,Greater than 10 Years,0,0,0,0,0.0
145.12219099740952,-36.313497509766975,30550,30652,28668,BYRNESIDE-KYABRAM RD W BD 900M W OF LANCASTER-MOOROOPNA RD @ 6.5KM FROM KYABRAM,MIDBLOCK,All Moves,BYRNESIDE-KYABRAM RD 900M W OF LANCASTER-MOOROOPNA RD @ 6.5KM FROM KYABRAM,5364,BYRNESIDE-KYABRAM ROAD,LANCASTER ROAD,APARX,Classification,Between 2 and 5 Years,2,2014,1700,230,0.13
142.8795343378929,-38.60509528547436,30551,30151,477,GREAT OCEAN ROAD EAST BD WEST OF PORT CAMPBELL,MIDBLOCK,All Moves,GREAT OCEAN ROAD EAST BD WEST OF PORT CAMPBELL,9999,Missing Data,IRVINE STREET,APARX,Classification,Greater than 10 Years,0,0,0,0,0.0
143.536635336714,-38.78252185856878,30574,30660,855,GREAT OCEAN ROAD NORTH BD SOUTH OF LAVERS HILL,MIDBLOCK,All Moves,GREAT OCEAN ROAD NORTH BD SOUTH OF LAVERS HILL,4901,OTWAY LIGHTHOUSE ROAD,LIGHTHOUSE ROAD,APARX,Classification,Greater than 10 Years,0,0,0,0,0.0
147.1161133954372,-38.17369070251267,30575,30159,56946,LONGFORD-LOCH SPORT RD E BD 700M W OF WINDYRIDGE RD @ 3.5KM POST,MIDBLOCK,All Moves,LONGFORD-LOCH SPORT RD 700M W OF WINDYRIDGE RD @ 3.5KM POST,5915,LONGFORD-LOCH SPORT ROAD,LONGFORD-LOCH SPORT ROAD,APARX,Classification,Between 2 and 5 Years,2,2014,620,130,0.21
143.18818550580266,-38.432923983614,30578,30160,2078,TIMBOON-COLAC ROAD EAST BD WEST OF TOMAHAWK CREEK ROAD,MIDBLOCK,All Moves,TIMBOON-COLAC ROAD EAST BD WEST OF TOMAHAWK CREEK ROAD,5033,LAVERS HILL-COBDEN ROAD,LAVERS HILL-COBDEN ROAD,APARX,Classification,Greater than 10 Years,0,0,0,0,0.0
145.09222007370093,-37.7297205352352,30600,30965,26517,LOWER PLENTY RD NEBD NE of GREENSBOROUGH RD,INTERSECTION,All Moves,GREENSBOROUGH RD N OF LOWER PLENTY RD,5762,MAIN HEIDELBERG-ELTHAM ROAD,LOWER PLENTY ROAD,TMVMT,Manual,Greater than 10 Years,0,0,0,0,0.0
145.10624477053247,-38.03428243623598,30619,30675,26846,LOCHIEL AVE NE OF STATION ST,INTERSECTION,All Moves,NEPEAN HWY/LOCHIEL AVE/ALEXANDRA ST,9999,Missing Data,LOCHIEL AVENUE,SCATS,Scats,Between 2 and 5 Years,5,2011,1100,0,0.0
145.62518357490052,-38.5817683666999,30628,30678,56660,KORUMBURRA-WONTHAGGI RD S BD BTW HESLOP RD & OUTTRIM RD,MIDBLOCK,All Moves,KORUMBURRA-WONTHAGGI RD BTW HESLOP RD & OUTTRIM RD,5698,KORUMBURRA-WONTHAGGI ROAD,KORUMBURRA-WONTHAGGI ROAD,APARX,Classification,Greater than 10 Years,13,2003,420,40,0.11
145.37915820123362,-37.724666871297096,30640,30682,25339,KILLARA RD E OF MAROONDAH HWY DEPARTURE,INTERSECTION,All Moves,MAROONDAH HWY N OF KILLARA RD DEPARTURE,9999,Missing Data,KILLARA ROAD,TMVMT,Manual,Greater than 10 Years,0,0,0,0,0.0
145.7035311527634,-38.518403891687576,30644,30182,26121,KORUMBURRA-WONTHAGGI RD SWBD 200M NORTH-EAST OF BENA-KONGWAK RD @ 15.8KM FROM KO,MIDBLOCK,All Moves,KORUMBURRA-WONTHAGGI RD N200M NORTH-EAST OF BENA-KONGWAK RD @ 15.8KM FROM KO,5698,KORUMBURRA-WONTHAGGI ROAD,KORUMBURRA-WONTHAGGI ROAD,APARX,Classification,Greater than 10 Years,18,1998,370,30,0.11
142.2013358223008,-36.69998501094108,30647,30183,25789,HORSHAM-KALKEE RD S BD 400M S OF RASMUSSEN RD @ 1.2KM FROM HORSHAM,MIDBLOCK,All Moves,HORSHAM-KALKEE RD 400M S OF RASMUSSEN RD @ 1.2KM FROM HORSHAM,5273,HORSHAM-KALKEE ROAD,KALKEE ROAD,APARX,Classification,Between 5 and 10 Years,7,2009,700,50,0.08
144.3527219743569,-38.14692689446684,30649,30685,1905,LATROBE TCE N OF ABERDEEN ST,INTERSECTION,Incomplete Through,ABERDEEN ST & LATROBE TCE & RYRIE ST,2800,CORIO-WAURN PONDS ROAD,LATROBE TERRACE,TMVMT,Manual,Greater than 10 Years,0,0,0,0,0.0
145.61854231760918,-37.78816879203694,30695,30199,26887,LITTLE YARRA RD SE OF WARBURTON HWY,INTERSECTION,All Moves,WARBURTON HWY/LITTLE YARRA RD,5525,YARRA JUNCTION-NOOJEE ROAD,LITTLE YARRA ROAD,SCATS,Scats,Greater than 10 Years,0,0,0,0,0.0
144.83366090744272,-37.84999145833388,30709,30305,24766,KOROROIT CREEK RD W BD BTW TOLL DR & DRAKE BVD,MIDBLOCK,All Moves,KOROROIT CREEK RD BTW TOLL DR & DRAKE BVD,5833,KOROROIT CREEK ROAD,KOROROIT CREEK ROAD,APARX,Classification,Between 2 and 5 Years,5,2011,8700,630,0.07
144.9784278828432,-37.80927279968321,30710,30203,578,LANDSDOWNE ST N BD BTWN VICTORIA PDE & ALBERT ST,MIDBLOCK,All Moves,LANDSDOWNE ST BTWN VICTORIA PDE & ALBERT ST,5102,LANSDOWNE STREET,LANSDOWNE STREET,APARX,Classification,Between 2 and 5 Years,5,2011,6100,240,0.04
146.46031739649925,-38.699266081757386,30711,30403,2472,PORT WELSHPOOL RD E BD BTW ALBERT RD & STRATTON ST,MIDBLOCK,All Moves,PORT WELSHPOOL RD BTW ALBERT RD & STRATTON ST,5908,PORT WELSHPOOL ROAD,LEWIS STREET,APARX,Classification,Greater than 10 Years,0,0,0,0,0.0
145.1787050112746,-37.96483279764914,30712,30306,2627,KELVINSIDE RD N OF HEATHERTON RD,INTERSECTION,All Moves,HEATHERTON RD/KELVINSIDE RD,9999,Missing Data,KELVINSIDE ROAD,SCATS,Scats,Greater than 10 Years,0,0,0,0,0.0
145.8160118804647,-38.43622338546659,30713,30204,56914,JUMBUNNA ROAD SWBD BTWN COMMERCIAL STREET & SOMMERS CRESCENT,MIDBLOCK,All Moves,JUMBUNNA ROAD NBTWN SOMMERS CRESCENT & COMMERCIAL STREET,5698,KORUMBURRA-WONTHAGGI ROAD,JUMBUNNA ROAD,APARX,Classification,Less than 2 Years,1,2015,1800,130,0.07
144.70114279567136,-37.83560558128722,30719,30406,1407,LEAKES RD E BD BTW MORRIS RD & KULIN DR,MIDBLOCK,All Moves,LEAKES RD BTW MORRIS RD & KULIN DR,9999,Missing Data,LEAKES ROAD,APARX,Classification,Between 5 and 10 Years,7,2009,4900,290,0.06
144.95732107785065,-37.81371293446769,30722,30309,26881,WILLIAMS ST SE OF LA TROBE ST,INTERSECTION,All Moves,WILLIAM ST/LA TROBE ST,9999,Missing Data,LONSDALE STREET,SCATS,Scats,Greater than 10 Years,0,0,0,0,0.0
144.69228560794892,-37.834611148516686,30753,30320,27159,LEAKES RD W BD BTWN MORRIS RD & WOODS RD,MIDBLOCK,All Moves,LEAKES RD BTWN MORRIS RD & WOODS RD,9999,Missing Data,LEAKES ROAD,APARX,Classification,Between 2 and 5 Years,5,2011,8900,360,0.04
144.80523361122889,-37.84673965857005,30777,30425,26503,KOKOROIT CREEK RD E OF ACCESS RD,INTERSECTION,All Moves,KOKOROIT CREEK RD/ACCESS RD,5833,KOROROIT CREEK ROAD,KOROROIT CREEK ROAD,SCATS,Scats,Greater than 10 Years,0,0,0,0,0.0
145.7078915828749,-38.3346222915081,30786,30227,2790,NYORA-POOWONG RD NWBD 1700M NW OF OGILVYS RD,MIDBLOCK,All Moves,NYORA-POOWONG RD 1700M NW OF OGILVYS RD,5691,LANG LANG-POOWONG ROAD,LANG LANG-POOWONG ROAD,APARX,Classification,Between 2 and 5 Years,3,2013,240,20,0.11
145.05756201631695,-37.88659530177022,30787,30428,27778,KOORNANG RD S BD AT RAIL CROSSING CARNEGIE,INTERSECTION,All Moves,KOORNANG RD AT RAIL CROSSING CARNEGIE,9999,Missing Data,KOORNANG ROAD,MOTSV,Manual,Greater than 10 Years,0,0,0,0,0.0
145.2182472578256,-37.99594427003206,30790,30429,27899,LONSDALE ST NW OF FRANKSTON-DANDENONG RD,INTERSECTION,All Moves,DANDENONG-FRANKSTON RD/LONSDALE ST,2510,PRINCES HIGHWAY EAST,LONSDALE STREET,SCATS,Scats,Greater than 10 Years,0,0,0,0,0.0
145.05329399535293,-37.895575393163845,30794,30430,2174,LYONS ST E BD BTW MOIRA AV & KOORNANG RD,MIDBLOCK,All Moves,LYONS ST BTW MOIRA AV & KOORNANG RD,9999,Missing Data,LYONS STREET,APARX,Classification,Between 2 and 5 Years,5,2011,330,10,0.05
145.0550379044035,-37.899862900154574,30795,30335,2260,KOORNANG RD N OF NORTH RD,INTERSECTION,All Moves,KOORNANG RD & NORTH RD & TUCKER RD,9999,Missing Data,KOORNANG ROAD,TMVMT,Manual,Greater than 10 Years,0,0,0,0,0.0
144.92741667110772,-37.79428518584896,30811,30340,26791,KENSINGTON RD SW OF EPSOM RD,INTERSECTION,All Moves,MACAULAY RD/EPSOM RD/KENSINGTON RD,9999,Missing Data,KENSINGTON ROAD,SCATS,Scats,Greater than 10 Years,0,0,0,0,0.0
145.7078915828749,-38.3346222915081,30829,30242,1316,NYORA-POOWONG RD E BD 850M E OF OGILVYS RD,MIDBLOCK,All Moves,NYORA-POOWONG RD 850M E OF OGILVYS RD,5691,LANG LANG-POOWONG ROAD,LANG LANG-POOWONG ROAD,APARX,Classification,Between 2 and 5 Years,3,2013,310,30,0.11
144.0606152727572,-38.112163000052846,30886,30461,26350,INVERLEIGH-WINCHELSEA ROAD SOUTH BD NORTH OF THOMAS ROAD,MIDBLOCK,All Moves,INVERLEIGH-WINCHELSEA ROAD NORTH BD NORTH OF THOMAS ROAD,5073,INVERLEIGH-WINCHELSEA ROAD,INVERLEIGH-WINCHELSEA ROAD,APARX,Classification,Greater than 10 Years,0,0,0,0,0.0
143.5222322567284,-38.85326052654919,30887,30261,2410,OTWAY LIGHTHOUSE ROAD NORTH BD PAST CATTLE GRID,MIDBLOCK,All Moves,OTWAY LIGHTHOUSE ROAD NORTH BD PAST CATTLE GRID,9999,Missing Data,LIGHTHOUSE ROAD,APARX,Classification,Greater than 10 Years,0,0,0,0,0.0
145.07469851382734,-37.89829764033986,30907,30268,24940,KANGAROO RD E OF POATH RD,INTERSECTION,All Moves,KANGAROO RD & POATH RD,9999,Missing Data,KANGAROO ROAD,TMVMT,Manual,Greater than 10 Years,0,0,0,0,0.0
144.34394346801983,-37.38103547731684,30908,30372,25217,TRENTHAM ROAD SWBD BTWN TRENTHAM FALLS ROAD & PEARSONS ROAD,MIDBLOCK,All Moves,TRENTHAM ROAD NBTWN PEARSONS ROAD & TRENTHAM FALLS ROAD,5194,KYNETON-TRENTHAM ROAD,KYNETON-TRENTHAM ROAD,APARX,Classification,Between 2 and 5 Years,3,2013,580,40,0.08
145.17096952387087,-38.099250905854674,30910,30269,58201,LATHAMS RD E BD BTW DANDENONG-FRANKSTON RD & TITAN DR,MIDBLOCK,All Moves,LATHAMS RD BTW DANDENONG-FRANKSTON RD & TITAN DR,9999,Missing Data,LATHAMS ROAD,APARX,Classification,Between 5 and 10 Years,9,2007,7900,780,0.1
144.05828774236886,-38.10078820322804,30912,30270,26689,HAMILTON HIGHWAY WEST BD WEST OF INVERLEIGH,MIDBLOCK,All Moves,HAMILTON HIGHWAY EAST BD WEST OF INVERLEIGH,9999,Missing Data,INVERLEIGH-WINCHELSEA ROAD,APARX,Classification,Greater than 10 Years,0,0,0,0,0.0
144.29214491035123,-38.066519757138366,30914,30470,679,GEELONG-BALLAN ROAD NORTH BD NORTH OF STEIGTITZ ROAD,MIDBLOCK,All Moves,GEELONG-BALLAN ROAD NORTH BD NORTH OF STEIGTITZ ROAD,9999,Missing Data,LOVELY BANKS ROAD,APARX,Classification,Greater than 10 Years,0,0,0,0,0.0
144.97039093267983,-37.838798856280015,30974,30394,28654,LAKESIDE DR S BD 150M S OF ALBERT RD,UNDEFINED,All Moves,LAKESIDE DR 150M S OF ALBERT RD,9999,Missing Data,LAKESIDE DRIVE,APARX,Classification,Greater than 10 Years,15,2001,10000,0,0.0
144.68233300565566,-37.83329328441914,30999,30499,25470,TARNEIT RD E OF LEAKES RD DEPARTURE,INTERSECTION,All Moves,LEAKES RD N OF TARNEIT RD DEPARTURE,9999,Missing Data,LEAKES ROAD,TMVMT,Manual,Greater than 10 Years,0,0,0,0,0.0
144.97268508472945,-37.76603329393636,32018,32907,9078,LYGON ST N OF BLYTH ST,INTERSECTION,All Moves,LYGON ST/BLYTH ST,9999,Missing Data,LYGON STREET,SCATS,Scats,Less than 2 Years,0,2016,10000,0,0.0
145.0907286113828,-37.96970209939487,32048,32923,7060,DANDENONG VALLEY HWY N OF KING ST,INTERSECTION,Incomplete Through,DANDENONG VALLEY HWY & KING ST,9999,Missing Data,KINGSTON CENTRAL BOULEVARD,TMVMT,Manual,Greater than 10 Years,0,0,0,0,0.0
144.85096804413635,-37.73164400961118,32069,32436,31227,KEILOR PARK DR NB LN2 BTW OLD CALDER HWY & BRIMBANK RD,MIDBLOCK,Incomplete Through,KEILOR PARK DR BTW OLD CALDER HWY & BRIMBANK RD,5054,KEILOR PARK DRIVE,KEILOR PARK DRIVE,APARX,Classification,Greater than 10 Years,21,1995,2000,90,0.05
145.14306410651835,-37.99070054764724,32076,32439,29813,LOWER DANDENONG RD W BD W OF SPRINGVALE RD,INTERSECTION,All Moves,LOWER DANDENONG RD W OF SPRINGVALE RD,2050,STATE (LOWER DANDENONG/CHELTENHAM) HIGHWAY,LOWER DANDENONG ROAD,MOTSV,Manual,Between 2 and 5 Years,5,2011,25000,1800,0.07
146.89726710677314,-36.10321390321328,32097,32448,30574,HUME HWY S BD 900M N OF HUME FWY @306.9KM POST,MIDBLOCK,All Moves,HUME HWY 900M N OF HUME FWY @306.9KM POST,5510,LINCOLN CAUSEWAY,LINCOLN CAUSEWAY,APARX,Classification,Less than 2 Years,1,2015,8400,390,0.05
145.14992100788393,-37.78880016698925,32098,32947,6298,JACKSON COURT S OF DONCASTER RD,INTERSECTION,All Moves,DONCASTER RD/JACKSON COURT,9999,Missing Data,JACKSON COURT ALT,SCATS,Scats,Greater than 10 Years,0,0,0,0,0.0
145.10360000833967,-37.98592513318778,32105,32203,6737,LOWER DANDENONG RD AT SIBTHORPE ST,INTERSECTION,Scheduled PubTpt Bus flow,LOWER DANDENONG RD AT SIBTHORPE ST,2050,STATE (LOWER DANDENONG/CHELTENHAM) HIGHWAY,LOWER DANDENONG ROAD,PUBTT,Other,Greater than 10 Years,0,0,0,0,0.0
145.06950451258916,-37.757232496435535,32143,32811,6048,LOWER HEIDELBERG RD N of BURGUNDY ST,INTERSECTION,All Moves,BURGUNDY ST & LOWER HEIDELBERG R,2850,GREENSBOROUGH HIGHWAY,LOWER HEIDELBERG ROAD,TMVMT,Manual,Greater than 10 Years,24,1992,19000,480,0.02
142.40115349650267,-36.2532450588302,32250,32325,5094,BORUNG HWY E BD BTW THOMAS ST & HENTY HWY,MIDBLOCK,All Moves,BORUNG HWY BTW THOMAS ST & HENTY HWY,2690,BORUNG HIGHWAY,LYLE STREET,APARX,Classification,Between 5 and 10 Years,6,2010,670,100,0.16
145.01258465729725,-37.82922979407944,32251,32718,4568,LOYOLA GV N OF TWICKENHAM CR DEPARTURE,INTERSECTION,All Moves,LOYOLA GV N OF TWICKENHAM CR DEPARTURE,5856,BURNLEY-KEW ROAD,LOYOLA GROVE,TMVMT,Manual,Greater than 10 Years,0,0,0,0,0.0
144.3339359959062,-38.18613837448967,32252,32827,29103,KIDMAN AV SE OF PRINCES HWY DEPARTURE,INTERSECTION,All Moves,PRINCES HWY NE OF KIDMAN AV DEPARTURE,9999,Missing Data,KIDMAN AVENUE,TMVMT,Manual,Greater than 10 Years,0,0,0,0,0.0
146.51453673576333,-38.20430620164724,32262,32223,8582,KOSCIUSKO ST N BD N of PRINCES HWY,INTERSECTION,All Moves,KOSCIUSKO ST N OF PRINCES HWY,9999,Missing Data,KOSCIUSZKO STREET,TMVMT,Manual,Greater than 10 Years,0,0,0,0,0.0
145.1262342164931,-37.76950605428074,32266,32476,9952,LYNNWOOD PDE 10M AFTER MONTPELLIER CRES,INTERSECTION,Scheduled PubTpt Bus flow,LYNNWOOD PDE 10M AFTER MONTPELLIER CRES,9999,Missing Data,LYNNWOOD PARADE,PUBTT,Other,Greater than 10 Years,0,0,0,0,0.0
145.24839847643344,-37.87210469362642,32269,32224,8573,LEWIS ST N OF BURWOOD HWY,INTERSECTION,All Moves,BURWOOD HWY & HIGH STREET RD,9999,Missing Data,LEWIS ROAD,TMVMT,Manual,Greater than 10 Years,16,2000,5600,300,0.05
145.23684807036824,-38.001410299768246,32289,32977,5875,LACE ST N of PRINCES HWY,INTERSECTION,All Moves,LACE ST & PRINCES HWY,9999,Missing Data,LACE STREET,TMVMT,Manual,Greater than 10 Years,26,1990,820,0,0.0
145.10128170040457,-37.72925428737874,32325,32485,8697,LOWER PLENTY RD 100M BEFORE YALLAMBIE RD,INTERSECTION,Scheduled PubTpt Bus flow,LOWER PLENTY RD 100M BEFORE YALLAMBIE RD,5762,MAIN HEIDELBERG-ELTHAM ROAD,LOWER PLENTY ROAD,PUBTT,Other,Greater than 10 Years,0,0,0,0,0.0
145.09491370669136,-37.98486442138785,32327,32983,31964,LOWER DANDENONG RD E OF WARREN RD,INTERSECTION,All Moves,LOWER DANDENONG RD/WARREN RD,2050,STATE (LOWER DANDENONG/CHELTENHAM) HIGHWAY,LOWER DANDENONG ROAD,SCATS,Scats,Greater than 10 Years,11,2005,13000,0,0.0
145.05866158868434,-37.746508479277445,32355,32489,7157,LOWER PLENTY RD 10M OPP ST JAMES RD,INTERSECTION,Scheduled PubTpt Bus flow,LOWER PLENTY RD 10M OPP ST JAMES RD,5743,LOWER PLENTY ROAD,LOWER PLENTY ROAD,PUBTT,Other,Greater than 10 Years,0,0,0,0,0.0
145.0634786018059,-37.74377389603459,32359,32490,10950,LOWER PLENTY RD 50M AFTER GRANDVIEW GR,INTERSECTION,Scheduled PubTpt Bus flow,LOWER PLENTY RD 50M AFTER GRANDVIEW GR,5743,LOWER PLENTY ROAD,LOWER PLENTY ROAD,PUBTT,Other,Greater than 10 Years,0,0,0,0,0.0
144.96196138579603,-37.82768351083735,32366,32989,30212,WEST GATE FWY OFF RAMP E BD TO KINGS WAY,UNDEFINED,Off Ramp,WEST GATE FWY OFF RAMP TO KINGS WAY,2510,PRINCES HIGHWAY EAST,KINGS WAY,APARX,Classification,Greater than 10 Years,25,1991,10000,0,0.0
144.91506467343999,-37.80139947644638,32405,32849,7364,KENSINGTON RD N OF DYNON RD,INTERSECTION,All Moves,DYNON RD/KENSINGTON RD,9999,Missing Data,KENSINGTON ROAD,SCATS,Scats,Between 2 and 5 Years,5,2011,6400,0,0.0
145.4914289321891,-38.08656810283788,32425,32852,4496,KOO WEE RUP RD N OF PRINCES FWY E BD RAMPS DEPARTURE,INTERSECTION,All Moves,KOO WEE RUP RD N OF PRINCES FWY RAMPS DEPARTURE,5770,HEALESVILLE-KOO-WEE-RUP ROAD,KOO WEE RUP ROAD,TMVMT,Manual,Greater than 10 Years,0,0,0,0,0.0
143.85781952251548,-37.561610695032805,32532,32870,4655,LYDIARD ST NO of STURT ST,INTERSECTION,All Moves,LYDIARD ST & STURT ST,9999,Missing Data,LYDIARD STREET,TMVMT,Manual,Greater than 10 Years,0,0,0,0,0.0
145.19075263016595,-37.95493620302184,32632,32117,12857,JACKSONS RD 40M AFTER HALTON RD,INTERSECTION,Scheduled PubTpt Bus flow,JACKSONS RD 40M AFTER HALTON RD,5170,JACKSONS ROAD,JACKSONS ROAD,PUBTT,Other,Greater than 10 Years,0,0,0,0,0.0
145.17018802662432,-37.9890198888091,32635,32275,7594,KINGSCLERE AV 35M BEFORE BALGOWLAH AVE,INTERSECTION,Scheduled PubTpt Bus flow,KINGSCLERE AV 35M BEFORE BALGOWLAH AVE,9999,Missing Data,KINGSCLERE AVENUE,PUBTT,Other,Greater than 10 Years,0,0,0,0,0.0
144.9829641142495,-37.7904388963,32681,32675,28945,JAMIESON ST S BD S OF MCKEAN ST,UNDEFINED,All Moves,JAMIESON ST S OF MCKEAN ST,9999,Missing Data,JAMIESON STREET,APARX,Classification,Greater than 10 Years,29,1987,640,0,0.0
144.88357821462142,-37.73410999271924,32688,32529,29426,KEILOR RD E OF NEWMAN ST,INTERSECTION,All Moves,KEILOR RD & NEWMAN ST & CALDER FWY ON RAMP & CALDER FWY OFF RAMP,8037,5592B 7218F,KEILOR ROAD,TMVMT,Manual,Greater than 10 Years,0,0,0,0,0.0
145.07731711045415,-37.95325704128462,32729,32680,29655,KINGSTON RD EA of WARRIGAL RD,INTERSECTION,All Moves,KINGSTON RD & MCGUIRE ST & WARRIGAL RD,5970,HEATHERTON ROAD,KINGSTON ROAD,TMVMT,Manual,Greater than 10 Years,28,1988,14000,1100,0.08
144.96838971535274,-37.79226029399899,32746,32780,28954,PRINCES ST W BD E OF LYGON ST,UNDEFINED,All Moves,PRINCES ST E OF LYGON ST,9999,Missing Data,LYGON STREET,APARX,Classification,Greater than 10 Years,28,1988,25000,0,0.0
145.0496740077865,-37.77169614377128,32762,32134,5388,LOWER HEIDELBERG RD 5M AFTER ROTHERWOOD RD,INTERSECTION,Scheduled PubTpt Bus flow,LOWER HEIDELBERG RD 5M AFTER ROTHERWOOD RD,5762,MAIN HEIDELBERG-ELTHAM ROAD,LOWER HEIDELBERG ROAD,PUBTT,Other,Greater than 10 Years,0,0,0,0,0.0
145.17543038680668,-37.994499301191325,32769,32540,7367,CHELTENHAM RD E OF STANLEY RD,INTERSECTION,All Moves,CHELTENHAM RD & STANLEY RD,9999,Missing Data,KINGSCLERE AVENUE,TMVMT,Manual,Between 2 and 5 Years,3,2013,21000,990,0.05
144.74962201130788,-37.730373136683966,32771,32135,29630,INGLEWOOD DR E OF WESTWOOD DR,INTERSECTION,All Moves,WESTWOOD DR/INGLEWOOD DR/COMMERCIAL RD,9999,Missing Data,INGLEWOOD DRIVE,SCATS,Scats,Greater than 10 Years,0,0,0,0,0.0
145.17543038680668,-37.994499301191325,32774,32541,31783,CHELTENHAM RD W OF STANLEY RD DEPARTURE,INTERSECTION,All Moves,CHELTENHAM RD & STANLEY RD DEP,9999,Missing Data,KINGSCLERE AVENUE,TMVMT,Manual,Between 2 and 5 Years,3,2013,21000,980,0.05
145.14323021028807,-37.990719035364734,32779,32686,29311,LOWER DANDENONG RD W of CENTRE DANDENONG RD,INTERSECTION,All Moves,CENTRE DANDENONG RD & LOWER DANDENONG RD,2050,STATE (LOWER DANDENONG/CHELTENHAM) HIGHWAY,LOWER DANDENONG ROAD,TMVMT,Manual,Greater than 10 Years,31,1985,11000,890,0.08
144.29199834249707,-36.75616579075808,32797,32689,6321,KENNEDY ST N OF MCIVOR HWY,INTERSECTION,All Moves,KENNEDY ST & MCIVOR HWY & STERNBERG ST,9999,Missing Data,KENNEDY STREET,TMVMT,Manual,Greater than 10 Years,19,1997,4600,180,0.04
145.01252111613508,-37.89892320352632,32801,32140,31160,KOOYONG RD S BD N OF SHERIDAN GVE,INTERSECTION,All Moves,KOOYONG RD N OF SHERIDAN GVE,9999,Missing Data,KOOYONG ROAD,APARX,Classification,Greater than 10 Years,15,2001,7000,0,0.0
144.95278359868985,-37.81501009565867,32804,32546,30854,LONSDALE ST NE OF SPENCER ST,INTERSECTION,All Moves,SPENCER ST/LONSDALE ST,9999,Missing Data,LONSDALE STREET,SCATS,Scats,Greater than 10 Years,17,1999,6600,0,0.0
144.94099499961897,-37.823761703164685,32806,32297,8149,LORIMER ST 20M AFTER HARTLEY ST,INTERSECTION,Scheduled PubTpt Bus flow,LORIMER ST 20M AFTER HARTLEY ST,5597,LORIMER STREET,LORIMER STREET,PUBTT,Other,Greater than 10 Years,0,0,0,0,0.0
144.77955071169183,-37.74152369698763,32816,32791,2965,KINGS RD N of MAIN RD WEST,INTERSECTION,All Moves,KINGS RD & MAIN RD WEST & STATION RD,5875,KEILOR-LAVERTON ROAD,KINGS ROAD,TMVMT,Manual,Greater than 10 Years,30,1986,7600,0,0.0
144.99029381666077,-37.86523664280274,32821,32792,31155,INKERMAN ST W BD W OF CHAPEL ST,INTERSECTION,All Moves,INKERMAN ST W OF CHAPEL ST,9999,Missing Data,INKERMAN STREET,APARX,Classification,Greater than 10 Years,22,1994,7600,0,0.0
145.0193628088835,-37.86321760079391,32823,32549,3510,KOOYONG RD N of WATTLETREE RD,INTERSECTION,All Moves,KOOYONG RD & WATTLETREE RD,9999,Missing Data,KOOYONG ROAD,TMVMT,Manual,Greater than 10 Years,29,1987,9200,0,0.0
144.8495559054468,-37.7267306962816,32833,32049,30807,KEILOR PARK DR S BD BTW CALDER FWY WB RAMPS & OLD CALDER HWY,INTERSECTION,All Moves,KEILOR PARK DR BTW CALDER FWY RAMPS & OLD CALDER HWY,5054,KEILOR PARK DRIVE,KEILOR PARK DRIVE,MOTSV,Manual,Between 2 and 5 Years,5,2011,16000,1600,0.1
146.89726710677314,-36.10321390321328,32845,32148,29035,HUME HWY N BD 900M N OF HUME FWY @306.9KM POST,MIDBLOCK,All Moves,HUME HWY 900M N OF HUME FWY @306.9KM POST,5510,LINCOLN CAUSEWAY,LINCOLN CAUSEWAY,APARX,Classification,Less than 2 Years,1,2015,8900,380,0.04
144.96660761437357,-37.7243399536521,32874,32059,30432,KEADY ST E OF HUME HWY,INTERSECTION,All Moves,SYDNEY RD/SHORTS RD/KEADY ST,9999,Missing Data,KEADY STREET,SCATS,Scats,Between 2 and 5 Years,3,2013,450,0,0.0
144.93244119770245,-37.82199541126136,32888,32160,11560,LORIMER ST 20M BEFORE INGLES ST,INTERSECTION,Scheduled PubTpt Bus flow,LORIMER ST 20M BEFORE INGLES ST,5597,LORIMER STREET,LORIMER STREET,PUBTT,Other,Greater than 10 Years,0,0,0,0,0.0
145.05360881503267,-37.792226224998814,32927,32173,9179,KILBY RD 15M BEFORE WESTBROOK ST,INTERSECTION,Scheduled PubTpt Bus flow,KILBY RD 15M BEFORE WESTBROOK ST,9999,Missing Data,KILBY ROAD,PUBTT,Other,Greater than 10 Years,0,0,0,0,0.0
145.17455159396508,-37.99188501519525,32934,32079,9538,KINGSCLERE AV 35M BEFORE BLOOMFIELD RD,INTERSECTION,Scheduled PubTpt Bus flow,KINGSCLERE AV 35M BEFORE BLOOMFIELD RD,9999,Missing Data,KINGSCLERE AVENUE,PUBTT,Other,Greater than 10 Years,0,0,0,0,0.0
145.12589460220832,-37.75644200546762,32940,32081,12566,JAMES ST 5M BEFORE MCLACHLAN ST,INTERSECTION,Scheduled PubTpt Bus flow,JAMES ST 5M BEFORE MCLACHLAN ST,5809,HEIDELBERG-WARRANDYTE ROAD,JAMES STREET,PUBTT,Other,Greater than 10 Years,0,0,0,0,0.0
145.0922532942167,-37.72971408528844,32953,32587,11916,LOWER PLENTY RD 30M AFTER ARTHUR STREETON DR,INTERSECTION,Scheduled PubTpt Bus flow,LOWER PLENTY RD 30M AFTER ARTHUR STREETON DR,5762,MAIN HEIDELBERG-ELTHAM ROAD,LOWER PLENTY ROAD,PUBTT,Other,Greater than 10 Years,0,0,0,0,0.0
145.09593988436075,-37.728997264602526,32983,32597,4336,LOWER PLENTY RD 5M BEFORE BROADLEA CRES,INTERSECTION,Scheduled PubTpt Bus flow,LOWER PLENTY RD 5M BEFORE BROADLEA CRES,5762,MAIN HEIDELBERG-ELTHAM ROAD,LOWER PLENTY ROAD,PUBTT,Other,Greater than 10 Years,0,0,0,0,0.0
145.17018615662283,-37.98901348580255,32996,32100,7924,KINGSCLERE AV 30M AFTER BALGOWLAH AVE,INTERSECTION,Scheduled PubTpt Bus flow,KINGSCLERE AV 30M AFTER BALGOWLAH AVE,9999,Missing Data,KINGSCLERE AVENUE,PUBTT,Other,Greater than 10 Years,0,0,0,0,0.0
145.10624477053247,-38.03428243623598,33003,33602,5865,LOCHIEL AVE NE of STATION ST,INTERSECTION,All Moves,LOCHIEL AVE & STATION ST,9999,Missing Data,LOCHIEL AVENUE,TMVMT,Manual,Greater than 10 Years,30,1986,620,10,0.02
145.15618102582619,-37.9519407703482,33009,33204,11727,LIGHTWOOD RD AT ELM GR,INTERSECTION,Scheduled PubTpt Bus flow,LIGHTWOOD RD AT ELM GR,9999,Missing Data,LIGHTWOOD ROAD,PUBTT,Other,Greater than 10 Years,0,0,0,0,0.0
144.35195705165566,-38.15092949135826,33016,33609,4654,LATROBE TERRACE NO of ROEBUCK STREET,INTERSECTION,Right Missing,LATROBE TCE & MYERS ST & ROEBUCK ST,2800,CORIO-WAURN PONDS ROAD,LATROBE TERRACE,TMVMT,Manual,Greater than 10 Years,27,1989,12000,1100,0.09
144.97209052881402,-37.76933679740286,33068,33401,3359,LYGON ST N OF ALBERT ST,INTERSECTION,All Moves,ALBERT ST & LYGON ST,9999,Missing Data,LYGON STREET,TMVMT,Manual,Greater than 10 Years,0,0,0,0,0.0
145.0769896595591,-37.736032857719614,33110,33907,4297,LOWER PLENTY RD NEBD NE of ROSANNA RD,INTERSECTION,Exitfrom Carpark Busin Area,LOWER PLENTY RD NNE OF ROSANNA RD,2850,GREENSBOROUGH HIGHWAY,LOWER PLENTY ROAD,TMVMT,Manual,Greater than 10 Years,0,0,0,0,0.0
145.11472271374564,-37.98728933555376,33116,33909,6085,LOWER DANDENONG RD E OF WOODLANDS DR,INTERSECTION,All Moves,LOWER DANDENONG RD & WOODLANDS DR,2050,STATE (LOWER DANDENONG/CHELTENHAM) HIGHWAY,LOWER DANDENONG ROAD,TMVMT,Manual,Greater than 10 Years,19,1997,17000,0,0.0
144.97244990887813,-37.76734790310866,33146,33657,7098,LYGON ST N OF VICTORIA ST DEPARTURE,INTERSECTION,All Moves,LYGON ST N OF VICTORIA ST DEPARTURE,9999,Missing Data,LYGON STREET,TMVMT,Manual,Greater than 10 Years,0,0,0,0,0.0
144.99350130647903,-37.82449439949876,33168,33261,29857,LENNOX ST N OF SWAN ST,INTERSECTION,All Moves,SWAN ST/LENNOX ST,9999,Missing Data,LENNOX STREET,SCATS,Scats,Between 5 and 10 Years,10,2006,4400,0,0.0
145.10624477053247,-38.03428243623598,33184,33265,5050,LOCHIEL AVE NE of NEPEAN HWY,INTERSECTION,All Moves,LOCHIEL AVE & NEPEAN HWY,9999,Missing Data,LOCHIEL AVENUE,TMVMT,Manual,Greater than 10 Years,30,1986,310,10,0.03
144.96848401493014,-37.79170499771983,33203,33671,4662,LYGON ST N of PRINCES ST,INTERSECTION,All Moves,LYGON ST & PRINCES ST,9999,Missing Data,LYGON STREET,TMVMT,Manual,Greater than 10 Years,26,1990,14000,0,0.0
145.07863220029273,-37.73509291483162,33211,33673,6249,GREENSBOROUGH RD N of LOWER PLENTY RD,INTERSECTION,All Moves,GREENSBOROUGH HWY & LOWER PLENTY RD,2850,GREENSBOROUGH HIGHWAY,LOWER PLENTY ROAD,TMVMT,Manual,Greater than 10 Years,19,1997,14000,0,0.0
145.04429680027653,-37.84749461477766,33226,33677,30190,KAIKOURA AVE E BD W OF TOORONGA RD,UNDEFINED,All Moves,KAIKOURA AVE W OF TOORONGA RD,9999,Missing Data,KAIKOURA AVENUE,APARX,Classification,Greater than 10 Years,27,1989,690,0,0.0
144.78209352007792,-37.69492020265066,33227,33438,3040,KINGS RD N OF BELLBIRD AVE,INTERSECTION,All Moves,BELLBIRD AVE & BUNNINGS ACCESS RD & KINGS RD,5009,KINGS ROAD,KINGS ROAD,TMVMT,Manual,Greater than 10 Years,0,0,0,0,0.0
144.92749049656197,-37.780432889268496,33230,33678,30793,KENT ST W BD E OF EAST ST,INTERSECTION,All Moves,KENT ST E OF EAST ST,9999,Missing Data,KENT STREET,MOTSV,Manual,Greater than 10 Years,0,0,0,0,0.0
144.95979276625246,-37.81300303958328,33231,33439,7069,QUEEN ST N OF LONSDALE ST DEPARTURE,INTERSECTION,All Moves,QUEEN ST N OF LONSDALE ST DEPARTURE,9999,Missing Data,LONSDALE STREET,TMVMT,Manual,Greater than 10 Years,0,0,0,0,0.0
145.02015309780813,-37.93506177212944,33252,33684,29858,LUDSTONE ST E BD W OF EARLESFIELD RD,UNDEFINED,All Moves,LUDSTONE ST W OF EARLESFIELD RD,9999,Missing Data,LUDSTONE STREET,APARX,Classification,Greater than 10 Years,27,1989,2000,0,0.0
144.29214491035123,-38.066519757138366,33262,33447,5213,STEIGLITZ ROAD NORTH BD SOUTH OF HOPES BRIDGE,MIDBLOCK,All Moves,STEIGLITZ ROAD NORTH BD SOUTH OF HOPES BRIDGE,9999,Missing Data,LOVELY BANKS ROAD,APARX,Classification,Greater than 10 Years,0,0,0,0,0.0
144.97040634651273,-37.780054987064126,33272,33948,6820,LYGON ST N OF PIGDON ST DEPARTURE,INTERSECTION,All Moves,LYGON ST N OF PIGDON ST DEPARTURE,9999,Missing Data,LYGON STREET,TMVMT,Manual,Greater than 10 Years,0,0,0,0,0.0
144.14715242766096,-36.6183340748619,33288,33694,29015,LODDON VALLEY HWY N BD 900M S OF PYRAMID-YARRABERB RD @ 22.0KM FROM BENDIGO,MIDBLOCK,All Moves,LODDON VALLEY HWY 900M S OF PYRAMID-YARRABERB RD @ 22.0KM FROM BENDIGO,2630,LODDON VALLEY HIGHWAY,LODDON VALLEY HIGHWAY,APARX,Classification,Greater than 10 Years,18,1998,620,80,0.14
145.0422622564172,-37.91524640752336,33295,33292,5595,JASPER RD N of CENTRE RD,INTERSECTION,All Moves,CENTRE RD & JASPER RD,5847,JASPER ROAD,JASPER ROAD,TMVMT,Manual,Greater than 10 Years,28,1988,7700,0,0.0
144.91083239904327,-37.706931511432224,33318,33298,28939,LYTTON ST W BD E OF CHAPMAN AVE,UNDEFINED,All Moves,LYTTON ST E OF CHAPMAN AVE,9999,Missing Data,LYTTON STREET,APARX,Classification,Greater than 10 Years,28,1988,650,0,0.0
145.21494781756127,-37.99082158621256,33324,33463,4657,PRINCES HWY N of WALKER ST,INTERSECTION,Right Missing,PRINCES HWY (LONSDALE ST) & WALKER ST,2510,PRINCES HIGHWAY EAST,LONSDALE STREET,TMVMT,Manual,Greater than 10 Years,0,0,0,0,0.0
145.3439770131739,-38.03300512021232,33326,33963,29126,LANGMORE LA E OF CLYDE RD,INTERSECTION,All Moves,CLYDE RD & LANGMORE LA & MANSFIELD ST TURNS ONLY,9999,Missing Data,LANGMORE LANE,TMVMT,Manual,Greater than 10 Years,0,0,0,0,0.0
145.24839847643344,-37.87210469362642,33330,33466,2993,LEWIS RD NE of BURWOOD HWY,INTERSECTION,All Moves,BURWOOD HWY & LEWIS RD,9999,Missing Data,LEWIS ROAD,TMVMT,Manual,Greater than 10 Years,25,1991,4100,0,0.0
145.23789320214453,-37.910872888548234,33342,33971,31272,KELLETTS RD E of STUD RD,INTERSECTION,All Moves,KELLETTS RD & STUD RD,5428,KELLETTS ROAD,KELLETTS ROAD,TMVMT,Manual,Greater than 10 Years,29,1987,5100,0,0.0
145.24839847643344,-37.87210469362642,33371,33486,30217,LEWIS RD NEBD NE OF BURWOOD HWY,UNDEFINED,All Moves,LEWIS RD NNE OF BURWOOD HWY,9999,Missing Data,LEWIS ROAD,APARX,Classification,Greater than 10 Years,24,1992,5200,0,0.0
144.96196138579603,-37.82768351083735,33386,33993,28331,WEST GATE FWY ON RAMP W BD FROM KINGS WAY,UNDEFINED,On Ramp,WEST GATE FWY ON RAMP FROM KINGS WAY,2510,PRINCES HIGHWAY EAST,KINGS WAY,APARX,Classification,Greater than 10 Years,25,1991,13000,0,0.0
144.84971011369538,-37.72487230153838,33396,33998,12340,KEILOR PARK DR N OF CALDER FWY,INTERSECTION,All Moves,CALDER FWY/KEILOR PARK DR/OLD CALDER HWY,5054,KEILOR PARK DRIVE,KEILOR PARK DRIVE,SCATS,Scats,Between 5 and 10 Years,10,2006,18000,0,0.0
144.49254349782123,-37.900717582801526,33401,33001,30100,KIRKS BRIDGE RD WB 1.8KM E OF LITTLE RIVER-RIPLEY RD,UNDEFINED,All Moves,KIRKS BRIDGE RD 1.8KM E OF LITTLE RIVER-RIPLEY RD,9999,Missing Data,KIRKS BRIDGE ROAD,APARX,Classification,Greater than 10 Years,16,2000,130,0,0.0
144.9658920393661,-37.806744495757286,33441,33017,11063,LYGON ST N OF VICTORIA ST,INTERSECTION,All Moves,VICTORIA ST/LYGON ST/RUSSELL ST,9999,Missing Data,LYGON STREET,SCATS,Scats,Less than 2 Years,0,2016,8800,0,0.0
147.62032968305908,-37.83142609627684,33466,33025,4575,LIGAR ST NW OF PRINCES HWY EAST,INTERSECTION,All Moves,LIGAR ST & PRINCES HWY EAST,9999,Missing Data,LIGAR STREET,TMVMT,Manual,Greater than 10 Years,0,0,0,0,0.0
144.9476030529815,-37.834528965710525,33504,33037,4050,INGLES ST NWBD BTW EVANS ST & STATION ST,MIDBLOCK,All Moves,INGLES ST BTW EVANS ST & STATION ST,9999,Missing Data,INGLES STREET,APARX,Classification,Between 5 and 10 Years,8,2008,10000,770,0.07
144.97106131643434,-37.77547339918155,33522,33741,4168,LYGON ST N OF WESTON ST DEPARTURE,INTERSECTION,All Moves,LYGON ST N OF WESTON ST DEPARTURE,9999,Missing Data,LYGON STREET,TMVMT,Manual,Greater than 10 Years,0,0,0,0,0.0
145.23561353394888,-37.643832302590155,33558,33551,6925,KANGAROO GROUND ST ANDREWS RD N BD S OF CHURCH RD,MIDBLOCK,All Moves,KANGAROO GROUND ST ANDREWS RD S OF CHURCH RD,5436,KANGAROO GROUND-ST ANDREWS ROAD,KANGAROO GROUND-ST ANDREWS ROAD,APARX,Classification,Between 2 and 5 Years,5,2011,2000,140,0.07
145.2143272457753,-37.98746869643915,33600,33563,3906,PRINCES HWY NW of CLOW ST,INTERSECTION,All Moves,CLOW ST & LONSDALE ST & PRINCES HWY,2510,PRINCES HIGHWAY EAST,LONSDALE STREET,TMVMT,Manual,Greater than 10 Years,0,0,0,0,0.0
146.66656132919752,-37.78143029738751,33606,33804,8031,LICOLA RD N BD N OF KELLEHERS RD @ 27.28 KM FROM HEYFIELD,MIDBLOCK,All Moves,LICOLA RD N OF KELLEHERS RD @ 27.28 KM FROM HEYFIELD,5954,LICOLA ROAD,LICOLA ROAD,APARX,Classification,Between 2 and 5 Years,3,2013,30,0,0.13
144.90090831137834,-37.801307294725,33608,33766,6213,LEEDS ST N of IRVING ST,INTERSECTION,All Moves,IRVING ST & LEEDS ST,9999,Missing Data,LEEDS STREET,TMVMT,Manual,Greater than 10 Years,0,0,0,0,0.0
144.9878513963862,-37.79932946463358,33622,33567,29686,JOHNSTON ST E of WELLINGTON ST,INTERSECTION,All Moves,JOHNSTON ST & WELLINGTON ST,5853,JOHNSTON STREET,JOHNSTON STREET,TMVMT,Manual,Greater than 10 Years,25,1991,12000,0,0.0
144.9690335567942,-37.80807371103504,33647,33773,30426,LATROBE ST E OF EXHIBITION ST,INTERSECTION,All Moves,EXHIBITION ST/LATROBE ST,9999,Missing Data,LA TROBE STREET,SCATS,Scats,Between 2 and 5 Years,5,2011,9000,0,0.0
145.14671161339487,-37.773137456061086,33658,33110,6322,KING ST E BD E OF VICTORIA ST,INTERSECTION,All Moves,KING ST E OF VICTORIA ST,5353,KING STREET,KING STREET,TMVMT,Manual,Greater than 10 Years,18,1998,5100,110,0.02
144.78121156838728,-37.73296799951292,33659,33574,5160,KINGS_RD N OF GILLESPIE_RD,INTERSECTION,All Moves,KINGS RD/GILLESPIE RD,5875,KEILOR-LAVERTON ROAD,KINGS ROAD,SCATS,Scats,Between 5 and 10 Years,9,2007,15000,0,0.0
145.048820780494,-37.844677403813606,33666,33777,28309,LAWSON ST N BD N OF TOORAK RD,UNDEFINED,All Moves,LAWSON ST N OF TOORAK RD,9999,Missing Data,LAWSON STREET,APARX,Classification,Greater than 10 Years,27,1989,840,0,0.0
145.21652318485047,-37.81017548787457,33687,33579,30445,DEEP CREEK RD NE OF WHITEHORSE RD,INTERSECTION,All Moves,WHITEHORSE RD/DEEP CREEK RD,9999,Missing Data,LOUGHNAN ROAD,SCATS,Scats,Less than 2 Years,1,2015,0,0,0.0
144.78209352007792,-37.69492020265066,33698,33819,30996,KINGS RD S OF BELLBIRD AVE DEPARTURE,UNDEFINED,All Moves,KINGS RD N OF BELLBIRD AVE DEPARTURE,5009,KINGS ROAD,KINGS ROAD,TMVMT,Manual,Greater than 10 Years,0,0,0,0,0.0
145.11189379666283,-37.986940590429526,33774,33595,28312,LOWER DANDENONG RD E BD W OF BOUNDARY RD,UNDEFINED,All Moves,LOWER DANDENONG RD W OF BOUNDARY RD,2050,STATE (LOWER DANDENONG/CHELTENHAM) HIGHWAY,LOWER DANDENONG ROAD,APARX,Classification,Greater than 10 Years,28,1988,16000,0,0.0
144.49586929587218,-36.8952451943852,33779,33095,29052,BENDIGO REDESDALE RD S BD 1.9 KM N OF TWIN RIVERS RD @ 30.9KM FROM BENDIGO,MIDBLOCK,All Moves,BENDIGO REDESDALE RD 1.9 KM N OF TWIN RIVERS RD @ 30.9KM FROM BENDIGO,5175,BENDIGO-REDESDALE ROAD,LYELL ROAD,APARX,Classification,Between 2 and 5 Years,3,2013,340,80,0.24
145.82861449852584,-38.38261659553422,33795,33835,29004,KORUMBURRA-WARRAGUL RD N BD 600M N OF SANDERS RD @ 8.1KM FROM KORUMBURRA,MIDBLOCK,All Moves,KORUMBURRA-WARRAGUL RD 600M N OF SANDERS RD @ 8.1KM FROM KORUMBURRA,5682,KORUMBURRA-WARRAGUL ROAD,KORUMBURRA-WARRAGUL ROAD,APARX,Classification,Between 2 and 5 Years,2,2014,640,110,0.18
145.19285425576183,-37.935981186983454,33797,33098,31151,JACKSONS RD S BD N OF L-TURN SLIP TO S.E.ARTERIAL ON-RAMP,INTERSECTION,All Moves,JACKSONS RD N OF L-TURN SLIP TO S.E.ARTERIAL ON-RAMP,5170,JACKSONS ROAD,JACKSONS ROAD,APARX,Classification,Greater than 10 Years,23,1993,18000,0,0.0
144.85560316372184,-37.71776914965294,33800,33800,30056,KEILOR PARK DR NE OF THE LINK,INTERSECTION,All Moves,KEILOR PARK DR/THE LINK,5054,KEILOR PARK DRIVE,KEILOR PARK DRIVE,SCATS,Scats,Between 5 and 10 Years,10,2006,14000,0,0.0
145.72096238758843,-38.51055495053729,33801,33836,28547,KORUMBURRA-WONTHGGI RD SWBD 300M SW OF WEST CREEK RD,MIDBLOCK,All Moves,KORUMBURRA-WONTHAGGI RD SW OF WEST CREEK RD,5698,KORUMBURRA-WONTHAGGI ROAD,KORUMBURRA-WONTHAGGI ROAD,APARX,Classification,Between 2 and 5 Years,3,2013,450,40,0.1
144.78209352007792,-37.69492020265066,33802,33336,4238,KINGS RD N OF HUNGRY JACKS AND KFC ACCESS DEPARTURE,UNDEFINED,All Moves,KINGS RD N OF HUNGRY JACKS AND KFC ACCESS DEPARTURE,5009,KINGS ROAD,KINGS ROAD,TMVMT,Manual,Greater than 10 Years,0,0,0,0,0.0
144.84984733042782,-37.724323408003016,33805,33100,5720,KEILOR PARK DR N BD N of FULLARTON RD,INTERSECTION,All Moves,KEILOR PARK DR N OF FULLARTON RD,5054,KEILOR PARK DRIVE,KEILOR PARK DRIVE,TMVMT,Manual,Greater than 10 Years,25,1991,11000,1400,0.12
144.78209352007792,-37.69492020265066,33812,33338,6796,KINGS RD N OF HUNGRY JACKS AND KFC ACCESS,INTERSECTION,All Moves,HUNGRY JACKS AND KFC ACCESS & KINGS RD & SERVICE STATION ACCESS,5009,KINGS ROAD,KINGS ROAD,TMVMT,Manual,Greater than 10 Years,0,0,0,0,0.0
144.97106131643434,-37.77547339918155,33815,33339,8274,LYGON ST N OF BRUNSWICK RD,INTERSECTION,All Moves,BRUNSWICK RD & LYGON ST,9999,Missing Data,LYGON STREET,TMVMT,Manual,Greater than 10 Years,0,0,0,0,0.0
144.82037582229452,-37.82011878698108,33825,33342,5242,LITTLE BOUNDARY ROAD NWBd btwn PRINCES FREEWAY WEST & BOUNDARY ROAD,MIDBLOCK,All Moves,LITTLE BOUNDARY ROAD BTWN PRINCES FREEWAY WEST & BOUNDARY ROAD,5448,LITTLE BOUNDARY ROAD,LITTLE BOUNDARY ROAD,APARX,Classification,Greater than 10 Years,0,0,0,0,0.0
144.97209052881402,-37.76933679740286,33826,33142,4119,LYGON ST N OF ALBERT ST DEPARTURE,INTERSECTION,All Moves,LYGON ST N OF ALBERT ST DEPARTURE,9999,Missing Data,LYGON STREET,TMVMT,Manual,Greater than 10 Years,0,0,0,0,0.0
145.12219099740952,-36.313497509766975,33828,33343,30549,BYRNESIDE-KYABRAM RD E BD 900M W OF LANCASTER-MOOROOPNA RD @ 6.5KM FROM KYABRAM,MIDBLOCK,All Moves,BYRNESIDE-KYABRAM RD 900M W OF LANCASTER-MOOROOPNA RD @ 6.5KM FROM KYABRAM,5364,BYRNESIDE-KYABRAM ROAD,LANCASTER ROAD,APARX,Classification,Between 2 and 5 Years,2,2014,1600,200,0.12
144.96975025236725,-37.78424039510717,33881,33861,4604,LYGON ST N OF MACPHERSON ST,INTERSECTION,All Moves,LYGON ST & MACPHERSON ST,9999,Missing Data,LYGON STREET,TMVMT,Manual,Greater than 10 Years,0,0,0,0,0.0
144.99604006045223,-37.81009300307469,33882,33160,3315,NICHOLSON ST N OF VICTORIA ST DEPARTURE,INTERSECTION,All Moves,NICHOLSON ST N OF VICTORIA ST DEPARTURE,9999,Missing Data,LENNOX STREET,TMVMT,Manual,Greater than 10 Years,0,0,0,0,0.0
144.97106131643434,-37.77547339918155,33883,33862,8294,LYGON ST N OF BRUNSWICK RD,INTERSECTION,All Moves,BRUNSWICK RD & LYGON ST,9999,Missing Data,LYGON STREET,TMVMT,Manual,Greater than 10 Years,0,0,0,0,0.0
145.20836914462987,-37.978279452292654,33888,33163,29190,JAMES ST NE OF PHE,INTERSECTION,All Moves,PHE/JAMES STREET,9999,Missing Data,JAMES STREET,SCATS,Scats,Between 5 and 10 Years,8,2008,3200,0,0.0
144.99298129488915,-37.79984481948038,33904,33168,4521,HODDLE ST N OF LANGRIDGE ST,INTERSECTION,All Moves,HODDLE ST & LANGRIDGE ST,5853,JOHNSTON STREET,JOHNSTON STREET,TMVMT,Manual,Greater than 10 Years,0,0,0,0,0.0
145.02648390790543,-37.86973585329143,33915,33371,31288,INKERMAN RD E of HAWTHORN RD,INTERSECTION,All Moves,HAWTHORN RD & INKERMAN RD,9999,Missing Data,INKERMAN ROAD,TMVMT,Manual,Greater than 10 Years,31,1985,4100,120,0.03
144.9087439183375,-38.368355395996495,33921,33875,29702,JETTY RD S BD N OF EASTBOURNE RD,UNDEFINED,All Moves,JETTY RD N OF EASTBOURNE RD,9999,Missing Data,JETTY ROAD,APARX,Classification,Greater than 10 Years,25,1991,4200,0,0.0
144.95432514085795,-37.81334059061849,33934,33377,6221,KING ST N of LT LONSDALE ST,INTERSECTION,All Moves,KING ST & LT LONSDALE ST,5041,KING STREET,KING STREET,TMVMT,Manual,Greater than 10 Years,30,1986,13000,0,0.0
144.99601534068367,-37.81023750556052,33936,33179,32031,LENNOX ST (1 WAY) S of NICHOLSON ST,INTERSECTION,All Moves,LENNOX & NICHOLSON ST & VICTORIA ST,9999,Missing Data,LENNOX STREET,TMVMT,Manual,Greater than 10 Years,30,1986,610,0,0.0
144.95755842018275,-37.820363990478086,33946,33883,29800,KINGS BRIDGE N BD S OF FLINDERS ST,UNDEFINED,All Moves,KINGS BRIDGE S OF FLINDERS ST,2510,PRINCES HIGHWAY EAST,KINGS WAY,MOTSV,Manual,Greater than 10 Years,0,0,0,0,0.0
145.1134738875003,-38.15638145263261,33958,33887,29205,LIDDESDALE AVE N BD E OF NEPEAN HWY,UNDEFINED,All Moves,LIDDESDALE AVE E OF NEPEAN HWY,9999,Missing Data,LIDDESDALE AVENUE,APARX,Classification,Greater than 10 Years,26,1990,810,0,0.0
145.19285425576183,-37.935981186983454,33978,33894,29979,JACKSONS RD N BD N OF L-TURN SLIP TO S.E.ARTERIAL ON-RAMP,INTERSECTION,All Moves,JACKSONS RD N OF L-TURN SLIP TO S.E.ARTERIAL ON-RAMP,5170,JACKSONS ROAD,JACKSONS ROAD,APARX,Classification,Greater than 10 Years,23,1993,9000,0,0.0
146.51453673576333,-38.20430620164724,33979,33193,6640,KOSCIUSKO ST N of PRINCES HWY,INTERSECTION,All Moves,KOSCIUSKO ST & PRINCES HWY,9999,Missing Data,KOSCIUSZKO STREET,TMVMT,Manual,Greater than 10 Years,20,1996,1700,20,0.02
145.0122875125972,-37.900144602107005,33983,33895,4835,KOOYONG RD N of NORTH RD,INTERSECTION,All Moves,KOOYONG RD & NORTH RD,9999,Missing Data,KOOYONG ROAD,TMVMT,Manual,Greater than 10 Years,23,1993,6100,0,0.0
144.95812080349904,-37.82224239806576,33992,33898,29518,KINGS WAY S BD S OF QUEENS WHARF RD,INTERSECTION,All Moves,KINGS WAY S OF QUEENS WHARF RD,2510,PRINCES HIGHWAY EAST,KINGS WAY,MOTSV,Manual,Between 2 and 5 Years,5,2011,28000,580,0.02
145.04429680027653,-37.84749461477766,34000,33200,29548,KAIKOURA AVE S BD S OF TOORAK RD,UNDEFINED,All Moves,KAIKOURA AVE S OF TOORAK RD,9999,Missing Data,KAIKOURA AVENUE,APARX,Classification,Greater than 10 Years,27,1989,340,0,0.0
144.75981040064747,-37.59633920009826,34017,34106,9066,LANCEFIELD RD NE of SUNBURY RD,INTERSECTION,All Moves,LANCEFIELD RD & SUNBURY RD,5821,MELBOURNE-LANCEFIELD ROAD,LANCEFIELD ROAD,TMVMT,Manual,Greater than 10 Years,30,1986,1400,70,0.05
144.96732065215593,-37.79849078924927,34039,34023,10662,LYGON ST N OF FARADAY ST,INTERSECTION,All Moves,LYGON ST/FARADAY ST,9999,Missing Data,LYGON STREET,SCATS,Scats,Greater than 10 Years,13,2003,12000,0,0.0
144.78095349316763,-37.69831379888126,34048,34027,8612,KINGS RD N OF MELTON HWY DEPARTURE,INTERSECTION,All Moves,KINGS RD N OF MELTON HWY DEPARTURE,5009,KINGS ROAD,KINGS ROAD,TMVMT,Manual,Greater than 10 Years,0,0,0,0,0.0
144.77886994284555,-37.71291368223902,34079,34137,31308,KINGS RD S OF MELTON HWY,INTERSECTION,All Moves,KINGS RD & MELTON HWY,5009,KINGS ROAD,KINGS ROAD,TMVMT,Manual,Greater than 10 Years,0,0,0,0,0.0
143.89593879384867,-35.73468140090416,34094,34143,3699,KERANG-QUAMBATOOK ROAD E BD BTWN LINDSAY ROAD & MURRAY VALLEY HIGHWAY,MIDBLOCK,All Moves,KERANG-QUAMBATOOK ROAD BTWN MURRAY VALLEY HIGHWAY & LINDSAY ROAD,5331,KERANG-QUAMBATOOK ROAD,KERANG-QUAMBATOOK ROAD,APARX,Classification,Between 2 and 5 Years,3,2013,570,140,0.25
145.18489497052235,-38.15338493567453,34098,34145,8382,LONG_ST N OF CRANBOURNE-FRANKSTON_RD,INTERSECTION,Left Missing,CRANBOURNE-FRANKSTON RD/LONG ST,9999,Missing Data,LONG LANE,SCATS,Scats,Between 2 and 5 Years,4,2012,1400,0,0.0
145.1052951068216,-37.98613202073098,34101,34052,28977,LOWER DANDENONG RD EB BTW SIBTHORPE ST & BOUNDARY RD,INTERSECTION,All Moves,SITE_NO: 102||SITE DESC: LOWER DANDENONG RD BTW SIBTHORPE ST & BOUNDARY RD,2050,STATE (LOWER DANDENONG/CHELTENHAM) HIGHWAY,LOWER DANDENONG ROAD,MOTSV,Manual,Greater than 10 Years,0,0,0,0,0.0
145.21529106659602,-37.99147097036944,34103,34053,6037,LONSDALE STREET N BD S OF FOSTER STREET,INTERSECTION,All Moves,LONSDALE STREET S OF FOSTER STREET,2510,PRINCES HIGHWAY EAST,LONSDALE STREET,MOTSV,Manual,Between 5 and 10 Years,8,2008,28000,1800,0.06
144.97244990887813,-37.76734790310866,34106,34149,31022,LYGON ST S OF VICTORIA ST,INTERSECTION,All Moves,LYGON ST & VICTORIA ST,9999,Missing Data,LYGON STREET,TMVMT,Manual,Greater than 10 Years,0,0,0,0,0.0
144.5058222441824,-37.68049126600626,34116,34204,10923,LONGFOREST RD N of WESTERN FWY,INTERSECTION,All Moves,LONGFOREST RD & WESTERN FWY,9999,Missing Data,LONG FOREST ROAD,TMVMT,Manual,Greater than 10 Years,21,1995,610,0,0.0
145.88465657727008,-38.18666498545559,34139,34065,4510,LARDNERS TRK N OF DROUIN-WARRAGUL RD DEPARTURE,INTERSECTION,All Moves,LARDNERS TRK N OF DROUIN-WARRAGUL RD DEPARTURE,9999,Missing Data,LARDNERS TRACK,TMVMT,Manual,Greater than 10 Years,0,0,0,0,0.0
144.97106131643434,-37.77547339918155,34166,34165,4262,LYGON ST N OF PARK ST,INTERSECTION,All Moves,LYGON ST & PARK ST,9999,Missing Data,LYGON STREET,TMVMT,Manual,Greater than 10 Years,0,0,0,0,0.0
145.01781272232225,-37.871398197678175,34198,34823,25851,KOOYONG RD AT BALACLAVA RD,INTERSECTION,Scheduled PubTpt Bus flow,KOOYONG RD AT BALACLAVA RD,9999,Missing Data,KOOYONG ROAD,PUBTT,Other,Greater than 10 Years,0,0,0,0,0.0
144.8934428178029,-37.8158989115527,34208,34175,29547,LENNOX ST W BD E OF STEPHEN ST,UNDEFINED,All Moves,LENNOX ST E OF STEPHEN ST,9999,Missing Data,LENNOX STREET,APARX,Classification,Greater than 10 Years,28,1988,260,0,0.0
144.96377734998416,-37.829544274861824,34213,34082,4759,KINGS WAY NORTHBOU SE of YORK ST,INTERSECTION,All Moves,KINGS WAY NORTHBOUND & YORK ST,2510,PRINCES HIGHWAY EAST,KINGS WAY,TMVMT,Manual,Greater than 10 Years,28,1988,38000,3400,0.09
145.22877908256095,-37.82194480000511,34240,34089,29313,IRELAND ST SE of CITY RD,INTERSECTION,Not representative,CITY RD & IRELAND ST & MAFFRA ST,9999,Missing Data,IRELAND STREET,TMVMT,Manual,Greater than 10 Years,28,1988,30,0,0.03
145.22249730903323,-37.73580010229425,34262,34094,31159,KANGAROO GRND-WDYTE RD N BD S OF RESEARCH-WARRANDYTE RD,INTERSECTION,All Moves,KANGAROO GRND-WDYTE RD S OF RESEARCH-WARRANDYTE RD,5810,WARRANDYTE-KANGAROO GROUND ROAD,KANGAROO GROUND-WARRANDYTE ROAD,APARX,Classification,Greater than 10 Years,15,2001,9100,0,0.0
144.99150489701964,-37.86539290225243,34266,34190,28079,INKERMAN ST E of CHAPEL ST,INTERSECTION,All Moves,CHAPEL ST & INKERMAN ST,9999,Missing Data,INKERMAN STREET,TMVMT,Manual,Greater than 10 Years,30,1986,10000,0,0.0
146.39485190088547,-38.23390440258352,34276,34245,30308,MARYVALE RD S BD 200M N OF LOY YANG-MORWELL RD @ 3.0KM FROM MORWELL,MIDBLOCK,All Moves,MARYVALE RD 200M N OF LOY YANG-MORWELL RD @ 3.0KM FROM MORWELL,5911,MORWELL-YALLOURN NORTH ROAD,LATROBE ROAD,APARX,Classification,Between 2 and 5 Years,2,2014,3100,460,0.14
145.3782562697727,-37.8864999240976,34287,34845,16140,KALLISTA-EMERALD RD 15M AFTER GRANTULLA RD,INTERSECTION,Scheduled PubTpt Bus flow,KALLISTA-EMERALD RD 15M AFTER GRANTULLA RD,9999,Missing Data,KALLISTA-EMERALD ROAD,PUBTT,Other,Greater than 10 Years,0,0,0,0,0.0
145.05541408845937,-37.897867498758075,34290,34846,12303,KOORNANG RD 75M BEFORE MILLER ST,INTERSECTION,Scheduled PubTpt Bus flow,KOORNANG RD 75M BEFORE MILLER ST,9999,Missing Data,KOORNANG ROAD,PUBTT,Other,Greater than 10 Years,0,0,0,0,0.0
145.25286339983015,-37.9126351838875,34335,34867,12714,KELLETTS RD 50M AFTER KAROO RD,INTERSECTION,Scheduled PubTpt Bus flow,KELLETTS RD 50M AFTER KAROO RD,5428,KELLETTS ROAD,KELLETTS ROAD,PUBTT,Other,Greater than 10 Years,0,0,0,0,0.0
144.90857840628456,-37.681623768140895,34383,34891,18370,JOHNSTONE ST AT SORRENTO ST,INTERSECTION,Scheduled PubTpt Bus flow,JOHNSTONE ST AT SORRENTO ST,5873,BROADMEADOWS-TULLAMARINE ROAD,JOHNSTONE STREET,PUBTT,Other,Greater than 10 Years,0,0,0,0,0.0
145.89825088939153,-38.312505103062605,34400,34900,35420,KORUMBURRA-WARRAGUL RD S Bd S OF WILD DOG RD BEFORE SPEED ADVISORY SIGN,MIDBLOCK,All Moves,KORUMBURRA-WARRAGUL RD S OF WILD DOG RD BEFORE SPEED ADVISORY SIGN,5682,KORUMBURRA-WARRAGUL ROAD,KORUMBURRA-WARRAGUL ROAD,APARX,Classification,Between 2 and 5 Years,3,2013,330,30,0.11
146.66656132919752,-37.78143029738751,34431,34304,35142,LICOLA RD S BD N OF KELLEHERS RD @ 27.28 KM FROM HEYFIELD,MIDBLOCK,All Moves,LICOLA RD N OF KELLEHERS RD @ 27.28 KM FROM HEYFIELD,5954,LICOLA ROAD,LICOLA ROAD,APARX,Classification,Greater than 10 Years,0,0,0,0,0.0
145.2665496392955,-37.91356412702019,34456,34511,19117,KELLETTS RD 50M AFTER JACOB DR,INTERSECTION,Scheduled PubTpt Bus flow,KELLETTS RD 50M AFTER JACOB DR,5428,KELLETTS ROAD,KELLETTS ROAD,PUBTT,Other,Greater than 10 Years,0,0,0,0,0.0
145.14322230818524,-37.99071816185768,34470,34311,36687,LOWER DANDENONG RD W BD BTWN SPRINGVALE RD & CENTRE DANDENONG RD,MIDBLOCK,All Moves,LOWER DANDENONG RD BTWN CENTRE DANDENONG RD & SPRINGVALE RD,2050,STATE (LOWER DANDENONG/CHELTENHAM) HIGHWAY,LOWER DANDENONG ROAD,APARX,Classification,Between 2 and 5 Years,3,2013,23000,2100,0.09
145.02251053222483,-37.62986819247871,34474,34911,17910,LYNDARUM DR 100M AFTER DUNOLLY ST,INTERSECTION,Scheduled PubTpt Bus flow,LYNDARUM DR 100M AFTER DUNOLLY ST,9999,Missing Data,LYNDARUM DRIVE,PUBTT,Other,Greater than 10 Years,0,0,0,0,0.0
144.8711436955608,-37.73017629989491,34476,34514,16827,KEILOR RD AT RACHELLE RD,INTERSECTION,Scheduled PubTpt Bus flow,KEILOR RD AT RACHELLE RD,9999,Missing Data,KEILOR ROAD,PUBTT,Other,Greater than 10 Years,0,0,0,0,0.0
144.9093188107762,-37.6817340610678,34478,34912,17176,JOHNSTONE ST AT LORRAINE CRES,INTERSECTION,Scheduled PubTpt Bus flow,JOHNSTONE ST AT LORRAINE CRES,5873,BROADMEADOWS-TULLAMARINE ROAD,JOHNSTONE STREET,PUBTT,Other,Greater than 10 Years,0,0,0,0,0.0
145.14306410651835,-37.99070054764724,34517,34420,35063,LOWER DANDENONG RD E BD W OF SPRINGVALE RD,INTERSECTION,All Moves,LOWER DANDENONG RD W OF SPRINGVALE RD,2050,STATE (LOWER DANDENONG/CHELTENHAM) HIGHWAY,LOWER DANDENONG ROAD,MOTSV,Manual,Between 2 and 5 Years,5,2011,25000,1800,0.07
144.9011293907823,-37.80009140222055,34570,34529,25672,HOPKINS ST W BD BTWN MOORE ST & BARKLY ST,INTERSECTION,Scheduled PubTpt Tram flow,HOPKINS ST BTWN MOORE ST & BARKLY ST,9999,Missing Data,LEEDS STREET,PUBTT,Other,Greater than 10 Years,0,0,0,0,0.0
145.2887994708238,-37.76905469975136,34583,34633,13004,LYONS RD 75M AFTER EXETER RD,INTERSECTION,Scheduled PubTpt Bus flow,LYONS RD 75M AFTER EXETER RD,9999,Missing Data,LYONS ROAD,PUBTT,Other,Greater than 10 Years,0,0,0,0,0.0
144.96407199152014,-37.80952227246182,34643,34442,17689,LA TROBE ST AT SWANSTON ST,INTERSECTION,Scheduled PubTpt Tram flow,LA TROBE ST AT SWANSTON ST,9999,Missing Data,LA TROBE STREET,PUBTT,Other,Greater than 10 Years,0,0,0,0,0.0
144.95166270581075,-37.81310279068184,34648,34543,24135,LATROBE ST W BD BTWN KING ST & SPENCER ST,INTERSECTION,Scheduled PubTpt Tram flow,LATROBE ST BTWN KING ST & SPENCER ST,9999,Missing Data,LA TROBE STREET,PUBTT,Other,Greater than 10 Years,0,0,0,0,0.0
144.96357576295452,-37.80966762632246,34650,34645,15012,LATROBE ST E BD BTWN ELIZABETH ST & SWANSTON ST,INTERSECTION,Scheduled PubTpt Tram flow,LATROBE ST BTWN ELIZABETH ST & SWANSTON ST,9999,Missing Data,LA TROBE STREET,PUBTT,Other,Greater than 10 Years,0,0,0,0,0.0
145.07247581090652,-37.89802584511418,34656,34742,11259,KANGAROO RD 20M AFTER SPARK ST,INTERSECTION,Scheduled PubTpt Bus flow,KANGAROO RD 20M AFTER SPARK ST,9999,Missing Data,KANGAROO ROAD,PUBTT,Other,Greater than 10 Years,0,0,0,0,0.0
145.0348480345905,-37.88007569925449,34678,34448,22528,KAMBROOK RD 15M BEFORE HUDSON ST,INTERSECTION,Scheduled PubTpt Bus flow,KAMBROOK RD 15M BEFORE HUDSON ST,9999,Missing Data,KAMBROOK ROAD,PUBTT,Other,Greater than 10 Years,0,0,0,0,0.0
144.96855118132763,-37.808214439934375,34686,34747,13407,LATROBE ST E BD BTWN RUSSELL ST & EXHIBITION ST,INTERSECTION,Scheduled PubTpt Tram flow,LATROBE ST BTWN RUSSELL ST & EXHIBITION ST,9999,Missing Data,LA TROBE STREET,PUBTT,Other,Greater than 10 Years,0,0,0,0,0.0
145.27548025969335,-37.916248558019625,34716,34752,12754,KELLETTS RD 50M AFTER LAKESFIELD DR,INTERSECTION,Scheduled PubTpt Bus flow,KELLETTS RD 50M AFTER LAKESFIELD DR,5428,KELLETTS ROAD,KELLETTS ROAD,PUBTT,Other,Greater than 10 Years,0,0,0,0,0.0
144.88177750635603,-37.8571249451926,34744,34560,14645,KOROROIT CREEK RD 50M BEFORE ADELINE ST,INTERSECTION,Scheduled PubTpt Bus flow,KOROROIT CREEK RD 50M BEFORE ADELINE ST,5833,KOROROIT CREEK ROAD,KOROROIT CREEK ROAD,PUBTT,Other,Greater than 10 Years,0,0,0,0,0.0
144.8665383182611,-37.85552281847518,34785,34567,22541,KOROROIT CREEK RD 50M AFTER MADDOX RD,INTERSECTION,Scheduled PubTpt Bus flow,KOROROIT CREEK RD 50M AFTER MADDOX RD,5833,KOROROIT CREEK ROAD,KOROROIT CREEK ROAD,PUBTT,Other,Greater than 10 Years,0,0,0,0,0.0
145.2894523684464,-37.76510779485233,34914,34590,12727,LYONS RD N BD BTWN EXETER RD & BRUSHY PARK RD,INTERSECTION,Scheduled PubTpt Bus flow,LYONS RD BTWN EXETER RD & BRUSHY PARK RD,9999,Missing Data,LYONS ROAD,PUBTT,Other,Greater than 10 Years,0,0,0,0,0.0
145.08088071548624,-37.953652619141394,34918,34489,12093,KINGSTON RD E BD BTWN WARRIGAL RD & OLD DANDENONG RD,INTERSECTION,Scheduled PubTpt Bus flow,KINGSTON RD BTWN WARRIGAL RD & OLD DANDENONG RD,5970,HEATHERTON ROAD,KINGSTON ROAD,PUBTT,Other,Greater than 10 Years,0,0,0,0,0.0
145.04116050850195,-37.92164190146893,34946,34388,11898,JASPER RD N BD BTWN PATTERSON RD & CENTRE RD,INTERSECTION,Scheduled PubTpt Bus flow,JASPER RD BTWN PATTERSON RD & CENTRE RD,5847,JASPER ROAD,JASPER ROAD,PUBTT,Other,Greater than 10 Years,0,0,0,0,0.0
145.02251079257098,-37.62986739948905,35007,35404,17515,LYNDARUM DR 20M BEFORE DUNOLLY ST,INTERSECTION,Scheduled PubTpt Bus flow,LYNDARUM DR 20M BEFORE DUNOLLY ST,9999,Missing Data,LYNDARUM DRIVE,PUBTT,Other,Greater than 10 Years,0,0,0,0,0.0
145.05321169566065,-37.957623473239735,35022,35911,26197,KAREN ST W BD BTWN TENNYSON ST & NEPEAN HIGHWAY,INTERSECTION,Scheduled PubTpt Bus flow,KAREN ST BTWN TENNYSON ST & NEPEAN HIGHWAY,9999,Missing Data,KAREN STREET,PUBTT,Other,Greater than 10 Years,0,0,0,0,0.0
144.819507175443,-37.8191941169837,35037,35919,8774,LITTLE BOUNDARY RD 50M AFTER PIPE RD,INTERSECTION,Scheduled PubTpt Bus flow,LITTLE BOUNDARY RD 50M AFTER PIPE RD,5448,LITTLE BOUNDARY ROAD,LITTLE BOUNDARY ROAD,PUBTT,Other,Greater than 10 Years,0,0,0,0,0.0
145.12927913931023,-37.705344855751726,35062,35931,29621,KARINGAL DR E OF WEIDLICH RD,INTERSECTION,All Moves,KARINGAL DR/WEIDLICH RD,5722,KARINGAL DRIVE,KARINGAL DRIVE,SCATS,Scats,Greater than 10 Years,0,0,0,0,0.0
144.88809730546132,-37.85773176235168,35088,35944,14332,KOROROIT CREEK RD W BD BTWN FERGUSON ST & MILLERS RD,INTERSECTION,Scheduled PubTpt Bus flow,KOROROIT CREEK RD BTWN FERGUSON ST & MILLERS RD,5833,KOROROIT CREEK ROAD,KOROROIT CREEK ROAD,PUBTT,Other,Greater than 10 Years,0,0,0,0,0.0
145.05913020461503,-37.7293206068976,35135,35809,30139,KINGSBURY DR AT WAIORA RD,INTERSECTION,Scheduled PubTpt Bus flow,KINGSBURY DR AT WAIORA RD,5740,KINGSBURY DRIVE,KINGSBURY DRIVE,PUBTT,Other,Greater than 10 Years,0,0,0,0,0.0
144.81735594428076,-37.8169166729782,35142,35811,18391,LITTLE BOUNDARY RD AT LESLIE RD,INTERSECTION,Scheduled PubTpt Bus flow,LITTLE BOUNDARY RD AT LESLIE RD,5448,LITTLE BOUNDARY ROAD,LITTLE BOUNDARY ROAD,PUBTT,Other,Greater than 10 Years,0,0,0,0,0.0
144.9615454889461,-37.81248876185463,35151,35813,18694,LONSDALE ST 25M AFTER ELIZABETH ST,INTERSECTION,Scheduled PubTpt Bus flow,LONSDALE ST 25M AFTER ELIZABETH ST,9999,Missing Data,LONSDALE STREET,PUBTT,Other,Greater than 10 Years,0,0,0,0,0.0
144.97072262212643,-37.77811059718568,35171,35967,19388,LYGON ST S BD BTWN GLENLYON RD & BRUNSWICK RD,INTERSECTION,Scheduled PubTpt Tram flow,LYGON ST BTWN GLENLYON RD & BRUNSWICK RD,9999,Missing Data,LYGON STREET,PUBTT,Other,Greater than 10 Years,0,0,0,0,0.0
144.96807118080753,-37.79413599978963,35207,35976,23825,LYGON ST N BD BTWN ELGIN ST & CEMETERY RD EAST,INTERSECTION,Scheduled PubTpt Tram flow,LYGON ST BTWN ELGIN ST & CEMETERY RD EAST,9999,Missing Data,LYGON STREET,PUBTT,Other,Greater than 10 Years,0,0,0,0,0.0
145.01825677922113,-37.869105003828224,35219,35330,16583,KOOYONG RD AT INKERMAN RD,INTERSECTION,Scheduled PubTpt Bus flow,KOOYONG RD AT INKERMAN RD,9999,Missing Data,KOOYONG ROAD,PUBTT,Other,Greater than 10 Years,0,0,0,0,0.0
145.0398328334746,-37.90365650156372,35229,35333,18092,KATANDRA RD 50M OFF NORTH RD,INTERSECTION,Scheduled PubTpt Bus flow,KATANDRA RD 50M OFF NORTH RD,9999,Missing Data,KATANDRA ROAD,PUBTT,Other,Greater than 10 Years,0,0,0,0,0.0
144.96807193204864,-37.79413160305201,35235,35834,15577,LYGON ST S BD BTWN CEMETERY RD EAST & ELGIN ST,INTERSECTION,Scheduled PubTpt Tram flow,LYGON ST BTWN CEMETERY RD EAST & ELGIN ST,9999,Missing Data,LYGON STREET,PUBTT,Other,Greater than 10 Years,0,0,0,0,0.0
144.9704338082404,-37.77987879995946,35242,35985,16545,LYGON ST S BD BTWN BRUNSWICK RD & PIGDON ST,INTERSECTION,Scheduled PubTpt Tram flow,LYGON ST BTWN BRUNSWICK RD & PIGDON ST,9999,Missing Data,LYGON STREET,PUBTT,Other,Greater than 10 Years,0,0,0,0,0.0
144.96924945778008,-37.787196993221364,35247,35837,14463,LYGON ST S BD BTWN PIGDON ST & CEMETERY RD EAST,INTERSECTION,Scheduled PubTpt Tram flow,LYGON ST BTWN PIGDON ST & CEMETERY RD EAST,9999,Missing Data,LYGON STREET,PUBTT,Other,Greater than 10 Years,0,0,0,0,0.0
145.31687395355436,-37.818631302465434,35265,35492,33355,LIVERPOOL RD S of CANTERBURY RD,INTERSECTION,All Moves,CANTERBURY RD & LIVERPOOL RD,9999,Missing Data,LIVERPOOL ROAD,TMVMT,Manual,Greater than 10 Years,21,1995,7400,0,0.0
145.1401065970711,-37.990369286468635,35271,35493,31440,LOWER DANDENONG RD W OF CENTRE DANDENONG RD DEPARTURE,INTERSECTION,All Moves,CENTRE DANDENONG RD & LOWER DANDENONG RD DEP,2050,STATE (LOWER DANDENONG/CHELTENHAM) HIGHWAY,LOWER DANDENONG ROAD,TMVMT,Manual,Between 2 and 5 Years,3,2013,19000,1000,0.05
144.87231911646643,-37.856134155164725,35275,35846,12779,KOROROIT CREEK RD W BD BTWN FERGUSON ST & MILLERS RD,INTERSECTION,Scheduled PubTpt Bus flow,KOROROIT CREEK RD BTWN FERGUSON ST & MILLERS RD,5833,KOROROIT CREEK ROAD,KOROROIT CREEK ROAD,PUBTT,Other,Greater than 10 Years,0,0,0,0,0.0
144.81693551310667,-37.81636930253261,35283,35496,34673,LITTLE BOUNDARY RD SEBD SE of FAIRBAIRN RD,INTERSECTION,All Moves,FAIRBAIRN RD N OF BOUNDARY RD,5448,LITTLE BOUNDARY ROAD,LITTLE BOUNDARY ROAD,TMVMT,Manual,Greater than 10 Years,25,1991,12000,1400,0.11
144.96405678876025,-37.81175768093991,35285,35994,17753,LONSDALE ST 250M BEFORE SWANSTON ST,INTERSECTION,Scheduled PubTpt Bus flow,LONSDALE ST 250M BEFORE SWANSTON ST,9999,Missing Data,LONSDALE STREET,PUBTT,Other,Greater than 10 Years,0,0,0,0,0.0
144.95452638902012,-37.81451167550382,35288,35995,23857,LONSDALE ST 20M AFTER KING ST,INTERSECTION,Scheduled PubTpt Bus flow,LONSDALE ST 20M AFTER KING ST,9999,Missing Data,LONSDALE STREET,PUBTT,Other,Greater than 10 Years,0,0,0,0,0.0
144.96384009291575,-37.82960749882452,35292,35849,23802,KINGS WAY NW BD BTWN RAMPS AT WEST GATE FWY,INTERSECTION,Scheduled PubTpt Tram flow,KINGS WAY NBTWN RAMPS AT WEST GATE FWY,2510,PRINCES HIGHWAY EAST,KINGS WAY,PUBTT,Other,Greater than 10 Years,0,0,0,0,0.0
145.26289410864055,-37.91383035278495,35329,35863,22546,KELLETTS RD 30M OPP BLAXLAND DR,INTERSECTION,Scheduled PubTpt Bus flow,KELLETTS RD 30M OPP BLAXLAND DR,5428,KELLETTS ROAD,KELLETTS ROAD,PUBTT,Other,Greater than 10 Years,0,0,0,0,0.0
145.07557799748847,-37.898405170872486,35349,35870,13638,KANGAROO RD 5M AFTER POATH RD,INTERSECTION,Scheduled PubTpt Bus flow,KANGAROO RD 5M AFTER POATH RD,9999,Missing Data,KANGAROO ROAD,PUBTT,Other,Greater than 10 Years,0,0,0,0,0.0
145.0130096041046,-37.695036379514654,35351,35371,11831,KEON PDE W BD BTWN CHEDDAR RD & HIGH ST,INTERSECTION,Scheduled PubTpt Bus flow,KEON PDE BTWN CHEDDAR RD & HIGH ST,5910,CAMPBELLFIELD-GREENSBOROUGH ROAD,KEON PARADE,PUBTT,Other,Greater than 10 Years,0,0,0,0,0.0
145.01868010722248,-37.866834099617805,35371,35108,19426,KOOYONG RD AT WANDA RD,INTERSECTION,Scheduled PubTpt Bus flow,KOOYONG RD AT WANDA RD,9999,Missing Data,KOOYONG ROAD,PUBTT,Other,Greater than 10 Years,0,0,0,0,0.0
145.22464170644255,-37.72029978736721,35412,35378,10492,KANGAROO GROUND-WARRANDYTE RD 20M AFTER FLOODS RD,INTERSECTION,Scheduled PubTpt Bus flow,KANGAROO GROUND-WARRANDYTE RD 20M AFTER FLOODS RD,5810,WARRANDYTE-KANGAROO GROUND ROAD,KANGAROO GROUND-WARRANDYTE ROAD,PUBTT,Other,Greater than 10 Years,0,0,0,0,0.0
145.01574455607883,-37.88200939328822,35436,35013,15145,KOOYONG RD AT SEYMOUR RD,INTERSECTION,Scheduled PubTpt Bus flow,KOOYONG RD AT SEYMOUR RD,9999,Missing Data,KOOYONG ROAD,PUBTT,Other,Greater than 10 Years,0,0,0,0,0.0
145.3860613102138,-37.88619157983213,35453,35383,12823,KALLISTA-EMERALD RD 30M AFTER O'CONNORS RD,INTERSECTION,Scheduled PubTpt Bus flow,KALLISTA-EMERALD RD 30M AFTER O'CONNORS RD,9999,Missing Data,KALLISTA-EMERALD ROAD,PUBTT,Other,Greater than 10 Years,0,0,0,0,0.0
144.97200825033065,-37.769791793736815,35457,35886,19363,LYGON ST N BD BTWN GLENLYON RD & VICTORIA ST,INTERSECTION,Scheduled PubTpt Tram flow,LYGON ST BTWN GLENLYON RD & VICTORIA ST,9999,Missing Data,LYGON STREET,PUBTT,Other,Greater than 10 Years,0,0,0,0,0.0
145.04618630186565,-37.77180597538526,35458,35715,15260,LOWER HEIDELBERG RD 25M AFTER MARSHALL ST,INTERSECTION,Scheduled PubTpt Bus flow,LOWER HEIDELBERG RD 25M AFTER MARSHALL ST,5762,MAIN HEIDELBERG-ELTHAM ROAD,LOWER HEIDELBERG ROAD,PUBTT,Other,Greater than 10 Years,0,0,0,0,0.0
144.99250260084392,-37.799797009981006,35516,35391,41074,JOHNSTON ST E BD W OF HODDLE ST,INTERSECTION,All Moves,JOHNSTON ST W OF HODDLE ST,5853,JOHNSTON STREET,JOHNSTON STREET,MOTSV,Manual,Between 2 and 5 Years,5,2011,9800,370,0.04
145.05332979760624,-37.957623763275,35524,35895,28461,KAREN ST W BD BTWN TENNYSON ST & NEPEAN HIGHWAY,INTERSECTION,Scheduled PubTpt Bus flow,KAREN ST BTWN TENNYSON ST & NEPEAN HIGHWAY,9999,Missing Data,KAREN STREET,PUBTT,Other,Greater than 10 Years,0,0,0,0,0.0
145.0136723570651,-37.8929001935696,35535,35025,14843,KOOYONG RD AT CLARENCE ST,INTERSECTION,Scheduled PubTpt Bus flow,KOOYONG RD AT CLARENCE ST,9999,Missing Data,KOOYONG ROAD,PUBTT,Other,Greater than 10 Years,0,0,0,0,0.0
145.01670429008445,-37.87712229919392,35538,35026,16582,KOOYONG RD AT YANAKIE CRES,INTERSECTION,Scheduled PubTpt Bus flow,KOOYONG RD AT YANAKIE CRES,9999,Missing Data,KOOYONG ROAD,PUBTT,Other,Greater than 10 Years,0,0,0,0,0.0
144.96831674462234,-37.79268999459717,35539,35725,16663,LYGON ST N BD BTWN ELGIN ST & CEMETERY RD EAST,INTERSECTION,Scheduled PubTpt Tram flow,LYGON ST BTWN ELGIN ST & CEMETERY RD EAST,9999,Missing Data,LYGON STREET,PUBTT,Other,Greater than 10 Years,0,0,0,0,0.0
145.28945014975196,-37.76512118946222,35573,35031,17465,LYONS RD S BD BTWN BRUSHY PARK RD & EXETER RD,INTERSECTION,Scheduled PubTpt Bus flow,LYONS RD BTWN BRUSHY PARK RD & EXETER RD,9999,Missing Data,LYONS ROAD,PUBTT,Other,Greater than 10 Years,0,0,0,0,0.0
145.0670260870273,-37.76591390311808,35610,35634,13157,LOWER HEIDELBERG RD S BD BTWN BANKSIA ST & BURKE RD,INTERSECTION,Scheduled PubTpt Bus flow,LOWER HEIDELBERG RD BTWN BANKSIA ST & BURKE RD,5762,MAIN HEIDELBERG-ELTHAM ROAD,LOWER HEIDELBERG ROAD,PUBTT,Other,Greater than 10 Years,0,0,0,0,0.0
145.04333499791204,-37.771873498780174,35620,35536,13393,LOWER HEIDELBERG RD W BD BTWN HARTLANDS RD & HEIDELBERG RD,INTERSECTION,Scheduled PubTpt Bus flow,LOWER HEIDELBERG RD BTWN HARTLANDS RD & HEIDELBERG RD,5762,MAIN HEIDELBERG-ELTHAM ROAD,LOWER HEIDELBERG ROAD,PUBTT,Other,Greater than 10 Years,0,0,0,0,0.0
144.9566989808436,-37.81168086445473,35634,35144,15287,LA TROBE ST AT WILLIAM ST,INTERSECTION,Scheduled PubTpt Tram flow,LA TROBE ST AT WILLIAM ST,9999,Missing Data,LA TROBE STREET,PUBTT,Other,Greater than 10 Years,0,0,0,0,0.0
144.94641348023552,-37.81459365204602,35686,35247,25674,LATROBE ST E BD BTWN DOCKLANDS HIGHWAY & ADDERLEY ST,INTERSECTION,Scheduled PubTpt Tram flow,LATROBE ST BTWN DOCKLANDS HIGHWAY & ADDERLEY ST,9999,Missing Data,LA TROBE STREET,PUBTT,Other,Greater than 10 Years,0,0,0,0,0.0
145.16852218053856,-38.25385659548285,35719,35651,16144,JONES RD AT MCLAURIN DR,INTERSECTION,Scheduled PubTpt Bus flow,JONES RD AT MCLAURIN DR,9999,Missing Data,JONES ROAD,PUBTT,Other,Greater than 10 Years,0,0,0,0,0.0
144.6812849123598,-37.88530653120115,35742,35057,8456,DERRIMUT RD S BD BTWN HEATHS RD & MELTON-WERRIBEE RD,INTERSECTION,Scheduled PubTpt Bus flow,DERRIMUT RD BTWN HEATHS RD & MELTON-WERRIBEE RD,9999,Missing Data,KOOKABURRA AVENUE,PUBTT,Other,Greater than 10 Years,0,0,0,0,0.0
144.84651943522655,-37.85049771519445,35783,35563,17033,KOROROIT CREEK RD 100M BEFORE MILLERS RD,INTERSECTION,Scheduled PubTpt Bus flow,KOROROIT CREEK RD 100M BEFORE MILLERS RD,5833,KOROROIT CREEK ROAD,KOROROIT CREEK ROAD,PUBTT,Other,Greater than 10 Years,0,0,0,0,0.0
145.06674019985851,-37.94857597616126,35797,35172,11228,KEYS RD 30M BEFORE ROBERNA ST,INTERSECTION,Scheduled PubTpt Bus flow,KEYS RD 30M BEFORE ROBERNA ST,5313,WICKHAM-KEYS ROAD,KEYS ROAD,PUBTT,Other,Greater than 10 Years,0,0,0,0,0.0
145.34633856254555,-38.02938326349087,35805,35768,15220,LYALL RD 50M AFTER PATERNOSTER LN,INTERSECTION,Scheduled PubTpt Bus flow,LYALL RD 50M AFTER PATERNOSTER LN,9999,Missing Data,LYALL ROAD,PUBTT,Other,Greater than 10 Years,0,0,0,0,0.0
145.0110339154332,-37.66494724375816,35865,35077,12263,KINGSWAY DR AT LYNDON ST,INTERSECTION,Scheduled PubTpt Bus flow,KINGSWAY DR AT LYNDON ST,9999,Missing Data,KINGSWAY DRIVE,PUBTT,Other,Greater than 10 Years,0,0,0,0,0.0
145.0707296906525,-37.73962498635905,35912,35584,10786,LOWER PLENTY RD 10M AFTER ARDEN CRES,INTERSECTION,Scheduled PubTpt Bus flow,LOWER PLENTY RD 10M AFTER ARDEN CRES,5743,LOWER PLENTY ROAD,LOWER PLENTY ROAD,PUBTT,Other,Greater than 10 Years,0,0,0,0,0.0
145.16852404839656,-38.2538489900117,35918,35585,21623,JONES RD AT MCLAURIN DR,INTERSECTION,Scheduled PubTpt Bus flow,JONES RD AT MCLAURIN DR,9999,Missing Data,JONES ROAD,PUBTT,Other,Greater than 10 Years,0,0,0,0,0.0
144.95400718452385,-37.81265201140548,35919,35086,37381,KING ST SE OF LA TROBE ST,INTERSECTION,All Moves,KING ST/LA TROBE ST,5041,KING STREET,KING STREET,SCATS,Scats,Between 5 and 10 Years,8,2008,24000,0,0.0
144.85034991662587,-37.73765098566195,35924,35087,39249,KEILOR PARK DR SE OF WESTERN RING RD,INTERSECTION,All Moves,KEILOR PARK DR/WESTERN RING RD,5054,KEILOR PARK DRIVE,KEILOR PARK DRIVE,SCATS,Scats,Between 5 and 10 Years,8,2008,13000,0,0.0
144.95889507099002,-37.81326364839122,35964,35200,18777,LONSDALE ST 200M AFTER QUEEN ST,INTERSECTION,Scheduled PubTpt Bus flow,LONSDALE ST 200M AFTER QUEEN ST,9999,Missing Data,LONSDALE STREET,PUBTT,Other,Greater than 10 Years,0,0,0,0,0.0
144.85096804413635,-37.73164400961118,35968,35693,35061,KEILOR PARK DR SB BTW OLD CALDER HWY & BRIMBANK RD,UNDEFINED,All Moves,KEILOR PARK DR BTW OLD CALDER HWY & BRIMBANK RD,5054,KEILOR PARK DRIVE,KEILOR PARK DRIVE,MOTSV,Manual,Greater than 10 Years,0,0,0,0,0.0
144.65289688216808,-37.728806398958966,35989,35800,34872,LEAKES RD S BD BTW WESTCOTT PDE & GREIGS RD,MIDBLOCK,All Moves,LEAKES RD BTW WESTCOTT PDE & GREIGS RD,9999,Missing Data,LEAKES ROAD,APARX,Classification,Between 2 and 5 Years,5,2011,840,110,0.14
144.7841362050735,-37.84440940254091,36035,36524,29530,KOROROIT CREEK RD E OF PRINCES FWY N BD RAMPS,INTERSECTION,Through Missing,PRINCES FWY (N BD RAMPS)/KOROROIT CREEK RD,5833,KOROROIT CREEK ROAD,KOROROIT CREEK ROAD,SCATS,Scats,Greater than 10 Years,0,0,0,0,0.0
144.78885726559474,-37.052276171012345,36044,36116,30310,LANCEFIELD-TOOBORAC RD E BD 1.0 KM W OF NORTHERN HWY @ 1.0KM FROM TOOBORAC,MIDBLOCK,All Moves,LANCEFIELD-TOOBORAC RD 1.0 KM W OF NORTHERN HWY @ 1.0KM FROM TOOBORAC,5389,LANCEFIELD-TOOBORAC ROAD,LANCEFIELD-TOOBORAC ROAD,APARX,Classification,Between 2 and 5 Years,3,2013,320,30,0.11
145.12821291326324,-37.75673022906288,36062,36538,8166,JAMES ST 5M BEFORE MILNE ST,INTERSECTION,Scheduled PubTpt Bus flow,JAMES ST 5M BEFORE MILNE ST,5809,HEIDELBERG-WARRANDYTE ROAD,JAMES STREET,PUBTT,Other,Greater than 10 Years,0,0,0,0,0.0
145.013428295894,-37.8941797025889,36065,36126,8176,KOOYONG RD AT JUPITER ST,INTERSECTION,Scheduled PubTpt Bus flow,KOOYONG RD AT JUPITER ST,9999,Missing Data,KOOYONG ROAD,PUBTT,Other,Greater than 10 Years,0,0,0,0,0.0
144.9021174003825,-37.74125879749781,36073,36130,10326,KEILOR RD 30M BEFORE HEDDERWICK ST,INTERSECTION,Scheduled PubTpt Bus flow,KEILOR RD 30M BEFORE HEDDERWICK ST,5592,KEILOR ROAD,KEILOR ROAD,PUBTT,Other,Greater than 10 Years,0,0,0,0,0.0
144.97102993198757,-37.775674399849215,36079,36133,4797,LYGON ST N OF BRUNSWICK RD,INTERSECTION,All Moves,BRUNSWICK RD & LYGON ST,9999,Missing Data,LYGON STREET,TMVMT,Manual,Greater than 10 Years,0,0,0,0,0.0
144.9690196776384,-37.80807775297204,36092,36553,13405,LATROBE ST W BD BTWN VICTORIA ST & EXHIBITION ST,INTERSECTION,Scheduled PubTpt Tram flow,LATROBE ST BTWN VICTORIA ST & EXHIBITION ST,9999,Missing Data,LA TROBE STREET,PUBTT,Other,Greater than 10 Years,0,0,0,0,0.0
144.96484654635094,-37.83062704310733,36113,36564,19343,KINGS WAY SE BD BTWN OFFRAMP FROM WEST GATE FWY/YORK ST & STURT ST,INTERSECTION,Scheduled PubTpt Tram flow,KINGS WAY SBTWN OFFRAMP FROM WEST GATE FWY/YORK ST & STURT ST,2510,PRINCES HIGHWAY EAST,KINGS WAY,PUBTT,Other,Greater than 10 Years,0,0,0,0,0.0
144.96051091962164,-37.82617177788659,36123,36569,15297,KINGS WAY AT CITY RD,INTERSECTION,Scheduled PubTpt Tram flow,KINGS WAY AT CITY RD,2510,PRINCES HIGHWAY EAST,KINGS WAY,PUBTT,Other,Greater than 10 Years,0,0,0,0,0.0
145.0654293141857,-37.897163829959766,36133,36159,21690,KANGAROO RD 20M BEFORE MURRUMBEENA RD,INTERSECTION,Scheduled PubTpt Bus flow,KANGAROO RD 20M BEFORE MURRUMBEENA RD,9999,Missing Data,KANGAROO ROAD,PUBTT,Other,Greater than 10 Years,0,0,0,0,0.0
144.96889639005957,-37.78927639739522,36156,36586,15660,LYGON ST S BD BTWN PIGDON ST & CEMETERY RD EAST,INTERSECTION,Scheduled PubTpt Tram flow,LYGON ST BTWN PIGDON ST & CEMETERY RD EAST,9999,Missing Data,LYGON STREET,PUBTT,Other,Greater than 10 Years,0,0,0,0,0.0
144.97148687934072,-37.77274680089851,36166,36176,16520,LYGON ST N BD BTWN BRUNSWICK RD & GLENLYON RD,INTERSECTION,Scheduled PubTpt Tram flow,LYGON ST BTWN BRUNSWICK RD & GLENLYON RD,9999,Missing Data,LYGON STREET,PUBTT,Other,Greater than 10 Years,0,0,0,0,0.0
144.9722939801919,-37.76821149625575,36172,36594,14435,LYGON ST N BD BTWN GLENLYON RD & VICTORIA ST,INTERSECTION,Scheduled PubTpt Tram flow,LYGON ST BTWN GLENLYON RD & VICTORIA ST,9999,Missing Data,LYGON STREET,PUBTT,Other,Greater than 10 Years,0,0,0,0,0.0
144.96977537183955,-37.78408079555809,36180,36302,24190,LYGON ST S BD BTWN PIGDON ST & CEMETERY RD EAST,INTERSECTION,Scheduled PubTpt Tram flow,LYGON ST BTWN PIGDON ST & CEMETERY RD EAST,9999,Missing Data,LYGON STREET,PUBTT,Other,Greater than 10 Years,0,0,0,0,0.0
144.9670974792586,-37.808638559321444,36189,36599,17752,LA TROBE ST 5M BEFORE HAYWARD LN,INTERSECTION,Scheduled PubTpt Bus flow,LA TROBE ST 5M BEFORE HAYWARD LN,9999,Missing Data,LA TROBE STREET,PUBTT,Other,Greater than 10 Years,0,0,0,0,0.0
144.96921970902372,-37.78737219683723,36211,36192,25707,LYGON ST AT FENWICK ST,INTERSECTION,Scheduled PubTpt Tram flow,LYGON ST AT FENWICK ST,9999,Missing Data,LYGON STREET,PUBTT,Other,Greater than 10 Years,0,0,0,0,0.0
145.01410695362168,-37.89058679288988,36215,36194,18098,KOOYONG RD AT TREVELYAN ST,INTERSECTION,Scheduled PubTpt Bus flow,KOOYONG RD AT TREVELYAN ST,9999,Missing Data,KOOYONG ROAD,PUBTT,Other,Greater than 10 Years,0,0,0,0,0.0
144.8925826224231,-37.73742376017072,36225,36314,26195,KEILOR RD AT HOFFMANS RD,INTERSECTION,Scheduled PubTpt Tram flow,KEILOR RD AT HOFFMANS RD,5592,KEILOR ROAD,KEILOR ROAD,PUBTT,Other,Greater than 10 Years,0,0,0,0,0.0
144.90283904103129,-37.741557833165245,36234,36817,25735,KEILOR RD E BD BTWN HOFFMANS RD & BULLA RD,INTERSECTION,Scheduled PubTpt Tram flow,KEILOR RD BTWN HOFFMANS RD & BULLA RD,5592,KEILOR ROAD,KEILOR ROAD,PUBTT,Other,Greater than 10 Years,0,0,0,0,0.0
145.0422622564172,-37.91524640752336,36271,36836,3341,JASPER RD N of CENTRE RD DEPARTURE,INTERSECTION,All Moves,JASPER RD N OF CENTRE RD DEPARTURE,5847,JASPER ROAD,JASPER ROAD,TMVMT,Manual,Greater than 10 Years,0,0,0,0,0.0
144.97244990887813,-37.76734790310866,36277,36339,3455,LYGON ST N OF VICTORIA ST,INTERSECTION,All Moves,LYGON ST & VICTORIA ST,9999,Missing Data,LYGON STREET,TMVMT,Manual,Greater than 10 Years,0,0,0,0,0.0
145.8096760353365,-38.41247080959765,36278,36839,3788,KORUMBURRA-WARRAGUL RD N Bd N OF KORUMBURRA GOLF CLUB ENTRY,MIDBLOCK,All Moves,KORUMBURRA-WARRAGUL RD N OF KORUMBURRA GOLF CLUB ENTRY,5682,KORUMBURRA-WARRAGUL ROAD,KORUMBURRA-WARRAGUL ROAD,APARX,Classification,Greater than 10 Years,0,0,0,0,0.0
144.95374239780895,-37.8125166868022,36295,36348,16038,LATROBE ST E BD BTWN SPENCER ST & KING ST,INTERSECTION,Scheduled PubTpt Tram flow,LATROBE ST BTWN SPENCER ST & KING ST,9999,Missing Data,LA TROBE STREET,PUBTT,Other,Greater than 10 Years,0,0,0,0,0.0
144.88416280789107,-37.857376105057554,36297,36349,13056,KOROROIT CREEK RD W BD BTWN FERGUSON ST & MILLERS RD,INTERSECTION,Scheduled PubTpt Bus flow,KOROROIT CREEK RD BTWN FERGUSON ST & MILLERS RD,5833,KOROROIT CREEK ROAD,KOROROIT CREEK ROAD,PUBTT,Other,Greater than 10 Years,0,0,0,0,0.0
144.9661127970552,-37.808935788557534,36312,36856,26017,LA TROBE ST AT RUSSELL ST,INTERSECTION,Scheduled PubTpt Tram flow,LA TROBE ST AT RUSSELL ST,9999,Missing Data,LA TROBE STREET,PUBTT,Other,Greater than 10 Years,0,0,0,0,0.0
145.0669980804929,-37.76599679479997,36327,36361,12788,LOWER HEIDELBERG RD N BD BTWN BURKE RD & BANKSIA ST,INTERSECTION,Scheduled PubTpt Bus flow,LOWER HEIDELBERG RD BTWN BURKE RD & BANKSIA ST,5762,MAIN HEIDELBERG-ELTHAM ROAD,LOWER HEIDELBERG ROAD,PUBTT,Other,Greater than 10 Years,0,0,0,0,0.0
145.0557944056841,-37.895861001514234,36339,36365,22545,KOORNANG RD AT MOONYA RD,INTERSECTION,Scheduled PubTpt Bus flow,KOORNANG RD AT MOONYA RD,9999,Missing Data,KOORNANG ROAD,PUBTT,Other,Greater than 10 Years,0,0,0,0,0.0
145.05481866158735,-37.901032802975365,36341,36366,14334,KOORNANG RD AT LEILA ST,INTERSECTION,Scheduled PubTpt Bus flow,KOORNANG RD AT LEILA ST,9999,Missing Data,KOORNANG ROAD,PUBTT,Other,Greater than 10 Years,0,0,0,0,0.0
144.96392975667533,-37.829697850899095,36344,36367,26025,KINGS WAY SE BD BTWN OFFRAMP FROM WEST GATE FWY/YORK ST & STURT ST,INTERSECTION,Scheduled PubTpt Tram flow,KINGS WAY SBTWN OFFRAMP FROM WEST GATE FWY/YORK ST & STURT ST,2510,PRINCES HIGHWAY EAST,KINGS WAY,PUBTT,Other,Greater than 10 Years,0,0,0,0,0.0
144.97488369837333,-37.79795280666437,36360,36013,3174,NICHOLSON ST N OF JOHNSTON ST DEPARTURE,INTERSECTION,All Moves,NICHOLSON ST N OF JOHNSTON ST DEPARTURE,5853,JOHNSTON STREET,JOHNSTON STREET,TMVMT,Manual,Greater than 10 Years,0,0,0,0,0.0
144.97103003438264,-37.77567379619153,36378,36375,17717,LYGON ST N BD BTWN BRUNSWICK RD & GLENLYON RD,INTERSECTION,Scheduled PubTpt Tram flow,LYGON ST BTWN BRUNSWICK RD & GLENLYON RD,9999,Missing Data,LYGON STREET,PUBTT,Other,Greater than 10 Years,0,0,0,0,0.0
144.97260940595558,-37.766462199195615,36441,36388,17743,LYGON ST S BD BTWN NICHOLSON ST & BLYTH ST,INTERSECTION,Scheduled PubTpt Tram flow,LYGON ST BTWN NICHOLSON ST & BLYTH ST,9999,Missing Data,LYGON STREET,PUBTT,Other,Greater than 10 Years,0,0,0,0,0.0
145.17552629851028,-37.994082794882274,36467,36623,8495,KINGSCLERE AV N OF CHELTENHAM RD,INTERSECTION,All Moves,CHELTENHAM RD/KINGSCLERE AVE/PERRY RD,9999,Missing Data,KINGSCLERE AVENUE,SCATS,Scats,Less than 2 Years,0,2016,0,0,0.0
145.02070483986043,-37.855342290915786,36471,36395,27457,KOOYONG RD 7M AFTER HIGH ST,INTERSECTION,Scheduled PubTpt Bus flow,KOOYONG RD 7M AFTER HIGH ST,9999,Missing Data,KOOYONG ROAD,PUBTT,Other,Greater than 10 Years,0,0,0,0,0.0
144.96884456010625,-37.789581602279966,36478,36396,24168,LYGON ST N BD BTWN CEMETERY RD EAST & PIGDON ST,INTERSECTION,Scheduled PubTpt Tram flow,LYGON ST BTWN CEMETERY RD EAST & PIGDON ST,9999,Missing Data,LYGON STREET,PUBTT,Other,Greater than 10 Years,0,0,0,0,0.0
145.89825088939153,-38.312505103062605,36517,36736,28882,KORUMBURRA-WARRAGUL RD S Bd 980M S OF SARGEANT ST,MIDBLOCK,All Moves,KORUMBURRA-WARRAGUL RD 980M S OF SARGEANT ST,5682,KORUMBURRA-WARRAGUL ROAD,KORUMBURRA-WARRAGUL ROAD,APARX,Classification,Greater than 10 Years,0,0,0,0,0.0
144.87261971153913,-37.856165126083866,36569,36752,13040,KOROROIT CREEK RD E BD BTWN MILLERS RD & FERGUSON ST,INTERSECTION,Scheduled PubTpt Bus flow,KOROROIT CREEK RD BTWN MILLERS RD & FERGUSON ST,5833,KOROROIT CREEK ROAD,KOROROIT CREEK ROAD,PUBTT,Other,Greater than 10 Years,0,0,0,0,0.0
144.95910467920106,-37.81097664467661,36570,36063,13682,LATROBE ST W BD BTWN ELIZABETH ST & QUEEN ST,INTERSECTION,Scheduled PubTpt Tram flow,LATROBE ST BTWN ELIZABETH ST & QUEEN ST,9999,Missing Data,LA TROBE STREET,PUBTT,Other,Greater than 10 Years,0,0,0,0,0.0
144.90573901569775,-37.74275387946994,36578,36904,15594,KEILOR RD W BD BTWN BULLA RD & HOFFMANS RD,INTERSECTION,Scheduled PubTpt Tram flow,KEILOR RD BTWN BULLA RD & HOFFMANS RD,5592,KEILOR ROAD,KEILOR ROAD,PUBTT,Other,Greater than 10 Years,0,0,0,0,0.0
145.14527201593378,-37.88869925195296,36588,36658,21680,BLACKBURN RD N BD BTWN MONASH FWY & WAVERLEY RD,INTERSECTION,Scheduled PubTpt Bus flow,BLACKBURN RD BTWN MONASH FWY & WAVERLEY RD,9999,Missing Data,LEMANA CRESCENT,PUBTT,Other,Greater than 10 Years,0,0,0,0,0.0
145.06122220030903,-37.77218379782639,36593,36070,14669,LOWER HEIDELBERG RD NEBD BTWN HARTLANDS RD & BURKE RD,INTERSECTION,Scheduled PubTpt Bus flow,LOWER HEIDELBERG RD NBTWN HARTLANDS RD & BURKE RD,5762,MAIN HEIDELBERG-ELTHAM ROAD,LOWER HEIDELBERG ROAD,PUBTT,Other,Greater than 10 Years,0,0,0,0,0.0
145.06775823104795,-37.763746712236966,36598,36759,13065,LOWER HEIDELBERG RD 5M BEFORE DEVON ST,INTERSECTION,Scheduled PubTpt Bus flow,LOWER HEIDELBERG RD 5M BEFORE DEVON ST,5762,MAIN HEIDELBERG-ELTHAM ROAD,LOWER HEIDELBERG ROAD,PUBTT,Other,Greater than 10 Years,0,0,0,0,0.0
144.89578599980067,-37.73865029830091,36609,36907,20783,KEILOR RD E BD BTWN HOFFMANS RD & BULLA RD,INTERSECTION,Scheduled PubTpt Tram flow,KEILOR RD BTWN HOFFMANS RD & BULLA RD,5592,KEILOR ROAD,KEILOR ROAD,PUBTT,Other,Greater than 10 Years,0,0,0,0,0.0
145.06124646254662,-37.77216216996873,36624,36075,13801,LOWER HEIDELBERG RD SWBD BTWN BURKE RD & HARTLANDS RD,INTERSECTION,Scheduled PubTpt Bus flow,LOWER HEIDELBERG RD SBTWN BURKE RD & HARTLANDS RD,5762,MAIN HEIDELBERG-ELTHAM ROAD,LOWER HEIDELBERG ROAD,PUBTT,Other,Greater than 10 Years,0,0,0,0,0.0
145.05325229674327,-37.9576250589512,36638,36911,14850,KAREN ST E BD BTWN NEPEAN HIGHWAY & TENNYSON ST,INTERSECTION,Scheduled PubTpt Bus flow,KAREN ST BTWN NEPEAN HIGHWAY & TENNYSON ST,9999,Missing Data,KAREN STREET,PUBTT,Other,Greater than 10 Years,0,0,0,0,0.0
145.01637233168924,-37.87883649478669,36667,36914,16587,KOOYONG RD AT GLEN EIRA RD,INTERSECTION,Scheduled PubTpt Bus flow,KOOYONG RD AT GLEN EIRA RD,9999,Missing Data,KOOYONG ROAD,PUBTT,Other,Greater than 10 Years,0,0,0,0,0.0
145.06727112455349,-37.76518859600908,36679,36776,13643,LOWER HEIDELBERG RD 5M BEFORE CARLSBERG RD,INTERSECTION,Scheduled PubTpt Bus flow,LOWER HEIDELBERG RD 5M BEFORE CARLSBERG RD,5762,MAIN HEIDELBERG-ELTHAM ROAD,LOWER HEIDELBERG ROAD,PUBTT,Other,Greater than 10 Years,0,0,0,0,0.0
144.9725720335095,-37.76667139892894,36680,36212,24164,LYGON ST AT BLYTH ST,INTERSECTION,Scheduled PubTpt Tram flow,LYGON ST AT BLYTH ST,9999,Missing Data,LYGON STREET,PUBTT,Other,Greater than 10 Years,0,0,0,0,0.0
144.9705051307488,-37.77942119992908,36694,36681,15040,LYGON ST N BD BTWN PIGDON ST & BRUNSWICK RD,INTERSECTION,Scheduled PubTpt Tram flow,LYGON ST BTWN PIGDON ST & BRUNSWICK RD,9999,Missing Data,LYGON STREET,PUBTT,Other,Greater than 10 Years,0,0,0,0,0.0
145.18979576525223,-37.90320600061453,36715,36784,24114,JELLS RD 25M BEFORE PETRONELLA AVE,INTERSECTION,Scheduled PubTpt Bus flow,JELLS RD 25M BEFORE PETRONELLA AVE,5308,JELLS ROAD,JELLS ROAD,PUBTT,Other,Greater than 10 Years,0,0,0,0,0.0
144.9652438838339,-37.81141208065281,36716,36095,17754,LONSDALE ST AT TATTERSALLS LN,INTERSECTION,Scheduled PubTpt Bus flow,LONSDALE ST AT TATTERSALLS LN,9999,Missing Data,LONSDALE STREET,PUBTT,Other,Greater than 10 Years,0,0,0,0,0.0
144.97017553992967,-37.78153599413385,36723,36097,25729,LYGON ST S BD BTWN BRUNSWICK RD & PIGDON ST,INTERSECTION,Scheduled PubTpt Tram flow,LYGON ST BTWN BRUNSWICK RD & PIGDON ST,9999,Missing Data,LYGON STREET,PUBTT,Other,Greater than 10 Years,0,0,0,0,0.0
145.19025535756944,-37.90075308941942,36724,36786,13649,JELLS RD 15M BEFORE HOMESTEAD DR,INTERSECTION,Scheduled PubTpt Bus flow,JELLS RD 15M BEFORE HOMESTEAD DR,5308,JELLS ROAD,JELLS ROAD,PUBTT,Other,Greater than 10 Years,0,0,0,0,0.0
145.19037021162816,-37.90009160264131,36752,36926,9758,JELLS RD 15M AFTER HEATHERLEA DR,INTERSECTION,Scheduled PubTpt Bus flow,JELLS RD 15M AFTER HEATHERLEA DR,5308,JELLS ROAD,JELLS ROAD,PUBTT,Other,Greater than 10 Years,0,0,0,0,0.0
145.01696927716873,-37.7465289010312,36754,36422,3605,LAHINCH ST N OF BELL ST DEPARTURE,INTERSECTION,Incomplete Through,LAHINCH ST N OF BELL ST DEPARTURE,9999,Missing Data,LAHINCH STREET,TMVMT,Manual,Greater than 10 Years,0,0,0,0,0.0
145.01696927716873,-37.7465289010312,36759,36423,4197,LAHINCH ST N OF BELL ST,INTERSECTION,Incomplete Through,BELL ST & LAHINCH ST & VICTORIA ST,9999,Missing Data,LAHINCH STREET,TMVMT,Manual,Greater than 10 Years,0,0,0,0,0.0
144.8069206077649,-37.846943169999115,36765,36928,4813,ACCESS RD N OF KOKOROIT CREEK RD,INTERSECTION,All Moves,KOKOROIT CREEK RD/ACCESS RD,5833,KOROROIT CREEK ROAD,KOROROIT CREEK ROAD,SCATS,Scats,Greater than 10 Years,0,0,0,0,0.0
145.05346630300463,-37.9576132967081,36768,36698,15705,KAREN ST W BD BTWN TENNYSON ST & NEPEAN HIGHWAY,INTERSECTION,Scheduled PubTpt Bus flow,KAREN ST BTWN TENNYSON ST & NEPEAN HIGHWAY,9999,Missing Data,KAREN STREET,PUBTT,Other,Greater than 10 Years,0,0,0,0,0.0
145.22613703018575,-37.701550561719664,36774,36797,18302,KANGAROO GROUND-WARRANDYTE RD N BD BTWN RESEARCH-WARRANDYTE RD & ELTHAM-YARRA GL,INTERSECTION,Scheduled PubTpt Bus flow,KANGAROO GROUND-WARRANDYTE RD BTWN RESEARCH-WARRANDYTE RD & ELTHAM-YARRA GL,5810,WARRANDYTE-KANGAROO GROUND ROAD,KANGAROO GROUND-WARRANDYTE ROAD,PUBTT,Other,Greater than 10 Years,0,0,0,0,0.0
144.96630867626607,-37.808880143507245,36798,36432,7379,RUSSELL ST NW OF LITTLE LONSDALE ST,INTERSECTION,All Moves,RUSSELL ST/LITTLE LONSDALE ST,9999,Missing Data,LA TROBE STREET,SCATS,Scats,Greater than 10 Years,0,0,0,0,0.0
144.92353865021033,-37.796518853328784,36823,36441,11764,KENSINGTON RD 10M AFTER DEVON ST,INTERSECTION,Scheduled PubTpt Bus flow,KENSINGTON RD 10M AFTER DEVON ST,9999,Missing Data,KENSINGTON ROAD,PUBTT,Other,Greater than 10 Years,0,0,0,0,0.0
144.35128140379993,-38.15447853895134,36826,36240,3488,LATROBE_TCE N OF KILGOUR_ST,INTERSECTION,All Moves,LATROBE TER/KILGOUR ST/NOBLE ST,2800,CORIO-WAURN PONDS ROAD,LATROBE TERRACE,SCATS,Scats,Less than 2 Years,0,2016,17000,0,0.0
144.954117460381,-37.812411115880174,36834,36243,13406,LA TROBE ST AT KING ST,INTERSECTION,Scheduled PubTpt Tram flow,LA TROBE ST AT KING ST,9999,Missing Data,LA TROBE STREET,PUBTT,Other,Greater than 10 Years,0,0,0,0,0.0
144.8791724036488,-37.85685057774328,36838,36446,13124,KOROROIT CREEK RD 20M AFTER MYRTLE ST,INTERSECTION,Scheduled PubTpt Bus flow,KOROROIT CREEK RD 20M AFTER MYRTLE ST,5833,KOROROIT CREEK ROAD,KOROROIT CREEK ROAD,PUBTT,Other,Greater than 10 Years,0,0,0,0,0.0
145.19103283606083,-37.896481701826445,36839,36949,12794,JELLS RD 20M BEFORE HEYSHAM DR,INTERSECTION,Scheduled PubTpt Bus flow,JELLS RD 20M BEFORE HEYSHAM DR,5308,JELLS ROAD,JELLS ROAD,PUBTT,Other,Greater than 10 Years,0,0,0,0,0.0
144.85876921281007,-37.854050661043374,36840,36245,15252,KOROROIT CREEK RD W BD BTWN FERGUSON ST & MILLERS RD,INTERSECTION,Scheduled PubTpt Bus flow,KOROROIT CREEK RD BTWN FERGUSON ST & MILLERS RD,5833,KOROROIT CREEK ROAD,KOROROIT CREEK ROAD,PUBTT,Other,Greater than 10 Years,0,0,0,0,0.0
145.05520635796603,-37.89896729342789,36843,36950,16459,KOORNANG RD AT OAKLEIGH RD,INTERSECTION,Scheduled PubTpt Bus flow,KOORNANG RD AT OAKLEIGH RD,9999,Missing Data,KOORNANG ROAD,PUBTT,Other,Greater than 10 Years,0,0,0,0,0.0
144.96113418715865,-37.810382475256766,36847,36449,15288,LATROBE ST E BD BTWN QUEEN ST & ELIZABETH ST,INTERSECTION,Scheduled PubTpt Tram flow,LATROBE ST BTWN QUEEN ST & ELIZABETH ST,9999,Missing Data,LA TROBE STREET,PUBTT,Other,Greater than 10 Years,0,0,0,0,0.0
144.97031136105488,-37.80765154296072,36866,36958,19335,LATROBE ST E BD BTWN EXHIBITION ST & VICTORIA ST,INTERSECTION,Scheduled PubTpt Tram flow,LATROBE ST BTWN EXHIBITION ST & VICTORIA ST,9999,Missing Data,LA TROBE STREET,PUBTT,Other,Greater than 10 Years,0,0,0,0,0.0
144.88166161504384,-37.857112739763984,36884,36462,13634,KOROROIT CREEK RD 50M BEFORE ADELINE ST,INTERSECTION,Scheduled PubTpt Bus flow,KOROROIT CREEK RD 50M BEFORE ADELINE ST,5833,KOROROIT CREEK ROAD,KOROROIT CREEK ROAD,PUBTT,Other,Greater than 10 Years,0,0,0,0,0.0
144.86424579500996,-37.85527590002288,36892,36966,13371,KOROROIT CREEK RD 50M BEFORE SOUTHEY ST,INTERSECTION,Scheduled PubTpt Bus flow,KOROROIT CREEK RD 50M BEFORE SOUTHEY ST,5833,KOROROIT CREEK ROAD,KOROROIT CREEK ROAD,PUBTT,Other,Greater than 10 Years,0,0,0,0,0.0
145.07253790936912,-37.89803343886873,36897,36264,12783,KANGAROO RD AT SPARK ST,INTERSECTION,Scheduled PubTpt Bus flow,KANGAROO RD AT SPARK ST,9999,Missing Data,KANGAROO ROAD,PUBTT,Other,Greater than 10 Years,0,0,0,0,0.0
145.1894462511974,-37.90507558963206,36911,36973,25653,JELLS RD 20M BEFORE AJAX DR,INTERSECTION,Scheduled PubTpt Bus flow,JELLS RD 20M BEFORE AJAX DR,5308,JELLS ROAD,JELLS ROAD,PUBTT,Other,Greater than 10 Years,0,0,0,0,0.0
145.19186212733194,-37.949696702477866,36914,36974,7522,JACKSONS RD AT SILVERTON DR,INTERSECTION,Scheduled PubTpt Bus flow,JACKSONS RD AT SILVERTON DR,5170,JACKSONS ROAD,JACKSONS ROAD,PUBTT,Other,Greater than 10 Years,0,0,0,0,0.0
144.9733375154837,-37.762379802506445,36932,36478,23822,LYGON ST AT ALBION ST,INTERSECTION,Scheduled PubTpt Tram flow,LYGON ST AT ALBION ST,9999,Missing Data,LYGON STREET,PUBTT,Other,Greater than 10 Years,0,0,0,0,0.0
145.19156734830312,-37.8935173915969,36941,36481,14675,JELLS RD 20M AFTER STRICKLAND DR,INTERSECTION,Scheduled PubTpt Bus flow,JELLS RD 20M AFTER STRICKLAND DR,5308,JELLS ROAD,JELLS ROAD,PUBTT,Other,Greater than 10 Years,0,0,0,0,0.0
144.97011396795835,-37.78192920037104,36985,36496,23826,LYGON ST N BD BTWN CEMETERY RD EAST & PIGDON ST,INTERSECTION,Scheduled PubTpt Tram flow,LYGON ST BTWN CEMETERY RD EAST & PIGDON ST,9999,Missing Data,LYGON STREET,PUBTT,Other,Greater than 10 Years,0,0,0,0,0.0
145.10253140526459,-37.72941375340632,36988,36497,15703,LOWER PLENTY RD 50M BEFORE YALLAMBIE RD,INTERSECTION,Scheduled PubTpt Bus flow,LOWER PLENTY RD 50M BEFORE YALLAMBIE RD,5762,MAIN HEIDELBERG-ELTHAM ROAD,LOWER PLENTY ROAD,PUBTT,Other,Greater than 10 Years,0,0,0,0,0.0
145.01369808335045,-37.89276339578812,36995,36296,17072,KOOYONG RD AT CLARENCE ST,INTERSECTION,Scheduled PubTpt Bus flow,KOOYONG RD AT CLARENCE ST,9999,Missing Data,KOOYONG ROAD,PUBTT,Other,Greater than 10 Years,0,0,0,0,0.0
145.1026000064794,-37.729422542875085,39010,39303,31616,LOWER PLENTY RD W BD E OF YALLAMBIE RD,INTERSECTION,All Moves,LOWER PLENTY RD E OF YALLAMBIE RD,5762,MAIN HEIDELBERG-ELTHAM ROAD,LOWER PLENTY ROAD,APARX,Classification,Greater than 10 Years,21,1995,15000,0,0.0
144.90868977017803,-38.369254198593325,39029,39312,34761,JETTY RD 2WAY S OF MORNINGTON PENINSULAR,UNDEFINED,All Moves,JETTY RD 2WAY S OF MORNINGTON PENINSULAR,2600,MORNINGTON PENINSULA FREEWAY,JETTY ROAD,APARX,Classification,Greater than 10 Years,26,1990,11000,0,0.0
145.21968700482967,-38.000047497315485,39030,39818,41579,KIRKHAM RD W BD E OF FRANKSTON-DANDENONG RD,INTERSECTION,All Moves,KIRKHAM RD E OF FRANKSTON-DANDENONG RD,9999,Missing Data,KIRKHAM ROAD,APARX,Classification,Greater than 10 Years,27,1989,580,0,0.0
144.82370730161946,-37.82367939980074,39034,39820,32673,LITTLE BOUNDARY RD NW of PRINCES HWY,INTERSECTION,All Moves,LITTLE BOUNDARY RD & PRINCES HWY,5448,LITTLE BOUNDARY ROAD,LITTLE BOUNDARY ROAD,TMVMT,Manual,Greater than 10 Years,19,1997,10000,1700,0.16
145.21968700482967,-38.000047497315485,39043,39319,34770,KIRKHAM RD 2WAY W OF FRANKSTON-DANDENONG RD,INTERSECTION,All Moves,KIRKHAM RD W OF FRANKSTON-DANDENONG RD,9999,Missing Data,KIRKHAM ROAD,APARX,Classification,Greater than 10 Years,0,0,0,0,0.0
144.96450540365583,-37.81162708762485,39046,39321,42954,LONSDALE ST SW OF SWANSTON ST,INTERSECTION,All Moves,SWANSTON ST/LONSDALE ST,9999,Missing Data,LONSDALE STREET,SCATS,Scats,Between 5 and 10 Years,7,2009,18000,0,0.0
145.0196442355557,-37.8616577955324,39056,39831,17068,KOOYONG RD AT WATTLETREE RD,INTERSECTION,Scheduled PubTpt Bus flow,KOOYONG RD AT WATTLETREE RD,9999,Missing Data,KOOYONG ROAD,PUBTT,Other,Greater than 10 Years,0,0,0,0,0.0
145.18644832989833,-37.921047502595165,39057,39326,26261,JELLS RD 90M AFTER WELLINGTON RD,INTERSECTION,Scheduled PubTpt Bus flow,JELLS RD 90M AFTER WELLINGTON RD,5308,JELLS ROAD,JELLS ROAD,PUBTT,Other,Greater than 10 Years,0,0,0,0,0.0
144.89270180175643,-37.73746939609728,39072,39839,25916,KEILOR RD 35M BEFORE HOFFMANS RD,INTERSECTION,Scheduled PubTpt Bus flow,KEILOR RD 35M BEFORE HOFFMANS RD,5592,KEILOR ROAD,KEILOR ROAD,PUBTT,Other,Greater than 10 Years,0,0,0,0,0.0
145.2777350049052,-37.73608799874207,39105,39350,27504,JUMPING CREEK RD E BD BTWN YARRA RD & HOMESTEAD RD,INTERSECTION,Scheduled PubTpt Bus flow,JUMPING CREEK RD BTWN YARRA RD & HOMESTEAD RD,9999,Missing Data,JUMPING CREEK ROAD,PUBTT,Other,Greater than 10 Years,0,0,0,0,0.0
144.77768714040008,-37.708329990350094,39107,39351,16777,KINGS RD 50M BEFORE ROSELEIGH BLV,INTERSECTION,Scheduled PubTpt Bus flow,KINGS RD 50M BEFORE ROSELEIGH BLV,5009,KINGS ROAD,KINGS ROAD,PUBTT,Other,Greater than 10 Years,0,0,0,0,0.0
145.11414080569875,-37.649766218806015,39114,39355,27529,KURRAK RD 60M BEFORE CLARKE RD,INTERSECTION,Scheduled PubTpt Bus flow,KURRAK RD 60M BEFORE CLARKE RD,5720,KURRAK ROAD,KURRAK ROAD,PUBTT,Other,Greater than 10 Years,0,0,0,0,0.0
144.96063123877136,-37.82629574092204,39123,39864,18326,KINGS WAY AT CITY RD,INTERSECTION,Scheduled PubTpt Tram flow,KINGS WAY AT CITY RD,2510,PRINCES HIGHWAY EAST,KINGS WAY,PUBTT,Other,Greater than 10 Years,0,0,0,0,0.0
145.02520698335084,-37.62825114584109,39130,39363,19107,LYNDARUM DR AT DAYLESFORD ST,INTERSECTION,Scheduled PubTpt Bus flow,LYNDARUM DR AT DAYLESFORD ST,9999,Missing Data,LYNDARUM DRIVE,PUBTT,Other,Greater than 10 Years,0,0,0,0,0.0
144.90661689878272,-37.68133917145495,39141,39873,27501,JOHNSTONE ST AT LORRAINE CRES,INTERSECTION,Scheduled PubTpt Bus flow,JOHNSTONE ST AT LORRAINE CRES,5873,BROADMEADOWS-TULLAMARINE ROAD,JOHNSTONE STREET,PUBTT,Other,Greater than 10 Years,0,0,0,0,0.0
145.06140820693437,-37.947924546971294,39167,39381,19416,KEYS RD 40M AFTER HEWITT ST,INTERSECTION,Scheduled PubTpt Bus flow,KEYS RD 40M AFTER HEWITT ST,5313,WICKHAM-KEYS ROAD,KEYS ROAD,PUBTT,Other,Greater than 10 Years,0,0,0,0,0.0
145.05334069837855,-37.95762344310793,39196,39396,15152,KAREN ST W BD BTWN TENNYSON ST & NEPEAN HIGHWAY,INTERSECTION,Scheduled PubTpt Bus flow,KAREN ST BTWN TENNYSON ST & NEPEAN HIGHWAY,9999,Missing Data,KAREN STREET,PUBTT,Other,Greater than 10 Years,0,0,0,0,0.0
145.04839571492752,-37.895002537432255,39213,39107,36031,LYONS ST 2WAY E OF GRANGE RD,UNDEFINED,All Moves,LYONS ST 2WAY E OF GRANGE RD,9999,Missing Data,LYONS STREET,APARX,Classification,Greater than 10 Years,28,1988,1000,0,0.0
145.01304069660003,-37.66517179277507,39230,39515,31887,KINGSWAY DR E BD E OF LINOAK AV,INTERSECTION,All Moves,KINGSWAY DR E OF LINOAK AV,9999,Missing Data,KINGSWAY DRIVE,APARX,Classification,Greater than 10 Years,17,1999,11000,0,0.0
145.34410898692772,-38.03082528754894,39232,39117,32818,CLYDE RD S of PRINCES HWY,INTERSECTION,All Moves,CLYDE RD & PRINCES HWY,9999,Missing Data,LYALL ROAD,TMVMT,Manual,Greater than 10 Years,24,1992,5700,0,0.0
144.78973180340574,-37.84495608327592,39236,39119,31144,KOROROIT CREEK RD W BD W OF BURNS RD,UNDEFINED,All Moves,KOROROIT CREEK RD W OF BURNS RD,5833,KOROROIT CREEK ROAD,KOROROIT CREEK ROAD,APARX,Classification,Greater than 10 Years,24,1992,8300,0,0.0
145.11305989324674,-37.649739761934605,39248,39524,31850,KURRAK RD E BD E OF CLARKE RD,INTERSECTION,All Moves,KURRAK RD E OF CLARKE RD,5720,KURRAK ROAD,KURRAK ROAD,APARX,Classification,Greater than 10 Years,23,1993,5500,0,0.0
145.30296513008656,-37.78904280803365,39278,39539,28493,LIONEL CRES 10M BEFORE LINCOLN RD,INTERSECTION,Scheduled PubTpt Bus flow,LIONEL CRES 10M BEFORE LINCOLN RD,9999,Missing Data,LIONEL CRESCENT,PUBTT,Other,Greater than 10 Years,0,0,0,0,0.0
145.01795985505797,-37.87063838629922,39282,39541,28457,KOOYONG RD AT DORGAN ST,INTERSECTION,Scheduled PubTpt Bus flow,KOOYONG RD AT DORGAN ST,9999,Missing Data,KOOYONG ROAD,PUBTT,Other,Greater than 10 Years,0,0,0,0,0.0
145.01671969715656,-37.877042695464,39284,39542,27456,KOOYONG RD AT YANAKIE CRES,INTERSECTION,Scheduled PubTpt Bus flow,KOOYONG RD AT YANAKIE CRES,9999,Missing Data,KOOYONG ROAD,PUBTT,Other,Greater than 10 Years,0,0,0,0,0.0
145.171942015357,-38.09937382619863,39312,39902,36876,LATHAMS RD W of FRANKSTON-DANDENONG RD,INTERSECTION,All Moves,FRANKSTON-DANDENONG RD & HALL RD & LATHAMS,9999,Missing Data,LATHAMS ROAD,TMVMT,Manual,Greater than 10 Years,19,1997,5800,0,0.0
145.04429680027653,-37.84749461477766,39330,39204,41568,KAIKOURA AVE W BD W OF TOORONGA RD,UNDEFINED,All Moves,KAIKOURA AVE W OF TOORONGA RD,9999,Missing Data,KAIKOURA AVENUE,APARX,Classification,Greater than 10 Years,27,1989,650,0,0.0
144.91292764009182,-38.38071068164459,39331,39158,18358,JETTY RD AT SYLVAN DR,INTERSECTION,Scheduled PubTpt Bus flow,JETTY RD AT SYLVAN DR,9999,Missing Data,JETTY ROAD,PUBTT,Other,Greater than 10 Years,0,0,0,0,0.0
144.77781316980662,-37.70782308889408,39342,39561,18337,KINGS RD 40M AFTER ROSELEIGH BLV,INTERSECTION,Scheduled PubTpt Bus flow,KINGS RD 40M AFTER ROSELEIGH BLV,5009,KINGS ROAD,KINGS ROAD,PUBTT,Other,Greater than 10 Years,0,0,0,0,0.0
144.84972497180132,-37.72479359648678,39351,39909,32674,KEILOR PARK DR S of FULLARTON RD,INTERSECTION,All Moves,FULLARTON RD & KEILOR PARK DR,5054,KEILOR PARK DRIVE,KEILOR PARK DRIVE,TMVMT,Manual,Greater than 10 Years,25,1991,13000,1700,0.13
145.20283617239824,-37.97577805954428,39366,39912,33023,JONES RD SW of PRINCES HWY EAST,INTERSECTION,All Moves,GLADSTONE RD & PRINCES HWY EAST,9999,Missing Data,JONES ROAD,TMVMT,Manual,Greater than 10 Years,24,1992,7700,0,0.0
145.11311380330932,-37.64973266470383,39371,39913,40244,KURRAK RD W BD E OF CLARKE RD,INTERSECTION,All Moves,KURRAK RD E OF CLARKE RD,5720,KURRAK ROAD,KURRAK ROAD,APARX,Classification,Greater than 10 Years,23,1993,5700,0,0.0
144.97365858573423,-37.82205744174312,39375,39213,43451,LINLITHGOW AV W BD W OF ALEXANDRA AV,UNDEFINED,All Moves,LINLITHGOW AV W OF ALEXANDRA AV,9999,Missing Data,LINLITHGOW AVENUE,APARX,Classification,Greater than 10 Years,28,1988,5200,0,0.0
144.9717181195559,-37.835537977810766,39397,39005,35065,KINGS WAY SEBD SE OF ALBERT RD,INTERSECTION,All Moves,KINGS WAY SE OF ALBERT RD,2510,PRINCES HIGHWAY EAST,KINGS WAY,MOTSV,Manual,Between 2 and 5 Years,5,2011,60000,2200,0.04
145.2257129515452,-38.016500792611325,39402,39918,31467,KITCHEN RD N BD S OF GREENS RD,UNDEFINED,All Moves,KITCHEN RD S OF GREENS RD,9999,Missing Data,KITCHEN ROAD,APARX,Classification,Greater than 10 Years,24,1992,3900,0,0.0
144.97102993198757,-37.775674399849215,39416,39007,35925,LYGON ST S of BRUNSWICK RD,INTERSECTION,All Moves,BRUNSWICK RD & LYGON ST,9999,Missing Data,LYGON STREET,TMVMT,Manual,Greater than 10 Years,26,1990,13000,0,0.0
145.06450189580696,-37.94829797503737,39455,39181,15690,KEYS RD W BD BTWN WARRIGAL RD & CHESTERVILLE RD,INTERSECTION,Scheduled PubTpt Bus flow,KEYS RD BTWN WARRIGAL RD & CHESTERVILLE RD,5313,WICKHAM-KEYS ROAD,KEYS ROAD,PUBTT,Other,Greater than 10 Years,0,0,0,0,0.0
145.0410578588494,-37.92213598820035,39469,39012,32763,JASPER RD S of CENTRE RD,INTERSECTION,All Moves,CENTRE RD & JASPER RD,5847,JASPER ROAD,JASPER ROAD,TMVMT,Manual,Greater than 10 Years,28,1988,7200,0,0.0
144.8902082176973,-37.73648266044104,39481,39585,15595,KEILOR RD W BD BTWN HOFFMANS RD & MATTHEWS AVENUE,INTERSECTION,Scheduled PubTpt Tram flow,KEILOR RD BTWN HOFFMANS RD & MATTHEWS AVENUE,5592,KEILOR ROAD,KEILOR ROAD,PUBTT,Other,Greater than 10 Years,0,0,0,0,0.0
144.9067164950211,-37.681350395074574,39509,39432,19070,BROADMEADOWS RD DEVIATION/JOHNSTONE ST E BD BTWN MICKLEHAM RD & PEARCEDALE PDE,INTERSECTION,Scheduled PubTpt Bus flow,BROADMEADOWS RD DEVIATION/JOHNSTONE ST BTWN MICKLEHAM RD & PEARCEDALE PDE,5873,BROADMEADOWS-TULLAMARINE ROAD,JOHNSTONE STREET,PUBTT,Other,Greater than 10 Years,0,0,0,0,0.0
145.02015309780813,-37.93506177212944,39513,39707,40564,LUDSTONE ST W BD E OF EARLESFIELD RD,UNDEFINED,All Moves,LUDSTONE ST E OF EARLESFIELD RD,9999,Missing Data,LUDSTONE STREET,APARX,Classification,Greater than 10 Years,27,1989,1700,0,0.0
144.9087914418068,-38.36608309996322,39542,39937,18678,JETTY RD 60M BEFORE WOONTON CRES,INTERSECTION,Scheduled PubTpt Bus flow,JETTY RD 60M BEFORE WOONTON CRES,9999,Missing Data,JETTY ROAD,PUBTT,Other,Greater than 10 Years,0,0,0,0,0.0
145.1068571000682,-37.72998206065997,39552,39712,34529,LOWER PLENTY RD NE OF CREW ST,INTERSECTION,All Moves,LOWER PLENTY RD/CREW ST/MARTINS LN,5790,ELTHAM-YARRA GLEN ROAD,LOWER PLENTY ROAD,SCATS,Scats,Greater than 10 Years,0,0,0,0,0.0
144.85806405263688,-37.71628597630048,39566,39714,39189,KEILOR PARK DRIVE S BD S OF THE LINK,UNDEFINED,All Moves,KEILOR PARK DRIVE S OF THE LINK,5054,KEILOR PARK DRIVE,KEILOR PARK DRIVE,MOTSV,Manual,Greater than 10 Years,0,0,0,0,0.0
145.0335514761028,-37.88715200332874,39571,39621,34758,KAMBROOK RD 2WAY N OF NEERIM RD,UNDEFINED,All Moves,KAMBROOK RD 2WAY N OF NEERIM RD,9999,Missing Data,KAMBROOK ROAD,APARX,Classification,Greater than 10 Years,28,1988,6200,0,0.0
145.15387660245892,-36.77374477862131,39624,39032,36311,LOBBS LANE(NAGAMBIE) W BD 400M WEST GOULBURN VALLEY HWY @ 0.4KM FROM G.V.HWY,MIDBLOCK,All Moves,LOBBS LANE(NAGAMBIE) 400M WEST GOULBURN VALLEY HWY @ 0.4KM FROM G.V.HWY,9999,Missing Data,LOBBS LANE,APARX,Classification,Greater than 10 Years,0,0,0,0,0.0
145.37384011393746,-37.66004015557414,39630,39033,41810,KING ST WE of BELL ST,INTERSECTION,All Moves,BELL ST & HEALESVILLE YARRA GLEN RD & MELBA HWY,9999,Missing Data,KING STREET,TMVMT,Manual,Greater than 10 Years,29,1987,650,50,0.08
145.04386353083723,-37.7173701654332,39644,39632,25917,KINGSBURY DR 80M AFTER PLENTY RD,INTERSECTION,Scheduled PubTpt Bus flow,KINGSBURY DR 80M AFTER PLENTY RD,5740,KINGSBURY DRIVE,KINGSBURY DRIVE,PUBTT,Other,Greater than 10 Years,0,0,0,0,0.0
144.98988460696316,-37.79953542589755,39661,39038,32685,JOHNSTON ST E OF GOLD ST,INTERSECTION,Not representative,JOHNSTON ST/DIGHT ST/GOLD ST,5853,JOHNSTON STREET,JOHNSTON STREET,SCATS,Scats,Greater than 10 Years,13,2003,12000,0,0.0
145.10930259932735,-37.651776913274475,39699,39960,28009,KURRAK RD AT ARMSTRONG RD,INTERSECTION,Scheduled PubTpt Bus flow,KURRAK RD AT ARMSTRONG RD,5720,KURRAK ROAD,KURRAK ROAD,PUBTT,Other,Greater than 10 Years,0,0,0,0,0.0
145.08053841763797,-37.9831268725106,39710,39262,20825,LOWER DANDENONG RD 35M BEFORE BLACKWOOD AVE,INTERSECTION,Scheduled PubTpt Bus flow,LOWER DANDENONG RD 35M BEFORE BLACKWOOD AVE,2050,STATE (LOWER DANDENONG/CHELTENHAM) HIGHWAY,LOWER DANDENONG ROAD,PUBTT,Other,Greater than 10 Years,0,0,0,0,0.0
144.960406048395,-37.82617937480442,39718,39049,39733,MORAY ST S of CITY RD,INTERSECTION,All Moves,CITY RD & QUEENSBRIDGE ST,8044,2510R WHITEMAN STREETB,KINGS WAY,TMVMT,Manual,Greater than 10 Years,22,1994,7900,0,0.0
145.3658355154722,-38.051102955377694,39725,39464,17476,KENILWORTH AV AT SOLDIERS RD,INTERSECTION,Scheduled PubTpt Bus flow,KENILWORTH AV AT SOLDIERS RD,9999,Missing Data,KENILWORTH AVENUE,PUBTT,Other,Greater than 10 Years,0,0,0,0,0.0
144.90832544531014,-38.376416198921454,39741,39742,17504,JETTY RD AT INGLEWOOD CRES,INTERSECTION,Scheduled PubTpt Bus flow,JETTY RD AT INGLEWOOD CRES,9999,Missing Data,JETTY ROAD,PUBTT,Other,Greater than 10 Years,0,0,0,0,0.0
145.06281805059143,-37.77076767695722,39743,39467,17478,LOWER HEIDELBERG RD 50M BEFORE MALTRAVERS RD,INTERSECTION,Scheduled PubTpt Bus flow,LOWER HEIDELBERG RD 50M BEFORE MALTRAVERS RD,5762,MAIN HEIDELBERG-ELTHAM ROAD,LOWER HEIDELBERG ROAD,PUBTT,Other,Greater than 10 Years,0,0,0,0,0.0
145.210346699137,-37.973982301318266,39837,39481,14409,JAMES ST 50M BEFORE CHARLES ST,INTERSECTION,Scheduled PubTpt Bus flow,JAMES ST 50M BEFORE CHARLES ST,9999,Missing Data,JAMES STREET,PUBTT,Other,Greater than 10 Years,0,0,0,0,0.0
144.9578681064257,-37.813556794476455,39860,39074,26081,LONSDALE ST 40M BEFORE WILLIAM ST,INTERSECTION,Scheduled PubTpt Bus flow,LONSDALE ST 40M BEFORE WILLIAM ST,9999,Missing Data,LONSDALE STREET,PUBTT,Other,Greater than 10 Years,0,0,0,0,0.0
144.97063727634023,-37.8098416542092,39876,39988,24200,LONSDALE ST 50M BEFORE EXHIBITION ST,INTERSECTION,Scheduled PubTpt Bus flow,LONSDALE ST 50M BEFORE EXHIBITION ST,9999,Missing Data,LONSDALE STREET,PUBTT,Other,Greater than 10 Years,0,0,0,0,0.0
145.34674179724396,-37.80828579712255,39883,39289,17114,LEITH RD 25M BEFORE SWANSEA RD,INTERSECTION,Scheduled PubTpt Bus flow,LEITH RD 25M BEFORE SWANSEA RD,5780,LILYDALE-MONTROSE ROAD,LEITH ROAD,PUBTT,Other,Greater than 10 Years,0,0,0,0,0.0
144.90772480437496,-37.7435329958726,39893,39991,15600,KEILOR RD 25M AFTER COLLINS ST,INTERSECTION,Scheduled PubTpt Bus flow,KEILOR RD 25M AFTER COLLINS ST,5592,KEILOR ROAD,KEILOR ROAD,PUBTT,Other,Greater than 10 Years,0,0,0,0,0.0
145.07081359583947,-37.94905470879048,39899,39080,14408,KEYS RD E BD BTWN CHESTERVILLE RD & WARRIGAL RD,INTERSECTION,Scheduled PubTpt Bus flow,KEYS RD BTWN CHESTERVILLE RD & WARRIGAL RD,5313,WICKHAM-KEYS ROAD,KEYS ROAD,PUBTT,Other,Greater than 10 Years,0,0,0,0,0.0
144.96795819624083,-37.810621789352126,39904,39993,23856,LONSDALE ST 200M BEFORE EXHIBITION ST,INTERSECTION,Scheduled PubTpt Bus flow,LONSDALE ST 200M BEFORE EXHIBITION ST,9999,Missing Data,LONSDALE STREET,PUBTT,Other,Greater than 10 Years,0,0,0,0,0.0
144.95270959181394,-37.815031258132166,39924,39680,25738,LONSDALE ST 20M AFTER SPENCER ST,INTERSECTION,Scheduled PubTpt Bus flow,LONSDALE ST 20M AFTER SPENCER ST,9999,Missing Data,LONSDALE STREET,PUBTT,Other,Greater than 10 Years,0,0,0,0,0.0
145.01518948699024,-37.88480790098818,39927,39496,26190,KOOYONG RD AT MURRAY ST,INTERSECTION,Scheduled PubTpt Bus flow,KOOYONG RD AT MURRAY ST,9999,Missing Data,KOOYONG ROAD,PUBTT,Other,Greater than 10 Years,0,0,0,0,0.0
144.96032969033098,-37.81284266823925,39932,39681,19399,LONSDALE ST 10M BEFORE HARDWARE ST,INTERSECTION,Scheduled PubTpt Bus flow,LONSDALE ST 10M BEFORE HARDWARE ST,9999,Missing Data,LONSDALE STREET,PUBTT,Other,Greater than 10 Years,0,0,0,0,0.0
145.0531719025013,-37.95762191418567,39934,39297,17074,KAREN ST W BD BTWN TENNYSON ST & NEPEAN HIGHWAY,INTERSECTION,Scheduled PubTpt Bus flow,KAREN ST BTWN TENNYSON ST & NEPEAN HIGHWAY,9999,Missing Data,KAREN STREET,PUBTT,Other,Greater than 10 Years,0,0,0,0,0.0
144.9684215426071,-37.838296328932216,39941,39298,34103,LAKESIDE DR SEBD SE OF ALBERT ROAD DRIVE,UNDEFINED,All Moves,LAKESIDE DR SE OF ALBERT ROAD DRIVE,9999,Missing Data,LAKESIDE DRIVE,MOTSV,Manual,Greater than 10 Years,21,1995,11000,50,0.01
144.89944758941684,-37.740152409620464,39978,39789,14479,KEILOR RD W BD BTWN BULLA RD & HOFFMANS RD,INTERSECTION,Scheduled PubTpt Tram flow,KEILOR RD BTWN BULLA RD & HOFFMANS RD,5592,KEILOR ROAD,KEILOR ROAD,PUBTT,Other,Greater than 10 Years,0,0,0,0,0.0
145.19337093790395,-37.93361230412621,39989,39793,28469,JACKSONS RD 100M AFTER GLADESWOOD DR,INTERSECTION,Scheduled PubTpt Bus flow,JACKSONS RD 100M AFTER GLADESWOOD DR,5170,JACKSONS ROAD,JACKSONS ROAD,PUBTT,Other,Greater than 10 Years,0,0,0,0,0.0
145.62434815069855,-37.792513741008456,37031,37821,33622,YARRA JUNC.-NOOJEE RD S BD BTW RIVERSDALE & SUMMERHILL,MIDBLOCK,All Moves,YARRA JUNC.-NOOJEE RD BTW RIVERSDALE & SUMMERHILL,5525,YARRA JUNCTION-NOOJEE ROAD,LITTLE YARRA ROAD,APCLM,Permanent Classification,Less than 2 Years,1,2015,1700,100,0.06
145.29598603166195,-37.903470805065446,37039,37825,32334,LYSTERFIELD RD S of GLENFERN RD,INTERSECTION,All Moves,GLENFERN RD & LYSTERFIELD RD & NAPOLEON RD,5782,LYSTERFIELD ROAD,LYSTERFIELD ROAD,TMVMT,Manual,Greater than 10 Years,29,1987,2800,0,0.0
144.9444403784353,-37.8312651043068,37041,37826,37811,INGLES ST NW of WILLIAMSTOWN RD,INTERSECTION,All Moves,INGLES ST & NORMANBY RD & WILLIAMSTOWN RD,9999,Missing Data,INGLES STREET,TMVMT,Manual,Greater than 10 Years,29,1987,2300,0,0.0
144.96215501676295,-37.71079834194423,37042,37616,32448,LYNCH RD E OF HUME HWY,INTERSECTION,All Moves,HUME HWY / LYNCH RD,9999,Missing Data,LYNCH ROAD,SCATS,Scats,Greater than 10 Years,18,1998,2500,0,0.0
145.37589662546327,-36.52711844896022,37047,37829,34428,KARRAMOMNS RD E BD 400M E OF GOULBURN VALLEY HWY,MIDBLOCK,All Moves,KARRAMOMNS RD 400M E OF GOULBURN VALLEY HWY,9999,Missing Data,KARRAMOMUS ROAD,APARX,Classification,Greater than 10 Years,20,1996,20,0,0.19
145.21413642131188,-37.98546070235969,37048,37619,33595,PRINCES_HWY_E S of CLOW_ST,INTERSECTION,Left Missing,PRINCES HWY/CLOW ST,2510,PRINCES HIGHWAY EAST,LONSDALE STREET,SCATS,Scats,Greater than 10 Years,17,1999,18000,0,0.0
145.10644555423113,-38.03419614034961,37056,37833,39779,NEPEAN HWY SE OF LOCHIEL AVE,INTERSECTION,All Moves,NEPEAN HWY/LOCHIEL AVE/ALEXANDRA ST,9999,Missing Data,LOCHIEL AVENUE,SCATS,Scats,Between 2 and 5 Years,5,2011,12000,0,0.0
144.35017213070236,-38.16044935182366,37079,37635,32312,FYANS_ST E OF LATROBE_TCE,INTERSECTION,All Moves,LATROBE TER/FYANS ST/WEST FYANS ST,2800,CORIO-WAURN PONDS ROAD,LATROBE TERRACE,SCATS,Scats,Between 2 and 5 Years,3,2013,6100,0,0.0
145.29583008289245,-37.90412650339294,37089,37640,42475,LYSTERFIELD RD S BD S OF GLENFERN RD,INTERSECTION,All Moves,LYSTERFIELD RD S OF GLENFERN RD,5782,LYSTERFIELD ROAD,LYSTERFIELD ROAD,APARX,Classification,Greater than 10 Years,17,1999,4100,0,0.0
144.96758950731507,-37.796972398262895,37103,37002,17742,LYGON ST S BD BTWN CEMETERY RD EAST & ELGIN ST,INTERSECTION,Scheduled PubTpt Tram flow,LYGON ST BTWN CEMETERY RD EAST & ELGIN ST,9999,Missing Data,LYGON STREET,PUBTT,Other,Greater than 10 Years,0,0,0,0,0.0
145.31488118719463,-37.80370069800488,37105,37856,34579,LIVERPOOL RD S of MT DANDENONG RD,INTERSECTION,All Moves,LIVERPOOL RD & MT DANDENONG RD,9999,Missing Data,LIVERPOOL ROAD,TMVMT,Manual,Greater than 10 Years,22,1994,4300,200,0.05
145.02458270646076,-37.869528625986085,37108,37649,37190,INKERMAN RD W of HAWTHORN RD,INTERSECTION,All Moves,HAWTHORN RD & INKERMAN RD,9999,Missing Data,INKERMAN ROAD,TMVMT,Manual,Greater than 10 Years,31,1985,5500,130,0.02
145.04030846423836,-37.92600450114174,37112,37859,32337,JASPER RD S of PATTERSON RD,INTERSECTION,All Moves,JASPER RD & PATTERSON RD,5847,JASPER ROAD,JASPER ROAD,TMVMT,Manual,Greater than 10 Years,29,1987,7600,0,0.0
144.9567091259848,-37.81853048970444,37123,37655,35842,KING ST SE OF COLLINS ST,INTERSECTION,All Moves,KING ST/COLLINS ST,5041,KING STREET,KING STREET,SCATS,Scats,Between 5 and 10 Years,8,2008,28000,0,0.0
144.95425818540917,-37.81347995954364,37146,37874,36866,LT LONSDALE ST W of KING ST,INTERSECTION,All Moves,KING ST & LT LONSDALE ST,9999,Missing Data,LITTLE LONSDALE STREET,TMVMT,Manual,Greater than 10 Years,30,1986,2300,0,0.0
144.35195705165566,-38.15092949135826,37161,37668,36367,LATROBE TERRACE SO of ROEBUCK STREET,INTERSECTION,Left Missing,LATROBE TCE & MYERS ST & ROEBUCK ST,2800,CORIO-WAURN PONDS ROAD,LATROBE TERRACE,TMVMT,Manual,Greater than 10 Years,27,1989,12000,710,0.06
144.9729953066691,-37.7642806954009,37163,37107,16604,LYGON ST S BD BTWN NICHOLSON ST & BLYTH ST,INTERSECTION,Scheduled PubTpt Tram flow,LYGON ST BTWN NICHOLSON ST & BLYTH ST,9999,Missing Data,LYGON STREET,PUBTT,Other,Greater than 10 Years,0,0,0,0,0.0
145.10624477053247,-38.03428243623598,37174,37881,43674,LOCHIEL AVE SW of STATION ST,INTERSECTION,All Moves,LOCHIEL AVE & STATION ST,9999,Missing Data,LOCHIEL AVENUE,TMVMT,Manual,Greater than 10 Years,30,1986,890,30,0.04
144.9057308503298,-37.74275053923531,37176,37014,24196,KEILOR RD E BD BTWN HOFFMANS RD & BULLA RD,INTERSECTION,Scheduled PubTpt Tram flow,KEILOR RD BTWN HOFFMANS RD & BULLA RD,5592,KEILOR ROAD,KEILOR ROAD,PUBTT,Other,Greater than 10 Years,0,0,0,0,0.0
145.22361299209055,-37.9996062942294,37188,37675,34023,LONSDALE ST W of PLUNKETT RD,INTERSECTION,All Moves,LONSDALE ST & PLUNKETT RD,2510,PRINCES HIGHWAY EAST,LONSDALE STREET,TMVMT,Manual,Greater than 10 Years,28,1988,24000,0,0.0
145.01230891587232,-37.90003269933131,37197,37115,19431,KOOYONG RD AT NORTH RD,INTERSECTION,Scheduled PubTpt Bus flow,KOOYONG RD AT NORTH RD,9999,Missing Data,KOOYONG ROAD,PUBTT,Other,Greater than 10 Years,0,0,0,0,0.0
142.17522725256688,-34.22369936873799,37233,37896,36072,KARADOC AVE. N BD 850M SOUTH FOURTEENTH ST (MILDURA) @ 0.6KM FROM CALDER HWY.,MIDBLOCK,All Moves,KARADOC AVE. 850M SOUTH FOURTEENTH ST (MILDURA) @ 0.6KM FROM CALDER HWY.,9999,Missing Data,KARADOC AVENUE,APARX,Classification,Greater than 10 Years,22,1994,570,30,0.06
144.89930483110768,-37.74009324517444,37235,37125,14732,KEILOR RD AT COOPER ST,INTERSECTION,Scheduled PubTpt Tram flow,KEILOR RD AT COOPER ST,5592,KEILOR ROAD,KEILOR ROAD,PUBTT,Other,Greater than 10 Years,0,0,0,0,0.0
142.17522725256688,-34.22369936873799,37237,37897,34193,KARADOC AVE. S BD 850M SOUTH FOURTEENTH ST (MILDURA) @ 0.6KM FROM CALDER HWY.,MIDBLOCK,All Moves,KARADOC AVE. 850M SOUTH FOURTEENTH ST (MILDURA) @ 0.6KM FROM CALDER HWY.,9999,Missing Data,KARADOC AVENUE,APARX,Classification,Greater than 10 Years,22,1994,610,30,0.06
143.81058205263668,-37.56935218879494,37242,37898,35775,LEARMONTH ST N BD 80M N OF BALLARAT CARNGHAM RD,MIDBLOCK,All Moves,LEARMONTH ST 80M N OF BALLARAT CARNGHAM RD,5497,DELACOMBE-WENDOUREE ROAD,LEARMONTH STREET,APARX,Classification,Greater than 10 Years,23,1993,2800,400,0.14
144.9476055731491,-37.83453160673087,37244,37688,32026,CROCKFORD ST SW of INGLES ST,INTERSECTION,All Moves,CROCKFORD ST & INGLES ST,9999,Missing Data,INGLES STREET,TMVMT,Manual,Greater than 10 Years,28,1988,7100,370,0.05
144.97203604814405,-37.769638086080604,37245,37128,14806,LYGON ST S BD BTWN VICTORIA ST & GLENLYON RD,INTERSECTION,Scheduled PubTpt Tram flow,LYGON ST BTWN VICTORIA ST & GLENLYON RD,9999,Missing Data,LYGON STREET,PUBTT,Other,Greater than 10 Years,0,0,0,0,0.0
145.21904322415625,-37.99689678572038,37246,37899,40410,LONSDALE_ST SE of FRANKSTON-DANDENONG_RD,INTERSECTION,Left Missing,DANDENONG-FRANKSTON RD/LONSDALE ST,2510,PRINCES HIGHWAY EAST,LONSDALE STREET,SCATS,Scats,Greater than 10 Years,13,2003,28000,0,0.0
145.01343718980672,-37.89413320236431,37260,37133,8185,KOOYONG RD AT PARNELL ST,INTERSECTION,Scheduled PubTpt Bus flow,KOOYONG RD AT PARNELL ST,9999,Missing Data,KOOYONG ROAD,PUBTT,Other,Greater than 10 Years,0,0,0,0,0.0
144.99539317598885,-37.813571094070326,37288,37046,29268,LENNOX ST S OF YORK ST,INTERSECTION,All Moves,LENNOX ST NR YORK ST,9999,Missing Data,LENNOX STREET,SCATS,Scats,Greater than 10 Years,0,0,0,0,0.0
144.96136347977952,-37.81031535229446,37290,37144,30478,ELIZABETH STREET N Bd btwn FRANKLIN STREET AND LATROBE STREET,INTERSECTION,All Moves,SITE_NO: 32||SITE DESC: ELIZABETH STREET BTWN FRANKLIN STREET AND LATROBE STREET,9999,Missing Data,LA TROBE STREET,MOTSV,Manual,Greater than 10 Years,0,0,0,0,0.0
144.99396961619087,-37.79994114610283,37298,37148,7020,JOHNSTON ST E BD BTWN HODDLE ST & CLARKE ST,INTERSECTION,Scheduled PubTpt Bus flow,JOHNSTON ST BTWN HODDLE ST & CLARKE ST,5853,JOHNSTON STREET,JOHNSTON STREET,PUBTT,Other,Greater than 10 Years,0,0,0,0,0.0
145.2711736098005,-37.91318163577333,37318,37061,12786,KELLETTS RD 50M AFTER NAPOLEON RD,INTERSECTION,Scheduled PubTpt Bus flow,KELLETTS RD 50M AFTER NAPOLEON RD,5428,KELLETTS ROAD,KELLETTS ROAD,PUBTT,Other,Greater than 10 Years,0,0,0,0,0.0
145.0695207981727,-37.897664409612496,37327,37162,14664,KANGAROO RD 20M BEFORE GERALD ST,INTERSECTION,Scheduled PubTpt Bus flow,KANGAROO RD 20M BEFORE GERALD ST,9999,Missing Data,KANGAROO ROAD,PUBTT,Other,Greater than 10 Years,0,0,0,0,0.0
144.88420981237155,-37.85738105177194,37329,37163,15242,KOROROIT CREEK RD 50M AFTER LEMMON ST,INTERSECTION,Scheduled PubTpt Bus flow,KOROROIT CREEK RD 50M AFTER LEMMON ST,5833,KOROROIT CREEK ROAD,KOROROIT CREEK ROAD,PUBTT,Other,Greater than 10 Years,0,0,0,0,0.0
144.96530723393306,-37.83111428369104,37330,37067,25683,KINGS WAY AT STURT ST,INTERSECTION,Scheduled PubTpt Tram flow,KINGS WAY AT STURT ST,2510,PRINCES HIGHWAY EAST,KINGS WAY,PUBTT,Other,Greater than 10 Years,0,0,0,0,0.0
145.06700100662462,-37.89735614116061,37332,37068,13373,KANGAROO RD 30M AFTER ARDYNE ST,INTERSECTION,Scheduled PubTpt Bus flow,KANGAROO RD 30M AFTER ARDYNE ST,9999,Missing Data,KANGAROO ROAD,PUBTT,Other,Greater than 10 Years,0,0,0,0,0.0
145.05655003572576,-37.89194139539096,37349,37172,17037,KOORNANG RD 50M BEFORE CENTRE RD,INTERSECTION,Scheduled PubTpt Bus flow,KOORNANG RD 50M BEFORE CENTRE RD,9999,Missing Data,KOORNANG ROAD,PUBTT,Other,Greater than 10 Years,0,0,0,0,0.0
145.05625062784083,-37.89348989579604,37350,37173,13060,KOORNANG RD S BD BTWN NEERIM RD & TRUGANINI RD,INTERSECTION,Scheduled PubTpt Bus flow,KOORNANG RD BTWN NEERIM RD & TRUGANINI RD,9999,Missing Data,KOORNANG ROAD,PUBTT,Other,Greater than 10 Years,0,0,0,0,0.0
145.0150135166535,-37.88569109661573,37364,37401,18298,KOOYONG RD AT GLENHUNTLY RD,INTERSECTION,Scheduled PubTpt Bus flow,KOOYONG RD AT GLENHUNTLY RD,9999,Missing Data,KOOYONG ROAD,PUBTT,Other,Greater than 10 Years,0,0,0,0,0.0
145.13577339948904,-37.93155239797928,37414,37703,40990,KOMBI RD S OF CENTRE RD,INTERSECTION,All Moves,CENTRE RD/MCNAUGHTON/KOMBI RD,9999,Missing Data,KOMBI ROAD,SCATS,Scats,Greater than 10 Years,13,2003,630,0,0.0
144.92411937235673,-37.76429056176222,37420,37410,7857,KELLAWAY AV 20M AFTER MT ALEXANDER RD,INTERSECTION,Scheduled PubTpt Bus flow,KELLAWAY AV 20M AFTER MT ALEXANDER RD,5598,KELLAWAY AVENUE,KELLAWAY AVENUE,PUBTT,Other,Greater than 10 Years,0,0,0,0,0.0
144.9802487985372,-37.7985282038975,37424,37203,6681,JOHNSTON ST 20M AFTER NAPIER ST,INTERSECTION,Scheduled PubTpt Bus flow,JOHNSTON ST 20M AFTER NAPIER ST,5853,JOHNSTON STREET,JOHNSTON STREET,PUBTT,Other,Greater than 10 Years,0,0,0,0,0.0
145.22484976159174,-37.70713357042974,37428,37411,10215,KANGAROO GROUND-WARRANDYTE RD 5M BEFORE YEOMANS RD,INTERSECTION,Scheduled PubTpt Bus flow,KANGAROO GROUND-WARRANDYTE RD 5M BEFORE YEOMANS RD,5810,WARRANDYTE-KANGAROO GROUND ROAD,KANGAROO GROUND-WARRANDYTE ROAD,PUBTT,Other,Greater than 10 Years,0,0,0,0,0.0
145.0144308618029,-37.8888019949372,37430,37313,17101,KOOYONG RD AT SYCAMORE ST,INTERSECTION,Scheduled PubTpt Bus flow,KOOYONG RD AT SYCAMORE ST,9999,Missing Data,KOOYONG ROAD,PUBTT,Other,Greater than 10 Years,0,0,0,0,0.0
145.01589642382336,-37.88124369494678,37438,37314,14504,KOOYONG RD AT SEYMOUR RD,INTERSECTION,Scheduled PubTpt Bus flow,KOOYONG RD AT SEYMOUR RD,9999,Missing Data,KOOYONG ROAD,PUBTT,Other,Greater than 10 Years,0,0,0,0,0.0
144.9715343197287,-37.77246429743933,37440,37508,33137,GLENLYON RD E OF LYGON ST,INTERSECTION,All Moves,LYGON ST/GLENLYON RD,9999,Missing Data,LYGON STREET,SCATS,Scats,Less than 2 Years,1,2015,5100,0,0.0
144.77965559928995,-37.70223950058335,37472,37418,6183,KINGS RD S OF ACCESS RD,INTERSECTION,All Moves,KINGS RD / ACCESS RD,5009,KINGS ROAD,KINGS ROAD,SCATS,Scats,Greater than 10 Years,0,0,0,0,0.0
145.09287140864475,-37.984614915620575,37483,37193,11967,LOWER DANDENONG RD 20M AFTER EWEN ST,INTERSECTION,Scheduled PubTpt Bus flow,LOWER DANDENONG RD 20M AFTER EWEN ST,2050,STATE (LOWER DANDENONG/CHELTENHAM) HIGHWAY,LOWER DANDENONG ROAD,PUBTT,Other,Greater than 10 Years,0,0,0,0,0.0
144.95137006612327,-37.84912071383104,37487,37920,33984,BEACONSFIELD PDE SE OF KERFERD RD,INTERSECTION,All Moves,BEACONSFIELD PDE/KERFERD RD,9999,Missing Data,KERFERD ROAD,SCATS,Scats,Between 2 and 5 Years,3,2013,19000,0,0.0
145.2178209667276,-37.80938906366968,37512,37197,7489,LOUGHNAN RD 25M BEFORE POYNTON AVE,INTERSECTION,Scheduled PubTpt Bus flow,LOUGHNAN RD 25M BEFORE POYNTON AVE,9999,Missing Data,LOUGHNAN ROAD,PUBTT,Other,Greater than 10 Years,0,0,0,0,0.0
144.9444403784353,-37.8312651043068,37517,37716,32230,INGLES ST SE of WILLIAMSTOWN RD,INTERSECTION,All Moves,INGLES ST & NORMANBY RD & WILLIAMSTOWN RD,9999,Missing Data,INGLES STREET,TMVMT,Manual,Greater than 10 Years,29,1987,8400,0,0.0
144.97161248226342,-37.77201279690414,37548,37429,3600,LYGON ST N OF GLENLYON RD DEPARTURE,INTERSECTION,All Moves,LYGON ST N OF GLENLYON RD DEPARTURE,9999,Missing Data,LYGON STREET,TMVMT,Manual,Greater than 10 Years,0,0,0,0,0.0
144.96978195045975,-37.784038999105995,37552,37220,15637,LYGON ST N BD BTWN CEMETERY RD EAST & PIGDON ST,INTERSECTION,Scheduled PubTpt Tram flow,LYGON ST BTWN CEMETERY RD EAST & PIGDON ST,9999,Missing Data,LYGON STREET,PUBTT,Other,Greater than 10 Years,0,0,0,0,0.0
145.2303408230832,-37.72916450543296,37614,37441,12651,KANGAROO GROUND-WARRANDYTE RD 5M OFF OSBORNE RD,INTERSECTION,Scheduled PubTpt Bus flow,KANGAROO GROUND-WARRANDYTE RD 5M OFF OSBORNE RD,5810,WARRANDYTE-KANGAROO GROUND ROAD,KANGAROO GROUND-WARRANDYTE ROAD,PUBTT,Other,Greater than 10 Years,0,0,0,0,0.0
145.03979544688204,-37.903872989891966,37625,37343,8321,KATANDRA RD N OF NORTH RD,INTERSECTION,All Moves,CADBY AV & KATANDRA RD & NORTH RD,9999,Missing Data,KATANDRA ROAD,TMVMT,Manual,Greater than 10 Years,0,0,0,0,0.0
145.8096760353365,-38.41247080959765,37633,37345,28883,KORUMBURRA-WARRAGUL RD S Bd N OF KORUMBURRA GOLF CLUB ENTRY,MIDBLOCK,All Moves,KORUMBURRA-WARRAGUL RD N OF KORUMBURRA GOLF CLUB ENTRY,5682,KORUMBURRA-WARRAGUL ROAD,KORUMBURRA-WARRAGUL ROAD,APARX,Classification,Greater than 10 Years,0,0,0,0,0.0
144.84955700912892,-37.726586495663085,37673,37950,33689,KEILOR PARK DR S BD S of CALDER FWY W BD OFF RAM,INTERSECTION,All Moves,KEILOR PARK DR N OF CALDER FWY OFF RAM,5054,KEILOR PARK DRIVE,KEILOR PARK DRIVE,TMVMT,Manual,Greater than 10 Years,19,1997,15000,1400,0.09
145.13230300874417,-37.98944685327491,37688,37742,31601,LOWER DANDENONG RD W BD E OF CASSAVA CT,INTERSECTION,All Moves,LOWER DANDENONG RD E OF CASSAVA CRT,2050,STATE (LOWER DANDENONG/CHELTENHAM) HIGHWAY,LOWER DANDENONG ROAD,APARX,Classification,Greater than 10 Years,22,1994,14000,0,0.0
145.7216864032352,-38.62576659810495,37699,37243,3342,KORUMBURRA-INVERLOCH RD N OF BASS HWY,INTERSECTION,All Moves,BASS HWY & KORUMBURRA-INVERLOCH RD,5697,KORUMBURRA-INVERLOCH ROAD,INVERLOCH-KONGWAK ROAD,TMVMT,Manual,Greater than 10 Years,0,0,0,0,0.0
145.10871691448227,-37.98654956056543,37711,37957,36888,LOWER DANDENONG RD W of BOUNDARY RD,INTERSECTION,All Moves,BOUNDARY RD & LOWER DANDENONG RD,2050,STATE (LOWER DANDENONG/CHELTENHAM) HIGHWAY,LOWER DANDENONG ROAD,TMVMT,Manual,Greater than 10 Years,22,1994,10000,0,0.0
144.94499990026483,-37.82151414767503,37729,37247,5582,MERCHANT LN NW OF COLLINS ST,INTERSECTION,All Moves,COLLINS ST/MERCHANT LN,9999,Missing Data,IMPORT LANE,SCATS,Scats,Greater than 10 Years,0,0,0,0,0.0
145.34680861697203,-37.758170947052,37737,37463,37495,JOHN ST NW of HUTCHINSON ST,INTERSECTION,All Moves,HUTCHINSON ST & JOHN ST,9999,Missing Data,JOHN STREET,TMVMT,Manual,Greater than 10 Years,30,1986,4700,0,0.0
144.97488369837333,-37.79795280666437,37745,37249,4529,NICHOLSON ST N OF JOHNSTON ST DEPARTURE,INTERSECTION,All Moves,NICHOLSON ST N OF JOHNSTON ST DEPARTURE,5853,JOHNSTON STREET,JOHNSTON STREET,TMVMT,Manual,Greater than 10 Years,0,0,0,0,0.0
144.95755842018275,-37.820363990478086,37753,37965,35592,KINGS BRIDGE S BD S OF FLINDERS ST,UNDEFINED,All Moves,KINGS BRIDGE S OF FLINDERS ST,2510,PRINCES HIGHWAY EAST,KINGS WAY,MOTSV,Manual,Greater than 10 Years,0,0,0,0,0.0
144.32471850696047,-36.69680094318922,37773,37469,37587,IRONSTONE ROAD EA of MIDLAND HWY,INTERSECTION,All Moves,IRONSTONE ROAD & MIDLAND HWY,9999,Missing Data,IRONSTONE ROAD,TMVMT,Manual,Greater than 10 Years,27,1989,200,40,0.2
145.2267322114332,-38.00073121583635,37794,37257,13821,PRINCES HWY 200M BEFORE SOUTH GIPPSLAND HWY,INTERSECTION,Scheduled PubTpt Bus flow,PRINCES HWY 200M BEFORE SOUTH GIPPSLAND HWY,2510,PRINCES HIGHWAY EAST,LONSDALE STREET,PUBTT,Other,Greater than 10 Years,0,0,0,0,0.0
145.14367920778145,-38.119431032466096,37801,37974,37580,KLAUER ST E of HARTNETT ST,INTERSECTION,All Moves,HARTNETT ST & KLAUER ST,5159,KLAUER ROAD,KLAUER STREET,TMVMT,Manual,Greater than 10 Years,27,1989,7400,0,0.0
145.27643135777282,-37.78821847380801,37802,37564,37544,KENT AV SE of MAROONDAH HWY,INTERSECTION,All Moves,KENT AV & MAROONDAH HWY,9999,Missing Data,KENT AVENUE,TMVMT,Manual,Greater than 10 Years,28,1988,5900,0,0.0
144.9637495057043,-37.8245792008973,37822,37763,36861,POWER ST NW of KAVANAGH ST,INTERSECTION,All Moves,KAVANAGH ST & POWER ST,9999,Missing Data,KAVANAGH STREET,TMVMT,Manual,Greater than 10 Years,28,1988,650,40,0.07
145.09841769878238,-37.955747385259805,37856,37984,36356,KINGSTON RD W of OLD DANDENONG RD,INTERSECTION,All Moves,KINGSTON RD & OLD DANDENONG RD,5970,HEATHERTON ROAD,KINGSTON ROAD,TMVMT,Manual,Greater than 10 Years,30,1986,16000,0,0.0
145.2642530999009,-37.9139881678222,37865,37268,13641,KELLETTS RD 50M BEFORE BLAXLAND DR,INTERSECTION,Scheduled PubTpt Bus flow,KELLETTS RD 50M BEFORE BLAXLAND DR,5428,KELLETTS ROAD,KELLETTS ROAD,PUBTT,Other,Greater than 10 Years,0,0,0,0,0.0
144.95117238540183,-37.8132412748238,37878,37270,14880,LA TROBE ST AT SPENCER ST,INTERSECTION,Scheduled PubTpt Tram flow,LA TROBE ST AT SPENCER ST,9999,Missing Data,LA TROBE STREET,PUBTT,Other,Greater than 10 Years,0,0,0,0,0.0
144.95619379746486,-37.811825986213854,37882,37271,14157,LA TROBE ST AT WILLIAM ST,INTERSECTION,Scheduled PubTpt Tram flow,LA TROBE ST AT WILLIAM ST,9999,Missing Data,LA TROBE STREET,PUBTT,Other,Greater than 10 Years,0,0,0,0,0.0
145.95007809119787,-38.48315920234533,37884,37772,36363,SOUTH GIPPSLAND HW SO of PARR ST,INTERSECTION,All Moves,PARR ST & SOUTH GIPPSLAND HW,2580,SOUTH GIPPSLAND HIGHWAY,KOONWARRA ROAD,TMVMT,Manual,Greater than 10 Years,30,1986,1500,100,0.06
144.96841291192567,-37.79212369760191,37892,37390,26071,LYGON ST S BD BTWN PIGDON ST & CEMETERY RD EAST,INTERSECTION,Scheduled PubTpt Tram flow,LYGON ST BTWN PIGDON ST & CEMETERY RD EAST,9999,Missing Data,LYGON STREET,PUBTT,Other,Greater than 10 Years,0,0,0,0,0.0
144.91400108332607,-37.69481370235484,37902,37775,43682,LANGTON ST S of ELEANOR ST,INTERSECTION,All Moves,ELEANOR ST & LANGTON ST,9999,Missing Data,LANGTON STREET,TMVMT,Manual,Greater than 10 Years,26,1990,890,80,0.1
145.05550084405786,-37.897408305350886,37911,37275,14665,KOORNANG RD 10M BEFORE WOORNACK RD,INTERSECTION,Scheduled PubTpt Bus flow,KOORNANG RD 10M BEFORE WOORNACK RD,9999,Missing Data,KOORNANG ROAD,PUBTT,Other,Greater than 10 Years,0,0,0,0,0.0
145.0540305510407,-37.90515049298294,37915,37276,12784,KOORNANG RD 100M AFTER NORTH RD,INTERSECTION,Scheduled PubTpt Bus flow,KOORNANG RD 100M AFTER NORTH RD,9999,Missing Data,KOORNANG ROAD,PUBTT,Other,Greater than 10 Years,0,0,0,0,0.0
144.98735049892187,-37.79927827155014,37932,37997,37802,JOHNSTON ST W of HODDLE ST,INTERSECTION,All Moves,HODDLE ST & JOHNSTON ST,5853,JOHNSTON STREET,JOHNSTON STREET,TMVMT,Manual,Greater than 10 Years,31,1985,14000,740,0.05
145.14601452024428,-38.119717704354464,37953,37785,32007,KLAUER ST W of FRANKSTON-DANDENON,INTERSECTION,All Moves,FRANKSTON DANDENON & KLAUER ST,5159,KLAUER ROAD,KLAUER STREET,TMVMT,Manual,Greater than 10 Years,20,1996,8700,0,0.0
144.9011293025702,-37.8014688118051,37973,37791,34246,IRVING ST SW of LEEDS ST,INTERSECTION,All Moves,IRVING ST & LEEDS ST,9999,Missing Data,IRVING STREET,TMVMT,Manual,Greater than 10 Years,0,0,0,0,0.0
144.9434649987819,-37.82492110130037,37990,37600,34776,LORIMER ST E OF WEST GATE FWY OFFRAMP,INTERSECTION,All Moves,WEST GATE FWY/LORIMER ST,5597,LORIMER STREET,LORIMER STREET,SCATS,Scats,Greater than 10 Years,11,2005,7500,0,0.0
145.10756201544467,-37.98640865641137,37993,37296,6728,LOWER DANDENONG RD 100M AFTER BOUNDARY RD,INTERSECTION,Scheduled PubTpt Bus flow,LOWER DANDENONG RD 100M AFTER BOUNDARY RD,2050,STATE (LOWER DANDENONG/CHELTENHAM) HIGHWAY,LOWER DANDENONG ROAD,PUBTT,Other,Greater than 10 Years,0,0,0,0,0.0
145.05030559515535,-37.79185019440372,37995,37297,10995,KILBY RD 20M BEFORE BIRDWOOD ST,INTERSECTION,Scheduled PubTpt Bus flow,KILBY RD 20M BEFORE BIRDWOOD ST,9999,Missing Data,KILBY ROAD,PUBTT,Other,Greater than 10 Years,0,0,0,0,0.0
144.97488369837333,-37.79795280666437,40024,40911,36924,ELGIN ST W OF NICHOLSON ST DEPARTURE,INTERSECTION,All Moves,NICHOLSON ST N OF JOHNSTON ST DEPARTURE,5853,JOHNSTON STREET,JOHNSTON STREET,TMVMT,Manual,Greater than 10 Years,0,0,0,0,0.0
145.01768421572456,-37.87206179902672,40061,40313,17780,KOOYONG RD AT BALACLAVA RD,INTERSECTION,Scheduled PubTpt Bus flow,KOOYONG RD AT BALACLAVA RD,9999,Missing Data,KOOYONG ROAD,PUBTT,Other,Greater than 10 Years,0,0,0,0,0.0
145.0209917514132,-37.85348460019888,40087,40424,16928,KOOYONG RD 7M BEFORE FLETE AVE,INTERSECTION,Scheduled PubTpt Bus flow,KOOYONG RD 7M BEFORE FLETE AVE,9999,Missing Data,KOOYONG ROAD,PUBTT,Other,Greater than 10 Years,0,0,0,0,0.0
144.78209352007792,-37.69492020265066,40088,40922,43777,KINGS RD S OF PALMERSTON CRES,INTERSECTION,All Moves,KINGS RD/PALMERSTON CRES/WELLESLEY DR,5009,KINGS ROAD,KINGS ROAD,SCATS,Scats,Greater than 10 Years,0,0,0,0,0.0
145.02037716862105,-37.857302401666246,40091,40425,17783,KOOYONG RD AT CHEEL ST,INTERSECTION,Scheduled PubTpt Bus flow,KOOYONG RD AT CHEEL ST,9999,Missing Data,KOOYONG ROAD,PUBTT,Other,Greater than 10 Years,0,0,0,0,0.0
145.043465675728,-37.90804740142264,40093,40923,31433,JASPER RD S OF NORTH RD,INTERSECTION,All Moves,GRANGE RD & JASPER RD & NORTH RD,5847,JASPER ROAD,JASPER ROAD,TMVMT,Manual,Greater than 10 Years,0,0,0,0,0.0
144.91207162814564,-37.68237746417573,40099,40427,26239,BROADMEADOWS RD DEVIATION/JOHNSTONE ST E BD BTWN MICKLEHAM RD & PEARCEDALE PDE,INTERSECTION,Scheduled PubTpt Bus flow,BROADMEADOWS RD DEVIATION/JOHNSTONE ST BTWN MICKLEHAM RD & PEARCEDALE PDE,5873,BROADMEADOWS-TULLAMARINE ROAD,JOHNSTONE STREET,PUBTT,Other,Greater than 10 Years,0,0,0,0,0.0
144.7223128144048,-36.94003548646923,40136,40837,41670,NORTHERN HWY S BD 60M N OF DAIRY FLAT RD @106.1KM FROM MELBOURNE,MIDBLOCK,All Moves,NORTHERN HWY 60M N OF DAIRY FLAT RD @106.1KM FROM MELBOURNE,2540,NORTHERN HIGHWAY,KILMORE ROAD,APARX,Classification,Less than 2 Years,1,2015,2300,370,0.16
145.02369191266573,-37.93548683773568,40153,40934,35740,LUDSTONE ST W OF BLUFF RD,INTERSECTION,All Moves,BLUFF RD/LUDSTONE ST,9999,Missing Data,LUDSTONE STREET,SCATS,Scats,Greater than 10 Years,0,0,0,0,0.0
145.10935276712428,-37.65176691072889,40163,40438,18258,KURRAK RD AT ARMSTRONG RD,INTERSECTION,Scheduled PubTpt Bus flow,KURRAK RD AT ARMSTRONG RD,5720,KURRAK ROAD,KURRAK ROAD,PUBTT,Other,Greater than 10 Years,0,0,0,0,0.0
144.2834252792294,-36.7587520588622,40205,40864,38040,LYTTLETON TCE W OF BRAMBLE ST DEPARTURE,INTERSECTION,All Moves,MCIVOR HWY E OF CHAPEL ST DEPARTURE,9999,Missing Data,LYTTLETON TERRACE,TMVMT,Manual,Greater than 10 Years,0,0,0,0,0.0
144.963105765121,-37.82883313733056,40213,40866,36015,WEST GATE FWY ONRAMP FROM MONTAGUE ST,INTERSECTION,All Moves,WEST GATE FWY/MONTAGUE ST,7106,2510B 2820F,KINGS-WEST GATE OUT RAMP ON,SCATS,Scats,Between 5 and 10 Years,9,2007,29000,0,0.0
144.94779263396413,-37.83472717747508,40241,40872,39333,INGLES_ST SE OF CROCKFORD_ST,INTERSECTION,All Moves,INGLES ST/CROCKFORD ST,9999,Missing Data,INGLES STREET,SCATS,Scats,Between 5 and 10 Years,10,2006,8900,0,0.0
146.25118447670332,-38.17976795510944,40254,40952,30660,MOE-GLENGARRY RD SW OF WATERLOO RD,INTERSECTION,All Moves,MOE-GLENGARRY RD & WATERLOO RD,5539,MOE-GLENGARRY ROAD,LLOYD STREET,TMVMT,Manual,Greater than 10 Years,0,0,0,0,0.0
145.01440555934775,-37.88894148698068,40260,40374,27452,KOOYONG RD AT BUXTON ST,INTERSECTION,Scheduled PubTpt Bus flow,KOOYONG RD AT BUXTON ST,9999,Missing Data,KOOYONG ROAD,PUBTT,Other,Greater than 10 Years,0,0,0,0,0.0
145.01725576843566,-37.87427439279752,40264,40375,18094,KOOYONG RD AT AIRDRIE RD,INTERSECTION,Scheduled PubTpt Bus flow,KOOYONG RD AT AIRDRIE RD,9999,Missing Data,KOOYONG ROAD,PUBTT,Other,Greater than 10 Years,0,0,0,0,0.0
144.2433723081217,-36.79674172302808,40270,40956,35473,BENDIGO-MARYBOROUGH RD W BD BTW CALDER HWY & NEIL ST,MIDBLOCK,All Moves,BENDIGO-MARYBOROUGH RD BTW CALDER HWY & NEIL ST,5200,BENDIGO-MARYBOROUGH ROAD,LOCKWOOD ROAD,APARX,Classification,Between 2 and 5 Years,3,2013,5000,360,0.07
145.05905559452884,-37.87918950245971,40304,40467,17096,DARLING RD 3M BEFORE LIVINGSTONE RD,INTERSECTION,Scheduled PubTpt Bus flow,DARLING RD 3M BEFORE LIVINGSTONE RD,9999,Missing Data,LIVINGSTONE ROAD,PUBTT,Other,Greater than 10 Years,0,0,0,0,0.0
145.09841769878238,-37.955747385259805,40306,40964,37413,KINGSTON RD W OF OLD DANDENONG RD DEPARTURE,INTERSECTION,All Moves,OLD DANDENONG RD N OF KINGSTON RD DEPARTURE,5970,HEATHERTON ROAD,KINGSTON ROAD,TMVMT,Manual,Greater than 10 Years,0,0,0,0,0.0
145.0461626145242,-37.88506102199426,40311,40006,36257,LORD ST 2WAY E OF QUEENS AVE,UNDEFINED,All Moves,LORD ST 2WAY E OF QUEENS AVE,9999,Missing Data,LORD STREET,APARX,Classification,Greater than 10 Years,27,1989,280,0,0.0
144.21918312464877,-36.70541136303742,40320,40891,32634,LODDON VALEY HWY NWBD NW OF LODDON VALLEY HWY,INTERSECTION,All Moves,SAILORS GULLY RD E OF LODDON VALLEY HWY,2630,LODDON VALLEY HIGHWAY,LODDON VALLEY HIGHWAY,TMVMT,Manual,Greater than 10 Years,16,2000,1600,110,0.07
145.05244372295405,-37.75681350925949,40323,40386,34178,LINDEN AVE 2WAY S OF FORSTER ST,UNDEFINED,All Moves,LINDEN AVE 2WAY S OF FORSTER ST,9999,Missing Data,LINDEN AVENUE,APARX,Classification,Greater than 10 Years,26,1990,710,0,0.0
145.59371488274832,-38.602493239815445,40343,40896,36712,KORUMBURRA-WONTHAGGI RD E OF BASS HWY,INTERSECTION,All Moves,BASS HWY & KORUMBURRA-WONTHAGGI RD & KORUMBURRA RD,5698,KORUMBURRA-WONTHAGGI ROAD,KORUMBURRA ROAD,TMVMT,Manual,Greater than 10 Years,0,0,0,0,0.0
144.78263650673412,-37.844255113134615,40361,40976,36523,KOROROIT CREEK RD E BD E of FITZGERALD RD,INTERSECTION,All Moves,FITZGERALD RD N OF LEAKES RD,5833,KOROROIT CREEK ROAD,KOROROIT CREEK ROAD,TMVMT,Manual,Greater than 10 Years,0,0,0,0,0.0
144.8819408054359,-37.733282791478686,40366,40397,35944,CALDER FWY ON RAMP SE of MCNAMARA AV,INTERSECTION,On Ramp,FULLARTON RD & MC MAMARA AV,7060,7811F 2530F,KEILOR-CALDER OUT RAMP ON,TMVMT,Manual,Greater than 10 Years,0,0,0,0,0.0
144.7808036378105,-37.698767112538285,40369,40978,41656,KINGS RD S BD BTW MELTON HWY & SYDENHAM RD BRIDGE,INTERSECTION,All Moves,KINGS RD BTW MELTON HWY & SYDENHAM RD BRIDGE,5009,KINGS ROAD,KINGS ROAD,APARX,Classification,Greater than 10 Years,15,2001,10000,0,0.0
144.9663838606458,-37.832192165261496,40370,40398,31682,KINGS WAY NWBD SE OF STURT ST,INTERSECTION,All Moves,STURT ST LEFT TURN TO KINGS WAY OD:12,2510,PRINCES HIGHWAY EAST,KINGS WAY,MOTSV,Manual,Greater than 10 Years,23,1993,43000,2700,0.06
145.06894734576562,-37.76024300725534,40374,40014,35933,LOWER HEIDELBERG RD S of BANKSIA ST,INTERSECTION,All Moves,BANKSIA STREET & LOWER HEIDELBERG R,5762,MAIN HEIDELBERG-ELTHAM ROAD,LOWER HEIDELBERG ROAD,TMVMT,Manual,Greater than 10 Years,24,1992,18000,480,0.03
145.05244372295405,-37.75681350925949,40418,40498,37297,LINDEN AVE 2WAY N OF FORSTER ST,UNDEFINED,All Moves,LINDEN AVE 2WAY N OF FORSTER ST,9999,Missing Data,LINDEN AVENUE,APARX,Classification,Greater than 10 Years,26,1990,690,0,0.0
144.97704465023455,-37.84963946418282,40432,40508,43482,LAKESIDE DR SEBD NW OF QUEENS RD,UNDEFINED,All Moves,LAKESIDE DR NW OF QUEENS RD,9999,Missing Data,LAKESIDE DRIVE,APARX,Classification,Greater than 10 Years,23,1993,6900,0,0.0
145.56711498755715,-38.587231457083725,40436,40997,41247,LOWER POWLETT RD E BD 100M W OF BASS HWY,MIDBLOCK,All Moves,LOWER POWLETT RD 100M W OF BASS HWY,9999,Missing Data,LOWER POWLETT ROAD,APARX,Classification,Greater than 10 Years,15,2001,90,0,0.06
144.94761657185308,-37.825277330483765,40452,40028,40534,LORIMER ST E BD W OF CHARLES GRIMES BRIDGE,INTERSECTION,All Moves,CHARLES GRIMES BRIDGE & LORIMER ST & MONTAGUE ST & WEST GATE FWY,5597,LORIMER STREET,LORIMER STREET,TMVMT,Manual,Greater than 10 Years,23,1993,19000,1900,0.1
144.89222182166938,-37.73728407355961,40483,40523,17856,KEILOR RD AT TREADWELL RD,INTERSECTION,Scheduled PubTpt Tram flow,KEILOR RD AT TREADWELL RD,5592,KEILOR ROAD,KEILOR ROAD,PUBTT,Other,Greater than 10 Years,0,0,0,0,0.0
144.97060977810565,-37.77879819916511,40488,40039,19089,LYGON ST 50M BEFORE BRUNSWICK RD,INTERSECTION,Scheduled PubTpt Bus flow,LYGON ST 50M BEFORE BRUNSWICK RD,9999,Missing Data,LYGON STREET,PUBTT,Other,Greater than 10 Years,0,0,0,0,0.0
145.01836565861322,-37.86853339442149,40500,40527,26193,KOOYONG RD AT INKERMAN RD,INTERSECTION,Scheduled PubTpt Bus flow,KOOYONG RD AT INKERMAN RD,9999,Missing Data,KOOYONG ROAD,PUBTT,Other,Greater than 10 Years,0,0,0,0,0.0
145.11858459563464,-37.650310088805675,40510,40044,28051,KURRAK RD 100M AFTER YAN YEAN RD,INTERSECTION,Scheduled PubTpt Bus flow,KURRAK RD 100M AFTER YAN YEAN RD,5720,KURRAK ROAD,KURRAK ROAD,PUBTT,Other,Greater than 10 Years,0,0,0,0,0.0
145.02153362250357,-37.97184169092819,40513,40602,42450,LINKS ST S BD S OF ARRANMORE AVE,UNDEFINED,All Moves,LINKS ST S OF ARRANMORE AVE,9999,Missing Data,LINKS STREET,APARX,Classification,Greater than 10 Years,27,1989,230,0,0.0
145.59363629587727,-38.6025002710984,40534,40709,37443,KORUMBURRA RD E BD 100M W OF BASS HWY,MIDBLOCK,All Moves,KORUMBURRA RD 100M W OF BASS HWY,5698,KORUMBURRA-WONTHAGGI ROAD,KORUMBURRA ROAD,APARX,Classification,Greater than 10 Years,11,2005,650,40,0.07
145.01898196633888,-37.86520259481553,40546,40535,25848,KOOYONG RD AT ALMA RD,INTERSECTION,Scheduled PubTpt Bus flow,KOOYONG RD AT ALMA RD,9999,Missing Data,KOOYONG ROAD,PUBTT,Other,Greater than 10 Years,0,0,0,0,0.0
145.034899898972,-37.87979620052328,40548,40049,18336,KAMBROOK RD 30M AFTER HUDSON ST,INTERSECTION,Scheduled PubTpt Bus flow,KAMBROOK RD 30M AFTER HUDSON ST,9999,Missing Data,KAMBROOK ROAD,PUBTT,Other,Greater than 10 Years,0,0,0,0,0.0
145.01623877920977,-37.87951740092506,40550,40211,28454,KOOYONG RD AT GLEN EIRA RD,INTERSECTION,Scheduled PubTpt Bus flow,KOOYONG RD AT GLEN EIRA RD,9999,Missing Data,KOOYONG ROAD,PUBTT,Other,Greater than 10 Years,0,0,0,0,0.0
145.0253582831194,-37.62823773300152,40570,40539,20858,LYNDARUM DR 20M BEFORE NORTHFIELDS DR,INTERSECTION,Scheduled PubTpt Bus flow,LYNDARUM DR 20M BEFORE NORTHFIELDS DR,9999,Missing Data,LYNDARUM DRIVE,PUBTT,Other,Greater than 10 Years,0,0,0,0,0.0
144.97885411234108,-37.79837882197618,40610,40147,18235,JOHNSTON ST 35M AFTER BRUNSWICK ST,INTERSECTION,Scheduled PubTpt Bus flow,JOHNSTON ST 35M AFTER BRUNSWICK ST,5853,JOHNSTON STREET,JOHNSTON STREET,PUBTT,Other,Greater than 10 Years,0,0,0,0,0.0
144.77767360727512,-37.70966589927509,40611,40546,17482,KINGS RD 100M AFTER HUME DR,INTERSECTION,Scheduled PubTpt Bus flow,KINGS RD 100M AFTER HUME DR,5009,KINGS ROAD,KINGS ROAD,PUBTT,Other,Greater than 10 Years,0,0,0,0,0.0
145.0197724873459,-37.860892395687415,40658,40228,27455,KOOYONG RD AT WATTLETREE RD,INTERSECTION,Scheduled PubTpt Bus flow,KOOYONG RD AT WATTLETREE RD,9999,Missing Data,KOOYONG ROAD,PUBTT,Other,Greater than 10 Years,0,0,0,0,0.0
145.19380824912275,-37.93144771102224,40660,40627,27499,JACKSONS RD 50M AFTER CARBONI CT,INTERSECTION,Scheduled PubTpt Bus flow,JACKSONS RD 50M AFTER CARBONI CT,5170,JACKSONS ROAD,JACKSONS ROAD,PUBTT,Other,Greater than 10 Years,0,0,0,0,0.0
145.2776619908931,-37.736108270014,40665,40555,17138,JUMPING CREEK RD W BD BTWN HOMESTEAD RD & YARRA RD,INTERSECTION,Scheduled PubTpt Bus flow,JUMPING CREEK RD BTWN HOMESTEAD RD & YARRA RD,9999,Missing Data,JUMPING CREEK ROAD,PUBTT,Other,Greater than 10 Years,0,0,0,0,0.0
145.06201330905793,-37.947998357653375,40670,40158,26180,KEYS RD 120M BEFORE HEWITT ST,INTERSECTION,Scheduled PubTpt Bus flow,KEYS RD 120M BEFORE HEWITT ST,5313,WICKHAM-KEYS ROAD,KEYS ROAD,PUBTT,Other,Greater than 10 Years,0,0,0,0,0.0
145.0169764354411,-37.8757169119687,40680,40631,17784,KOOYONG RD AT EYRE RD,INTERSECTION,Scheduled PubTpt Bus flow,KOOYONG RD AT EYRE RD,9999,Missing Data,KOOYONG ROAD,PUBTT,Other,Greater than 10 Years,0,0,0,0,0.0
144.90305730911305,-37.74164827518304,40688,40161,14397,KEILOR RD W BD BTWN BULLA RD & HOFFMANS RD,INTERSECTION,Scheduled PubTpt Tram flow,KEILOR RD BTWN BULLA RD & HOFFMANS RD,5592,KEILOR ROAD,KEILOR ROAD,PUBTT,Other,Greater than 10 Years,0,0,0,0,0.0
145.19517944143317,-37.92465179219704,40716,40637,25894,JACKSONS RD 150M AFTER WELLINGTON RD,INTERSECTION,Scheduled PubTpt Bus flow,JACKSONS RD 150M AFTER WELLINGTON RD,5170,JACKSONS ROAD,JACKSONS ROAD,PUBTT,Other,Greater than 10 Years,0,0,0,0,0.0
144.90832576323285,-38.37662400194934,40723,40239,17161,JETTY RD 30M BEFORE INGLEWOOD CRES,INTERSECTION,Scheduled PubTpt Bus flow,JETTY RD 30M BEFORE INGLEWOOD CRES,9999,Missing Data,JETTY ROAD,PUBTT,Other,Greater than 10 Years,0,0,0,0,0.0
145.01698068160388,-37.87569499952076,40756,40173,19425,KOOYONG RD AT EYRE RD,INTERSECTION,Scheduled PubTpt Bus flow,KOOYONG RD AT EYRE RD,9999,Missing Data,KOOYONG ROAD,PUBTT,Other,Greater than 10 Years,0,0,0,0,0.0
145.06732600107625,-37.948645689490505,40768,40175,14835,KEYS RD 2M BEFORE CHRISTENSEN ST,INTERSECTION,Scheduled PubTpt Bus flow,KEYS RD 2M BEFORE CHRISTENSEN ST,5313,WICKHAM-KEYS ROAD,KEYS ROAD,PUBTT,Other,Greater than 10 Years,0,0,0,0,0.0
145.34911862983316,-38.04774023664263,40771,40748,29469,KANGAN DR E OF CLYDE RD DEPARTURE,INTERSECTION,All Moves,CLYDE RD N OF KANGAN DR DEPARTURE,9999,Missing Data,KANGAN DRIVE,TMVMT,Manual,Greater than 10 Years,0,0,0,0,0.0
145.05348309650228,-37.95761079361457,40782,40177,19434,KAREN ST AT NEPEAN HWY,INTERSECTION,Scheduled PubTpt Bus flow,KAREN ST AT NEPEAN HWY,9999,Missing Data,KAREN STREET,PUBTT,Other,Greater than 10 Years,0,0,0,0,0.0
145.16936387965208,-38.2503690957824,40791,40649,18768,JONES RD 10M AFTER CROFTERS HILL WAY,INTERSECTION,Scheduled PubTpt Bus flow,JONES RD 10M AFTER CROFTERS HILL WAY,9999,Missing Data,JONES ROAD,PUBTT,Other,Greater than 10 Years,0,0,0,0,0.0
145.21603870383163,-37.69542737098901,40835,40586,17105,KANGAROO GROUND-WARRANDYTE RD AT ELTHAM-YARRA GLEN RD,INTERSECTION,Scheduled PubTpt Bus flow,KANGAROO GROUND-WARRANDYTE RD AT ELTHAM-YARRA GLEN RD,5810,WARRANDYTE-KANGAROO GROUND ROAD,KANGAROO GROUND-WARRANDYTE ROAD,PUBTT,Other,Greater than 10 Years,0,0,0,0,0.0
145.37918059947503,-37.72466566512282,40845,40659,25900,KILLARA RD 20M BEFORE MAROONDAH HWY,INTERSECTION,Scheduled PubTpt Bus flow,KILLARA RD 20M BEFORE MAROONDAH HWY,9999,Missing Data,KILLARA ROAD,PUBTT,Other,Greater than 10 Years,0,0,0,0,0.0
144.96196138579603,-37.82768351083735,40900,40196,42116,WEST GATE FWY E BD E OF MONTAGUE ST I/C,UNDEFINED,All Moves,WEST GATE FWY E OF MONTAGUE ST I/C,2510,PRINCES HIGHWAY EAST,KINGS WAY,APARX,Classification,Greater than 10 Years,25,1991,37000,0,0.0
145.0200285087236,-37.859372496848486,40911,40272,27453,KOOYONG RD AT ST JAMES RD,INTERSECTION,Scheduled PubTpt Bus flow,KOOYONG RD AT ST JAMES RD,9999,Missing Data,KOOYONG ROAD,PUBTT,Other,Greater than 10 Years,0,0,0,0,0.0
144.9928388969694,-37.809833202870415,40929,40676,24208,VICTORIA ST W BD BTWN CHURCH ST & HODDLE ST,INTERSECTION,Scheduled PubTpt Tram flow,VICTORIA ST BTWN CHURCH ST & HODDLE ST,9999,Missing Data,JONAS STREET,PUBTT,Other,Greater than 10 Years,0,0,0,0,0.0
145.05336229510263,-37.957622802861806,40931,40278,17104,KAREN ST W BD BTWN TENNYSON ST & NEPEAN HIGHWAY,INTERSECTION,Scheduled PubTpt Bus flow,KAREN ST BTWN TENNYSON ST & NEPEAN HIGHWAY,9999,Missing Data,KAREN STREET,PUBTT,Other,Greater than 10 Years,0,0,0,0,0.0
142.7899877782574,-37.08364469729139,42002,42501,32589,ARARAT-STAWELL RD S BD 30M N OF MOSSMAN RD @ 2.7KM FROM STAWELL,MIDBLOCK,All Moves,ARARAT-STAWELL RD 30M N OF MOSSMAN RD @ 2.7KM FROM STAWELL,5249,ARARAT-STAWELL ROAD,LONDON ROAD,APARX,Classification,Between 2 and 5 Years,3,2013,690,90,0.13
144.39077786562223,-38.25532638390255,42003,42002,35656,LOWER DUNEED ROAD WEST BD EAST OF SCH,MIDBLOCK,All Moves,LOWER DUNEED ROAD EAST BD EAST OF SCH,5008,LOWER DUNEED ROAD,LOWER DUNEED ROAD,APARX,Classification,Greater than 10 Years,0,0,0,0,0.0
144.87440710309107,-37.856352270342455,42030,42515,29817,KOROROIT CREEK RD E BD E OF WALTER ST,INTERSECTION,All Moves,KOROROIT CREEK RD E OF WALTER ST,5833,KOROROIT CREEK ROAD,KOROROIT CREEK ROAD,MOTSV,Manual,Greater than 10 Years,13,2003,10000,400,0.04
146.7895122431448,-38.1529449903528,42033,42017,36221,ROSEDALE-LONGFORD RD S OF PRINCES HWY EAST DEPARTURE,INTERSECTION,All Moves,ROSEDALE-LONGFORD RD N OF PRINCES HWY EAST DEPARTURE,5590,ROSEDALE-LONGFORD ROAD,LYONS STREET,TMVMT,Manual,Greater than 10 Years,0,0,0,0,0.0
144.78209352007792,-37.69492020265066,42070,42031,36167,BUNNINGS ACCESS RD W OF KINGS RD DEPARTURE,UNDEFINED,All Moves,KINGS RD N OF BELLBIRD AVE DEPARTURE,5009,KINGS ROAD,KINGS ROAD,TMVMT,Manual,Greater than 10 Years,0,0,0,0,0.0
144.94006842504615,-37.82803668726459,42076,42608,31505,INGLES ST N BD N OF WOODRUFF ST,INTERSECTION,All Moves,INGLES ST N OF WOODRUFF ST,9999,Missing Data,INGLES STREET,APARX,Classification,Greater than 10 Years,13,2003,4300,0,0.0
144.8543474601939,-37.718326157902474,42080,42805,42958,KEILOR PARK DR SW OF THE LINK,INTERSECTION,All Moves,KEILOR PARK DR/THE LINK,5054,KEILOR PARK DRIVE,KEILOR PARK DRIVE,SCATS,Scats,Between 2 and 5 Years,5,2011,17000,0,0.0
145.11653481491604,-37.98751044903072,42099,42615,34947,LOWER DANDENONG RD W OF WOODLANDS DR,INTERSECTION,All Moves,LOWER DANDENONG RD & WOODLANDS DR,2050,STATE (LOWER DANDENONG/CHELTENHAM) HIGHWAY,LOWER DANDENONG ROAD,TMVMT,Manual,Greater than 10 Years,19,1997,21000,0,0.0
144.8490196008177,-37.55099640264216,42109,42540,36639,KONAGADERRA RD S BD AT DEEP CREEK,MIDBLOCK,All Moves,KONAGADERRA RD AT DEEP CREEK,9999,Missing Data,KONAGADERRA ROAD,APARX,Classification,Between 2 and 5 Years,5,2011,830,60,0.07
145.25998474565475,-37.736562479089685,42113,42619,41651,JUMPING CREEK RD S BD N OF HOOPER RD,INTERSECTION,All Moves,JUMPING CREEK RD N OF HOOPER RD,9999,Missing Data,JUMPING CREEK ROAD,APARX,Classification,Greater than 10 Years,16,2000,2800,0,0.0
145.15301111596705,-37.94954589209993,42123,42817,36125,LIGHTWOOD RD SE OF SPRINGVALE RD,INTERSECTION,Left Missing,SPRINGVALE RD/LIGHTWOOD RD/QUEENS AV/SANDOWN RD,9999,Missing Data,LIGHTWOOD ROAD,SCATS,Scats,Between 5 and 10 Years,7,2009,4600,0,0.0
145.07545947242207,-37.73690847242723,42162,42052,29909,LOWER PLENTY RD NE OF ROSANNA RD,INTERSECTION,All Moves,LOWER PLENTY RD/ROSANNA RD/BRASSEY AVE,2850,GREENSBOROUGH HIGHWAY,LOWER PLENTY ROAD,SCATS,Scats,Between 5 and 10 Years,7,2009,29000,0,0.0
145.31220320719595,-38.00212050968031,42193,42561,36698,KURRAJONG RD E OF NARRE WARREN NORTH,INTERSECTION,All Moves,KURRAJONG RD & NARRE WARREN NORTH,9999,Missing Data,KURRAJONG ROAD,TMVMT,Manual,Greater than 10 Years,16,2000,1900,0,0.0
144.29214491035123,-38.066519757138366,42198,42641,35421,BALLAN RD S BD BTWN PURNELL RD & MIDLAND HWY,MIDBLOCK,All Moves,BALLAN RD BTWN MIDLAND HWY & PURNELL RD,9999,Missing Data,LOVELY BANKS ROAD,APARX,Classification,Between 2 and 5 Years,3,2013,820,100,0.12
145.22882869103987,-37.80510487375076,42210,42644,33191,LOUGHNAN RD SW OF WARRANDYTE RD,INTERSECTION,All Moves,LOUGHNAN RD & WARRANDYTE RD,9999,Missing Data,LOUGHNAN ROAD,TMVMT,Manual,Greater than 10 Years,0,0,0,0,0.0
145.66664686934408,-38.372757171833015,42218,42646,37675,LOCH-KERNOT RD N BD 100M S OF STH GIPPSLAND HWY,MIDBLOCK,All Moves,LOCH-KERNOT RD 100M S OF STH GIPPSLAND HWY,9999,Missing Data,LOCH-KERNOT ROAD,APARX,Classification,Greater than 10 Years,16,2000,120,10,0.12
144.3507267568467,-38.15741618869158,42226,42649,35808,PRINCES HWY WEST N BD LATROBE TERRACE.SOUTH OF KILGOUR.ST SLOW LANE,MIDBLOCK,Incomplete Through,PRINCES HWY WEST LATROBE TERRACE.SOUTH OF KILGOUR.ST,2800,CORIO-WAURN PONDS ROAD,LATROBE TERRACE,APARX,Classification,Greater than 10 Years,21,1995,7900,1000,0.13
145.45512725296075,-36.27762527318571,42232,42570,43074,KATAMATITE-SHEPPARTON RD NEBD 400M NORTH-EAST JUBILEE RD @ 2.8KM POST,MIDBLOCK,All Moves,KATAMATITE-SHEPPARTON RD N400M NORTH-EAST JUBILEE RD @ 2.8KM POST,5419,KATAMATITE-SHEPPARTON ROAD,KATAMATITE-SHEPPARTON MAIN ROAD,APARX,Classification,Greater than 10 Years,22,1994,1100,270,0.24
143.5804686708807,-37.80951987609948,42242,42847,42893,LISMORE RD N BD 300M S OF ROKEWOOD SKIPTON RD,MIDBLOCK,All Moves,LISMORE RD 300M S OF ROKEWOOD SKIPTON RD,5080,LISMORE-SCARSDALE ROAD,LISMORE-SCARSDALE ROAD,APARX,Classification,Greater than 10 Years,23,1993,200,40,0.23
144.94064198595044,-37.5921613553092,42304,42086,35995,KINGSWOOD DR W OF HUME FWY,INTERSECTION,Left Missing,HUME FWY / KINGSWOOD DR,9999,Missing Data,KINGSWOOD DRIVE,SCATS,Scats,Greater than 10 Years,0,0,0,0,0.0
145.2525297940065,-37.912593413766025,42324,42091,37887,KELLETTS RD W OF ST LAWRENCE WAY,INTERSECTION,All Moves,KELLETTS RD/ST LAWRENCE WAY,5428,KELLETTS ROAD,KELLETTS ROAD,SCATS,Scats,Between 2 and 5 Years,5,2011,10000,0,0.0
145.020631497853,-37.85579219410532,42325,42593,42086,KOOYONG RD S OF HIGH ST,INTERSECTION,All Moves,HIGH ST/KOOYONG RD,9999,Missing Data,KOOYONG ROAD,SCATS,Scats,Between 5 and 10 Years,8,2008,8000,0,0.0
144.26122160099038,-36.7544272989736,42329,42594,32175,LODDON VALLEY HWY N BD 300M N OF CALDER HWY @ 1.5KM FROM BENDIGO,MIDBLOCK,All Moves,LODDON VALLEY HWY 300M N OF CALDER HWY @ 1.5KM FROM BENDIGO,9999,Missing Data,LITTLE LANE,APARX,Classification,Greater than 10 Years,14,2002,5300,310,0.06
147.05570553999448,-36.540780154638405,42356,42875,43736,KIEWA VALLEY HWY S BD 200M S OF RUNNING CREEK RD @ 57.8KM FROM WODONGA,MIDBLOCK,All Moves,KIEWA VALLEY HWY 200M S OF RUNNING CREEK RD @ 57.8KM FROM WODONGA,2790,KIEWA VALLEY HIGHWAY,KIEWA VALLEY HIGHWAY,APARX,Classification,Between 2 and 5 Years,3,2013,290,30,0.11
143.9294122292227,-36.10967139654933,42361,42877,30554,LODDON VALLEY HWY S BD 200M N OF BOORT-PYRAMID RD @ 85.0KM FROM BENDIGO,MIDBLOCK,All Moves,LODDON VALLEY HWY 200M N OF BOORT-PYRAMID RD @ 85.0KM FROM BENDIGO,2630,LODDON VALLEY HIGHWAY,LODDON VALLEY HIGHWAY,APARX,Classification,Greater than 10 Years,18,1998,490,110,0.24
144.85175362925733,-37.73907597464218,42411,42901,33711,KEILOR PARK DR SE OF WESTERN RING RD,INTERSECTION,All Moves,KEILOR PARK DR & WESTERN RING RD SB,5054,KEILOR PARK DRIVE,KEILOR PARK DRIVE,TMVMT,Manual,Greater than 10 Years,19,1997,14000,480,0.03
144.87440710309107,-37.856352270342455,42425,42906,34106,KOROROIT CREEK RD W BD E OF WALTER ST,INTERSECTION,All Moves,KOROROIT CREEK RD E OF WALTER ST,5833,KOROROIT CREEK ROAD,KOROROIT CREEK ROAD,MOTSV,Manual,Greater than 10 Years,13,2003,10000,390,0.04
144.84605653504047,-37.85036563183549,42469,42223,29401,KOROROIT CREEK RD W BD E OF MILLERS RD,INTERSECTION,All Moves,KOROROIT CREEK RD E OF MILLERS RD,5833,KOROROIT CREEK ROAD,KOROROIT CREEK ROAD,APARX,Classification,Greater than 10 Years,15,2001,11000,0,0.0
145.99866117981713,-37.89014109808124,42471,42921,36096,LOCH VALLEY RD S BD BTW MOUNT BAW BAW RD & RIDGE RD,MIDBLOCK,All Moves,LOCH VALLEY RD BTW MOUNT BAW BAW RD & RIDGE RD,3002,LOCH VALLEY ROAD,LOCH VALLEY ROAD,APARX,Classification,Between 2 and 5 Years,3,2013,100,30,0.28
144.97889931383955,-37.85391610086104,42480,42303,40946,LAKESIDE DR W OF QUEENS RD,INTERSECTION,All Moves,QUEENS RD/UNION ST,9999,Missing Data,LAKESIDE DRIVE,SCATS,Scats,Between 2 and 5 Years,3,2013,6900,0,0.0
145.1446316962633,-37.77333229613833,42495,42705,40618,KING ST W BD W OF VICTORIA ST,INTERSECTION,All Moves,KING ST W OF VICTORIA ST,5353,KING STREET,KING STREET,APARX,Classification,Greater than 10 Years,18,1998,7300,0,0.0
144.9628201334256,-37.82852707899751,42496,42404,34419,WGF/PHW AT PHW OFF RAMP OUTBOUND,INTERSECTION,All Moves,SVO_Map_LTD:770||SITE DESC: WGF/PHW AT PHW OFF RAMP OUTBOUND,2510,PRINCES HIGHWAY EAST,KINGS WAY,INDET,Freeway Data Station,Greater than 10 Years,0,0,0,0,0.0
144.76018556519327,-37.58031369523431,42524,42409,42497,MELBOURNE LANCEFIELD RD S BD N OF GELLIES RD,INTERSECTION,All Moves,MELBOURNE LANCEFIELD RD N OF GELLIES RD,5821,MELBOURNE-LANCEFIELD ROAD,LANCEFIELD ROAD,APARX,Classification,Greater than 10 Years,14,2002,3100,0,0.0
145.60796731170515,-38.183887762138006,42538,42235,43530,KOO-WEE-RUP-LONGWARRY RD W BD 800M E OF MC CLURES RD,INTERSECTION,All Moves,KOO-WEE-RUP-LONGWARRY RD 800M E OF MC CLURES RD,5709,KOO-WEE-RUP-LONGWARRY ROAD,KOO WEE RUP-LONGWARRY ROAD,APARX,Classification,Greater than 10 Years,17,1999,730,0,0.0
145.22534525139366,-37.71526877027868,42556,42414,30008,KANGAROO GROUND-WARRANDYTE RD NWBD N OF PIGEON BANK LA,INTERSECTION,All Moves,KANGAROO GROUND-WARRANDYTE RD N OF PIGEON BANK LA,5810,WARRANDYTE-KANGAROO GROUND ROAD,KANGAROO GROUND-WARRANDYTE ROAD,APARX,Classification,Greater than 10 Years,14,2002,2100,0,0.0
144.81831498163214,-37.81792620883255,42558,42316,41644,LITTLE BOUNDARY RD SEBD NW OF PIPE RD,INTERSECTION,All Moves,LITTLE BOUNDARY RD NW OF PIPE RD,5448,LITTLE BOUNDARY ROAD,LITTLE BOUNDARY ROAD,APARX,Classification,Greater than 10 Years,13,2003,14000,0,0.0
141.2567508640764,-36.80240118749393,42572,42938,41364,KANIVA-EDENHOPE RD N BD 3.3 KM S OF CHARLEGRARK RD @ 53.5KM FROM KANIVA,MIDBLOCK,All Moves,KANIVA-EDENHOPE RD 3.3 KM S OF CHARLEGRARK RD @ 53.5KM FROM KANIVA,5134,KANIVA-EDENHOPE ROAD,KANIVA-EDENHOPE ROAD,APARX,Classification,Between 2 and 5 Years,2,2014,40,10,0.23
146.29968289123576,-38.172502091235486,42576,42242,42523,MOE-GLENGARRY RD N BD 200M S OF GOLF LINKS RD @ 5.8KM FROM MOE,MIDBLOCK,All Moves,MOE-GLENGARRY RD 200M S OF GOLF LINKS RD @ 5.8KM FROM MOE,5539,MOE-GLENGARRY ROAD,JOHN FIELD DRIVE,APARX,Classification,Less than 2 Years,1,2015,1400,160,0.11
145.4788986578674,-38.18402419383237,42598,42723,39849,HEALESVILLE-KOOWEERUP RD S BD S OF MANKS RD,MIDBLOCK,All Moves,HEALESVILLE-KOOWEERUP RD S OF MANKS RD,5766,KOO-WEE-RUP BYPASS ROAD,KOO-WEE-RUP BYPASS ROAD,APARX,Classification,Between 2 and 5 Years,3,2013,4700,670,0.14
145.01562838778014,-37.88259509820084,42623,42946,34624,KOOYONG ROAD SWBD SW OF GLEN EIRA ROAD,INTERSECTION,All Moves,KOOYONG ROAD NNE OF GLEN EIRA ROAD,9999,Missing Data,KOOYONG ROAD,TMVMT,Manual,Greater than 10 Years,0,0,0,0,0.0
145.59371488274832,-38.602493239815445,42648,42154,29424,KORUMBURRA-WONTHAGGI RD E OF BASS HWY DEPARTURE,INTERSECTION,All Moves,BASS HWY N OF KORUMBURRA-WONTHAGGI RD DEPARTURE,5698,KORUMBURRA-WONTHAGGI ROAD,KORUMBURRA ROAD,TMVMT,Manual,Greater than 10 Years,0,0,0,0,0.0
145.21140329939468,-36.313678491735146,42701,42263,31220,LANCASTER-MOOROOPNA RD W BD 800M W OF TATURA-UNDEERA RD @ 14.8KM PO,MIDBLOCK,All Moves,LANCASTER-MOOROOPNA RD 800M W OF TATURA-UNDEERA RD @ 14.8KM PO,5365,LANCASTER-MOOROOPNA ROAD,LANCASTER-MOOROOPNA ROAD,APARX,Classification,Less than 2 Years,1,2015,1100,90,0.08
144.85560316372184,-37.71776914965294,42706,42742,35235,KEILOR PARK DR NE OF THE LINK,INTERSECTION,Left Missing,KEILOR PARK DR/THE LINK,5054,KEILOR PARK DRIVE,KEILOR PARK DRIVE,SCATS,Scats,Between 2 and 5 Years,5,2011,17000,0,0.0
144.69167061343552,-37.83453543598653,42733,42444,33855,LEAKES RD E OF DERRIMUT RD,INTERSECTION,All Moves,DERRIMUT RD / LEAKES RD,9999,Missing Data,LEAKES ROAD,SCATS,Scats,Between 2 and 5 Years,5,2011,5100,0,0.0
144.3507267568467,-38.15741618869158,42735,42268,38315,PRINCES HWY WEST S BD LATROBE TERRACE.SOUTH OF KILGOUR.ST SLOW LANE,MIDBLOCK,Incomplete Through,PRINCES HWY WEST LATROBE TERRACE.SOUTH OF KILGOUR.ST,2800,CORIO-WAURN PONDS ROAD,LATROBE TERRACE,APARX,Classification,Greater than 10 Years,21,1995,8400,1000,0.12
145.88465657727008,-38.18666498545559,42741,42170,34018,LARDNERS TRK S OF DROUIN-WARRAGUL RD,INTERSECTION,All Moves,DROUIN-WARRAGUL RD/LARDNERS TRK,9999,Missing Data,LARDNERS TRACK,SCATS,Scats,Greater than 10 Years,0,0,0,0,0.0
144.78209352007792,-37.69492020265066,42746,42446,42297,KINGS RD S OF BELLBIRD AVE,INTERSECTION,All Moves,BELLBIRD AVE & BUNNINGS ACCESS RD & KINGS RD,5009,KINGS ROAD,KINGS ROAD,TMVMT,Manual,Greater than 10 Years,0,0,0,0,0.0
144.78209352007792,-37.69492020265066,42763,42350,30654,KINGS RD S OF SERVICE STATION ACCESS,INTERSECTION,All Moves,HUNGRY JACKS AND KFC ACCESS & KINGS RD & SERVICE STATION ACCESS,5009,KINGS ROAD,KINGS ROAD,TMVMT,Manual,Greater than 10 Years,0,0,0,0,0.0
144.00514183500832,-38.22601170058362,42781,42755,43344,INVERLEIGH WINCHELSEA ROAD(TYPE Y)1.00KM N BD N OF PRINCES HWY WEST WINCHELS,MIDBLOCK,All Moves,INVERLEIGH WINCHELSEA ROAD(TYPE Y)1.00KM N OF PRINCES HWY WEST WINCHELS,5073,INVERLEIGH-WINCHELSEA ROAD,INVERLEIGH-WINCHELSEA ROAD,APARX,Classification,Greater than 10 Years,24,1992,110,10,0.1
145.14240210614872,-37.990626861904495,42796,42178,36930,LOWER DANDENONG RD W of SPRINGVALE RD DEPARTURE,INTERSECTION,All Moves,SPRINGVALE RD N OF CHELTENHAM RD DEPARTURE,2050,STATE (LOWER DANDENONG/CHELTENHAM) HIGHWAY,LOWER DANDENONG ROAD,TMVMT,Manual,Greater than 10 Years,0,0,0,0,0.0
141.2527997881377,-36.42659669977144,42804,42976,40915,KANIVA-EDENHOPE RD S BD 800M N OF GOODWINS AND CROUCHS RD @ 5.2KM FROM KANIVA,MIDBLOCK,All Moves,KANIVA-EDENHOPE RD 800M N OF GOODWINS AND CROUCHS RD @ 5.2KM FROM KANIVA,5134,KANIVA-EDENHOPE ROAD,KANIVA-EDENHOPE ROAD,APARX,Classification,Between 2 and 5 Years,2,2014,100,30,0.36
145.94627297061217,-38.54761387568746,42811,42760,32974,KOONWARA-INVERLOCHA RD SW OF STH GIPPSLAND HWY,INTERSECTION,All Moves,KOONWARRA-INVERLOCH RD & STH GIPPSLAND HWY,9999,Missing Data,KOONWARRA-INVERLOCH ROAD,TMVMT,Manual,Greater than 10 Years,0,0,0,0,0.0
145.18251550736488,-37.995528040918494,42819,42459,33090,KIRKHAM RD WEST E BD E OF CHELTENHAM RD,UNDEFINED,All Moves,CHANDLER RD N OF CHELTENHAM RD,9999,Missing Data,KIRKHAM ROAD,TMVMT,Manual,Greater than 10 Years,17,1999,2000,260,0.13
145.9444462718981,-38.548466265302416,42842,42765,35782,KOONWARRA-INVERLOCH RD NEBD 50M SW OF KOOKABURRA DV,MIDBLOCK,All Moves,KOONWARRA-INVERLOCH RD N50M SW OF KOOKABURRA DV,9999,Missing Data,KOONWARRA-INVERLOCH ROAD,APARX,Classification,Greater than 10 Years,16,2000,450,80,0.18
144.38929361626913,-38.25514766436,42873,42368,42806,LOWER DUNEED RD W BD W OF BARWON HEADS RD @ 4.9KM FROM SURF COAST HIGHWAY,MIDBLOCK,All Moves,LOWER DUNEED RD W OF BARWON HEADS RD @ 4.9KM FROM SURF COAST HIGHWAY,5008,LOWER DUNEED ROAD,LOWER DUNEED ROAD,APARX,Classification,Between 2 and 5 Years,2,2014,2000,280,0.14
145.7033063830604,-38.254515675064205,42882,42989,34720,LYONS RD WB 300M W OF HOOK RD,MIDBLOCK,All Moves,LYONS RD 300M W OF HOOK RD,9999,Missing Data,LYONS ROAD,APARX,Classification,Less than 2 Years,1,2015,0,0,0.25
146.55216535259484,-38.19442599558583,42888,42773,33722,LIDDARD RD S BD S OF PHE,INTERSECTION,All Moves,PARK LN N OF PHE,9999,Missing Data,LIDDIARD ROAD,TMVMT,Manual,Greater than 10 Years,18,1998,3100,170,0.05
144.24581492056586,-36.75891971836024,42904,42196,31679,GOLDEN SQUARE-LONG GULLY RD S BD 100M N OF CALDER HWY (MARONG RD) @ 6.3KM FROM,MIDBLOCK,All Moves,GOLDEN SQUARE-LONG GULLY RD 100M N OF CALDER HWY (MARONG RD) @ 6.3KM FROM,5835,GOLDEN SQUARE-LONG GULLY ROAD,INGLIS STREET,APARX,Classification,Less than 2 Years,1,2015,2400,210,0.09
144.96385297063037,-37.82449047455363,42927,42377,40604,KAVANAGH ST NE OF POWER ST,INTERSECTION,All Moves,POWER ST/KAVANAGH ST,9999,Missing Data,KAVANAGH STREET,SCATS,Scats,Between 5 and 10 Years,9,2007,3100,0,0.0
144.99321520879943,-37.79986762847972,42942,42482,38635,JOHNSTON ST E BD E OF HODDLE ST,INTERSECTION,All Moves,HODDLE ST N OF JOHNSTON ST,5853,JOHNSTON STREET,JOHNSTON STREET,TMVMT,Manual,Greater than 10 Years,18,1998,10000,0,0.0
144.96091798380695,-37.80071380096098,42979,42392,41653,LEICESTER ST S BD S OF GRATTAN ST,UNDEFINED,All Moves,LEICESTER ST S OF GRATTAN ST,9999,Missing Data,LEICESTER STREET,APARX,Classification,Greater than 10 Years,18,1998,1800,0,0.0
146.28535386389424,-38.18602698946774,42982,42393,32160,MOE-GLENGARRY RD N BD 300M S OF TANJIL ST @ 2.2KM FROM MOE,MIDBLOCK,All Moves,MOE-GLENGARRY RD 300M S OF TANJIL ST @ 2.2KM FROM MOE,5539,MOE-GLENGARRY ROAD,JOHN FIELD DRIVE,APARX,Classification,Greater than 10 Years,18,1998,1800,100,0.06
145.92099239018276,-38.238398590014405,42991,42396,31229,KORUMBURRA-WARRAGUL RD N BD 500M S OF HAZELDEAN RD @ 39.1KM FROM KORUMBURRA,MIDBLOCK,All Moves,KORUMBURRA-WARRAGUL RD 500M S OF HAZELDEAN RD @ 39.1KM FROM KORUMBURRA,5682,KORUMBURRA-WARRAGUL ROAD,KORUMBURRA-WARRAGUL ROAD,APARX,Classification,Between 5 and 10 Years,10,2006,490,40,0.09
144.9797755764,-37.85041554600323,38005,38605,32216,LORNE ST NE OF QUEENS RD,INTERSECTION,All Moves,QUEENS RD/LORNE ST,9999,Missing Data,LORNE STREET,SCATS,Scats,Between 5 and 10 Years,7,2009,5900,0,0.0
144.97352229922967,-37.76217888818862,38036,38716,42948,LYGON ST SW OF ALBION ST,INTERSECTION,Left Missing,LYGON ST/ALBION ST/HOLMES ST,9999,Missing Data,LYGON STREET,SCATS,Scats,Less than 2 Years,0,2016,0,0,0.0
145.22945340149815,-37.80491290079876,38087,38646,34939,LOUGHNAN RD SWBD SW of WARRANDYTE RD,INTERSECTION,All Moves,WARRANDYTE RD NNE OF LOUGHNAN RD,9999,Missing Data,LOUGHNAN ROAD,TMVMT,Manual,Greater than 10 Years,19,1997,10000,170,0.02
144.84904012939876,-37.72624853342682,38106,38751,36887,CALDER FWY ON RAMP W BD W of KEILOR PARK DR,INTERSECTION,On Ramp,KEILOR PARK DR N OF CALDER FWY OFF RAM,7059,5054B 2530F,KEILOR PARK-CALDER OUT RAMP ON,TMVMT,Manual,Greater than 10 Years,19,1997,11000,630,0.06
145.06894734576562,-37.76024300725534,38111,38658,35947,LOWER HEIDELBERG RD S BD S of ROSANNA RD,INTERSECTION,All Moves,ROSANNA RD N OF BURGUNDY ST,5762,MAIN HEIDELBERG-ELTHAM ROAD,LOWER HEIDELBERG ROAD,TMVMT,Manual,Greater than 10 Years,24,1992,16000,390,0.02
145.683860833753,-38.079720494831086,38118,38757,31618,JEFFERSON RD S BD S OF PRINCES FWY,UNDEFINED,All Moves,JEFFERSON RD S OF PRINCES FWY,9999,Missing Data,JEFFERSON ROAD,APARX,Classification,Greater than 10 Years,20,1996,50,0,0.0
144.85051099937195,-37.725551901685655,38126,38666,33509,CALDER FWY ON RAMP E BD E of KEILOR PARK DR,INTERSECTION,On Ramp,KEILOR PARK DR N OF CALDER FWY ON RAMP,7368,5054B 2530R,KEILOR PARK-CALDER IN RAMP ON,TMVMT,Manual,Greater than 10 Years,19,1997,3000,240,0.08
144.9581035587628,-37.822124090573936,38141,38768,31855,KINGSWAY (HIGH LEVEL) N BD S OF QUEENSWHARF RD,INTERSECTION,All Moves,KINGSWAY (HIGH LEVEL) S OF QUEENSWHARF RD,2510,PRINCES HIGHWAY EAST,KINGS WAY,APARX,Classification,Greater than 10 Years,23,1993,31000,0,0.0
144.90872336647783,-38.36807630006468,38150,38678,40573,JETTY RD S BD S OF EASTBOURNE RD,UNDEFINED,All Moves,JETTY RD S OF EASTBOURNE RD,9999,Missing Data,JETTY ROAD,APARX,Classification,Greater than 10 Years,25,1991,9600,0,0.0
144.9444403784353,-37.8312651043068,38200,38800,36347,WILLIAMSTOWN RD SW of INGLES ST,INTERSECTION,All Moves,INGLES ST & NORMANBY RD & WILLIAMSTOWN RD,9999,Missing Data,INGLES STREET,TMVMT,Manual,Greater than 10 Years,28,1988,7500,1100,0.15
144.99793290780664,-37.800327425493926,38208,38303,34145,JOHNSTON ST E OF NICHOLSON ST,INTERSECTION,All Moves,JOHNSTON ST/NICHOLSON ST,5853,JOHNSTON STREET,JOHNSTON STREET,SCATS,Scats,Between 2 and 5 Years,3,2013,10000,0,0.0
143.4886288192857,-37.2658234592928,38209,38106,37038,LEXTON ARARAT RD E BD 1 KM E OF YALONG RD,MIDBLOCK,All Moves,LEXTON ARARAT RD 1 KM E OF YALONG RD,9999,Missing Data,LEXTON-ARARAT ROAD,APARX,Classification,Greater than 10 Years,23,1993,80,10,0.14
144.35570680583916,-38.155126904435114,38217,38110,37844,KILGOUR STREET WE of MOORABOOL STREET,INTERSECTION,All Moves,KILGOUR ST & MOORABOOL ST,9999,Missing Data,KILGOUR STREET,TMVMT,Manual,Greater than 10 Years,29,1987,7100,0,0.0
145.1927812130327,-37.936310595334845,38221,38112,40991,JACKSONS_RD S of MONASH FWY EXIT RAMP,INTERSECTION,All Moves,MONASH FWY/JACKSONS RD,5170,JACKSONS ROAD,JACKSONS ROAD,SCATS,Scats,Between 5 and 10 Years,9,2007,15000,0,0.0
145.01485328883243,-37.886525096390805,38225,38114,43114,KOOYONG RD S OF GLENHUNTLY RD,INTERSECTION,All Moves,GLENHUNTLY RD/KOOYONG RD,9999,Missing Data,KOOYONG ROAD,SCATS,Scats,Greater than 10 Years,13,2003,8700,0,0.0
143.25449749937854,-36.634542863792426,38228,38313,34430,LOCK RD (TYPE Z) E BD 700M W OF SUNRAYSIA HWY ST ARNAUD (240.2KM),MIDBLOCK,All Moves,LOCK RD (TYPE Z) 700M W OF SUNRAYSIA HWY ST ARNAUD (240.2KM),9999,Missing Data,LOCK ROAD,APARX,Classification,Greater than 10 Years,24,1992,30,0,0.21
145.22566959495643,-38.000567595463,38233,38118,36399,PRINCES_HWY_E E of SOUTH GIPPSLAND_HWY,INTERSECTION,Left Missing,PRINCES HWY/SOUTH GIPPSLAND HWY,2510,PRINCES HIGHWAY EAST,LONSDALE STREET,SCATS,Scats,Greater than 10 Years,13,2003,19000,0,0.0
145.21501904150207,-37.9909592840633,38274,38335,34111,LONSDALE ST SE OF FOSTER ST,INTERSECTION,All Moves,FOSTER ST & LONSDALE ST,2510,PRINCES HIGHWAY EAST,LONSDALE STREET,TMVMT,Manual,Greater than 10 Years,17,1999,29000,0,0.0
145.2144248676843,-37.988431795203454,38276,38336,34964,LONSDALE ST S OF WALKER ST,INTERSECTION,All Moves,LONSDALE ST & WALKER ST,2510,PRINCES HIGHWAY EAST,LONSDALE STREET,TMVMT,Manual,Greater than 10 Years,17,1999,18000,0,0.0
145.21652318485047,-37.81017548787457,38287,38146,36419,LOUGHNAN RD SW OF RINGWOOD ST,INTERSECTION,All Moves,LOUGHNAN RD & RINGWOOD ST,9999,Missing Data,LOUGHNAN ROAD,TMVMT,Manual,Greater than 10 Years,19,1997,9700,170,0.02
145.62434815069855,-37.792513741008456,38312,38354,43506,YARRA JUNC.-NOOJEE RD SB BTW RIVERSDALE & SUMMERHILL,INTERSECTION,All Moves,SITE_NO: 253||SITE DESC: YARRA JUNC.-NOOJEE RD BTW RIVERSDALE & SUMMERHILL,5525,YARRA JUNCTION-NOOJEE ROAD,LITTLE YARRA ROAD,MOTSV,Manual,Greater than 10 Years,0,0,0,0,0.0
145.07851957314836,-37.735157367499,38339,38368,32024,LOWER PLENTY RD SW of GREENSBOROUGH RD,INTERSECTION,Through Missing,GREENSBOROUGH RD & LOWER PLENTY RD,2850,GREENSBOROUGH HIGHWAY,LOWER PLENTY ROAD,TMVMT,Manual,Greater than 10 Years,28,1988,10000,390,0.04
144.97853927100854,-37.80862269860343,38343,38370,31812,LANSDOWNE ST S of VICTORIA PDE,INTERSECTION,All Moves,LANSDOWNE ST & VICTORIA PDE,5102,LANSDOWNE STREET,LANSDOWNE STREET,TMVMT,Manual,Greater than 10 Years,31,1985,2000,0,0.0
145.21494781756127,-37.99082158621256,38359,38378,36369,PRINCES HWY S of FOSTER ST,INTERSECTION,All Moves,FOSTER ST & PRINCES HWY (LONSDALE ST),2510,PRINCES HIGHWAY EAST,LONSDALE STREET,TMVMT,Manual,Greater than 10 Years,0,0,0,0,0.0
144.95897566238568,-37.84257537600735,38370,38187,35383,KERFERD RD SW of ALBERT RD,INTERSECTION,All Moves,ALBERT RD & CANTERBURY RD & FERRARS ST,9999,Missing Data,KERFERD ROAD,TMVMT,Manual,Greater than 10 Years,31,1985,8200,0,0.0
144.85806405263688,-37.71628597630048,38401,38001,32366,KEILOR PARK DRIVE SO of TULLAMARINE PARK D,INTERSECTION,All Moves,KEILOR PARK DR & TULLAMARINE PARK DR,5054,KEILOR PARK DRIVE,KEILOR PARK DRIVE,TMVMT,Manual,Greater than 10 Years,29,1987,8000,270,0.03
145.108906502423,-37.98657269627045,38402,38002,37176,L0WER DANDENONG RD W of BOUNDARY RD,INTERSECTION,All Moves,BOUNDARY RD & LWR DANDENONG RD,2050,STATE (LOWER DANDENONG/CHELTENHAM) HIGHWAY,LOWER DANDENONG ROAD,TMVMT,Manual,Greater than 10 Years,0,0,0,0,0.0
144.24124560801187,-36.80660815522473,38468,38027,37961,CALDER HWY N BD S OF FURNESS ST (BENDIGO) @143.8KM POST,MIDBLOCK,All Moves,CALDER HWY S OF FURNESS ST (BENDIGO) @143.8KM FROM MELBOURNE,9999,Missing Data,KIERAN COURT,APARX,Classification,Greater than 10 Years,25,1991,3100,610,0.19
145.06072283548187,-37.206112200902574,38491,38922,34196,LORINE PARADE N BD N OF STRATH CREEK RD,MIDBLOCK,All Moves,LORINE PARADE N OF STRATH CREEK RD,9999,Missing Data,LORINE PARADE,APARX,Classification,Greater than 10 Years,0,0,0,0,0.0
143.81135785173925,-37.56508939037808,38494,38923,37314,LEARMONTH ST N BD 100M N OF WINTER ST,MIDBLOCK,All Moves,LEARMONTH ST 100M N OF WINTER ST,9999,Missing Data,LEARMONTH STREET,APARX,Classification,Greater than 10 Years,23,1993,2600,520,0.2
144.44624005309888,-37.23020055502936,38529,38210,34429,KYNETON-METCALFE DEVIATION E BD W OF SALEYARDS RD,MIDBLOCK,All Moves,KYNETON-METCALFE DEVIATION W OF SALEYARDS RD,9999,Missing Data,KYNETON-METCALFE ROAD,APARX,Classification,Greater than 10 Years,0,0,0,0,0.0
145.19341502240283,-37.67164517387534,38568,38544,41984,KANGAROO GROUND-WATTLE GLEN RD SEBD SE OF LORIMER RD,INTERSECTION,All Moves,KANGAROO GROUND-WATTLE GLEN RD SE OF LORIMER RD,5435,KANGAROO GROUND-WATTLE GLEN ROAD,KANGAROO GROUND-WATTLE GLEN ROAD,APARX,Classification,Greater than 10 Years,14,2002,2400,0,0.0
145.0770770019841,-37.95323037418636,38569,38216,32466,KINGSTON RD E OF WARRIGAL RD,INTERSECTION,Left Missing,WARRIGAL RD/KINGSTON RD/MCGUIRE ST,5970,HEATHERTON ROAD,KINGSTON ROAD,SCATS,Scats,Between 5 and 10 Years,9,2007,10000,0,0.0
144.97894904522371,-37.8166535986428,38575,38811,41764,JOLIMONT RD S OF WELLINGTON PDE,INTERSECTION,All Moves,WELLINGTON PDE SOUTH/JOLIMONT RD,5125,JOLIMONT ROAD,JOLIMONT ROAD,SCATS,Scats,Between 2 and 5 Years,5,2011,11000,0,0.0
145.02119090116946,-37.69597699511298,38592,38548,40750,KEON PDE W BD W of DALTON RD,INTERSECTION,All Moves,DALTON RD NNE OF CHEDDAR RD WEST,5910,CAMPBELLFIELD-GREENSBOROUGH ROAD,KEON PARADE,TMVMT,Manual,Greater than 10 Years,19,1997,18000,1000,0.06
143.49533019481234,-36.6191461876721,38598,38414,37315,LOGAN WEHIA REHOLA ROAD(TYPE Z)82.5KM E BD 500M E OF LOGAN,MIDBLOCK,All Moves,LOGAN WEHIA REHOLA ROAD(TYPE Z)82.5KM 500M E OF LOGAN,9999,Missing Data,LOGAN-KINGOWER ROAD,APARX,Classification,Greater than 10 Years,24,1992,50,10,0.25
145.37589662546327,-36.52711844896022,38600,38815,36073,KARRAMOMNS RD W BD 400M E OF GOULBURN VALLEY HWY,MIDBLOCK,All Moves,KARRAMOMNS RD 400M E OF GOULBURN VALLEY HWY,9999,Missing Data,KARRAMOMUS ROAD,APARX,Classification,Greater than 10 Years,20,1996,20,0,0.24
144.80337381176966,-37.713265433163,38613,38223,30020,LADY NELSON WAY W BD 20 METRES W OF SUNSHINE AV,UNDEFINED,All Moves,LADY NELSON WAY 20 METRES W OF SUNSHINE AV,9999,Missing Data,LADY NELSON WAY,APARX,Classification,Greater than 10 Years,17,1999,2600,0,0.0
145.18124470481618,-37.995352298232845,38620,38225,42078,KIRKHAM RD WEST W BD W OF CHELTENHAM RD,UNDEFINED,All Moves,CHANDLER RD N OF CHELTENHAM RD,9999,Missing Data,KIRKHAM ROAD,TMVMT,Manual,Greater than 10 Years,17,1999,1300,170,0.13
144.91700091564613,-37.68486213418967,38622,38948,38251,JOHNSTONE ST W of PASCOE VALE RD,INTERSECTION,All Moves,CAMP RD & PASCOE VALE RD,5873,BROADMEADOWS-TULLAMARINE ROAD,JOHNSTONE STREET,TMVMT,Manual,Greater than 10 Years,23,1993,10000,260,0.03
144.91108130479424,-37.746319291741045,38624,38062,39827,LEAKE ST SW of MT ALEXANDER RD,INTERSECTION,All Moves,GLASS ST & LEAKE ST & MT ALEXANDER RD,9999,Missing Data,LEAKE STREET,TMVMT,Manual,Greater than 10 Years,30,1986,1500,0,0.0
144.44624005309888,-37.23020055502936,38625,38819,34194,KYNETON-METCALFE DEVIATION W BD W OF SALEYARDS RD,MIDBLOCK,All Moves,KYNETON-METCALFE DEVIATION W OF SALEYARDS RD,9999,Missing Data,KYNETON-METCALFE ROAD,APARX,Classification,Greater than 10 Years,23,1993,270,40,0.16
145.22877908256095,-37.82194480000511,38628,38419,38544,IRELAND ST SE of CITY RD,INTERSECTION,Not Counted,CITY RD & IRELAND ST & MAFFRA ST,9999,Missing Data,IRELAND STREET,TMVMT,Manual,Greater than 10 Years,0,0,0,0,0.0
145.76614383147736,-38.476396505903445,38634,38950,37624,KORUMBURRA-WONTHAGGI RD SWBD 400M N OF KORUMBURRA-INVERLOCH RD,MIDBLOCK,All Moves,KORUMBURRA-WONTHAGGI RD N OF KORUMBURRA-INVERLOCH RD,5698,KORUMBURRA-WONTHAGGI ROAD,KORUMBURRA-WONTHAGGI ROAD,APARX,Classification,Between 2 and 5 Years,3,2013,780,70,0.1
144.97124435426488,-37.83529371329142,38637,38821,39335,KINGS WAY SE OF ALBERT RD,INTERSECTION,Left Missing,ALBERT RD/KINGS WAY,2510,PRINCES HIGHWAY EAST,KINGS WAY,SCATS,Scats,Between 5 and 10 Years,10,2006,48000,0,0.0
144.9724740087094,-37.76721439525589,38669,38070,35374,LYGON ST S of BLYTH ST,INTERSECTION,All Moves,BLYTH ST & LYGON ST,9999,Missing Data,LYGON STREET,TMVMT,Manual,Greater than 10 Years,31,1985,13000,580,0.04
145.31838806882166,-36.629330002905,38678,38234,35566,SHEPPARTON-LONGWOOD RD S BD 1.5 KM N OF BURKES RD @ 1.8KM FROM SOUTH OF GOULBUR,MIDBLOCK,All Moves,SHEPPARTON-LONGWOOD RD 1.5 KM N OF BURKES RD @ 1.8KM FROM SOUTH OF GOULBUR,9999,Missing Data,LONGWOOD-SHEPPARTON ROAD,APARX,Classification,Greater than 10 Years,20,1996,40,0,0.09
145.2012343545701,-37.98055798896571,38680,38071,33876,JONES RD S of HEMMINGS ST,INTERSECTION,All Moves,HEMMINGS ST & JONES RD,9999,Missing Data,JONES ROAD,TMVMT,Manual,Greater than 10 Years,29,1987,7600,0,0.0
145.1064750932536,-38.034182492383934,38689,38563,34325,STATION ST SE OF LOCHIEL AVE,INTERSECTION,All Moves,NEPEAN HWY/LOCHIEL AVE/ALEXANDRA ST,9999,Missing Data,LOCHIEL AVENUE,SCATS,Scats,Between 2 and 5 Years,5,2011,6700,0,0.0
143.80428906776996,-37.51240658798668,38706,38238,41246,SUNRAYSIA HWY (HOWITT ST WENDOUREE) W BD W OF DOWLING ST FAST LAN,MIDBLOCK,Incomplete Through,SUNRAYSIA HWY (HOWITT ST WENDOUREE) W OF DOWLING ST,5327,BALLARAT-MARYBOROUGH ROAD,LEARMONTH ROAD,APARX,Classification,Greater than 10 Years,24,1992,2400,100,0.04
145.54015399829916,-38.30913478278936,38746,38440,35907,JETTY LANE W BD 100M W OF BASS HWY @ 1.6KM FROM LANG LANG BEACH,MIDBLOCK,All Moves,JETTY LANE 100M W OF BASS HWY @ 1.6KM FROM LANG LANG BEACH,9999,Missing Data,JETTY ROAD,APARX,Classification,Greater than 10 Years,18,1998,30,0,0.14
144.8536861191866,-37.739949458222405,38758,38842,34045,KEILOR PARK DR E BD E OF WESTERN RING RD NBD RAMPS,INTERSECTION,All Moves,WESTERN RING RD NONRAMP NNE OF KEILOR PARK DR,5054,KEILOR PARK DRIVE,KEILOR PARK DRIVE,TMVMT,Manual,Greater than 10 Years,19,1997,23000,1200,0.06
145.10969452854715,-38.15413718693371,38769,38444,29999,NEPEAN HWY NEBD NE OF LIDDESDALE AV - FAST LANE,INTERSECTION,Incomplete Through,NEPEAN HWY NNE OF LIDDESDALE AV - FAST LANE,9999,Missing Data,LIDDESDALE AVENUE,APARX,Classification,Greater than 10 Years,20,1996,8000,0,0.0
144.96745841735137,-37.83326798184001,38770,38087,39383,KINGS WAY NW of PARK ST,INTERSECTION,Exitfrom Carpark Busin Area,KINGS WAY & PARK ST,2510,PRINCES HIGHWAY EAST,KINGS WAY,TMVMT,Manual,Greater than 10 Years,30,1986,38000,3100,0.08
144.8895455414227,-37.73621892290832,38780,38089,36895,KEILOR RD SE OF MATTHEWS AVE,INTERSECTION,All Moves,KEILOR RD/MATTHEWS AVE,5592,KEILOR ROAD,KEILOR ROAD,SCATS,Scats,Less than 2 Years,0,2016,10000,0,0.0
144.2834252792294,-36.7587520588622,38804,38850,41102,LYTTLETON TRCE W of MC IVOR HWY,INTERSECTION,All Moves,CHAPEL ST & MC IVOR HWY,9999,Missing Data,LYTTLETON TERRACE,TMVMT,Manual,Greater than 10 Years,21,1995,3000,100,0.04
145.119813963053,-37.973309183789,38809,38583,37202,OLD DANDENONG RD NW of CENTRE DANDENONG R,INTERSECTION,All Moves,CENTRE DANDENONG RD & KINGSTON DR & OLD DANDENONG RD,9999,Missing Data,KINGSTON DRIVE,TMVMT,Manual,Greater than 10 Years,0,0,0,0,0.0
144.97129395574137,-37.83531927741808,38826,38586,39458,KINGS WAY SE of ALBERT RD,INTERSECTION,All Moves,ALBERT RD & KINGS WAY,2510,PRINCES HIGHWAY EAST,KINGS WAY,TMVMT,Manual,Greater than 10 Years,30,1986,38000,0,0.0
145.04153410444138,-37.772165408699834,38830,38098,40713,LOWER HEIDELBERG RD NE OF UPPER HEIDELBERG RD,INTERSECTION,All Moves,HEIDELBERG RD/LOWER HEIDELBERG RD/UPPER HEIDELBERG RD,5762,MAIN HEIDELBERG-ELTHAM ROAD,LOWER HEIDELBERG ROAD,SCATS,Scats,Greater than 10 Years,16,2000,4400,0,0.0
144.9665155984048,-37.80881388736364,38845,38455,33435,LATROBE ST NE OF RUSSELL ST,INTERSECTION,All Moves,RUSSELL ST/LA TROBE ST,9999,Missing Data,LA TROBE STREET,SCATS,Scats,Less than 2 Years,0,2016,0,0,0.0
144.84960995025767,-37.72548099811974,38858,38988,33038,KEILOR PARK DR S BD S of CALDER FWY E BD ON RAMP,INTERSECTION,All Moves,KEILOR PARK DR N OF CALDER FWY ON RAMP,5054,KEILOR PARK DRIVE,KEILOR PARK DRIVE,TMVMT,Manual,Greater than 10 Years,19,1997,20000,1600,0.08
144.96766980355395,-37.833462699370415,38859,38861,34098,KINGSWAY LANE 2 NW BD SE OF PARK ST,UNDEFINED,Incomplete Through,KINGSWAY KERB LANE NSE OF PARK ST,2510,PRINCES HIGHWAY EAST,KINGS WAY,MOTSV,Manual,Greater than 10 Years,0,0,0,0,0.0
144.9767437082518,-37.849389786763616,38881,38267,32148,LAKESIDE DVE W of QUEENS RD,INTERSECTION,All Moves,LAKESIDE DVE & LORNE ST & QUEENS RD,9999,Missing Data,LAKESIDE DRIVE,TMVMT,Manual,Greater than 10 Years,30,1986,9000,130,0.01
144.98214531428843,-37.86414607460024,38884,38462,31797,INKERMAN ST E OF BARKLY ST,INTERSECTION,All Moves,BARKLY ST/GREY ST/INKERMAN ST,9999,Missing Data,INKERMAN STREET,SCATS,Scats,Less than 2 Years,0,2016,7600,0,0.0
144.76120434796263,-37.50189060314095,38900,38465,38310,MELBOURNE-LANCEFIELD RD SB 300M S OF KONAGADERRA RD AT 42.8KM,MIDBLOCK,All Moves,MELBOURNE-LANCEFIELD RD 300M S OF KONAGADERRA RD AT 42.8KM,5821,MELBOURNE-LANCEFIELD ROAD,LANCEFIELD ROAD,APARX,Classification,Less than 2 Years,1,2015,2900,150,0.05
144.97325642770693,-37.83636077758913,38901,38271,37502,KINGS WAY NW of QUEENS RD,INTERSECTION,All Moves,KINGS WAY & QUEENS RD,5871,KINGS WAY,KINGS WAY,TMVMT,Manual,Greater than 10 Years,30,1986,45000,3100,0.07
144.94748772475543,-37.826750733398256,38917,38873,40477,WEST GATE FWY OFF-RAMP W BD E OF MONTAGUE ST,INTERSECTION,Off Ramp,MONTAGUE ST & WESTGATE FWY,7106,2510B 2820F,KINGS-WEST GATE OUT RAMP ON,TMVMT,Manual,Greater than 10 Years,23,1993,6800,1600,0.24
145.108906502423,-37.98657269627045,38926,38473,39067,LOWER DANDENONG RD EA of BOUNDARY RD,INTERSECTION,All Moves,BOUNDARY RD & LOWER DANDENONG RD,2050,STATE (LOWER DANDENONG/CHELTENHAM) HIGHWAY,LOWER DANDENONG ROAD,TMVMT,Manual,Greater than 10 Years,28,1988,9600,1100,0.12
145.10969452854715,-38.15413718693371,38929,38876,29735,NEPEAN HWY SWBD NE OF LIDDESDALE AV - FAST LANE,INTERSECTION,Incomplete Through,NEPEAN HWY NNE OF LIDDESDALE AV - FAST LANE,9999,Missing Data,LIDDESDALE AVENUE,APARX,Classification,Greater than 10 Years,20,1996,6000,0,0.0
145.21494781756127,-37.99082158621256,38940,38283,34547,PRINCES HWY S of WALKER ST,INTERSECTION,All Moves,PRINCES HWY (LONSDALE ST) & WALKER ST,2510,PRINCES HIGHWAY EAST,LONSDALE STREET,TMVMT,Manual,Greater than 10 Years,0,0,0,0,0.0
144.95861457531885,-37.8424807919046,38954,38287,33113,KERFORD RD SW of ALBERT ST,INTERSECTION,All Moves,ALBERT ST & CANTERBURY RD & KERFORD RD,9999,Missing Data,KERFERD ROAD ALT,TMVMT,Manual,Greater than 10 Years,31,1985,7400,140,0.02
145.09835531111273,-37.95573972419065,38963,38290,32764,KINGSTON RD W of OLD DANDENONG RD,INTERSECTION,All Moves,KINGSTON RD & OLD DANDENONG RD,5970,HEATHERTON ROAD,KINGSTON ROAD,TMVMT,Manual,Greater than 10 Years,28,1988,13000,0,0.0
144.97102993198757,-37.775674399849215,38964,38291,34244,LYGON ST S of BRUNSWICK ST,INTERSECTION,All Moves,BRUNSWICK ST & LYGON ST,9999,Missing Data,LYGON STREET,TMVMT,Manual,Greater than 10 Years,31,1985,11000,490,0.04
144.97070601596803,-37.83499948890508,38968,38890,37208,KINGS WAY NW of ALBERT RD,INTERSECTION,All Moves,ALBERT RD & KINGS WAY,2510,PRINCES HIGHWAY EAST,KINGS WAY,TMVMT,Manual,Greater than 10 Years,30,1986,37000,0,0.0
145.01209380510056,-37.6949310889835,38987,38493,38522,KEON PDE E of HIGH ST,INTERSECTION,All Moves,HIGH STREET & MAHONEYS ROAD,5910,CAMPBELLFIELD-GREENSBOROUGH ROAD,KEON PARADE,TMVMT,Manual,Greater than 10 Years,17,1999,9300,470,0.05
146.9533671759222,-36.17966310795676,38988,38299,32171,KIEWA VALLEY HWY S BD 200M S OF YACKANDANDAH RD @ 1.5KM FROM BARANDUDA,MIDBLOCK,All Moves,KIEWA VALLEY HWY 200M S OF YACKANDANDAH RD @ 1.5KM FROM BARANDUDA,2790,KIEWA VALLEY HIGHWAY,KIEWA VALLEY HIGHWAY,APARX,Classification,Between 2 and 5 Years,2,2014,1400,150,0.11
145.0566293298542,-37.86061226634498,44037,44220,50557,KIALLA AVE SW of HIGH ST,INTERSECTION,All Moves,HIGH ST & KIALLA AVE & MALVERN RD,9999,Missing Data,KIALLA AVENUE,TMVMT,Manual,Greater than 10 Years,28,1988,540,0,0.0
144.96004976103904,-37.825831461783125,44041,44222,53521,CITY RD SW OF QUEENSBRIDGE ST,INTERSECTION,Left Missing,CITY RD/MORAY ST/QUEENSBRIDGE ST,8044,2510R WHITEMAN STREETB,KINGS WAY,SCATS,Scats,Between 5 and 10 Years,10,2006,8700,0,0.0
144.9444403784353,-37.8312651043068,44056,44230,53336,INGLES ST NW of WILLIAMSTOWN RD,INTERSECTION,All Moves,INGLES ST & NORMANBY RD & WILLIAMSTOWN RD,9999,Missing Data,INGLES STREET,TMVMT,Manual,Greater than 10 Years,28,1988,3000,410,0.14
144.53587711779397,-36.29776799783991,44083,44340,55347,LOCKINGTON RD S BD 100M N OF PRAIRIE-ROCHESTER RD @ 1.8KM FROM LOCKINGTON,MIDBLOCK,All Moves,LOCKINGTON RD 100M N OF PRAIRIE-ROCHESTER RD @ 1.8KM FROM LOCKINGTON,5237,LOCKINGTON ROAD,LOCKINGTON ROAD,APARX,Classification,Between 2 and 5 Years,3,2013,100,10,0.18
144.84955598007667,-37.72672169501321,44093,44345,40261,KEILOR PARK DR S BD S OF CALDER FWY,INTERSECTION,All Moves,KEILOR PARK DR S OF CALDER FWY,5054,KEILOR PARK DRIVE,KEILOR PARK DRIVE,APARX,Classification,Greater than 10 Years,21,1995,22000,0,0.0
145.07571650690392,-37.94964194299048,44099,44348,42143,KEYS RD W BD W OF WARRIGAL RD,INTERSECTION,All Moves,KEYS RD W OF WARRIGAL RD,5313,WICKHAM-KEYS ROAD,KEYS ROAD,APARX,Classification,Greater than 10 Years,15,2001,9300,0,0.0
144.97328640502116,-37.83637039789004,44108,44352,48974,KINGS WAY E OF QUEENS RD,INTERSECTION,All Moves,KINGS WAY/QUEENS RD,5871,KINGS WAY,KINGS WAY,SCATS,Scats,Between 5 and 10 Years,10,2006,13000,0,0.0
144.85175250754023,-37.739075189356434,44117,44261,47335,KEILOR PARK DR SE OF WESTERN RING RD,INTERSECTION,Left Missing,KEILOR PARK DR/SLATER PDE/WESTERN RING RD,5054,KEILOR PARK DRIVE,KEILOR PARK DRIVE,SCATS,Scats,Greater than 10 Years,19,1997,8200,0,0.0
143.81380518938832,-37.52967555728999,44139,44272,55204,BALLARAT MARYBOROUGH RD S BD 400 M N OF SUNRAYSIA HWY,MIDBLOCK,All Moves,BALLARAT MARYBOROUGH RD 400 M N OF SUNRAYSIA HWY,5327,BALLARAT-MARYBOROUGH ROAD,LEARMONTH ROAD,APARX,Classification,Greater than 10 Years,25,1991,1100,100,0.09
145.21140329939468,-36.313678491735146,44169,44287,44232,LANCASTER-MOOROOPNA RD E BD 800M W OF TATURA-UNDEERA RD @ 14.8KM PO,MIDBLOCK,All Moves,LANCASTER-MOOROOPNA RD 800M W OF TATURA-UNDEERA RD @ 14.8KM PO,5365,LANCASTER-MOOROOPNA ROAD,LANCASTER-MOOROOPNA ROAD,APARX,Classification,Less than 2 Years,1,2015,1200,140,0.11
145.19261634504434,-37.94029609977706,44217,44708,43661,JACKSONS RD S of POLICE RD,INTERSECTION,All Moves,JACKSONS RD & POLICE RD,5170,JACKSONS ROAD,JACKSONS ROAD,TMVMT,Manual,Greater than 10 Years,30,1986,8700,400,0.05
145.14367920778145,-38.119431032466096,44222,44711,44352,KLAUER ST W of HARTNETT ST,INTERSECTION,All Moves,HARTNETT ST & KLAUER ST,5159,KLAUER ROAD,KLAUER STREET,TMVMT,Manual,Greater than 10 Years,27,1989,9600,0,0.0
144.9011293025702,-37.8014688118051,44232,44716,44882,IRVING ST SW OF LEEDS ST,INTERSECTION,All Moves,IRVING ST/LEEDS ST,9999,Missing Data,IRVING STREET,SCATS,Scats,Greater than 10 Years,17,1999,5900,0,0.0
144.9931210073352,-37.79985845083766,44234,44717,46893,JOHNSTON ST E OF HODDLE ST,INTERSECTION,Not representative,HODDLE ST/JOHNSTON ST,5853,JOHNSTON STREET,JOHNSTON STREET,SCATS,Scats,Between 2 and 5 Years,4,2012,10000,0,0.0
145.14375080518482,-37.99077698412084,44264,44632,48667,LOWER DANDENONG RD W of CHELTENHAM RD,INTERSECTION,All Moves,CHELTENHAM RD & SPRINGVALE RD,2050,STATE (LOWER DANDENONG/CHELTENHAM) HIGHWAY,LOWER DANDENONG ROAD,TMVMT,Manual,Greater than 10 Years,18,1998,27000,1600,0.06
144.97064822377547,-37.77857339570736,44290,44645,39565,LYGON ST S OF BRUNSWICK RD,INTERSECTION,All Moves,BRUNSWICK RD/LYGON ST,9999,Missing Data,LYGON STREET,SCATS,Scats,Less than 2 Years,1,2015,12000,0,0.0
143.49533019481234,-36.6191461876721,44314,44657,45368,LOGAN WEHIA REHOLA ROAD(TYPE Z)82.5KM W BD 500M E OF LOGAN,MIDBLOCK,All Moves,LOGAN WEHIA REHOLA ROAD(TYPE Z)82.5KM 500M E OF LOGAN,9999,Missing Data,LOGAN-KINGOWER ROAD,APARX,Classification,Greater than 10 Years,24,1992,50,10,0.24
144.913556214975,-37.6836912868248,44318,44659,50152,JOHNSTONE ST NW OF PEARCEDALE PDE,INTERSECTION,Left Missing,JOHNSTONE ST/PEARCEDALE PDE,5873,BROADMEADOWS-TULLAMARINE ROAD,JOHNSTONE STREET,SCATS,Scats,Greater than 10 Years,19,1997,5200,0,0.0
146.28947211708044,-38.18311520383536,44325,44763,54184,MOE-GLENGARRY RD (JOHN FIELD DRIVE) SWBD 140M NORTH/EAST TANJIL ST (,MIDBLOCK,All Moves,MOE-GLENGARRY RD (JOHN FIELD DRIVE) N140M NORTH/EAST TANJIL ST (,5539,MOE-GLENGARRY ROAD,JOHN FIELD DRIVE,APARX,Classification,Greater than 10 Years,24,1992,1700,340,0.2
143.81380518938832,-37.52967555728999,44327,44764,44894,BALLARAT MARYBOROUGH RD N BD 400 M N OF SUNRAYSIA HWY,MIDBLOCK,All Moves,BALLARAT MARYBOROUGH RD 400 M N OF SUNRAYSIA HWY,5327,BALLARAT-MARYBOROUGH ROAD,LEARMONTH ROAD,APARX,Classification,Greater than 10 Years,25,1991,1100,90,0.09
142.35570893399333,-38.29986109795215,44330,44665,42898,KOROIT PORT FAIRY RD (1.00KM) N BD 300M S OF GARDEN ST KOROIT,MIDBLOCK,All Moves,KOROIT PORT FAIRY RD (1.00KM) 300M S OF GARDEN ST KOROIT,5121,KOROIT-PORT FAIRY ROAD,KOROIT-PORT FAIRY ROAD,APARX,Classification,Greater than 10 Years,23,1993,300,20,0.09
145.14578260454772,-37.77312126226792,44360,44503,44731,KING ST W BD W OF VICTORIA ST,INTERSECTION,All Moves,KING ST E OF VICTORIA ST,5353,KING STREET,KING STREET,TMVMT,Manual,Greater than 10 Years,18,1998,7300,220,0.03
143.80428906776996,-37.51240658798668,44364,44676,41010,SUNRAYSIA HWY (HOWITT ST WENDOUREE) E BD W OF DOWLING ST FAST LAN,MIDBLOCK,Incomplete Through,SUNRAYSIA HWY (HOWITT ST WENDOUREE) W OF DOWLING ST,5327,BALLARAT-MARYBOROUGH ROAD,LEARMONTH ROAD,APARX,Classification,Greater than 10 Years,24,1992,3500,200,0.06
144.00514183500832,-38.22601170058362,44373,44678,54713,INVERLEIGH WINCHELSEA ROAD(TYPE Y)1.00KM S BD N OF PRINCES HWY WEST WINCHELS,MIDBLOCK,All Moves,INVERLEIGH WINCHELSEA ROAD(TYPE Y)1.00KM N OF PRINCES HWY WEST WINCHELS,5073,INVERLEIGH-WINCHELSEA ROAD,INVERLEIGH-WINCHELSEA ROAD,APARX,Classification,Greater than 10 Years,24,1992,110,10,0.13
145.22534525139366,-37.71526877027868,44387,44107,41641,KANGAROO GROUND-WARRANDYTE RD SEBD N OF PIGEON BANK LA,INTERSECTION,All Moves,KANGAROO GROUND-WARRANDYTE RD N OF PIGEON BANK LA,5810,WARRANDYTE-KANGAROO GROUND ROAD,KANGAROO GROUND-WARRANDYTE ROAD,APARX,Classification,Greater than 10 Years,14,2002,2100,0,0.0
145.14405460452363,-37.99081080214497,44406,44903,41100,LOWER DANDENONG RD W of SPRINGVALE RD,INTERSECTION,All Moves,CHELTENHAM RD & SPRINGVALE RD,2050,STATE (LOWER DANDENONG/CHELTENHAM) HIGHWAY,LOWER DANDENONG ROAD,TMVMT,Manual,Greater than 10 Years,22,1994,34000,0,0.0
144.13361030061435,-36.055045179264155,44418,44685,43908,LEITCHVILLE-PYRAMID RD E BD 1.8 KM E OF BENDIGO-PYRAMID RD @ 29.5KM FROM LEITCHV,MIDBLOCK,All Moves,LEITCHVILLE-PYRAMID RD 1.8 KM E OF BENDIGO-PYRAMID RD @ 29.5KM FROM LEITCHV,5338,LEITCHVILLE-PYRAMID ROAD,LEITCHVILLE-PYRAMID ROAD,APARX,Classification,Between 2 and 5 Years,3,2013,380,100,0.27
145.0193628088835,-37.86321760079391,44430,44015,45171,KOOYONG RD S of WATTLETREE RD,INTERSECTION,All Moves,KOOYONG RD & WATTLETREE RD,9999,Missing Data,KOOYONG ROAD,TMVMT,Manual,Greater than 10 Years,29,1987,7200,0,0.0
145.19888246931689,-37.99121549563054,44438,44016,44316,LESLIE ST S of CHELTENHAM RD,INTERSECTION,All Moves,BENNET ST & CHELTENHAM RD & LESLIE ST,9999,Missing Data,LESLIE STREET,TMVMT,Manual,Greater than 10 Years,29,1987,2800,0,0.0
144.84386999861354,-37.849805689061554,44451,44811,51790,KOROROIT CK RD NW of MILLERS RD,INTERSECTION,All Moves,KOROROIT CK RD & MILLERS RD,5833,KOROROIT CREEK ROAD,KOROROIT CREEK ROAD,TMVMT,Manual,Greater than 10 Years,31,1985,4700,320,0.07
144.97146697817396,-37.77287429945338,44502,44915,45189,LYGON ST S of GLENLYON ST,INTERSECTION,All Moves,GLENLYON ST & LYGON ST,9999,Missing Data,LYGON STREET,TMVMT,Manual,Greater than 10 Years,31,1985,12000,560,0.04
144.78351519873775,-37.51587809529195,44515,44697,52983,KONAGADEERA RD SB 1.8KM N OF WILDWOOD RD,MIDBLOCK,All Moves,KONAGADEERA RD 1.8KM N OF WILDWOOD RD,9999,Missing Data,KONAGADERRA ROAD,APARX,Classification,Less than 2 Years,1,2015,520,20,0.04
144.99733441049318,-37.80026892015613,44525,44027,46415,JOHNSTON ST W OF NICHOLSON ST,INTERSECTION,All Moves,JOHNSTON ST/NICHOLSON ST,5853,JOHNSTON STREET,JOHNSTON STREET,SCATS,Scats,Between 2 and 5 Years,3,2013,11000,0,0.0
145.06956873048296,-37.75688220353416,44535,44822,40539,LOWER HEIDELBERG RD S OF BURGUNDY ST,INTERSECTION,All Moves,BURGUNDY ST/ROSANNA RD/LOWER HEIDELBERG RD,2850,GREENSBOROUGH HIGHWAY,LOWER HEIDELBERG ROAD,SCATS,Scats,Less than 2 Years,0,2016,18000,0,0.0
144.95177367218753,-37.848930280980966,44557,44130,38667,KERFERD RD NE OF BEACONSFIELD PDE,INTERSECTION,All Moves,BEACONSFIELD PDE/KERFERD RD,9999,Missing Data,KERFERD ROAD,SCATS,Scats,Less than 2 Years,1,2015,0,0,0.0
144.99454716004323,-37.81853358793061,44572,44034,41305,LENNOX ST S OF BRIDGE RD,INTERSECTION,All Moves,BRIDGE RD/LENNOX ST,9999,Missing Data,LENNOX STREET,SCATS,Scats,Less than 2 Years,1,2015,2700,0,0.0
145.04744499940995,-37.771758225546606,44612,44931,46772,LOWER HEIDELBERG RD E OF MARSHALL ST,INTERSECTION,All Moves,LOWER HEIDELBERG RD/MARSHALL ST,5762,MAIN HEIDELBERG-ELTHAM ROAD,LOWER HEIDELBERG ROAD,SCATS,Scats,Greater than 10 Years,13,2003,7700,0,0.0
144.96603820307195,-37.831853211790154,44618,44932,46117,KINGSWAY SB BTW DORCAS ST & BANK ST,MIDBLOCK,All Moves,KINGSWAY BTW DORCAS ST & BANK ST (LNS 1&2),2510,PRINCES HIGHWAY EAST,KINGS WAY,APCLM,Permanent Classification,Greater than 10 Years,27,1989,39000,2200,0.06
144.84504739732554,-37.85007769216274,44642,44936,39356,KOROROIT CREEK RD W OF MADDOX RD,INTERSECTION,All Moves,KOROROIT CREEK RD/MADDOX RD,5833,KOROROIT CREEK ROAD,KOROROIT CREEK ROAD,SCATS,Scats,Greater than 10 Years,0,0,0,0,0.0
145.22877908256095,-37.82194480000511,44649,44047,39830,MAFFRA ST NW of CITY RD,INTERSECTION,All Moves,CITY RD & IRELAND ST & MAFFRA ST,9999,Missing Data,IRELAND STREET,TMVMT,Manual,Greater than 10 Years,29,1987,18000,960,0.05
144.3517563158397,-38.151883887988106,44655,44842,51251,LATROBE_TCE S OF MCKILLOP_ST,INTERSECTION,All Moves,LATROBE TER/MCKILLOP ST,2800,CORIO-WAURN PONDS ROAD,LATROBE TERRACE,SCATS,Scats,Between 5 and 10 Years,7,2009,17000,0,0.0
145.07449667532,-37.982461658329136,44672,44148,44524,LOWER DANDENONG RD E OF NEPEAN HWY,INTERSECTION,Left Missing,NEPEAN HWY/LOWER DANDENONG RD,2050,STATE (LOWER DANDENONG/CHELTENHAM) HIGHWAY,LOWER DANDENONG ROAD,SCATS,Scats,Greater than 10 Years,13,2003,11000,0,0.0
144.35746939965276,-38.155633290461054,44684,44943,44811,KILGOUR ST E OF MOORABOOL ST,INTERSECTION,All Moves,MOORABOOL ST/KILGOUR ST,9999,Missing Data,KILGOUR STREET,SCATS,Scats,Between 5 and 10 Years,7,2009,2800,0,0.0
144.97279403972203,-37.83610507014927,44706,44554,47484,KINGS WAY NW OF QUEENS RD,INTERSECTION,Left Missing,KINGS WAY/QUEENS RD,2510,PRINCES HIGHWAY EAST,KINGS WAY,SCATS,Scats,Between 5 and 10 Years,10,2006,46000,0,0.0
143.81135785173925,-37.56508939037808,44719,44450,46777,LEARMONTH ST S BD 100M N OF WINTER ST,MIDBLOCK,All Moves,LEARMONTH ST 100M N OF WINTER ST,9999,Missing Data,LEARMONTH STREET,APARX,Classification,Greater than 10 Years,23,1993,2400,690,0.29
144.98539530908363,-37.864568517213975,44749,44161,46665,INKERMAN ST W OF ST KILDA RD,INTERSECTION,All Moves,ST KILDA RD/INKERMAN ST,9999,Missing Data,INKERMAN STREET,SCATS,Scats,Greater than 10 Years,21,1995,9400,0,0.0
144.14715242766096,-36.6183340748619,44754,44858,42000,LODDON VALLEY HWY S BD 900M S OF PYRAMID-YARRABERB RD @ 22.0KM FROM BENDIGO,MIDBLOCK,All Moves,LODDON VALLEY HWY 900M S OF PYRAMID-YARRABERB RD @ 22.0KM FROM BENDIGO,2630,LODDON VALLEY HIGHWAY,LODDON VALLEY HIGHWAY,APARX,Classification,Greater than 10 Years,18,1998,600,70,0.13
144.96493654969908,-37.82355757563957,44765,44066,52360,KAVANAGH ST S OF SOUTHBANK BLVD,INTERSECTION,All Moves,SOUTHBANK BLVD/KAVANAGH ST/MOORE ST,9999,Missing Data,KAVANAGH STREET,SCATS,Scats,Between 5 and 10 Years,10,2006,2200,0,0.0
145.21439474533543,-37.98813927868618,44790,44864,40523,WALKER ST NEBD NE OF LONSDALE ST,INTERSECTION,All Moves,LONSDALE ST N OF WALKER ST,2510,PRINCES HIGHWAY EAST,LONSDALE STREET,TMVMT,Manual,Greater than 10 Years,0,0,0,0,0.0
145.17232409781795,-36.7521099495003,44798,44071,45367,KIRWANS BRIDGE-LONGWOOD RD W BD 500M E OF GOULBURN VALLEY HWY,MIDBLOCK,All Moves,KIRWANS BRIDGE-LONGWOOD RD 500M E OF GOULBURN VALLEY HWY,9999,Missing Data,KIRWANS BRIDGE ROAD,APARX,Classification,Greater than 10 Years,20,1996,40,0,0.11
143.97462067269467,-36.40061509812092,44800,44962,40304,LODDON VALLEY HWY N BD 400M N OF GLADMAN ST @ 51.5KM FROM BENDIGO,MIDBLOCK,All Moves,LODDON VALLEY HWY 400M N OF GLADMAN ST @ 51.5KM FROM BENDIGO,2630,LODDON VALLEY HIGHWAY,LODDON VALLEY HIGHWAY,APARX,Classification,Between 2 and 5 Years,3,2013,810,190,0.23
147.43854114866443,-37.80588278754614,44801,44571,55213,LINDENOW RD S BD 100M SE OF HOYT RD @ 9.2KM FROM PRINCES HIGHWAY EAST,MIDBLOCK,All Moves,LINDENOW RD 100M SE OF HOYT RD @ 9.2KM FROM PRINCES HIGHWAY EAST,5560,LINDENOW ROAD,LINDENOW-GLENALADALE ROAD,APARX,Classification,Greater than 10 Years,20,1996,260,20,0.1
145.15387660245892,-36.77374477862131,44804,44072,47591,LOBBS LANE(NAGAMBIE) E BD 400M WEST GOULBURN VALLEY HWY @ 0.4KM FROM G.V.HWY,MIDBLOCK,All Moves,LOBBS LANE(NAGAMBIE) 400M WEST GOULBURN VALLEY HWY @ 0.4KM FROM G.V.HWY,9999,Missing Data,LOBBS LANE,APARX,Classification,Greater than 10 Years,0,0,0,0,0.0
144.78874121853727,-37.84511181104294,44818,44965,43560,PRINCES FWY ON RAMP W BD FROM KOROROIT CREEK RD,MIDBLOCK,On Ramp,PRINCES FWY ON RAMP FROM KOROROIT CREEK RD,7019,5833B 2500F,KOROROIT CREEK-PRINCES OUT RAMP ON,APARX,Classification,Greater than 10 Years,18,1998,7200,590,0.08
144.52991587542317,-37.03233220107169,44832,44468,55397,HEATHCOTE-KYNETON RD S BD 400M S OF MCNIFFS RD @ 27.1KM FROM KYNETON,MIDBLOCK,All Moves,HEATHCOTE-KYNETON RD 400M S OF MCNIFFS RD @ 27.1KM FROM KYNETON,5290,HEATHCOTE-KYNETON ROAD,KYNETON-REDESDALE ROAD,APARX,Classification,Between 5 and 10 Years,10,2006,490,70,0.15
142.10801200368354,-36.15512925216544,44848,44579,40926,JEPARIT-WARRACKNABEAL RD W BD 1.4 KM E OF WERNER RD @ 10.6KM FROM JEPARIT,MIDBLOCK,All Moves,JEPARIT-WARRACKNABEAL RD 1.4 KM E OF WERNER RD @ 10.6KM FROM JEPARIT,5191,JEPARIT-WARRACKNABEAL ROAD,JEPARIT-WARRACKNABEAL ROAD,APARX,Classification,Between 2 and 5 Years,2,2014,30,0,0.0
141.24302889813714,-36.726099900413374,44855,44580,42391,KANIVA-EDENHOPE RD N BD 400M S OF MINIMAY-GOROKE RD @ 42.8KM FROM KANIVA,MIDBLOCK,All Moves,KANIVA-EDENHOPE RD 400M S OF MINIMAY-GOROKE RD @ 42.8KM FROM KANIVA,5134,KANIVA-EDENHOPE ROAD,KANIVA-EDENHOPE ROAD,APARX,Classification,Greater than 10 Years,19,1997,30,0,0.16
143.9751213518111,-36.336004494279805,44876,44975,41658,LODDON VALLEY HIGHAY N BD 600M S OF FYFES RD @ 59.0KM FROM BENDIGO,MIDBLOCK,All Moves,LODDON VALLEY HIGHAY 600M S OF FYFES RD @ 59.0KM FROM BENDIGO,2630,LODDON VALLEY HIGHWAY,LODDON VALLEY HIGHWAY,APARX,Classification,Greater than 10 Years,18,1998,630,150,0.24
145.12651620619766,-37.75651975851944,44884,44585,52029,PORTER ST W BD W of FITZSIMONS LANE,INTERSECTION,All Moves,FITZSIMONS LANE N OF PORTER ST,5809,HEIDELBERG-WARRANDYTE ROAD,JAMES STREET,TMVMT,Manual,Greater than 10 Years,0,0,0,0,0.0
142.3913686013898,-36.25324052833102,44894,44185,53412,BORUNG HWY (100 KM) W BD ON YARRIAMBIACK BRIDGE,MIDBLOCK,All Moves,BORUNG HWY (100 KM) ON YARRIAMBIACK BRIDGE,2690,BORUNG HIGHWAY,LYLE STREET,APARX,Classification,Greater than 10 Years,0,0,0,0,0.0
145.31841516992927,-36.61968779973548,44919,44982,50521,LONGWOOD SHEPPARTON RD LEFT TURN TO MURCHISON-VIOLET TOWN RD OD:23,INTERSECTION,Incomplete Through,MURCHISON-VIOLET TOWN RD LEFT TURN TO LONGWOOD SHEPPARTON RD OD:12,9999,Missing Data,LONGWOOD-SHEPPARTON ROAD,MOTSV,Manual,Greater than 10 Years,0,0,0,0,0.0
145.0734246051136,-37.949363015642575,44931,44484,47518,KEYS RD E bd btwn Warrigal Hwy and Freighter Road,INTERSECTION,All Moves,SITE_NO: 43||SITE DESC: KEYS RD BTWN WARRIGAL HWY AND FREIGHTER ROAD,5313,WICKHAM-KEYS ROAD,KEYS ROAD,MOTSV,Manual,Greater than 10 Years,0,0,0,0,0.0
145.2244096979752,-38.000045096261246,44943,44486,50502,PRINCES_HWY SE OF PLUNKETT_RD,INTERSECTION,All Moves,PRINCES HWY/PLUNKETT RD,2510,PRINCES HIGHWAY EAST,LONSDALE STREET,SCATS,Scats,Greater than 10 Years,13,2003,34000,0,0.0
144.9628201334256,-37.82852707899751,44972,44198,39121,PHW THRU TO WESTGATE INBOUND,INTERSECTION,Missing Data,SVO_Map_LTD:590||SITE DESC: PHW THRU TO WESTGATE INBOUND,2510,PRINCES HIGHWAY EAST,KINGS WAY,INDET,Freeway Data Station,Greater than 10 Years,0,0,0,0,0.0
144.8504822308126,-37.737857883852975,44992,44497,40022,KEILOR PARK DR NW OF WESTERN RING RD,INTERSECTION,Exitfrom Carpark Busin Area,KEILOR PARK DR & WESTERN RING RD NB RAMPS,5054,KEILOR PARK DRIVE,KEILOR PARK DRIVE,TMVMT,Manual,Greater than 10 Years,19,1997,16000,980,0.06
144.68233300565566,-37.83329328441914,45013,45906,38463,LEAKES RD E OF DERRIMUT RD,INTERSECTION,All Moves,DERRIMUT RD & LEAKES RD,9999,Missing Data,LEAKES ROAD,TMVMT,Manual,Greater than 10 Years,0,0,0,0,0.0
144.9729766673007,-37.76438429980356,45015,45907,30680,LYGON ST S OF ALBION ST DEPARTURE,INTERSECTION,All Moves,HOLMES ST N OF ALBION ST DEPARTURE,9999,Missing Data,LYGON STREET,TMVMT,Manual,Greater than 10 Years,0,0,0,0,0.0
144.97040634651273,-37.780054987064126,45017,45908,32402,LYGON ST S OF BRUNSWICK RD,INTERSECTION,All Moves,BRUNSWICK RD & LYGON ST,9999,Missing Data,LYGON STREET,TMVMT,Manual,Greater than 10 Years,0,0,0,0,0.0
145.1437391000204,-37.99077568274381,45029,45914,49234,LOWER DANDENONG RD W BD W of CHELTENHAM RD,INTERSECTION,All Moves,SPRINGVALE RD N OF CHELTENHAM RD,2050,STATE (LOWER DANDENONG/CHELTENHAM) HIGHWAY,LOWER DANDENONG ROAD,TMVMT,Manual,Greater than 10 Years,18,1998,25000,1700,0.07
145.21441854610094,-37.98837049772767,45030,45416,43187,LONSDALE_ST S OF WALKER_ST,INTERSECTION,All Moves,LONSDALE ST/WALKER ST,2510,PRINCES HIGHWAY EAST,LONSDALE STREET,SCATS,Scats,Between 5 and 10 Years,8,2008,19000,0,0.0
145.2143272457753,-37.98746869643915,45031,45915,50373,LONSDALE ST S BD S OF WALKER ST,INTERSECTION,All Moves,LONSDALE ST N OF WALKER ST,2510,PRINCES HIGHWAY EAST,LONSDALE STREET,TMVMT,Manual,Greater than 10 Years,0,0,0,0,0.0
144.7853460117602,-37.84452334023919,45044,45420,45310,KOROROIT CREEK RD E BD ON BRIDGE OVER PRINCES FWY,MIDBLOCK,All Moves,KOROROIT CREEK RD ON BRIDGE OVER PRINCES FWY,5833,KOROROIT CREEK ROAD,KOROROIT CREEK ROAD,APARX,Classification,Greater than 10 Years,18,1998,9500,1400,0.15
144.68233300565566,-37.83329328441914,45046,45804,36582,LEAKES RD E OF TARNEIT RD,INTERSECTION,All Moves,LEAKES RD & TARNEIT RD,9999,Missing Data,LEAKES ROAD,TMVMT,Manual,Greater than 10 Years,0,0,0,0,0.0
144.99272141221772,-37.79981886392858,45052,45921,38272,JOHNSTON ST W BD W OF HODDLE ST,INTERSECTION,All Moves,HODDLE ST N OF JOHNSTON ST,5853,JOHNSTON STREET,JOHNSTON STREET,TMVMT,Manual,Greater than 10 Years,18,1998,13000,0,0.0
145.14261581575045,-37.99065064565606,45059,45307,31959,LOWER DANDENONG RD E OF CENTRE DANDENONG RD,INTERSECTION,All Moves,LOWER DANDENONG RD/CENTRE DANDENONG RD,2050,STATE (LOWER DANDENONG/CHELTENHAM) HIGHWAY,LOWER DANDENONG ROAD,SCATS,Scats,Less than 2 Years,0,2016,24000,0,0.0
145.10153459888542,-37.7029169342313,45083,45814,47278,LORIMER_ST W OF THE CIRCUIT,INTERSECTION,All Moves,THE CIRCUIT/LORIMER ST/SHOPPING CENTRE ACCESS,9999,Missing Data,LORIMER STREET,SCATS,Scats,Greater than 10 Years,18,1998,410,0,0.0
147.00809269510955,-36.45081019206323,45088,45815,53430,KIEWA VALLEY HWY S BD NTH OF DEDERANG RD (45KM S OF WODONGA),MIDBLOCK,All Moves,KIEWA VALLEY HWY NTH OF DEDERANG RD (45KM S OF WODONGA),2790,KIEWA VALLEY HIGHWAY,KIEWA VALLEY HIGHWAY,APARX,Classification,Between 2 and 5 Years,3,2013,420,50,0.14
144.95885051030308,-37.82444848982923,45106,45320,50854,KINGSWAY RAMP SE OF WHITEMAN ST,INTERSECTION,All Moves,WHITEMAN ST/CASINO ACCESS/KINGS WAY,2510,PRINCES HIGHWAY EAST,KINGS WAY,SCATS,Scats,Between 5 and 10 Years,7,2009,2400,0,0.0
144.35202008768394,-38.150603386350106,45148,45831,47304,LATROBE TCE S BD S OF MYERS ST,INTERSECTION,All Moves,LATROBE TCE N OF MYERS ST,2800,CORIO-WAURN PONDS ROAD,LATROBE TERRACE,TMVMT,Manual,Greater than 10 Years,0,0,0,0,0.0
144.54883645156423,-37.01408960177232,45179,45839,30701,HEATHCOTE KYNETON RD S BD 1.8 KM N OF BENDIGO REDESDALE RD @ 20.6KM FROM HEATHCO,MIDBLOCK,All Moves,HEATHCOTE KYNETON RD 1.8 KM N OF BENDIGO REDESDALE RD @ 20.6KM FROM HEATHCO,9999,Missing Data,KNIGHT ROAD,APARX,Classification,Between 2 and 5 Years,3,2013,290,40,0.14
145.82999856449885,-38.3966270403952,45181,45952,37641,KORUMBURRA-WARRAGUL RD S Bd 1200N OF FAIRBANK RD,MIDBLOCK,All Moves,KORUMBURRA-WARRAGUL RD 1200M N OF FAIRBANK RD,5682,KORUMBURRA-WARRAGUL ROAD,KORUMBURRA-WARRAGUL ROAD,APARX,Classification,Greater than 10 Years,0,0,0,0,0.0
145.2255901823469,-37.80610015309255,45193,45842,42493,LOUGHNAN RD SWBD SW OF AVALON GV,INTERSECTION,All Moves,LOUGHNAN RD NSW OF AVALON GV,9999,Missing Data,LOUGHNAN ROAD,APARX,Classification,Greater than 10 Years,19,1997,8700,0,0.0
145.13010982841166,-37.77009081992317,45203,45457,43332,KING ST E OF WILLIAMSONS RD,INTERSECTION,All Moves,WILLIAMSONS RD/LYNNWOOD PDE/KING ST,5353,KING STREET,KING STREET,SCATS,Scats,Less than 2 Years,1,2015,6600,0,0.0
145.2318198948707,-37.986842601050974,45206,45346,7487,KIDDS RD 50M BEFORE BETULA ST,INTERSECTION,Scheduled PubTpt Bus flow,KIDDS RD 50M BEFORE BETULA ST,9999,Missing Data,KIDDS ROAD,PUBTT,Other,Greater than 10 Years,0,0,0,0,0.0
145.09222007370093,-37.7297205352352,45214,45960,38350,LOWER PLENTY RD NE OF GREENSBOROUGH RD,INTERSECTION,All Moves,GREENSBOROUGH RD/LOWER PLENTY RD,5762,MAIN HEIDELBERG-ELTHAM ROAD,LOWER PLENTY ROAD,SCATS,Scats,Greater than 10 Years,0,0,0,0,0.0
144.96226369939535,-37.812279686400885,45231,45852,31417,LONSDALE STREET W Bd btwn QUEEN STREET AND ELIZABETH STREET,INTERSECTION,All Moves,SITE_NO: 47||SITE DESC: LONSDALE STREET BTWN QUEEN STREET AND ELIZABETH STREET,9999,Missing Data,LONSDALE STREET,MOTSV,Manual,Greater than 10 Years,0,0,0,0,0.0
144.77886994284555,-37.71291368223902,45232,45465,39416,KINGS RD S OF ACCESS RD,INTERSECTION,All Moves,KINGS RD / ACCESS RD,5009,KINGS ROAD,KINGS ROAD,SCATS,Scats,Between 2 and 5 Years,5,2011,15000,0,0.0
146.4385262048469,-38.238699908237926,45241,45854,38852,MARYVALE RD N BD 20M N OF KIRWIN RD,MIDBLOCK,All Moves,MARYVALE RD 20M N OF KIRWIN RD,9999,Missing Data,KIRWIN ROAD,APARX,Classification,Less than 2 Years,1,2015,4300,490,0.11
145.89825088939153,-38.312505103062605,45245,45855,5660,KORUMBURRA-WARRAGUL RD N Bd 1030M S OF SARGEANT ST,MIDBLOCK,All Moves,KORUMBURRA-WARRAGUL RD 1030M S OF SARGEANT ST,5682,KORUMBURRA-WARRAGUL ROAD,KORUMBURRA-WARRAGUL ROAD,APARX,Classification,Greater than 10 Years,0,0,0,0,0.0
145.9503429884767,-38.48388570138077,45246,45469,43300,SOUTH GIPPSLAND HWY S OF NERRENA RD,INTERSECTION,All Moves,LONG ST & NERRENA RD & SOUTH GIPPSLAND HWY,2580,SOUTH GIPPSLAND HIGHWAY,KOONWARRA ROAD,TMVMT,Manual,Greater than 10 Years,0,0,0,0,0.0
144.76461304853385,-37.84092785955645,45255,45970,42639,LEAKES RD W OF ESTATE RD,INTERSECTION,All Moves,LEAKES RD/ESTATE RD,9999,Missing Data,LEAKES ROAD,SCATS,Scats,Between 2 and 5 Years,5,2011,7200,0,0.0
144.95979276625246,-37.81300303958328,45260,45359,33298,LONSDALE STREET E Bd btwn QUEEN STREET AND ELIZABETH STREET,INTERSECTION,All Moves,SITE_NO: 47||SITE DESC: LONSDALE STREET BTWN QUEEN STREET AND ELIZABETH STREET,9999,Missing Data,LONSDALE STREET,MOTSV,Manual,Greater than 10 Years,0,0,0,0,0.0
144.77965559928995,-37.70223950058335,45276,45477,41891,KINGS RD SW OF SHOPPING CENTRE ENT NR BOND DR,INTERSECTION,All Moves,KINGS RD/SHOPPING CENTRE ENT NR BOND DR,5009,KINGS ROAD,KINGS ROAD,SCATS,Scats,Between 2 and 5 Years,5,2011,12000,0,0.0
145.21073069720066,-38.04853338514408,45280,45478,33863,JAYCO DR E OF FRANKSTON-DANDENONG RD,INTERSECTION,All Moves,FRANKSTON-DANDENONG/JAYCO,9999,Missing Data,JAYCO DRIVE,SCATS,Scats,Between 2 and 5 Years,5,2011,890,0,0.0
144.7791592875137,-37.70374059585262,45283,45977,34352,ACCESS RD W OF KINGS RD,INTERSECTION,All Moves,KINGS RD / ACCESS RD,5009,KINGS ROAD,KINGS ROAD,SCATS,Scats,Between 2 and 5 Years,5,2011,3500,0,0.0
144.8507827410101,-37.73229120903335,45285,45365,35898,KEILOR PARK DR NW OF WESTERN RING RD NTH BND RAMPS,INTERSECTION,All Moves,KEILOR PARK DR & WESTERN RING RD NTH BND RAMPS,5054,KEILOR PARK DRIVE,KEILOR PARK DRIVE,TMVMT,Manual,Greater than 10 Years,0,0,0,0,0.0
145.2567456803486,-37.79469219669491,45300,45483,37307,KALINDA RD NW OF WHITEHORSE RD,INTERSECTION,Not representative,WHITEHORSE RD/KALINDA RD/BEAUFORT RD,9999,Missing Data,KALINDA ROAD,SCATS,Scats,Greater than 10 Years,0,0,0,0,0.0
144.74014349462922,-37.73362127839295,45307,45983,35743,LAKE ST E OF CAROLINE SPRINGS BLVD,INTERSECTION,All Moves,CAROLINE SPRINGS BLVD/LAKE ST,9999,Missing Data,LAKE STREET,SCATS,Scats,Between 5 and 10 Years,7,2009,4700,0,0.0
145.21073069720066,-38.04853338514408,45323,45375,36829,JAYCO DR E OF FRANKSTON-DANDENONG RD,INTERSECTION,All Moves,FRANKSTON-DANDENONG/JAYCO,9999,Missing Data,JAYCO DRIVE,SCATS,Scats,Between 2 and 5 Years,5,2011,310,0,0.0
144.99298129488915,-37.79984481948038,45329,45988,43295,HODDLE ST S OF JOHNSTON ST DEPARTURE,INTERSECTION,All Moves,HODDLE ST N OF JOHNSTON ST DEPARTURE,5853,JOHNSTON STREET,JOHNSTON STREET,TMVMT,Manual,Greater than 10 Years,0,0,0,0,0.0
144.96972560475325,-37.80787179185116,45341,45991,38864,LATROBE ST SW BD SW OF VICTORIA ST,INTERSECTION,All Moves,LATROBE ST NSW OF VICTORIA ST,9999,Missing Data,LA TROBE STREET,MOTSV,Manual,Between 2 and 5 Years,5,2011,9400,370,0.04
145.27643135777282,-37.78821847380801,45352,45882,36786,KENT AVE SE OF WHITEHORSE RD,INTERSECTION,All Moves,WHITEHORSE RD/KENT AVE,9999,Missing Data,KENT AVENUE,SCATS,Scats,Greater than 10 Years,0,0,0,0,0.0
144.96927591742673,-37.78704119659377,45377,46000,30679,LYGON ST S OF PIGDON ST DEPARTURE,INTERSECTION,All Moves,LYGON ST N OF PIGDON ST DEPARTURE,9999,Missing Data,LYGON STREET,TMVMT,Manual,Greater than 10 Years,0,0,0,0,0.0
144.68233300565566,-37.83329328441914,45381,45391,36795,LEAKES RD W OF DERRIMUT RD DEPARTURE,INTERSECTION,All Moves,DERRIMUT RD N OF LEAKES RD DEPARTURE,9999,Missing Data,LEAKES ROAD,TMVMT,Manual,Greater than 10 Years,0,0,0,0,0.0
145.27240050136646,-38.01560380698534,45405,45603,43624,KEPPEL DRV E OF HALLAM SOUTH RD,INTERSECTION,All Moves,HALLAM SOUTH RD/EMPIRE WAY/KEPPEL DR,9999,Missing Data,KEPPEL DRIVE,SCATS,Scats,Between 5 and 10 Years,8,2008,2600,0,0.0
144.97488369837333,-37.79795280666437,45406,45203,50568,NICHOLSON ST S of ALEXANDRA PDE,INTERSECTION,All Moves,ALEXANDRA PDE & NICHOLSON ST & PRINCES ST,5853,JOHNSTON STREET,JOHNSTON STREET,TMVMT,Manual,Greater than 10 Years,31,1985,12000,600,0.05
144.99298129488915,-37.79984481948038,45432,45709,33952,HODDLE ST S OF GIPPS ST DEPARTURE,INTERSECTION,All Moves,HODDLE ST N OF GIPPS ST DEPARTURE,5853,JOHNSTON STREET,JOHNSTON STREET,TMVMT,Manual,Greater than 10 Years,0,0,0,0,0.0
144.99254510679643,-37.80723865602956,45435,45710,38122,LANGRIDGE ST E OF HODDLE ST DEPARTURE,INTERSECTION,All Moves,HODDLE ST N OF LANGRIDGE ST DEPARTURE,9999,Missing Data,LANGRIDGE STREET,TMVMT,Manual,Greater than 10 Years,0,0,0,0,0.0
145.04280846886806,-37.912003603197725,45438,45213,49536,JASPER RD S OF MCKINNON RD,INTERSECTION,All Moves,JASPER RD/MCKINNON RD,5847,JASPER ROAD,JASPER ROAD,SCATS,Scats,Greater than 10 Years,11,2005,8900,0,0.0
145.04398325328123,-37.90470479128194,45443,45215,42826,JASPER RD S OF NORTH RD,INTERSECTION,All Moves,NORTH RD/JASPER RD/GRANGE RD,5847,JASPER ROAD,JASPER ROAD,SCATS,Scats,Less than 2 Years,1,2015,8900,0,0.0
142.92636443125144,-37.28049139311137,45454,45717,45381,VIEW POINT ST ARARAT N BD S OF WESTERN HWY(201.5KM),MIDBLOCK,All Moves,VIEW POINT ST ARARAT S OF WESTERN HWY(201.5KM),2520,WESTERN HIGHWAY,LAMBERT STREET,APARX,Classification,Greater than 10 Years,24,1992,170,0,0.05
146.148713997682,-37.30096656779982,45462,45719,46522,JAMIESON-LICOLA RD E BD 2KM E OF MANSFIELD-WOODS POINT RD,MIDBLOCK,All Moves,JAMIESON-LICOLA RD 2KM E OF MANSFIELD-WOODS POINT RD,3241,JAMIESON-LICOLA ROAD,JAMIESON-LICOLA ROAD,APARX,Classification,Between 2 and 5 Years,2,2014,20,0,0.09
145.34263353088855,-38.040352220454686,45463,45623,49985,KANGAN_DR E OF CLYDE_RD,INTERSECTION,Left Missing,CLYDE RD/KANGAN DR,9999,Missing Data,KANGAN DRIVE,SCATS,Scats,Greater than 10 Years,13,2003,1300,0,0.0
144.90915136755999,-38.35778140261055,45470,45224,45855,JETTY RD S of NEPEAN HWY,INTERSECTION,All Moves,JETTY RD & NEPEAN HWY & PIER ENTRANCE,9999,Missing Data,JETTY ROAD,TMVMT,Manual,Greater than 10 Years,29,1987,2900,0,0.0
145.05979151266465,-37.772875457696735,45493,45231,52622,LOWER_HEIDELBERG_RD E of BURTON_CR,INTERSECTION,All Moves,LOWER HEIDELBERG RD NR BURTON CRES,5762,MAIN HEIDELBERG-ELTHAM ROAD,LOWER HEIDELBERG ROAD,SCATS,Scats,Greater than 10 Years,11,2005,6500,0,0.0
144.3507267568467,-38.15741618869158,45506,45734,51643,PRINCES HWY EAST W BD E OF MCCROREY ST (TRAFALGAR) FAST LANE,MIDBLOCK,Incomplete Through,PRINCES HWY EAST E OF MCCROREY ST (TRAFALGAR),2800,CORIO-WAURN PONDS ROAD,LATROBE TERRACE,APARX,Classification,Greater than 10 Years,24,1992,1600,180,0.11
145.082847206692,-37.95386963425531,45527,45645,12931,KINGSTON RD 50M AFTER ST ANDREWS DR,INTERSECTION,Scheduled PubTpt Bus flow,KINGSTON RD 50M AFTER ST ANDREWS DR,5970,HEATHERTON ROAD,KINGSTON ROAD,PUBTT,Other,Greater than 10 Years,0,0,0,0,0.0
145.23328040278523,-37.91763223615556,45561,45254,46297,LAKEVIEW AV W OF STUD RD,INTERSECTION,All Moves,STUD RD/LAKEVIEW AVE/FULHAM RD,9999,Missing Data,LAKEVIEW AVENUE,SCATS,Scats,Between 5 and 10 Years,7,2009,1700,0,0.0
145.82992850798155,-38.39655409012429,45562,45656,35417,KORUMBURRA-WARRAGUL RD S Bd 540M N OF FAIRBANK RD,MIDBLOCK,All Moves,KORUMBURRA-WARRAGUL RD 540M N OF FAIRBANK RD,5682,KORUMBURRA-WARRAGUL ROAD,KORUMBURRA-WARRAGUL ROAD,APARX,Classification,Greater than 10 Years,0,0,0,0,0.0
145.34214749880863,-38.04028140337096,45592,45264,45862,CLYDE RD S OF RESERVE ST,INTERSECTION,All Moves,CLYDE RD/RESERVE ST,9999,Missing Data,KANGAN DRIVE,SCATS,Scats,Greater than 10 Years,0,0,0,0,0.0
145.34680861697203,-37.758170947052,45620,45676,35553,JOHN ST W OF HUTCHINSON ST,INTERSECTION,All Moves,HUTCHINSON ST/JOHN ST,9999,Missing Data,JOHN STREET,SCATS,Scats,Greater than 10 Years,0,0,0,0,0.0
144.78027056685656,-37.700379489535166,45627,45678,33870,SHOPPING CENTRE ENT NR BOND DR E OF KINGS RD,INTERSECTION,All Moves,KINGS RD/SHOPPING CENTRE ENT NR BOND DR,5009,KINGS ROAD,KINGS ROAD,SCATS,Scats,Between 2 and 5 Years,5,2011,4100,0,0.0
144.9639031084542,-37.82967099313416,45657,45285,53929,KINGS WAY S OF YORK ST,INTERSECTION,All Moves,YORK ST/KINGS WAY,2510,PRINCES HIGHWAY EAST,KINGS WAY,SCATS,Scats,Between 2 and 5 Years,5,2011,56000,0,0.0
145.0339712151506,-37.8217300288138,45662,45690,32054,LYNCH ST W OF GLENFERRIE RD DEPARTURE,INTERSECTION,All Moves,GLENFERRIE RD N OF LYNCH ST DEPARTURE,9999,Missing Data,LYNCH STREET,TMVMT,Manual,Greater than 10 Years,0,0,0,0,0.0
145.485247978217,-38.11559229953278,45677,45792,43157,KOO WEE RUP RD S OF LIVESTOCK WAY,INTERSECTION,All Moves,KOO WEE RUP RD/LIVESTOCK WAY/SOUTHEAST BLVD,5770,HEALESVILLE-KOO-WEE-RUP ROAD,KOO WEE RUP ROAD,SCATS,Scats,Between 2 and 5 Years,3,2013,5600,0,0.0
145.88465657727008,-38.18666498545559,45679,45292,42322,LARDNERS TRK S OF DROUIN-WARRAGUL RD,INTERSECTION,All Moves,DROUIN-WARRAGUL RD & LARDNERS TRK,9999,Missing Data,LARDNERS TRACK,TMVMT,Manual,Greater than 10 Years,0,0,0,0,0.0
144.86923411288458,-37.85581051532304,45685,45794,36564,KOROROIT CREEK RD E OF MILLERS RD,INTERSECTION,All Moves,KOROROIT CREEK RD & MILLERS RD,5833,KOROROIT CREEK ROAD,KOROROIT CREEK ROAD,TMVMT,Manual,Greater than 10 Years,0,0,0,0,0.0
144.9959841454769,-37.81041978698387,45686,45698,30682,LENNOX ST S OF VICTORIA ST DEPARTURE,INTERSECTION,All Moves,NICHOLSON ST N OF VICTORIA ST DEPARTURE,9999,Missing Data,LENNOX STREET,TMVMT,Manual,Greater than 10 Years,0,0,0,0,0.0
145.0051183268309,-37.81101179577386,45692,45297,29485,JOHNSON ST S OF VICTORIA ST,INTERSECTION,All Moves,JOHNSON ST & VICTORIA ST,9999,Missing Data,JOHNSON STREET,TMVMT,Manual,Greater than 10 Years,0,0,0,0,0.0
144.8517826125863,-37.739096283719455,45701,45001,40506,KEILOR PARK DR SE OF WESTERN RING RD N BD RAMPS,INTERSECTION,All Moves,KEILOR PARK DR & WESTERN RING RD NB RAMPS,5054,KEILOR PARK DRIVE,KEILOR PARK DRIVE,TMVMT,Manual,Greater than 10 Years,19,1997,9100,390,0.04
144.99604006045223,-37.81009300307469,45708,45504,43286,LENNOX ST S OF VICTORIA ST,INTERSECTION,All Moves,LENNOX ST & NICHOLSON ST & VICTORIA ST,9999,Missing Data,LENNOX STREET,TMVMT,Manual,Greater than 10 Years,0,0,0,0,0.0
145.06894734576562,-37.76024300725534,45753,45020,48068,LOWER HEIDELBERG RD S of BANKSIA ST,INTERSECTION,All Moves,BANKSIA ST & LWR HEIDELBERG RD,5762,MAIN HEIDELBERG-ELTHAM ROAD,LOWER HEIDELBERG ROAD,TMVMT,Manual,Greater than 10 Years,31,1985,16000,500,0.03
141.2527997881377,-36.42659669977144,45755,45521,42902,KANIVA-EDENHOPE RD N BD 800M N OF GOODWINS AND CROUCHS RD @ 5.2KM FROM KANIVA,MIDBLOCK,All Moves,KANIVA-EDENHOPE RD 800M N OF GOODWINS AND CROUCHS RD @ 5.2KM FROM KANIVA,5134,KANIVA-EDENHOPE ROAD,KANIVA-EDENHOPE ROAD,APARX,Classification,Between 2 and 5 Years,2,2014,110,30,0.35
144.9476055731491,-37.83453160673087,45762,45117,44313,CROCKFORD ST SW of INGLES ST,INTERSECTION,All Moves,CROCKFORD ST & INGLES ST,9999,Missing Data,INGLES STREET,TMVMT,Manual,Greater than 10 Years,29,1987,10000,0,0.0
144.78104680088327,-37.8440085861599,45799,45129,49171,LEAKES RD W of FITZGERALD RD,INTERSECTION,All Moves,FITZGERALD RD & KOROROIT CREEK RD,9999,Missing Data,LEAKES ROAD,TMVMT,Manual,Greater than 10 Years,20,1996,2900,0,0.0
144.89553189399498,-37.73855299989117,45802,45130,38348,KEILOR_RD SE of BIRDWOOD_ST,INTERSECTION,All Moves,KEILOR RD NR BIRDWOOD ST,5592,KEILOR ROAD,KEILOR ROAD,SCATS,Scats,Between 5 and 10 Years,8,2008,9300,0,0.0
144.98339310207027,-37.79886491025656,45845,45551,39819,JOHNSTON ST W of SMITH ST,INTERSECTION,All Moves,JOHNSTON ST & SMITH ST,5853,JOHNSTON STREET,JOHNSTON STREET,TMVMT,Manual,Greater than 10 Years,31,1985,13000,600,0.04
144.96213190686143,-37.701297832044666,45848,45052,42246,JUKES RD E OF SYDNEY RD,INTERSECTION,All Moves,SYDNEY RD/JUKES RD,9999,Missing Data,JUKES ROAD,SCATS,Scats,Greater than 10 Years,19,1997,3700,0,0.0
145.22877908256095,-37.82194480000511,45853,45553,39703,MAFFRA ST NW of CITY RD,INTERSECTION,All Moves,CITY RD & IRELAND ST & MAFFRA ST,9999,Missing Data,IRELAND STREET,TMVMT,Manual,Greater than 10 Years,28,1988,14000,450,0.03
145.2300710860455,-37.80472308245002,45854,45054,44578,LOUGHNAN RD SW of WARRANDYTE RD,INTERSECTION,All Moves,WARRANYDTE RD/LOUGHNAN RD,9999,Missing Data,LOUGHNAN ROAD,SCATS,Scats,Between 2 and 5 Years,2,2014,12000,0,0.0
144.9896752095466,-37.86515192567751,45859,45555,51804,INKERMAN ST W of CHAPEL ST,INTERSECTION,All Moves,CHAPEL ST & INKERMAN ST,9999,Missing Data,INKERMAN STREET,TMVMT,Manual,Greater than 10 Years,30,1986,8700,0,0.0
144.8927807028668,-37.73749960624402,45867,45152,45444,KEILOR RD SE OF HOFFMANS RD,INTERSECTION,All Moves,KEILOR RD/HOFFMANS RD/TREADWELL RD,5592,KEILOR ROAD,KEILOR ROAD,SCATS,Scats,Less than 2 Years,0,2016,0,0,0.0
145.05237689650272,-37.9575137800348,45881,45157,46390,KAREN ST E OF NEPEAN HWY,INTERSECTION,Left Missing,NEPEAN HWY/BAY RD/KAREN ST,9999,Missing Data,KAREN STREET,SCATS,Scats,Greater than 10 Years,11,2005,7500,0,0.0
145.0342249090943,-37.766950563343855,45885,45564,37911,LIVINGSTONE ST W OF ORIEL RD,INTERSECTION,All Moves,ORIEL RD/LIVINGSTONE ST,5745,LIVINGSTONE STREET,LIVINGSTONE STREET,SCATS,Scats,Greater than 10 Years,0,0,0,0,0.0
145.1678667213108,-37.96076828126046,45923,45577,37264,LIGHTWOOD RD NW OF CORRIGAN RD DEPARTURE,INTERSECTION,All Moves,CORRIGAN RD N OF LIGHTWOOD RD DEPARTURE,9999,Missing Data,LIGHTWOOD ROAD,TMVMT,Manual,Greater than 10 Years,0,0,0,0,0.0
144.77886994284555,-37.71291368223902,45930,45579,40336,KINGS RD SW OF THE LAKES ACCESS,INTERSECTION,All Moves,KINGS RD/SHOPPING CENTRE ACCESS S OF MELTON HWY/THE LAKES ACCESS,5009,KINGS ROAD,KINGS ROAD,SCATS,Scats,Between 2 and 5 Years,5,2011,8900,0,0.0
145.13800575555203,-37.77159171795634,45933,45080,49434,KING ST W bd btwn Williamsons Rd and Ballamore Cres,INTERSECTION,All Moves,SITE_NO: 44||SITE DESC: KING ST BTWN WILLIAMSONS RD AND BALLAMORE CRES,5353,KING STREET,KING STREET,MOTSV,Manual,Greater than 10 Years,0,0,0,0,0.0
145.21529106659602,-37.99147097036944,45953,45181,47300,PRINCES HIGHWAY NWBD NW OF WEBSTER ST,INTERSECTION,All Moves,PRINCES HIGHWAY SSE OF WEBSTER ST,2510,PRINCES HIGHWAY EAST,LONSDALE STREET,TMVMT,Manual,Greater than 10 Years,0,0,0,0,0.0
145.0734246051136,-37.949363015642575,45974,45094,54160,KEYS RD W bd btwn Warrigal Hwy and Freighter Road,INTERSECTION,All Moves,SITE_NO: 43||SITE DESC: KEYS RD BTWN WARRIGAL HWY AND FREIGHTER ROAD,5313,WICKHAM-KEYS ROAD,KEYS ROAD,MOTSV,Manual,Greater than 10 Years,0,0,0,0,0.0
145.27196291587467,-37.913403373410986,45980,45596,41460,NAPOLEON RD S OF KELLETTS RD,INTERSECTION,All Moves,KELLETS RD/NAPOLEON RD,5428,KELLETTS ROAD,KELLETTS ROAD,SCATS,Scats,Less than 2 Years,0,2016,8600,0,0.0
144.89551461192394,-37.73854638026126,45999,45199,54098,KEILOR_RD SE of BIRDWOOD_ST,INTERSECTION,All Moves,KEILOR RD NR BIRDWOOD ST,5592,KEILOR ROAD,KEILOR ROAD,SCATS,Scats,Between 5 and 10 Years,8,2008,9400,0,0.0
144.8505096072057,-37.73789288709729,41026,41216,35578,KEILOR PARK DR SE OF WESTERN RING RD,INTERSECTION,All Moves,KEILOR PARK DR/WESTERN RING RD,5054,KEILOR PARK DRIVE,KEILOR PARK DRIVE,SCATS,Scats,Greater than 10 Years,0,0,0,0,0.0
145.0378350120035,-37.76733784611703,41037,41416,29932,LIVINGSTONE ST E OF ORIEL RD,INTERSECTION,All Moves,ORIEL RD/LIVINGSTONE ST,5745,LIVINGSTONE STREET,LIVINGSTONE STREET,SCATS,Scats,Greater than 10 Years,0,0,0,0,0.0
144.99793290780664,-37.800327425493926,41052,41424,31926,JOHNSTON ST E OF NICHOLSON ST,INTERSECTION,Not representative,JOHNSTON ST/NICHOLSON ST,5853,JOHNSTON STREET,JOHNSTON STREET,SCATS,Scats,Greater than 10 Years,0,0,0,0,0.0
146.9374794657304,-36.15742033847012,41071,41238,41334,KIEWA VALLEY HWY NWBD 200M S/E BARANDUDA DRIVE @ 7.4KM FROM WODONGA,MIDBLOCK,All Moves,KIEWA VALLEY HWY 200M S/E BARANDUDA DRIVE @ 7.4KM FROM WODONGA,2790,KIEWA VALLEY HIGHWAY,KIEWA VALLEY HIGHWAY,APARX,Classification,Less than 2 Years,1,2015,3800,270,0.07
144.2299645967931,-37.600155439487835,41094,41445,33795,OLD INGLIS STREET W BD BTWN OLD MELBOURNE ROAD & GEELONG-BALLAN ROAD,MIDBLOCK,All Moves,OLD INGLIS STREET BTWN GEELONG-BALLAN ROAD & OLD MELBOURNE ROAD,5067,OLD MELBOURNE ROAD,INGLIS STREET,APARX,Classification,Less than 2 Years,1,2015,1500,100,0.07
145.04951816364004,-36.21977249792207,41097,41251,30300,KYABRAM NATHALIA RD N BD 2.2 KM. S OF MURRAY VALLEY HWY @ 10.1KM FROM KYABRAM,MIDBLOCK,All Moves,KYABRAM NATHALIA RD 2.2 KM. S OF MURRAY VALLEY HWY @ 10.1KM FROM KYABRAM,5362,KYABRAM-NATHALIA ROAD,JOHN ALLAN ROAD,APARX,Classification,Between 2 and 5 Years,3,2013,290,50,0.19
146.5138448172235,-38.204210790598566,41125,41461,32645,PRINCES HWY SWBD SW of KOSCIUSKO ST,INTERSECTION,All Moves,KOSCIUSKO ST N OF PRINCES HWY,9999,Missing Data,LODGE DRIVE,TMVMT,Manual,Greater than 10 Years,0,0,0,0,0.0
145.25774019720893,-38.0504647896626,41130,41267,30442,LYNBROOK_BVD NE OF STH GIPPSLAND_HWY,INTERSECTION,Left Missing,"SOUTH GIPPSLAND HWY/LYNBROOK BLVD
",9999,Missing Data,LYNBROOK BOULEVARD,SCATS,Scats,Between 2 and 5 Years,4,2012,2900,0,0.0
145.09561880141223,-37.95540360734887,41145,41275,30645,KINGSTON RD W of OLD DANDENONG RD DEPARTURE,INTERSECTION,All Moves,KINGSTON RD E OF OLD DANDENONG RD DEPARTURE,5970,HEATHERTON ROAD,KINGSTON ROAD,TMVMT,Manual,Greater than 10 Years,0,0,0,0,0.0
145.09841769878238,-37.955747385259805,41162,41479,38078,KINGSTON RD E OF OLD DANDENONG RD DEPARTURE,INTERSECTION,All Moves,OLD DANDENONG RD N OF KINGSTON RD DEPARTURE,5970,HEATHERTON ROAD,KINGSTON ROAD,TMVMT,Manual,Greater than 10 Years,0,0,0,0,0.0
145.12626095721717,-37.703830237382014,41237,41319,43020,KARINGAL DR W OF WEIDLICH RD,INTERSECTION,All Moves,KARINGAL DR/WEIDLICH RD,5722,KARINGAL DRIVE,KARINGAL DRIVE,SCATS,Scats,Greater than 10 Years,0,0,0,0,0.0
145.14323021028807,-37.990719035364734,41258,41829,36203,LOWER DANDENONG RD W of CENTRE DANDENONG RD DEPARTURE,INTERSECTION,All Moves,LOWER DANDENONG RD E OF CENTRE DANDENONG RD DEPARTURE,2050,STATE (LOWER DANDENONG/CHELTENHAM) HIGHWAY,LOWER DANDENONG ROAD,TMVMT,Manual,Greater than 10 Years,0,0,0,0,0.0
145.01095860512083,-37.6649388167764,41273,41337,37006,KINGSWAY DR E OF EDGARS RD,INTERSECTION,All Moves,EDGARS RD/KINGSWAY DR,9999,Missing Data,KINGSWAY DRIVE,SCATS,Scats,Between 2 and 5 Years,5,2011,5300,0,0.0
144.92270489781635,-37.29288328041332,41309,41854,36456,KILMORE-LANCEFIELD RD E BD 150M W OF KINGS LA,MIDBLOCK,All Moves,KILMORE-LANCEFIELD RD 150M W OF KINGS LA,5393,KILMORE-LANCEFIELD ROAD,KILMORE-LANCEFIELD ROAD,APARX,Classification,Between 2 and 5 Years,3,2013,1100,150,0.13
144.94064198595044,-37.5921613553092,41353,41608,40960,KINGSWOOD DR W OF HUME FWY,INTERSECTION,All Moves,HUME FWY / KINGSWOOD DR,9999,Missing Data,KINGSWOOD DRIVE,SCATS,Scats,Greater than 10 Years,0,0,0,0,0.0
144.883142840979,-37.73369064221031,41412,41392,39896,CALDER FWY ON RAMP NW OF KEILOR RD DEPARTURE,INTERSECTION,On Ramp,CALDER FWY OFF RAMP NE OF KEILOR RD DEPARTURE,7060,7811F 2530F,KEILOR-CALDER OUT RAMP ON,TMVMT,Manual,Greater than 10 Years,0,0,0,0,0.0
144.2433723081217,-36.79674172302808,41413,41907,37354,BENDIGO-MARYBOROUGH RD E BD BTW CALDER HWY & NEIL ST,MIDBLOCK,All Moves,BENDIGO-MARYBOROUGH RD BTW CALDER HWY & NEIL ST,5200,BENDIGO-MARYBOROUGH ROAD,LOCKWOOD ROAD,APARX,Classification,Between 2 and 5 Years,3,2013,4800,390,0.08
144.39077786562223,-38.25532638390255,41422,41909,33432,LOWER DUNEED ROAD WEST BD EAST OF SCH.,MIDBLOCK,All Moves,LOWER DUNEED ROAD EAST BD EAST OF SCH.,5008,LOWER DUNEED ROAD,LOWER DUNEED ROAD,APARX,Classification,Greater than 10 Years,0,0,0,0,0.0
144.78275874461747,-37.69342857848844,41435,41621,34532,KINGS RD N OF MELTON HWY,INTERSECTION,All Moves,MELTON HWY/KINGS RD,5009,KINGS ROAD,KINGS ROAD,SCATS,Scats,Greater than 10 Years,0,0,0,0,0.0
144.9784696123057,-37.79833763148573,41445,41623,36590,JOHNSTON ST E OF NICHOLSON ST,INTERSECTION,All Moves,ELGIN ST & JOHNSTON ST & NICHOLSON ST,5853,JOHNSTON STREET,JOHNSTON STREET,TMVMT,Manual,Greater than 10 Years,0,0,0,0,0.0
144.55221169767486,-38.173932000566666,41458,41626,31999,JETTY RD S OF CENTENNIAL BVD,INTERSECTION,All Moves,JETTY RD/WYNDHAM ST/CENTENNIAL BVD,9999,Missing Data,JETTY ROAD,SCATS,Scats,Greater than 10 Years,0,0,0,0,0.0
144.81874838308957,-37.818386917038126,41476,41632,33465,LITTLE BOUNDARY ROAD SEBd btwn BOUNDARY ROAD & PRINCES FREEWAY WEST,MIDBLOCK,All Moves,LITTLE BOUNDARY ROAD BTWN PRINCES FREEWAY WEST & BOUNDARY ROAD,5448,LITTLE BOUNDARY ROAD,LITTLE BOUNDARY ROAD,APARX,Classification,Greater than 10 Years,0,0,0,0,0.0
144.97189219188266,-37.77039749572371,41484,41725,33313,LYGON ST S OF VICTORIA ST,INTERSECTION,All Moves,LYGON ST & VICTORIA ST,9999,Missing Data,LYGON STREET,TMVMT,Manual,Greater than 10 Years,0,0,0,0,0.0
145.0907286113828,-37.96970209939487,41492,41728,37755,KING ST W OF DANDENONG VALLEY HWY,INTERSECTION,Incomplete Through,DANDENONG VALLEY HWY & KING ST,9999,Missing Data,KINGSTON CENTRAL BOULEVARD,TMVMT,Manual,Greater than 10 Years,0,0,0,0,0.0
144.77886994284555,-37.71291368223902,41493,41928,33532,KINGS RD S OF MELTON HWY DEPARTURE,INTERSECTION,All Moves,KINGS RD N OF MELTON HWY DEPARTURE,5009,KINGS ROAD,KINGS ROAD,TMVMT,Manual,Greater than 10 Years,0,0,0,0,0.0
145.119813963053,-37.973309183789,41501,41731,38084,OLD DANDENONG RD SE of BOUNDARY RD DEPARTURE,INTERSECTION,All Moves,BOUNDARY RD N OF OLD DANDENONG RD DEPARTURE,9999,Missing Data,KINGSTON DRIVE,TMVMT,Manual,Greater than 10 Years,0,0,0,0,0.0
145.57609365851005,-38.5739054772726,41524,41739,41333,LOCH-WONTHAGGI RD S BD 200M N OF BASS HWY,MIDBLOCK,All Moves,LOCH-WONTHAGGI RD 200M N OF BASS HWY,9999,Missing Data,LOCH-WONTHAGGI ROAD,APARX,Classification,Greater than 10 Years,15,2001,340,30,0.1
144.2323233110903,-36.715473131266926,41540,41943,36151,LODDON VALLEY HWY W OF LEGGO ST,INTERSECTION,All Moves,HOPKINS AV & LEGGO ST & LODDON VALLEY HWY,2630,LODDON VALLEY HIGHWAY,LODDON VALLEY HIGHWAY,TMVMT,Manual,Greater than 10 Years,0,0,0,0,0.0
144.27565948725527,-36.765641285690336,41574,41757,36543,KING ST NE OF MYRTLE ST DEPARTURE,INTERSECTION,All Moves,MYRTLE ST NW OF KING ST DEPARTURE,9999,Missing Data,KING STREET,TMVMT,Manual,Greater than 10 Years,0,0,0,0,0.0
144.27565948725527,-36.765641285690336,41578,41758,38385,KING ST SW OF MYRTLE ST,INTERSECTION,All Moves,KING ST & MYRTLE ST,9999,Missing Data,KING STREET,TMVMT,Manual,Greater than 10 Years,0,0,0,0,0.0
145.74041940582575,-38.62577205711983,41580,41955,32648,INVERLOCH-VENUS BAY RD W OF CUTTRISS ST,INTERSECTION,All Moves,INVERLOCH-VENUS BAY RD & CURTISS ST,5662,INVERLOCH-VENUS BAY ROAD,INVERLOCH-VENUS BAY ROAD,TMVMT,Manual,Greater than 10 Years,0,0,0,0,0.0
144.3527219743569,-38.14692689446684,41596,41961,32651,LATROBE TCE S OF ABERDEEN ST DEPARTURE,INTERSECTION,Incomplete Through,LATROBE TCE N OF ABERDEEN ST DEPARTURE,2800,CORIO-WAURN PONDS ROAD,LATROBE TERRACE,TMVMT,Manual,Greater than 10 Years,0,0,0,0,0.0
144.99624930368927,-37.865967377618574,41609,41769,33679,INKERMAN_ST E OF WESTBURY_ST,INTERSECTION,All Moves,INKERMAN ST/WESTBURY ST,9999,Missing Data,INKERMAN STREET,SCATS,Scats,Greater than 10 Years,13,2003,8400,0,0.0
146.71350931259255,-37.874929345723295,41610,41676,31048,LICOLA RD N BD 400M W OF THE CRESCENT @ 5.4KM FROM GLENMAGGIE,MIDBLOCK,All Moves,LICOLA RD 400M W OF THE CRESCENT @ 5.4KM FROM GLENMAGGIE,5954,LICOLA ROAD,LICOLA ROAD,APARX,Classification,Between 2 and 5 Years,2,2014,40,10,0.28
144.92287569705692,-37.7799702216941,41628,41775,32397,KENT ST E OF ASCOT VALE RD,INTERSECTION,All Moves,ASCOT VALE RD/KENT ST,9999,Missing Data,KENT STREET,SCATS,Scats,Greater than 10 Years,13,2003,2800,0,0.0
145.49154914966644,-38.08600230433933,41638,41686,43203,KOO WEE RUP RD N BD 800M S OF BALD HILL RD,MIDBLOCK,All Moves,KOO WEE RUP RD 800M S OF BALD HILL RD,5770,HEALESVILLE-KOO-WEE-RUP ROAD,KOO WEE RUP ROAD,APARX,Classification,Greater than 10 Years,15,2001,3000,390,0.13
147.1204237472952,-38.175491627305504,41646,41781,40856,LONGFORD-LOCH SPORT RD W BD 3.5KM E OF SOUTH GIPPSLAND HWY @ 48.5KM FROM LOCH SP,MIDBLOCK,All Moves,LONGFORD-LOCH SPORT RD 3.5KM E OF SOUTH GIPPSLAND HWY @ 48.5KM FROM LOCH SP,5915,LONGFORD-LOCH SPORT ROAD,LONGFORD-LOCH SPORT ROAD,APARX,Classification,Greater than 10 Years,15,2001,430,60,0.14
145.07228511622415,-37.682438744918336,41701,42000,36980,JANEFIELD DR E OF PLENTY RD,INTERSECTION,All Moves,PLENTY RD/CLEMENTS DR/JANEFIELD DR,9999,Missing Data,JANEFIELD DRIVE,SCATS,Scats,Between 2 and 5 Years,4,2012,3400,0,0.0
145.71162569667754,-38.366035588702175,41721,41007,34448,LOCH-POOWONG RD S BD 900M N OF SOUTH GIPPSLAND HWY,MIDBLOCK,All Moves,LOCH-POOWONG RD 900M N OF SOUTH GIPPSLAND HWY,9999,Missing Data,LOCH-POOWONG ROAD,APARX,Classification,Greater than 10 Years,16,2000,400,40,0.12
145.11472271374564,-37.98728933555376,41735,41112,41048,LOWER DANDENONG RD W OF HOWARD RD,INTERSECTION,All Moves,LOWER DANDENONG RD/HOWARD RD,2050,STATE (LOWER DANDENONG/CHELTENHAM) HIGHWAY,LOWER DANDENONG ROAD,SCATS,Scats,Greater than 10 Years,0,0,0,0,0.0
144.85148646053895,-37.72019097977197,41740,41514,41222,KEILOR PARK DR SW OF THOMSONS RD,INTERSECTION,All Moves,KEILOR PARK DR / THOMSONS RD,5054,KEILOR PARK DRIVE,KEILOR PARK DRIVE,SCATS,Scats,Between 2 and 5 Years,3,2013,19000,0,0.0
144.8069206077649,-37.846943169999115,41770,41524,31792,ACCESS RD S OF KOKOROIT CREEK RD,INTERSECTION,All Moves,KOKOROIT CREEK RD/ACCESS RD,5833,KOROROIT CREEK ROAD,KOROROIT CREEK ROAD,SCATS,Scats,Greater than 10 Years,0,0,0,0,0.0
144.94744530634082,-37.82673900183647,41802,41034,31722,WEST GATE FWY OFFRAMP E OF MONTAGUE ST,INTERSECTION,All Moves,MONTAGUE ST/WEST GATE FWY,7106,2510B 2820F,KINGS-WEST GATE OUT RAMP ON,SCATS,Scats,Greater than 10 Years,0,0,0,0,0.0
143.536635336714,-38.78252185856878,41824,41542,35317,OTWAY LIGHTHOUSE ROAD SOUTH BD SOUTH OF GOR,MIDBLOCK,All Moves,OTWAY LIGHTHOUSE ROAD NORTH BD SOUTH OF GOR,4901,OTWAY LIGHTHOUSE ROAD,LIGHTHOUSE ROAD,APARX,Classification,Greater than 10 Years,0,0,0,0,0.0
145.48702201901764,-38.092257729179934,41827,41543,38398,PRINCES FWY E BD OFF RAMP W OF KOO WEE RUP RD DEPARTURE,INTERSECTION,Off Ramp,KOO WEE RUP RD N OF PRINCES FWY RAMPS DEPARTURE,7585,5770B 2510R,KOO WEE RUP-PRINCES IN RAMP ON,TMVMT,Manual,Greater than 10 Years,0,0,0,0,0.0
145.3423290025902,-37.75725397375353,41837,41146,40500,JOHN ST E OF MAROONDAH HWY,INTERSECTION,All Moves,JOHN ST & MAROONDAH HWY,9999,Missing Data,JOHN STREET,TMVMT,Manual,Greater than 10 Years,20,1996,0,0,0.0
144.9681374727859,-37.79374569907441,41838,41046,43026,LYGON ST N BD RIGHT TURN TO PRINCES ST OD:32,INTERSECTION,Incomplete Through,LYGON ST LEFT TURN TO PRINCES ST OD:12,9999,Missing Data,LYGON STREET,MOTSV,Manual,Greater than 10 Years,0,0,0,0,0.0
145.485247978217,-38.11559229953278,41872,41057,32544,KOO WEE RUP RD S OF PRINCES FWY W BD RAMPS DEPARTURE,INTERSECTION,All Moves,KOO WEE RUP RD N OF PRINCES FWY RAMPS DEPARTURE,5770,HEALESVILLE-KOO-WEE-RUP ROAD,KOO WEE RUP ROAD,TMVMT,Manual,Greater than 10 Years,0,0,0,0,0.0
145.01966789344291,-37.86151589535705,41884,41061,40205,KOOYONG RD S OF WATTLETREE RD,INTERSECTION,All Moves,KOOYONG RD/WATTLETREE RD,9999,Missing Data,KOOYONG ROAD,SCATS,Scats,Greater than 10 Years,13,2003,7300,0,0.0
144.3442455030091,-38.18569619997261,41908,41069,32866,KIDMAN AV W OF SURF COAST HWY DEPARTURE,INTERSECTION,All Moves,SURF COAST HWY N OF KIDMAN AV DEPARTURE,9999,Missing Data,KIDMAN AVENUE,TMVMT,Manual,Greater than 10 Years,0,0,0,0,0.0
145.37915820123362,-37.724666871297096,41929,41579,35448,KILLARA RD E OF MAROONDAH HWY,INTERSECTION,All Moves,MAROONDAH HWY & STATION ST & KILLARA RD,9999,Missing Data,KILLARA ROAD,TMVMT,Manual,Greater than 10 Years,0,0,0,0,0.0
144.95979276625246,-37.81300303958328,41930,41076,33187,QUEEN ST S OF LONSDALE ST DEPARTURE,INTERSECTION,All Moves,QUEEN ST N OF LONSDALE ST DEPARTURE,9999,Missing Data,LONSDALE STREET,TMVMT,Manual,Greater than 10 Years,0,0,0,0,0.0
144.29748153558924,-36.73965355429359,41932,41580,35859,KNIGHT ST NW OF MIDLAND HWY DEPARTURE,INTERSECTION,All Moves,MIDLAND HWY NE OF POWELL ST DEPARTURE,9999,Missing Data,KNIGHT STREET,TMVMT,Manual,Greater than 10 Years,0,0,0,0,0.0
145.04398548723677,-37.904713800155406,41976,41191,32979,JASPER RD S BD S OF NORTH RD,INTERSECTION,All Moves,GRANGE RD N OF NORTH RD,5847,JASPER ROAD,JASPER ROAD,TMVMT,Manual,Greater than 10 Years,16,2000,9800,260,0.03
145.3096203336152,-37.76038500346936,41981,41597,36139,KIMBERLEY DR NW OF MAROONDAH HWY DEPARTURE,INTERSECTION,All Moves,MAROONDAH HWY NE OF KIMBERLEY DR DEPARTURE,9999,Missing Data,KIMBERLEY DRIVE,TMVMT,Manual,Greater than 10 Years,0,0,0,0,0.0
145.53992300332294,-38.30910417923838,46037,46314,52650,JETTY LANE E BD 100M W OF BASS HWY @ 1.6KM FROM LANG LANG BEACH,MIDBLOCK,All Moves,JETTY LANE 100M W OF BASS HWY @ 1.6KM FROM LANG LANG BEACH,9999,Missing Data,JETTY ROAD,APARX,Classification,Greater than 10 Years,18,1998,30,0,0.16
144.84282216895951,-37.82674809628015,46091,46215,51984,WGF/MILLERS ROAD WEST OUTBOUND,INTERSECTION,All Moves,SVO_Map_LTD:224||SITE DESC: WRR/MARIBYNONG RIVER NORTH CLMON NWCL,9999,Missing Data,IRWIN AVENUE,INDET,Freeway Data Station,Greater than 10 Years,18,1998,68000,0,0.0
144.98456171019228,-37.7989892164865,46109,46331,8235,JOHNSTON ST 15M BEFORE SMITH ST,INTERSECTION,Scheduled PubTpt Bus flow,JOHNSTON ST 15M BEFORE SMITH ST,5853,JOHNSTON STREET,JOHNSTON STREET,PUBTT,Other,Greater than 10 Years,0,0,0,0,0.0
144.95991777315774,-37.82556655081356,46122,46335,45513,KINGSWAY NW of CITY RD,INTERSECTION,Incomplete Through,CITY RD & KINGSWAY & QUEENSBRIDGE ST,2510,PRINCES HIGHWAY EAST,KINGS WAY,TMVMT,Manual,Greater than 10 Years,0,0,0,0,0.0
144.91661192637997,-37.68506568175828,46139,46340,50776,JOHNSTONE ST NW of PEARCEDALE PDE,INTERSECTION,All Moves,BAMBURGH ST & JOHNSTONE ST & PEARCEDALE PDE,9999,Missing Data,JOHNSTONE STREET,TMVMT,Manual,Greater than 10 Years,30,1986,15000,0,0.0
144.93107681752207,-37.82170906300812,46141,46628,34636,LORIMER ST E OF GRAHAM ST,INTERSECTION,All Moves,LORIMER ST/GRAHAM ST,5597,LORIMER STREET,LORIMER STREET,SCATS,Scats,Greater than 10 Years,11,2005,0,0,0.0
145.04458318857075,-37.72268881162408,46158,46850,31903,KINGSBURY DR NW OF RING RD,INTERSECTION,All Moves,KINGSBURY DR/RING RD,5740,KINGSBURY DRIVE,KINGSBURY DRIVE,SCATS,Scats,Greater than 10 Years,0,0,0,0,0.0
145.22877908256095,-37.82194480000511,46191,46240,45882,CITY RD SW of MAFFRA ST,INTERSECTION,All Moves,CITY RD & IRELAND ST & MAFFRA ST,9999,Missing Data,IRELAND STREET,TMVMT,Manual,Greater than 10 Years,28,1988,17000,1700,0.1
145.1660487010417,-37.85593939976566,46200,46242,41769,LAKESIDE DR S OF BURWOOD HWY,INTERSECTION,All Moves,BURWOOD HWY/LAKESIDE DR/WOODVALE CRT,9999,Missing Data,LAKESIDE DRIVE,SCATS,Scats,Between 2 and 5 Years,4,2012,4100,0,0.0
145.29711465744305,-37.82490538413805,46211,46645,54560,LEIGHTON RD S OF CANTERBURY RD,INTERSECTION,All Moves,CANTERBURY RD/GATWICK RD/LEIGHTON RD,9999,Missing Data,LEIGHTON ROAD,SCATS,Scats,Greater than 10 Years,12,2004,530,0,0.0
144.96382555961395,-37.82959286222993,46216,46360,35188,KINGS WAY SE OF WESTGATE FWY OFFRAMP,INTERSECTION,All Moves,KINGS WAY/WESTGATE FWY,2510,PRINCES HIGHWAY EAST,KINGS WAY,SCATS,Scats,Between 2 and 5 Years,5,2011,53000,0,0.0
145.2787216210212,-37.91937218033927,46219,46866,32472,KELLETTS RD SE OF NAPOLEON RD,INTERSECTION,All Moves,KELLETS RD/NAPOLEON RD,5428,KELLETTS ROAD,KELLETTS ROAD,SCATS,Scats,Between 2 and 5 Years,5,2011,4200,0,0.0
144.93744115126873,-37.825769053240975,46224,46867,38587,WEST GATE FWY W BD E OF WESTERN LINK (AT INGLES ST) MAINLINE+AUXILLARY,INTERSECTION,All Moves,WEST GATE FWY E OF WESTERN LINK (AT INGLES ST) MAINLINE+RAMPS,9999,Missing Data,INGLES STREET,MOTSV,Manual,Between 2 and 5 Years,4,2012,104000,11000,0.11
145.0491321810677,-37.919858100022495,46236,46651,33600,CENTRE RD BTW TUCKER RD & JASPER RD,INTERSECTION,All Moves,CENTRE RD BTW TUCKER RD & JASPER RD,9999,Missing Data,JEFFREY STREET,LASPD,Other,Greater than 10 Years,0,0,0,0,0.0
145.17127230900252,-37.96330949176694,46239,46652,36588,LIGHTWOOD RD SE OF CORRIGAN RD DEPARTURE,INTERSECTION,All Moves,CORRIGAN RD N OF LIGHTWOOD RD DEPARTURE,9999,Missing Data,LIGHTWOOD ROAD,TMVMT,Manual,Greater than 10 Years,0,0,0,0,0.0
145.05516379931643,-37.90179647878588,46244,46367,36920,LEILA RD W OF KOORNANG RD,INTERSECTION,All Moves,KOORNANG RD & LEILA RD,9999,Missing Data,LEILA ROAD,TMVMT,Manual,Greater than 10 Years,0,0,0,0,0.0
145.067248789943,-37.765254698541845,46268,46659,34455,LOWER HEIDELBERG RD N BD S OF BANKSIA ST,INTERSECTION,All Moves,LOWER HEIDELBERG RD S OF BANKSIA ST,5762,MAIN HEIDELBERG-ELTHAM ROAD,LOWER HEIDELBERG ROAD,MOTSV,Manual,Between 2 and 5 Years,5,2011,19000,560,0.03
144.7400222400371,-37.87381025699301,46271,46879,52774,PRINCES FWY WEST EAST OF FORSYTH RD OUTBOUND,INTERSECTION,Missing Data,SVO_Map_LTD:480||SITE DESC: PENLINK/SKYE RD,9999,Missing Data,LINMAX COURT,INDET,Freeway Data Station,Greater than 10 Years,0,0,0,0,0.0
146.55241274587863,-38.19231958974934,46299,46266,32419,CAR PARK ENTRY W OF DEAKIN ST DEPARTURE,UNDEFINED,All Moves,DEAKIN ST N OF CAR PARK ENTRY DEPARTURE,9999,Missing Data,LIDDIARD ROAD,TMVMT,Manual,Greater than 10 Years,0,0,0,0,0.0
144.83366090744272,-37.84999145833388,46309,46384,36903,KOROROIT CREEK RD W OF MILLERS RD DEPARTURE,INTERSECTION,All Moves,MILLERS RD N OF KOROROIT CREEK RD DEPARTURE,5833,KOROROIT CREEK ROAD,KOROROIT CREEK ROAD,TMVMT,Manual,Greater than 10 Years,0,0,0,0,0.0
144.24491867391197,-36.75995560647494,46314,46891,43989,SPECIMEN HILL RD S OF CALDER HWY DEPARTURE,INTERSECTION,All Moves,INGLIS ST NE OF CALDER HWY DEPARTURE,5835,GOLDEN SQUARE-LONG GULLY ROAD,INGLIS STREET,TMVMT,Manual,Greater than 10 Years,16,2000,2700,160,0.06
145.11472271374564,-37.98728933555376,46316,46269,36472,LOWER DANDENONG RD E OF BOUNDARY RD,INTERSECTION,All Moves,BOUNDARY RD/LOWER DANDENONG RD,2050,STATE (LOWER DANDENONG/CHELTENHAM) HIGHWAY,LOWER DANDENONG ROAD,SCATS,Scats,Greater than 10 Years,0,0,0,0,0.0
145.88465657727008,-38.18666498545559,46322,46387,30678,LARDNERS TRK S OF DROUIN-WARRAGUL RD DEPARTURE,INTERSECTION,All Moves,LARDNERS TRK N OF DROUIN-WARRAGUL RD DEPARTURE,9999,Missing Data,LARDNERS TRACK,TMVMT,Manual,Greater than 10 Years,0,0,0,0,0.0
145.05756201631695,-37.88659530177022,46334,46675,36649,KOORNANG RD S BD BTW EGAN ST & ROSSTOWN RD,MIDBLOCK,All Moves,KOORNANG RD BTW EGAN ST & ROSSTOWN RD,9999,Missing Data,KOORNANG ROAD,APARX,Classification,Between 2 and 5 Years,5,2011,7000,370,0.05
142.78894786465597,-37.09010674102496,46353,46396,35127,LONDON RD S BD BTW WESTERN HWY & MOSSMAN RD,MIDBLOCK,All Moves,LONDON RD BTW WESTERN HWY & MOSSMAN RD,5249,ARARAT-STAWELL ROAD,LONDON ROAD,APARX,Classification,Between 2 and 5 Years,4,2012,610,40,0.08
144.9729766673007,-37.76438429980356,46356,46397,34311,LYGON ST S OF ALBION ST DEPARTURE,INTERSECTION,All Moves,HOLMES ST N OF ALBION ST DEPARTURE,9999,Missing Data,LYGON STREET,TMVMT,Manual,Greater than 10 Years,0,0,0,0,0.0
145.108906502423,-37.98657269627045,46373,46286,37616,LOWER DANDENONG RD W BD BTW SIBTHORPE ST & BOUNDARY RD,INTERSECTION,All Moves,LOWER DANDENONG RD BTW SIBTHORPE ST & BOUNDARY RD,2050,STATE (LOWER DANDENONG/CHELTENHAM) HIGHWAY,LOWER DANDENONG ROAD,MOTSV,Manual,Greater than 10 Years,0,0,0,0,0.0
144.82753820694649,-37.782414235178415,46380,46691,32912,KING EDWARD AV W OF ANDERSON RD,INTERSECTION,All Moves,ANDERSON RD & KING EDWARD AV,9999,Missing Data,KING EDWARD AVENUE,TMVMT,Manual,Greater than 10 Years,0,0,0,0,0.0
144.97244990887813,-37.76734790310866,46382,46291,32061,LYGON ST S OF BLYTH ST,INTERSECTION,All Moves,BLYTH ST & LYGON ST,9999,Missing Data,LYGON STREET,TMVMT,Manual,Greater than 10 Years,0,0,0,0,0.0
144.84960695970042,-37.72554159816083,46402,46701,33947,KEILOR PARK DR S OF CALDER FWY EAST BND RAMPS,INTERSECTION,All Moves,CALDER FWY EAST BND RAMPS & KEILOR PARK DR,5054,KEILOR PARK DRIVE,KEILOR PARK DRIVE,TMVMT,Manual,Greater than 10 Years,0,0,0,0,0.0
145.2255901823469,-37.80610015309255,46408,46703,31502,LOUGHNAN RD NEBD SW OF AVALON GV,INTERSECTION,All Moves,LOUGHNAN RD NSW OF AVALON GV,9999,Missing Data,LOUGHNAN ROAD,APARX,Classification,Greater than 10 Years,19,1997,8500,0,0.0
144.21369598698166,-37.069870581639336,46422,46907,54140,MIDLAND HWY SWBD BTW ROWE ST & STEWART ST,MIDBLOCK,All Moves,MIDLAND HWY NBTW ROWE ST & STEWART ST,2590,MIDLAND HIGHWAY,JOHNSTONE STREET,APARX,Classification,Between 2 and 5 Years,3,2013,4400,420,0.1
146.40018381202916,-38.20841279676042,46432,46910,44241,MORWELL-YALLOURN NORTH RD S BD 200M S OF OLD MELBOURNE RD @ 1.8KM FROM MORWELL,MIDBLOCK,All Moves,MORWELL-YALLOURN NORTH RD 200M S OF OLD MELBOURNE RD @ 1.8KM FROM MORWELL,5911,MORWELL-YALLOURN NORTH ROAD,LATROBE ROAD,APARX,Classification,Less than 2 Years,1,2015,880,80,0.09
145.40679722269692,-36.07548345156278,46447,46915,42997,KATAMATITE-NATHALIA RD E BD 100M E OF LYONS RD @ 1.7KM FROM GOULBURN VALLEY HIG,MIDBLOCK,All Moves,KATAMATITE-NATHALIA RD 100M E OF LYONS RD @ 1.7KM FROM GOULBURN VALLEY HIG,5401,KATAMATITE-NATHALIA ROAD,KATAMATITE-NATHALIA ROAD,APARX,Classification,Between 2 and 5 Years,3,2013,500,60,0.13
145.21998626256726,-37.92741309276544,46464,46423,40672,JAYDEE CT S OF WELLINGTON RD,INTERSECTION,All Moves,WELLINGTON RD/CORPORATE AVE/JAYDEE COURT,9999,Missing Data,JAYDEE COURT,SCATS,Scats,Between 2 and 5 Years,3,2013,520,0,0.0
144.90921885981277,-38.35601639731268,46490,46731,37136,JETTY RD S OF POINT NEPEAN RD,INTERSECTION,All Moves,POINT NEPEAN RD/JETTY RD/PIER ACCESS,9999,Missing Data,JETTY ROAD,SCATS,Scats,Greater than 10 Years,0,0,0,0,0.0
144.91321092604565,-37.77961022085146,46524,46442,42930,LANGS RD SW OF ESPOM RD,INTERSECTION,All Moves,EPSOM RD/LANGS RD,5600,LANGS ROAD,LANGS ROAD,SCATS,Scats,Less than 2 Years,1,2015,6400,0,0.0
145.25807929479055,-38.05030099835091,46545,46948,45528,LYNBROOK_BVD SW OF STH GIPPSLAND_HWY,INTERSECTION,Left Missing,"SOUTH GIPPSLAND HWY/LYNBROOK BLVD
",9999,Missing Data,LYNBROOK BOULEVARD,SCATS,Scats,Between 2 and 5 Years,4,2012,2200,0,0.0
145.221604728379,-38.01625960190418,46547,46949,54631,LANYON ST S OF GREENS RD,INTERSECTION,All Moves,GREENS RD/LANYON ST/WILLIAMS RD,9999,Missing Data,LANYON STREET,SCATS,Scats,Greater than 10 Years,13,2003,680,0,0.0
144.96723239096187,-37.79898640181403,46554,46951,54590,LYGON ST S OF FARADAY ST,INTERSECTION,All Moves,LYGON ST/FARADAY ST,9999,Missing Data,LYGON STREET,SCATS,Scats,Greater than 10 Years,13,2003,10000,0,0.0
144.94471416311515,-37.83152825903669,46557,46952,45439,INGLES ST SE OF NORMANBY RD,INTERSECTION,All Moves,WILLIAMSTOWN RD/INGLES ST/NORMANBY RD,9999,Missing Data,INGLES STREET,SCATS,Scats,Greater than 10 Years,13,2003,8200,0,0.0
144.76076315432115,-37.500005190278266,46560,46953,49022,MELBOURNE LANCEFIELD RD N BD N OF GELLIES RD,MIDBLOCK,All Moves,MELBOURNE LANCEFIELD RD N OF GELLIES RD,5821,MELBOURNE-LANCEFIELD ROAD,LANCEFIELD ROAD,APARX,Classification,Greater than 10 Years,0,0,0,0,0.0
145.19436196336943,-37.92860240303432,46570,46757,40702,JACKSONS RD S OF WELLINGTON RD,INTERSECTION,All Moves,WELLINGTON RD/JACKSONS RD,5170,JACKSONS ROAD,JACKSONS ROAD,SCATS,Scats,Greater than 10 Years,0,0,0,0,0.0
144.35128140379993,-38.15447853895134,46573,46758,31921,LATROBE_TCE N OF KILGOUR_ST,INTERSECTION,Left Missing,LATROBE TER/KILGOUR ST/NOBLE ST,2800,CORIO-WAURN PONDS ROAD,LATROBE TERRACE,SCATS,Scats,Greater than 10 Years,15,2001,16000,0,0.0
146.48830504546555,-38.30866716274777,46601,46467,37096,JEERALANG NORTH RD S BD 80M S OF CHURCHILL-TRARALGON RD,MIDBLOCK,All Moves,JEERALANG NORTH RD 80M S OF CHURCHILL-TRARALGON RD,9999,Missing Data,JEERALANG NORTH ROAD,APARX,Classification,Between 2 and 5 Years,4,2012,810,70,0.09
146.28535386389424,-38.18602698946774,46642,46108,45270,MOE-GLENGARRY RD S BD 300M S OF TANJIL ST @ 2.2KM FROM MOE,MIDBLOCK,All Moves,MOE-GLENGARRY RD 300M S OF TANJIL ST @ 2.2KM FROM MOE,5539,MOE-GLENGARRY ROAD,JOHN FIELD DRIVE,APARX,Classification,Greater than 10 Years,18,1998,1800,100,0.06
144.78027056685656,-37.700379489535166,46686,46781,36012,THE LAKE ACCESS E OF KINGS RD,INTERSECTION,All Moves,KINGS RD/SHOPPING CENTRE ACCESS S OF MELTON HWY/THE LAKES ACCESS,5009,KINGS ROAD,KINGS ROAD,SCATS,Scats,Between 2 and 5 Years,5,2011,240,0,0.0
144.94321671201706,-37.82475968699912,46696,46018,40179,LORIMER ST SEBD SE OF WHARVES ACCESS RD,INTERSECTION,All Moves,WHARVES ACCESS RD NNE OF LORIMER ST,5597,LORIMER STREET,LORIMER STREET,TMVMT,Manual,Greater than 10 Years,17,1999,31000,2600,0.09
144.9729766673007,-37.76438429980356,46724,46487,32561,LYGON ST S OF ALBION ST,INTERSECTION,All Moves,ALBION ST & HOLMES ST & LYGON ST,9999,Missing Data,LYGON STREET,TMVMT,Manual,Greater than 10 Years,0,0,0,0,0.0
145.68992717980487,-38.42089905759228,46731,46988,42776,LOCH-WONTHAGGI RD S BD 1.2 KM S OF SOUTH GIPPSLAND HWY @ 1.2KM FROM LOCH,MIDBLOCK,All Moves,LOCH-WONTHAGGI RD 1.2 KM S OF SOUTH GIPPSLAND HWY @ 1.2KM FROM LOCH,9999,Missing Data,LOCH-WONTHAGGI ROAD,APARX,Classification,Greater than 10 Years,15,2001,150,10,0.11
146.7815636130952,-37.97389959944499,46733,46023,43558,LICOLA RD N BD 1.6KM N OF HEYFIELD-SEATON RD @ 1.9KM FROM HEYFIELD,MIDBLOCK,All Moves,LICOLA RD 1.6KM N OF HEYFIELD-SEATON RD @ 1.9KM FROM HEYFIELD,5954,LICOLA ROAD,LICOLA ROAD,APARX,Classification,Between 2 and 5 Years,4,2012,220,30,0.13
145.08419539679795,-37.983567989569835,46767,46129,36963,LOWER DANDENONG RD E OF SHOPPING CENTRE ACCESS,INTERSECTION,All Moves,LOWER DANDENONG RD/SHOPPING CENTRE ACCESS,2050,STATE (LOWER DANDENONG/CHELTENHAM) HIGHWAY,LOWER DANDENONG ROAD,SCATS,Scats,Greater than 10 Years,11,2005,13000,0,0.0
145.91117072541383,-38.250002583315045,46779,46031,36931,KORUMBURRA-WARRAGUL RD S OF BONA-VISTA RD,INTERSECTION,All Moves,BONA-VISTA RD & KORUMBURRA-WARRAGUL RD & PFE OFF RAMP & PFE ON RAMP & WARRAGUL-L,5682,KORUMBURRA-WARRAGUL ROAD,KORUMBURRA-WARRAGUL ROAD,TMVMT,Manual,Greater than 10 Years,0,0,0,0,0.0
147.14828371253887,-36.72245869848012,46789,46033,33459,KIEWA VALLEY HIGHWAY S BD BTWN BRIGHT-TAWONGA ROAD & COOLUMBOOKA AVENUE,MIDBLOCK,All Moves,KIEWA VALLEY HIGHWAY BTWN COOLUMBOOKA AVENUE & BRIGHT-TAWONGA ROAD,2790,KIEWA VALLEY HIGHWAY,KIEWA VALLEY HIGHWAY,APARX,Classification,Between 2 and 5 Years,3,2013,1000,90,0.09
144.98459379878253,-37.798992563358205,46805,46135,39064,JOHNSTON ST E of SMITH ST,INTERSECTION,All Moves,JOHNSTON ST & SMITH ST,5853,JOHNSTON STREET,JOHNSTON STREET,TMVMT,Manual,Greater than 10 Years,31,1985,14000,510,0.04
145.79293241393577,-38.108164761854255,46808,47000,53532,LONGWARRY-DROUIN RD W BD 200M W OF SNOWBALL RD,MIDBLOCK,All Moves,LONGWARRY-DROUIN RD 200M W OF SNOWBALL RD,5710,LONGWARRY-DROUIN ROAD,LONGWARRY-DROUIN ROAD,APARX,Classification,Less than 2 Years,1,2015,1100,50,0.05
145.0174691778289,-37.87317229956796,46830,46142,50932,KOOYONG RD S of BALACLAVA RD,INTERSECTION,All Moves,BALACLAVA RD & KOOYONG RD,9999,Missing Data,KOOYONG ROAD,TMVMT,Manual,Greater than 10 Years,30,1986,9400,0,0.0
145.05426035637555,-37.85470455628984,46853,46149,32203,KING ST E OF BURKE RD,INTERSECTION,All Moves,BURKE RD & KING ST,9999,Missing Data,KING STREET,TMVMT,Manual,Greater than 10 Years,0,0,0,0,0.0
146.4385262048469,-38.238699908237926,46859,46051,38196,MARYVALE RD S BD 20M N OF KIRWIN RD,MIDBLOCK,All Moves,MARYVALE RD 20M N OF KIRWIN RD,9999,Missing Data,KIRWIN ROAD,APARX,Classification,Less than 2 Years,1,2015,3900,910,0.23
145.1712722520219,-37.96330945581021,46885,46060,38720,LIGHTWOOD RD NW OF HEATHERTON RD,INTERSECTION,All Moves,HEATHERTON RD/DOUGLAS ST/LIGHTWOOD RD,9999,Missing Data,LIGHTWOOD ROAD,SCATS,Scats,Greater than 10 Years,0,0,0,0,0.0
145.7078915828749,-38.3346222915081,46888,46161,35107,NYORA-POOWONG RD SEBD 550M NW OF OGILVYS RD,MIDBLOCK,All Moves,NYORA-POOWONG RD 550M NW OF OGILVYS RD,5691,LANG LANG-POOWONG ROAD,LANG LANG-POOWONG ROAD,APARX,Classification,Between 2 and 5 Years,3,2013,250,20,0.11
145.28804559894135,-37.84559440493796,46891,46162,30812,LANDSCAPE DR E OF DORSET RD,INTERSECTION,All Moves,DORSET RD/LANDSCAPE DR,9999,Missing Data,LANDSCAPE DRIVE,SCATS,Scats,Greater than 10 Years,0,0,0,0,0.0
145.7078915828749,-38.3346222915081,46893,46063,37094,NYORA-POOWONG RD SWBD 900M NE OF FERRIERS RD,MIDBLOCK,All Moves,NYORA-POOWONG RD N900M NE OF FERRIERS RD,5691,LANG LANG-POOWONG ROAD,LANG LANG-POOWONG ROAD,APARX,Classification,Between 2 and 5 Years,3,2013,220,20,0.09
145.27325567310473,-37.986645449037844,46902,46166,32460,JAMES COOK DR W OF HALLAM NORTH RD,INTERSECTION,All Moves,HALLAM NORTH RD/JAMES COOK DR,9999,Missing Data,JAMES COOK DRIVE,SCATS,Scats,Greater than 10 Years,0,0,0,0,0.0
144.77804811422337,-37.71158459225508,46933,46076,39667,KINGS RD N OF HUME DR,INTERSECTION,All Moves,KINGS RD / HUME DR,5009,KINGS ROAD,KINGS ROAD,SCATS,Scats,Between 2 and 5 Years,5,2011,13000,0,0.0
145.0065146934895,-37.28350990625957,46940,46078,36654,KILMORE EAST-SUNDAY CREEK RD SWBD BTW SAUNDERS RD & BROADFORD-WANDONG RD,MIDBLOCK,All Moves,KILMORE EAST-SUNDAY CREEK RD NBTW SAUNDERS RD & BROADFORD-WANDONG RD,9999,Missing Data,KILMORE EAST-SUNDAY CREEK ROAD,APARX,Classification,Between 2 and 5 Years,5,2011,60,0,0.13
144.97106131643434,-37.77547339918155,46947,46081,33941,LYGON ST S OF GLENLYON RD,INTERSECTION,All Moves,GLENLYON RD & LYGON ST,9999,Missing Data,LYGON STREET,TMVMT,Manual,Greater than 10 Years,0,0,0,0,0.0
144.97189219188266,-37.77039749572371,46949,46181,34284,LYGON ST S OF ALBERT ST,INTERSECTION,All Moves,ALBERT ST & LYGON ST,9999,Missing Data,LYGON STREET,TMVMT,Manual,Greater than 10 Years,0,0,0,0,0.0
145.25372539949808,-37.98771529168758,46992,46195,33480,JAMES COOK DR W BD BTW MATTHEW FLINDERS AV & CHARLES GREEN AV,MIDBLOCK,All Moves,JAMES COOK DR BTW MATTHEW FLINDERS AV & CHARLES GREEN AV,9999,Missing Data,JAMES COOK DRIVE,APARX,Classification,Between 5 and 10 Years,8,2008,2000,60,0.03
144.97189219188266,-37.77039749572371,46999,46199,32403,LYGON ST S OF ALBERT ST DEPARTURE,INTERSECTION,All Moves,LYGON ST N OF ALBERT ST DEPARTURE,9999,Missing Data,LYGON STREET,TMVMT,Manual,Greater than 10 Years,0,0,0,0,0.0
145.04951816364004,-36.21977249792207,47010,47307,41666,KYABRAM NATHALIA RD S BD 2.2 KM. S OF MURRAY VALLEY HWY @ 10.1KM FROM KYABRAM,MIDBLOCK,All Moves,KYABRAM NATHALIA RD 2.2 KM. S OF MURRAY VALLEY HWY @ 10.1KM FROM KYABRAM,5362,KYABRAM-NATHALIA ROAD,JOHN ALLAN ROAD,APARX,Classification,Between 2 and 5 Years,3,2013,300,50,0.18
145.05742332620295,-37.887344701110266,47015,47206,47426,KOORNANG RD S OF ROSSTOWN RD,INTERSECTION,All Moves,EGAN ST & KOORNANG RD & MORTON AV & ROSSTOWN RD & WOORAYL ST,9999,Missing Data,KOORNANG ROAD,TMVMT,Manual,Greater than 10 Years,0,0,0,0,0.0
145.05776026476087,-37.885523999439656,47016,47310,45502,EGAN ST NW OF KOORNANG RD,INTERSECTION,All Moves,EGAN ST & KOORNANG RD & MORTON AV & ROSSTOWN RD & WOORAYL ST,9999,Missing Data,KOORNANG ROAD,TMVMT,Manual,Greater than 10 Years,0,0,0,0,0.0
145.02219128159496,-37.84662729648602,47022,47313,48004,KOOYONG RD S OF TOORAK RD,INTERSECTION,All Moves,KOOYONG RD & TOORAK RD,9999,Missing Data,KOOYONG ROAD,TMVMT,Manual,Greater than 10 Years,0,0,0,0,0.0
144.78919651514775,-37.84490046316191,47053,47328,46208,KOROROIT CREEK RD E OF PRINCES FWY WEST,INTERSECTION,All Moves,PRINCES FWY WEST/KOROROIT CREEK RD,5833,KOROROIT CREEK ROAD,KOROROIT CREEK ROAD,SCATS,Scats,Between 2 and 5 Years,5,2011,16000,0,0.0
145.10975540501644,-37.811874609675456,47087,47344,46250,KENMARE ST E BD BTW ELGAR RD & MALVERN RD,MIDBLOCK,All Moves,KENMARE ST BTW ELGAR RD & MALVERN RD,9999,Missing Data,KENMARE STREET,APARX,Classification,Greater than 10 Years,12,2004,340,0,0.02
143.33757996705918,-37.74999589486043,47095,47347,46960,LISMORE-SKIPTON RD N BD S OF GLENELG HWY,MIDBLOCK,All Moves,LISMORE-SKIPTON RD S OF GLENELG HWY,5962,LISMORE-SKIPTON ROAD,LISMORE-SKIPTON ROAD,APARX,Classification,Greater than 10 Years,0,0,0,0,0.0
145.14005801059133,-38.118983721802174,47105,47351,46659,KLAUER ST W OF HARTNETT DR,INTERSECTION,Left Missing,KLAUER ST/HARTNETT DR,5159,KLAUER ROAD,KLAUER STREET,SCATS,Scats,Between 5 and 10 Years,9,2007,5000,0,0.0
145.37743250064165,-37.73501608315864,47114,47252,55404,INGRAM RD W BD E OF MAROONDAH HWY,MIDBLOCK,All Moves,INGRAM RD E OF MAROONDAH HWY,9999,Missing Data,INGRAM ROAD,APARX,Classification,Greater than 10 Years,14,2002,760,120,0.16
144.3524291599398,-38.14841265446744,47117,47254,38406,RYRIE ST E OF LATROBE TCE,INTERSECTION,Incomplete Through,ABERDEEN ST & LATROBE TCE & RYRIE ST,2800,CORIO-WAURN PONDS ROAD,LATROBE TERRACE,TMVMT,Manual,Greater than 10 Years,0,0,0,0,0.0
144.95762456017005,-37.82050387638758,47154,47371,47496,KINGSWAY S OF FLINDERS_ST,INTERSECTION,All Moves,KINGS WAY NR YARRA RIVER,2510,PRINCES HIGHWAY EAST,KINGS WAY,SCATS,Scats,Greater than 10 Years,12,2004,31000,0,0.0
144.7223128144048,-36.94003548646923,47161,47107,45063,NORTHERN HWY N BD 60M N OF DAIRY FLAT RD @106.1KM FROM MELBOURNE,MIDBLOCK,All Moves,NORTHERN HWY 60M N OF DAIRY FLAT RD @106.1KM FROM MELBOURNE,2540,NORTHERN HIGHWAY,KILMORE ROAD,APARX,Classification,Less than 2 Years,1,2015,2200,380,0.17
144.2191594366275,-36.70540065258045,47163,47270,42598,LODDON VALLEY HWY NW OF ALLIES RD,INTERSECTION,All Moves,LODDON VALLEY HWY SE OF ALLIES RD,2630,LODDON VALLEY HIGHWAY,LODDON VALLEY HIGHWAY,TMVMT,Manual,Greater than 10 Years,16,2000,980,70,0.08
143.80428906776996,-37.51240658798668,47172,47272,41252,SUNRAYSIA HWY HOWITT ST (113.2KM) W BD E OF DOWLING ST SLOW LANE,MIDBLOCK,Incomplete Through,SUNRAYSIA HWY HOWITT ST (113.2KM) E OF DOWLING ST,5327,BALLARAT-MARYBOROUGH ROAD,LEARMONTH ROAD,APARX,Classification,Greater than 10 Years,25,1991,5200,290,0.06
145.98072304706088,-38.44157828440287,47176,47273,52989,LEONGATHA NORTH RD S BD 100M N OF STRZELECKI HWY,MIDBLOCK,All Moves,LEONGATHA NORTH RD 100M N OF STRZELECKI HWY,9999,Missing Data,LEONGATHA NORTH ROAD,APARX,Classification,Greater than 10 Years,16,2000,120,0,0.07
144.7646129463103,-37.84092785034606,47188,47020,50884,LEAKES RD E OF FEDERATIONTRAIL,INTERSECTION,All Moves,LEAKES/FEDERATION TRAIL,9999,Missing Data,LEAKES ROAD,SCATS,Scats,Between 5 and 10 Years,8,2008,4300,0,0.0
145.69549909981916,-36.06987250518032,47194,47278,54402,KATAMATITE-YARRAWONGA RD W BD 200M E OF CHAPEL RD @ 33.1KM FROM YARRAWONGA,MIDBLOCK,All Moves,KATAMATITE-YARRAWONGA RD 200M E OF CHAPEL RD @ 33.1KM FROM YARRAWONGA,5402,KATAMATITE-YARRAWONGA ROAD,KATAMATITE-YARRAWONGA ROAD,APARX,Classification,Greater than 10 Years,20,1996,220,40,0.19
144.38912159202076,-38.01536810887953,47232,47286,43964,KEES RD SEBD 300M NW OF BENJAMIN DR,MIDBLOCK,All Moves,KEES RD 300M NW OF BENJAMIN DR,9999,Missing Data,KEES ROAD,APARX,Classification,Greater than 10 Years,15,2001,180,10,0.06
144.78746930086808,-37.84327979824834,47237,47032,55166,PRINCES FWY WEST NEBD ONRAMP FROM KOROROIT CREEK RD,MIDBLOCK,On Ramp,PRINCES FWY WEST NONRAMP FROM KOROROIT CREEK RD,7312,5833B 2500R,KOROROIT CREEK-PRINCES IN RAMP ON,APARX,Classification,Greater than 10 Years,11,2005,9700,1400,0.15
145.1462767037532,-37.77310714535187,47256,47398,44805,KING ST E OF VICTORIA ST,INTERSECTION,All Moves,KING ST/VICTORIA ST,5353,KING STREET,KING STREET,SCATS,Scats,Between 5 and 10 Years,7,2009,4800,0,0.0
145.45441391544884,-38.06405559545399,47265,47039,40333,LAKESIDE_BVD S OF PRINCES_HWY,INTERSECTION,All Moves,PRINCES HWY/LAKESIDE BVD,9999,Missing Data,LAKESIDE BOULEVARD,SCATS,Scats,Between 2 and 5 Years,4,2012,5100,0,0.0
144.937439107933,-37.8257674934458,47266,47133,42576,WGF/MONTAGUE WEST OUTBOUND (>JAN2005),INTERSECTION,All Moves,SVO_Map_LTD:780||SITE DESC: WGF/MONTAGUE WEST OUTBOUND (>JAN2005),9999,Missing Data,INGLES STREET,INDET,Freeway Data Station,Greater than 10 Years,11,2005,0,0,0.0
145.25998474565475,-37.736562479089685,47288,47141,47797,JUMPING CREEK RD N BD N OF HOOPER RD,MIDBLOCK,All Moves,JUMPING CREEK RD N OF HOOPER RD,9999,Missing Data,JUMPING CREEK ROAD,APARX,Classification,Greater than 10 Years,12,2004,3600,200,0.06
145.4902251054743,-38.09217850212372,47306,47056,46109,KOO WEE RUP RD S BD BTW BALD HILL RD & PRINCES FWY (PAK. BYP),MIDBLOCK,All Moves,KOO WEE RUP RD BTW BALD HILL RD & PRINCES FWY (PAK. BYP),5770,HEALESVILLE-KOO-WEE-RUP ROAD,KOO WEE RUP ROAD,APARX,Classification,Between 5 and 10 Years,8,2008,7100,790,0.11
145.20916920521677,-37.998803839802875,47318,47062,46291,KIRKHAM_RD W OF HAMMOND_RD,INTERSECTION,All Moves,HAMMOND RD/KIRKHAM RD,9999,Missing Data,KIRKHAM ROAD,SCATS,Scats,Greater than 10 Years,12,2004,1600,0,0.0
145.25752379361404,-37.913181697886806,47381,47093,44002,KELLETTS RD W OF ST LAWRANCE WAY,INTERSECTION,All Moves,KELLETTS RD & ST LAWRANCE WAY,5428,KELLETTS ROAD,KELLETTS ROAD,TMVMT,Manual,Greater than 10 Years,0,0,0,0,0.0
145.49021621852634,-38.092221195942365,47396,47195,44466,KOO WEE RUP RD S OF PRINCES FWY E BD RAMPS,INTERSECTION,All Moves,KOO WEE RUP RD & PRINCES FWY EBD RAMPS,5770,HEALESVILLE-KOO-WEE-RUP ROAD,KOO WEE RUP ROAD,TMVMT,Manual,Greater than 10 Years,0,0,0,0,0.0
146.9374794657304,-36.15742033847012,47405,47401,42873,KIEWA VALLEY HWY SEBD 200M S/E BARANDUDA DRIVE @ 7.4KM FROM WODONGA,MIDBLOCK,All Moves,KIEWA VALLEY HWY 200M S/E BARANDUDA DRIVE @ 7.4KM FROM WODONGA,2790,KIEWA VALLEY HIGHWAY,KIEWA VALLEY HIGHWAY,APARX,Classification,Less than 2 Years,1,2015,3700,300,0.08
144.95979276625246,-37.81300303958328,47406,47803,47060,LONSDALE ST W OF QUEEN ST DEPARTURE,INTERSECTION,All Moves,QUEEN ST N OF LONSDALE ST DEPARTURE,9999,Missing Data,LONSDALE STREET,TMVMT,Manual,Greater than 10 Years,0,0,0,0,0.0
145.2251753602939,-37.715119029973096,47407,47903,49023,KANGAROO GROUND-WARRANDYTE RD SEBD N OF PIGEON BANK LA,MIDBLOCK,All Moves,KANGAROO GROUND-WARRANDYTE RD N OF PIGEON BANK LA,5810,WARRANDYTE-KANGAROO GROUND ROAD,KANGAROO GROUND-WARRANDYTE ROAD,APARX,Classification,Greater than 10 Years,0,0,0,0,0.0
145.00323439622665,-37.8008383801244,47456,47919,52167,JOHNSTON ST W BD E OF CLARKE ST,MIDBLOCK,All Moves,JOHNSTON ST E OF CLARKE ST,5854,JOHNSTON STREET BRIDGE,JOHNSTON STREET,APARX,Classification,Between 2 and 5 Years,5,2011,11000,410,0.04
144.7916874950263,-37.84509480408797,47471,47422,55121,KOROROIT CREEK RD W BD 700M E OF PRINCES FWY,MIDBLOCK,All Moves,KOROROIT CREEK RD 700M E OF PRINCES FWY,5833,KOROROIT CREEK ROAD,KOROROIT CREEK ROAD,APARX,Classification,Greater than 10 Years,11,2005,13000,1200,0.09
144.53131794066897,-37.024964312524375,47475,47423,47536,HEATHCOTE-KYNETON RD N BD 200M S OF SUTTON GRANGE-REDESDALE RD,MIDBLOCK,All Moves,HEATHCOTE-KYNETON RD 200M S OF SUTTON GRANGE-REDESDALE RD,5290,HEATHCOTE-KYNETON ROAD,KYNETON-REDESDALE ROAD,APARX,Classification,Greater than 10 Years,11,2005,480,50,0.11
144.94426840001233,-37.83114379530243,47476,47826,47845,INGLES ST NW OF NORMANBY RD,INTERSECTION,All Moves,WILLIAMSTOWN RD/INGLES ST/NORMANBY RD,9999,Missing Data,INGLES STREET,SCATS,Scats,Greater than 10 Years,13,2003,5800,0,0.0
144.9814324977824,-37.79865496682645,47496,47832,44652,JOHNSTON ST W BD BTW NAPIER ST & GEORGE ST,MIDBLOCK,Incomplete Through,JOHNSTON ST BTW NAPIER ST & GEORGE ST,5853,JOHNSTON STREET,JOHNSTON STREET,APARX,Classification,Between 5 and 10 Years,10,2006,13000,0,0.0
144.93773869709554,-37.82576054034323,47545,47847,39478,WEST GATE FWY W BD BTWN BOLTE BR & MONTAGUE ST,INTERSECTION,All Moves,SVO_Map_LTD:803||SITE DESC: WEST GATE FWY W BD BTWN BOLTE BR & MONTAGUE ST,7106,2510B 2820F,KINGS-WEST GATE OUT RAMP ON,CTLFT,Telemetry,Between 5 and 10 Years,8,2008,110000,0,0.0
145.3458743094423,-37.75794178339923,47550,47945,54759,MAROONDAH HWY E BD BTW HUTCHINSON ST & WILLIAM ST EAST,MIDBLOCK,All Moves,MAROONDAH HWY BTW HUTCHINSON ST & WILLIAM ST EAST,9999,Missing Data,JOHN STREET,APARX,Classification,Greater than 10 Years,12,2004,10000,0,0.0
144.9208236045691,-37.82080933020209,47552,47446,45788,LORIMER_ST E OF SALMON_ST,INTERSECTION,All Moves,LORIMER ST/SALMON ST,5597,LORIMER STREET,LORIMER STREET,SCATS,Scats,Greater than 10 Years,13,2003,5400,0,0.0
144.20441050785854,-36.68804280098056,47557,47448,54744,LODDON VALLEY HWY SEBD 200M N OF FOREST DR,MIDBLOCK,All Moves,LODDON VALLEY HWY 200M N OF FOREST DR,2630,LODDON VALLEY HIGHWAY,LODDON VALLEY HIGHWAY,APARX,Classification,Between 5 and 10 Years,10,2006,850,120,0.14
145.73296081422427,-38.40329118965705,47568,47854,52629,JEETHO RD SWBD 100M SW OF SOUTH GIPPSLAND HWY,MIDBLOCK,All Moves,JEETHO RD N100M SW OF SOUTH GIPPSLAND HWY,9999,Missing Data,JEETHO ROAD,APARX,Classification,Greater than 10 Years,16,2000,20,0,0.1
144.2191594366275,-36.70540065258045,47593,47858,43795,LODDON VALLEY HWY NWBD NW OF ALLIES RD,INTERSECTION,All Moves,LODDON VALLEY HWY SSE OF ALLIES RD,2630,LODDON VALLEY HIGHWAY,LODDON VALLEY HIGHWAY,TMVMT,Manual,Greater than 10 Years,16,2000,940,50,0.06
145.45512725296075,-36.27762527318571,47657,47467,44915,KATAMATITE-SHEPPARTON RD SWBD 400M NORTH-EAST JUBILEE RD @ 2.8KM POST,MIDBLOCK,All Moves,KATAMATITE-SHEPPARTON RD N400M NORTH-EAST JUBILEE RD @ 2.8KM POST,5419,KATAMATITE-SHEPPARTON ROAD,KATAMATITE-SHEPPARTON MAIN ROAD,APARX,Classification,Greater than 10 Years,22,1994,1100,280,0.24
144.38912159202076,-38.01536810887953,47684,47873,41708,KEES RD NWBD 300M NW OF BENJAMIN DR,MIDBLOCK,All Moves,KEES RD 300M NW OF BENJAMIN DR,9999,Missing Data,KEES ROAD,APARX,Classification,Greater than 10 Years,15,2001,200,10,0.05
145.0907286113828,-37.96970209939487,47689,47522,46162,DANDENONG VALLEY HWY S OF KING ST,INTERSECTION,Incomplete Through,DANDENONG VALLEY HWY & KING ST,9999,Missing Data,KINGSTON CENTRAL BOULEVARD,TMVMT,Manual,Greater than 10 Years,0,0,0,0,0.0
144.78104680088327,-37.8440085861599,47724,47635,48583,LEAKES RD W BD W of FITZGERALD RD,INTERSECTION,All Moves,FITZGERALD RD N OF LEAKES RD,9999,Missing Data,LEAKES ROAD,TMVMT,Manual,Greater than 10 Years,0,0,0,0,0.0
145.0214074134829,-37.85074499526108,47735,47731,54571,KOOYONG RD S OF MALVERN RD,INTERSECTION,All Moves,MALVERN RD/KOOYONG RD,9999,Missing Data,KOOYONG ROAD,SCATS,Scats,Between 5 and 10 Years,7,2009,6300,0,0.0
144.3527219743569,-38.14692689446684,47737,47637,46150,LATROBE TCE S OF ABERDEEN ST,INTERSECTION,Incomplete Through,ABERDEEN ST & LATROBE TCE & RYRIE ST,2800,CORIO-WAURN PONDS ROAD,LATROBE TERRACE,TMVMT,Manual,Greater than 10 Years,0,0,0,0,0.0
145.03677226058593,-37.74185710026,47762,47641,41792,LIBERTY_PDE S OF SOUTHERN_RD,INTERSECTION,All Moves,SOUTHERN RD/LIBERTY PDE,9999,Missing Data,LIBERTY PARADE,SCATS,Scats,Greater than 10 Years,13,2003,700,0,0.0
145.99866117981713,-37.89014109808124,47781,47889,53526,LOCH VALLEY RD N BD BTW MOUNT BAW BAW RD & RIDGE RD,MIDBLOCK,All Moves,LOCH VALLEY RD BTW MOUNT BAW BAW RD & RIDGE RD,3002,LOCH VALLEY ROAD,LOCH VALLEY ROAD,APARX,Classification,Between 2 and 5 Years,3,2013,100,30,0.29
144.76076315432115,-37.500005190278266,47787,47645,46074,MELBOURNE LANCEFIELD RD S BD N OF GELLIES RD,MIDBLOCK,All Moves,MELBOURNE LANCEFIELD RD N OF GELLIES RD,5821,MELBOURNE-LANCEFIELD ROAD,LANCEFIELD ROAD,APARX,Classification,Greater than 10 Years,0,0,0,0,0.0
145.07228511622415,-37.682438744918336,47822,47545,51931,JANEFIELD DR E OF PLENTY RD,INTERSECTION,All Moves,PLENTY RD/BETULA AV,9999,Missing Data,JANEFIELD DRIVE,SCATS,Scats,Greater than 10 Years,0,0,0,0,0.0
145.44573904667902,-36.287907962557696,47888,47562,54199,KATAMATITE-SHEPPARTON RD E BD 1.8 KM NORTH/EAST OF CONGUPNA TOWNSHIP,MIDBLOCK,All Moves,KATAMATITE-SHEPPARTON RD 1.8 KM NORTH/EAST OF CONGUPNA TOWNSHIP,5419,KATAMATITE-SHEPPARTON ROAD,KATAMATITE-SHEPPARTON MAIN ROAD,APARX,Classification,Greater than 10 Years,24,1992,960,200,0.21
144.83216363918703,-37.8191815893816,47902,47766,51470,JONES RD SBD INTERSECTING MELBOURNE WATER RESERVE,MIDBLOCK,All Moves,JONES RD INTERSECTING MELBOURNE WATER RESERVE,9999,Missing Data,JONES ROAD,APARX,Classification,Greater than 10 Years,15,2001,430,240,0.57
144.19020989800433,-36.809177595724485,47919,47676,45405,BENDIGO-MARYBOROUGH RD E BD W OF CARCOOLA DR,MIDBLOCK,All Moves,BENDIGO-MARYBOROUGH RD W OF CARCOOLA DR,5200,BENDIGO-MARYBOROUGH ROAD,LOCKWOOD ROAD,APARX,Classification,Greater than 10 Years,0,0,0,0,0.0
145.1401065970711,-37.990369286468635,47940,47579,38813,CHELTENHAM RD W OF SPRINGVALE RD,INTERSECTION,All Moves,CHELTENHAM RD & SPRINGVALE RD,2050,STATE (LOWER DANDENONG/CHELTENHAM) HIGHWAY,LOWER DANDENONG ROAD,TMVMT,Manual,Between 2 and 5 Years,3,2013,24000,1200,0.05
144.98735049892187,-37.79927827155014,47946,47685,38677,JOHNSTON ST W OF HODDLE ST,INTERSECTION,All Moves,HODDLE ST & JOHNSTON ST,5853,JOHNSTON STREET,JOHNSTON STREET,TMVMT,Manual,Greater than 10 Years,0,0,0,0,0.0
145.72575932933685,-38.50309081088934,47952,47687,43893,KORUMBURRA-WONTHAGGI RD N BD 400M S OF KORUMBURRA-INVERLOCH RD,MIDBLOCK,All Moves,KORUMBURRA-WONTHAGGI RD 400M S OF KORUMBURRA-INVERLOCH RD,5698,KORUMBURRA-WONTHAGGI ROAD,KORUMBURRA-WONTHAGGI ROAD,APARX,Classification,Between 2 and 5 Years,2,2014,320,50,0.17
144.90231445558663,-37.80095803617269,47966,47588,40585,IRVING ST S OF HOPKINS ST,INTERSECTION,All Moves,HOPKINS ST/MOORE ST/IRVING ST,9999,Missing Data,IRVING STREET,SCATS,Scats,Between 2 and 5 Years,3,2013,3800,0,0.0
145.49021691518703,-38.092217895810414,47968,47788,42308,KOO WEE RUP RD S OF PRINCES FWY E BD RAMPS DEPARTURE,INTERSECTION,All Moves,KOO WEE RUP RD N OF PRINCES FWY RAMPS DEPARTURE,5770,HEALESVILLE-KOO-WEE-RUP ROAD,KOO WEE RUP ROAD,TMVMT,Manual,Greater than 10 Years,0,0,0,0,0.0
147.43854114866443,-37.80588278754614,43047,43323,42680,LINDENOW RD N BD 100M SE OF HOYT RD @ 9.2KM FROM PRINCES HIGHWAY EAST,MIDBLOCK,All Moves,LINDENOW RD 100M SE OF HOYT RD @ 9.2KM FROM PRINCES HIGHWAY EAST,5560,LINDENOW ROAD,LINDENOW-GLENALADALE ROAD,APARX,Classification,Greater than 10 Years,20,1996,260,20,0.09
143.39823481886657,-37.94815671338485,43049,43324,30928,LISMORE-SCARSDALE RD N BD 500M N OF HAMILTON HWY,MIDBLOCK,All Moves,LISMORE-SCARSDALE RD 500M N OF HAMILTON HWY,5080,LISMORE-SCARSDALE ROAD,LISMORE-SCARSDALE ROAD,APARX,Classification,Between 2 and 5 Years,2,2014,320,0,0.0
145.71162569667754,-38.366035588702175,43053,43326,35903,LOCH-POOWONG RD N BD 900M N OF SOUTH GIPPSLAND HWY,MIDBLOCK,All Moves,LOCH-POOWONG RD 900M N OF SOUTH GIPPSLAND HWY,9999,Missing Data,LOCH-POOWONG ROAD,APARX,Classification,Greater than 10 Years,16,2000,390,50,0.13
143.88872160030755,-35.73524380878176,43108,43354,35474,KERANG-QUAMBATOOK RD W BD 250M W OF BOORT-KERANG RD @ 2.6KM FROM KERANG,MIDBLOCK,All Moves,KERANG-QUAMBATOOK RD 250M W OF BOORT-KERANG RD @ 2.6KM FROM KERANG,5331,KERANG-QUAMBATOOK ROAD,KERANG-QUAMBATOOK ROAD,APARX,Classification,Between 2 and 5 Years,3,2013,260,40,0.17
145.31841516992927,-36.61968779973548,43126,43363,34153,LONGWOOD SHEPPARTON RD RIGHT TURN TO MURCHISON-VIOLET TOWN RD OD:21,INTERSECTION,Incomplete Through,MURCHISON-VIOLET TOWN RD LEFT TURN TO LONGWOOD SHEPPARTON RD OD:12,9999,Missing Data,LONGWOOD-SHEPPARTON ROAD,MOTSV,Manual,Greater than 10 Years,0,0,0,0,0.0
144.07383268823847,-36.987987806465455,43152,43377,42044,ALLENS RD W BD 80M E OF POLSUE ST,MIDBLOCK,All Moves,ALLENS RD 80M E OF POLSUE ST,5202,BENDIGO-MALDON ROAD,LOWTHER STREET,APARX,Classification,Between 2 and 5 Years,2,2014,0,0,0.0
144.97681281215225,-37.84943788601088,43159,43879,54275,LAKESIDE_DR SE OF LINK_RD,INTERSECTION,All Moves,LAKESIDE DR/LAKESIDE DR,9999,Missing Data,LAKESIDE DRIVE,SCATS,Scats,Greater than 10 Years,15,2001,5800,0,0.0
144.9627127473775,-37.828422376641136,43182,43392,37893,KINGS WAY SE OF SOUTHERN LINK OFFRAMP,INTERSECTION,All Moves,SOUTHERN LINK/KINGS WAY,2510,PRINCES HIGHWAY EAST,KINGS WAY,SCATS,Scats,Between 5 and 10 Years,10,2006,34000,0,0.0
145.62440834197815,-37.79254835171931,43189,43894,43505,YARRA JUNC.-NOOJEE RD NB BTW RIVERSDALE & SUMMERHILL,INTERSECTION,All Moves,SITE_NO: 253||SITE DESC: YARRA JUNC.-NOOJEE RD BTW RIVERSDALE & SUMMERHILL,5525,YARRA JUNCTION-NOOJEE ROAD,LITTLE YARRA ROAD,MOTSV,Manual,Greater than 10 Years,0,0,0,0,0.0
143.95232938584766,-36.18302840079228,43204,43004,35342,LODDON VALLEY HIGHWAY S BD BTWN BOORT-PYRAMID ROAD & BOORT-MITIAMO ROAD,MIDBLOCK,All Moves,LODDON VALLEY HIGHWAY BTWN BOORT-PYRAMID ROAD & BOORT-MITIAMO ROAD,2630,LODDON VALLEY HIGHWAY,LODDON VALLEY HIGHWAY,APARX,Classification,Between 2 and 5 Years,3,2013,870,230,0.27
142.0215916855693,-37.74223399314826,43207,43007,33414,DARTMOOR-HAMILTON ROAD WEST BD EAST OF HENTY HIGHWAY (SCORESBY STREET ),MIDBLOCK,All Moves,DARTMOOR-HAMILTON ROAD EAST BD EAST OF HENTY HIGHWAY (SCORESBY STREET ),5150,DARTMOOR-HAMILTON ROAD,LONSDALE STREET,APARX,Classification,Greater than 10 Years,0,0,0,0,0.0
145.72096238758843,-38.51055495053729,43221,43207,35427,KORUMBURRA-WONTHAGGI RD W BD 100M E OF BIRD RD,MIDBLOCK,All Moves,KORUMBURRA-WONTHAGGI RD E OF BIRD RD,5698,KORUMBURRA-WONTHAGGI ROAD,KORUMBURRA-WONTHAGGI ROAD,APARX,Classification,Between 2 and 5 Years,3,2013,410,40,0.11
144.97040634651273,-37.780054987064126,43230,43209,33919,LYGON ST S OF BRUNSWICK RD,INTERSECTION,All Moves,BRUNSWICK RD & LYGON ST,9999,Missing Data,LYGON STREET,TMVMT,Manual,Greater than 10 Years,0,0,0,0,0.0
146.34082889000405,-38.17560797631951,43247,43501,42988,MORWELL-YALLOURN RD E BD 400M S OF MOE-GLENGARRY RD,MIDBLOCK,All Moves,MORWELL-YALLOURN RD 400M S OF MOE-GLENGARRY RD,5539,MOE-GLENGARRY ROAD,LATROBE RIVER ROAD,APARX,Classification,Greater than 10 Years,20,1996,470,40,0.09
144.96992320113014,-37.81004960069946,43250,43213,33761,LONSDALE ST NE OF EXHIBITION ST,INTERSECTION,All Moves,EXHIBITION ST/LONSDALE ST,9999,Missing Data,LONSDALE STREET,SCATS,Scats,Less than 2 Years,0,2016,12000,0,0.0
145.13800575555203,-37.77159171795634,43257,43906,54162,KING ST E bd btwn Williamsons Rd and Ballamore Cres,INTERSECTION,All Moves,SITE_NO: 44||SITE DESC: KING ST BTWN WILLIAMSONS RD AND BALLAMORE CRES,5353,KING STREET,KING STREET,MOTSV,Manual,Greater than 10 Years,0,0,0,0,0.0
146.0035919154502,-36.00867501626528,43275,43504,42998,BENALLA-YARRAWONGA RD N BD AT MURRAY RIVER BRIDGE,MIDBLOCK,All Moves,BENALLA-YARRAWONGA RD AT MURRAY RIVER BRIDGE,9999,Missing Data,IRVINE PARADE,APARX,Classification,Greater than 10 Years,0,0,0,0,0.0
142.35567021643882,-38.300088399905114,43327,43224,40911,KOROIT-PORT FAIRY RD S BD S OF KOROIT @ 0.8KM FROM KOROIT,MIDBLOCK,All Moves,KOROIT-PORT FAIRY RD S OF KOROIT @ 0.8KM FROM KOROIT,5121,KOROIT-PORT FAIRY ROAD,KOROIT-PORT FAIRY ROAD,APARX,Classification,Greater than 10 Years,19,1997,0,0,0.0
143.57293481354918,-37.25188444242604,43339,43108,41701,LEXTON-TALBOT RD E BD 50M W OF LEXTON-EVANSFORD RD,MIDBLOCK,All Moves,LEXTON-TALBOT RD 50M W OF LEXTON-EVANSFORD RD,5226,LEXTON-TALBOT ROAD,LEXTON-TALBOT ROAD,APARX,Classification,Between 2 and 5 Years,2,2014,90,20,0.27
144.9944042998613,-37.79998349659369,43404,43926,45808,JOHNSTON_ST W of LULIE_ST,INTERSECTION,All Moves,JOHNSTON ST NR LULIE ST,5853,JOHNSTON STREET,JOHNSTON STREET,SCATS,Scats,Greater than 10 Years,19,1997,0,0,0.0
143.50573108029965,-38.37957870308392,43408,43429,31733,COLAC-CARLISLE RD S BD 700M S OF UNDERWOODS RD @ 11.6KM POST,MIDBLOCK,All Moves,COLAC-CARLISLE RD 700M S OF UNDERWOODS RD @ 11.6KM POST,5905,CARLISLE-COLAC ROAD,LARPENT ROAD,APARX,Classification,Between 2 and 5 Years,2,2014,240,20,0.08
144.04217851105213,-38.12969503294664,43414,43043,42383,INVERLEIGH-WINCHELSEA RD S BD S OF HAMILTON HIGHWAY.INVERLEIGH @ 4.3KM FROM INV,MIDBLOCK,All Moves,INVERLEIGH-WINCHELSEA RD S OF HAMILTON HIGHWAY.INVERLEIGH @ 4.3KM FROM INV,5073,INVERLEIGH-WINCHELSEA ROAD,INVERLEIGH-WINCHELSEA ROAD,APARX,Classification,Between 2 and 5 Years,3,2013,160,30,0.19
145.14576401548211,-37.65648680041205,43425,43614,29743,IRONBARK RD S BD S OF MURRAY RD,INTERSECTION,All Moves,IRONBARK RD S OF MURRAY RD,9999,Missing Data,IRONBARK ROAD,APARX,Classification,Greater than 10 Years,13,2003,0,0,0.0
142.36893416232527,-38.28340609434354,43444,43047,41359,KOROIT-WOOLSTHORPE RD N BD N OF KOROIT @ 1.0KM FROM KOROIT,MIDBLOCK,All Moves,KOROIT-WOOLSTHORPE RD N OF KOROIT @ 1.0KM FROM KOROIT,5120,KOROIT-WOOLSTHORPE ROAD,KOROIT-WOOLSTHORPE ROAD,APARX,Classification,Between 2 and 5 Years,2,2014,290,30,0.1
145.12088070848446,-37.65058093190845,43457,43435,36714,KURRAK RD W BD W OF YAN YEAN RD,INTERSECTION,All Moves,YAN YEAN RD NNE OF KURRAK RD,5720,KURRAK ROAD,KURRAK ROAD,TMVMT,Manual,Greater than 10 Years,18,1998,4200,170,0.04
145.12088070848446,-37.65058093190845,43465,43436,35175,KURRAK RD W OF YAN YEAN RD,INTERSECTION,All Moves,KURRAK RD & YAN YEAN RD,5720,KURRAK ROAD,KURRAK ROAD,TMVMT,Manual,Greater than 10 Years,18,1998,4000,200,0.05
145.1795192434085,-37.9069173055277,43503,43741,45848,LUM RD S of FERNTREE GULLY RD,INTERSECTION,All Moves,FERNTREE GULLY RD & LUM RD,9999,Missing Data,LUM ROAD,TMVMT,Manual,Greater than 10 Years,28,1988,1500,0,0.0
145.14992100788393,-37.78880016698925,43521,43942,39444,JACKSON CT S of DONCASTER RD,INTERSECTION,All Moves,DONCASTER RD & JACKSON CT,9999,Missing Data,JACKSON COURT ALT,TMVMT,Manual,Greater than 10 Years,31,1985,1700,60,0.04
144.9628201334256,-37.82852707899751,43565,43632,36300,WGF/PHW AT PHW OFF RAMP INBOUND,INTERSECTION,All Moves,SVO_Map_LTD:591||SITE DESC: WGF/PHW AT PHW OFF RAMP INBOUND,2510,PRINCES HIGHWAY EAST,KINGS WAY,INDET,Freeway Data Station,Greater than 10 Years,0,0,0,0,0.0
142.35567021643882,-38.300088399905114,43567,43136,43241,KOROIT-PORT FAIRY RD N BD S OF KOROIT @ 0.8KM FROM KOROIT,MIDBLOCK,All Moves,KOROIT-PORT FAIRY RD S OF KOROIT @ 0.8KM FROM KOROIT,5121,KOROIT-PORT FAIRY ROAD,KOROIT-PORT FAIRY ROAD,APARX,Classification,Greater than 10 Years,19,1997,0,0,0.0
145.03569350620958,-37.76710712926169,43589,43752,45363,LIVINGSTONE ST E OF ORIEL RD,INTERSECTION,All Moves,ORIEL RD/LIVINGSTONE ST,5745,LIVINGSTONE STREET,LIVINGSTONE STREET,SCATS,Scats,Between 5 and 10 Years,8,2008,5600,0,0.0
143.39823481886657,-37.94815671338485,43590,43139,43564,LISMORE-SCARSDALE RD S BD 500M N OF HAMILTON HWY,MIDBLOCK,All Moves,LISMORE-SCARSDALE RD 500M N OF HAMILTON HWY,5080,LISMORE-SCARSDALE ROAD,LISMORE-SCARSDALE ROAD,APARX,Classification,Between 2 and 5 Years,2,2014,340,60,0.2
144.89143459769576,-37.28920196984279,43597,43753,47615,KILMORE-LANCEFIELD RD E BD 5.4 KM W OF NORTHERN HWY @ 5.4KM FROM KILMORE,MIDBLOCK,All Moves,KILMORE-LANCEFIELD RD 5.4 KM W OF NORTHERN HWY @ 5.4KM FROM KILMORE,5393,KILMORE-LANCEFIELD ROAD,KILMORE-LANCEFIELD ROAD,APARX,Classification,Greater than 10 Years,17,1999,660,70,0.1
143.81555981552674,-37.57043706572871,43619,43456,35615,BALLARAT-CARNGHAM RD (LATROBE STREET) W BD 400M E OF WILTSHIRE LANE @ 2.9KM FRO,MIDBLOCK,All Moves,BALLARAT-CARNGHAM RD (LATROBE STREET) 400M E OF WILTSHIRE LANE @ 2.9KM FRO,5078,BALLARAT-CARNGHAM ROAD,LA TROBE STREET,APARX,Classification,Greater than 10 Years,18,1998,2800,390,0.14
144.9786959998059,-37.79836189105316,43630,43956,50382,JOHNSTON ST E OF BRUNSWICK ST,INTERSECTION,All Moves,BRUNSWICK ST/JOHNSTON ST,5853,JOHNSTON STREET,JOHNSTON STREET,SCATS,Scats,Less than 2 Years,0,2016,13000,0,0.0
147.42293411131888,-37.87989199877769,43647,43642,30048,LINDENOW RD S BD 400M N OF PRINCES HWY EAST @ 5.2KM FROM LINDENOW SOUTH,MIDBLOCK,All Moves,LINDENOW RD 400M N OF PRINCES HWY EAST @ 5.2KM FROM LINDENOW SOUTH,5560,LINDENOW ROAD,LINDENOW-GLENALADALE ROAD,APARX,Classification,Less than 2 Years,1,2015,190,20,0.14
143.95453770249568,-35.74466850368803,43699,43648,29952,KERANG-KOONDROOK RD NEBD 300M NORTH-EAST OF SLEEPY LANE @ 3.2KM FROM KERANG,MIDBLOCK,All Moves,KERANG-KOONDROOK RD N300M NORTH-EAST OF SLEEPY LANE @ 3.2KM FROM KERANG,5578,KERANG-KOONDROOK ROAD,KERANG-KOONDROOK ROAD,APARX,Classification,Between 2 and 5 Years,3,2013,680,120,0.18
145.79354107698722,-38.07088777391464,43701,43965,52967,LABERTOUCHE RD 2 WAY N OF PRINCES HWY AT TARAGO RIVER BRIDGE,MIDBLOCK,All Moves,LABERTOUCHE RD 2 WAY N OF PRINCES HWY AT TARAGO RIVER BRIDGE,9999,Missing Data,LABERTOUCHE ROAD,APARX,Classification,Greater than 10 Years,24,1992,530,200,0.37
144.89143459769576,-37.28920196984279,43723,43156,37789,KILMORE-LANCEFIELD RD W BD 5.4 KM W OF NORTHERN HWY @ 5.4KM FROM KILMORE,MIDBLOCK,All Moves,KILMORE-LANCEFIELD RD 5.4 KM W OF NORTHERN HWY @ 5.4KM FROM KILMORE,5393,KILMORE-LANCEFIELD ROAD,KILMORE-LANCEFIELD ROAD,APARX,Classification,Greater than 10 Years,17,1999,670,70,0.11
143.56172359674795,-35.35199749888585,43765,43564,41478,MURRAY VALLEY HWY SEBD 300M NORTH-WEST WHITTAKER ST. SWAN HILL @151.6K,MIDBLOCK,All Moves,MURRAY VALLEY HWY 300M NORTH-WEST WHITTAKER ST. SWAN HILL @151.6KM FROM ECH,9999,Missing Data,KIMBERLEY AVENUE,APARX,Classification,Greater than 10 Years,22,1994,2600,320,0.12
144.0711237166163,-36.9866161614782,43792,43660,32594,BENDIGO-MALDON RD SWBD 300M NE OF REEF ST,MIDBLOCK,All Moves,BENDIGO-MALDON RD N300M NE OF REEF ST,5202,BENDIGO-MALDON ROAD,LOWTHER STREET,APARX,Classification,Greater than 10 Years,17,1999,610,40,0.08
143.80428906776996,-37.51240658798668,43794,43478,41009,SUNRAYSIA HWY (HOWITT ST WENDOUREE) W BD W OF DOWLING ST SLOW LAN,MIDBLOCK,Incomplete Through,SUNRAYSIA HWY (HOWITT ST WENDOUREE) W OF DOWLING ST,5327,BALLARAT-MARYBOROUGH ROAD,LEARMONTH ROAD,APARX,Classification,Greater than 10 Years,24,1992,5000,320,0.06
144.38929361626913,-38.25514766436,43858,43289,43227,LOWER DUNEED RD E BD W OF BARWON HEADS RD @ 4.9KM FROM SURF COAST HIGHWAY,MIDBLOCK,All Moves,LOWER DUNEED RD W OF BARWON HEADS RD @ 4.9KM FROM SURF COAST HIGHWAY,5008,LOWER DUNEED ROAD,LOWER DUNEED ROAD,APARX,Classification,Between 2 and 5 Years,2,2014,2000,130,0.06
143.25828559227813,-36.616717503443546,43904,43582,35455,INKERMAN ST SWBD 30M NE OF GOLDEN ST (ST ARNAUD),MIDBLOCK,All Moves,INKERMAN ST N30M NE OF GOLDEN ST (ST ARNAUD),2110,WIMMERA HIGHWAY,INKERMAN STREET,APARX,Classification,Greater than 10 Years,17,1999,110,10,0.14
144.94006842504615,-37.82803668726459,43918,43181,41637,INGLES ST S BD N OF WOODRUFF ST,INTERSECTION,All Moves,INGLES ST N OF WOODRUFF ST,9999,Missing Data,INGLES STREET,APARX,Classification,Greater than 10 Years,13,2003,5600,0,0.0
145.21494781756127,-37.99082158621256,43922,43677,36954,LONSDALE ST SEBD SE OF FOSTER ST,INTERSECTION,All Moves,LONSDALE ST N OF FOSTER ST,2510,PRINCES HIGHWAY EAST,LONSDALE STREET,TMVMT,Manual,Greater than 10 Years,0,0,0,0,0.0
145.59363629587727,-38.6025002710984,43966,43686,35793,KORUMBURRA RD W BD 100M W OF BASS HWY,MIDBLOCK,All Moves,KORUMBURRA RD 100M W OF BASS HWY,5698,KORUMBURRA-WONTHAGGI ROAD,KORUMBURRA ROAD,APARX,Classification,Greater than 10 Years,11,2005,560,50,0.1
142.26791333831787,-34.3422356715182,43990,43695,43360,RED CLIFFS-COLIGNAN RD S BD 100M S OF KARADOC RD @ 8.1KM FROM CALDER HIGHWAY,MIDBLOCK,All Moves,RED CLIFFS-COLIGNAN RD 100M S OF KARADOC RD @ 8.1KM FROM CALDER HIGHWAY,5178,RED CLIFFS-COLIGNAN ROAD,KULKYNE WAY,APARX,Classification,Greater than 10 Years,22,1994,470,50,0.12
144.98701531487103,-37.7992438171664,48010,48804,54216,JOHNSTON ST W of WELLINGTON ST,INTERSECTION,All Moves,JOHNSTON ST & WELLINGTON ST,5853,JOHNSTON STREET,JOHNSTON STREET,TMVMT,Manual,Greater than 10 Years,25,1991,11000,0,0.0
144.78241540958595,-37.844225952846045,48012,48307,48572,KOROROIT CREEK RD E OF FITZGERALD RD,INTERSECTION,All Moves,FITZGERALD RD/LEAKES RD/KOROROIT CREEK RD,5833,KOROROIT CREEK ROAD,KOROROIT CREEK ROAD,SCATS,Scats,Between 5 and 10 Years,8,2008,14000,0,0.0
145.5734981007714,-38.180167298282875,48018,48808,53428,KOO-WEE-RUP-LONGWARRY RD W BD 100M E OF TYNONG-BAYLES RD (BTW 2 TIMBER BRIDGES),MIDBLOCK,All Moves,KOO-WEE-RUP-LONGWARRY RD 100M E OF TYNONG-BAYLES RD (BTW 2 TIMBER BRIDGES),5709,KOO-WEE-RUP-LONGWARRY ROAD,KOO WEE RUP-LONGWARRY ROAD,APARX,Classification,Greater than 10 Years,15,2001,970,110,0.11
145.59248940511864,-38.60260517308532,48032,48815,50658,KORUMBURRA RD W OF BASS HWY DEPARTURE,INTERSECTION,All Moves,BASS HWY N OF KORUMBURRA-WONTHAGGI RD DEPARTURE,9999,Missing Data,KORUMBURRA ROAD,TMVMT,Manual,Greater than 10 Years,0,0,0,0,0.0
143.81946960015523,-37.57089678804739,48052,48824,54341,BALLARAT-CARNGHAM RD (LATROBE ST) W BD 100M E OF STONEPARK RD (BALLARAT),MIDBLOCK,All Moves,BALLARAT-CARNGHAM RD (LATROBE ST) 100M E OF STONEPARK RD (BALLARAT),5078,BALLARAT-CARNGHAM ROAD,LA TROBE STREET,APARX,Classification,Greater than 10 Years,15,2001,4800,650,0.14
145.94627297061217,-38.54761387568746,48055,48329,46217,INVERLOCH - KOONWA SWBD SW OF STH GIPPSLAND HWY,INTERSECTION,All Moves,STH GIPPSLAND HWY NNE OF INVERLOCH - KOONWA,9999,Missing Data,KOONWARRA-INVERLOCH ROAD,TMVMT,Manual,Greater than 10 Years,0,0,0,0,0.0
145.2521775559048,-37.85923477744345,48076,48403,40580,LEWIS RD SWBD SW OF BORONIA RD,UNDEFINED,All Moves,LEWIS RD NSW OF BORONIA RD,9999,Missing Data,LEWIS ROAD,APARX,Classification,Greater than 10 Years,24,1992,3800,0,0.0
143.81946960015523,-37.57089678804739,48082,48904,38231,BALLARAT-CARNGHAM RD (LATROBE ST) E BD 100M E OF STONEPARK RD (BALLARAT),MIDBLOCK,All Moves,BALLARAT-CARNGHAM RD (LATROBE ST) 100M E OF STONEPARK RD (BALLARAT),5078,BALLARAT-CARNGHAM ROAD,LA TROBE STREET,APARX,Classification,Greater than 10 Years,15,2001,4900,590,0.12
144.96766395663445,-37.83738019342567,48085,48405,45324,LAKESIDE DR 2WAY S OF ALBERT RD,UNDEFINED,All Moves,LAKESIDE DR S OF ALBERT RD,9999,Missing Data,LAKESIDE DRIVE,APARX,Classification,Greater than 10 Years,0,0,0,0,0.0
145.11473334337487,-37.929202187986,48142,48419,52102,KNIGHT ST N BD BTW SPRINGFIELD AV & MALTARRA ST,MIDBLOCK,All Moves,KNIGHT ST BTW SPRINGFIELD AV & MALTARRA ST,9999,Missing Data,KNIGHT STREET,APARX,Classification,Greater than 10 Years,0,0,0,0,0.0
144.82015683452983,-37.81988568471842,48144,48851,54268,LITTLE BOUNDARY RD SE OF PIPE RD,INTERSECTION,All Moves,LITTLE BOUNDARY RD/PIPE RD,5448,LITTLE BOUNDARY ROAD,LITTLE BOUNDARY ROAD,SCATS,Scats,Between 2 and 5 Years,3,2013,13000,0,0.0
144.82196684095163,-37.82181226881705,48164,48425,51222,LITTLE BOUNDARY RD SEBD INTERSECTING MELBOURNE WATER RESERVE,MIDBLOCK,All Moves,LITTLE BOUNDARY RD INTERSECTING MELBOURNE WATER RESERVE,5448,LITTLE BOUNDARY ROAD,LITTLE BOUNDARY ROAD,APARX,Classification,Greater than 10 Years,15,2001,10000,1800,0.17
146.45456048571603,-38.69914792183568,48204,48371,51629,PORT WELSHPOOL RD N BD BTW TOWNSEND ST & KEANE ST,MIDBLOCK,All Moves,PORT WELSHPOOL RD BTW TOWNSEND ST & KEANE ST,5908,PORT WELSHPOOL ROAD,LEWIS STREET,APARX,Classification,Between 5 and 10 Years,7,2009,210,10,0.08
144.8497147224435,-37.72484789820081,48253,48447,51488,KEILOR PARK DR S BD S of FULLARTON RD,INTERSECTION,All Moves,KEILOR PARK DR N OF FULLARTON RD,5054,KEILOR PARK DRIVE,KEILOR PARK DRIVE,TMVMT,Manual,Greater than 10 Years,19,1997,18000,1500,0.08
144.9635690076015,-37.829323593302256,48255,48946,51317,KINGS WAY SEBD NW OF WEST GATE FWY OFF-RAMP,INTERSECTION,All Moves,KINGS WAY & WEST GATE FWY & YORK ST,2510,PRINCES HIGHWAY EAST,KINGS WAY,TMVMT,Manual,Greater than 10 Years,23,1993,35000,1000,0.03
145.51430169900632,-37.66238390501473,48261,48449,46758,LALORS RD 2WAY E OF MAROONDAH HWY,UNDEFINED,All Moves,LALORS RD E OF MAROONDAH HWY,9999,Missing Data,LALORS ROAD,APARX,Classification,Greater than 10 Years,0,0,0,0,0.0
144.88174610738537,-37.68802866349771,48271,48453,53845,INTERNATIONAL DR W OF MICKLEHAM RD,INTERSECTION,All Moves,MICKLEHAM RD/GLADSTONE PARK DR/INTERNATIONAL DR,9999,Missing Data,INTERNATIONAL DRIVE,SCATS,Scats,Between 5 and 10 Years,9,2007,3000,0,0.0
145.05516379931643,-37.90179647878588,48275,48883,45326,LEILA RD 2WAY E OF KOORNANG RD,UNDEFINED,All Moves,LEILA RD 2WAY E OF KOORNANG RD,9999,Missing Data,LEILA ROAD,APARX,Classification,Greater than 10 Years,28,1988,3600,0,0.0
144.84960977413076,-37.725483998354235,48312,48466,49158,KEILOR PARK DR S of CALDER FWY EB ON RAMP,INTERSECTION,All Moves,CALDER FWY EB ON RAMP & KEILOR PARK DR,5054,KEILOR PARK DRIVE,KEILOR PARK DRIVE,TMVMT,Manual,Greater than 10 Years,19,1997,11000,1000,0.09
145.25998474565475,-37.736562479089685,48357,48207,49915,JUMPING CREEK RD S BD N OF HOOPER RD,MIDBLOCK,All Moves,JUMPING CREEK RD N OF HOOPER RD,9999,Missing Data,JUMPING CREEK ROAD,APARX,Classification,Greater than 10 Years,12,2004,3600,190,0.05
144.97853927100854,-37.80862269860343,48374,48988,40939,LANSDOWNE ST S OF VICTORIA PDE,INTERSECTION,All Moves,VICTORIA PDE/LANSDOWNE ST,5102,LANSDOWNE STREET,LANSDOWNE STREET,SCATS,Scats,Between 2 and 5 Years,5,2011,6000,0,0.0
144.86494001644874,-37.7413759432747,48453,48611,45337,LINCOLN DRIVE 2WAY E OF MILLEARA RD,UNDEFINED,All Moves,LINCOLN DRIVE E OF MILLEARA RD,9999,Missing Data,LINCOLN DRIVE,APARX,Classification,Greater than 10 Years,0,0,0,0,0.0
147.03985708053852,-38.10858597776426,48461,48224,51413,IRWIN ST NEBD 30M NE OF PRINCES HWY EAST,MIDBLOCK,All Moves,IRWIN ST N30M NE OF PRINCES HWY EAST,9999,Missing Data,IRWIN STREET,APARX,Classification,Between 5 and 10 Years,8,2008,30,0,0.07
145.27988014064516,-37.839627312474015,48467,48616,43165,JERSEY RD S OF MOUNTAIN HWY,INTERSECTION,All Moves,MOUNTAIN HWY/JERSEY RD/BUSINESS ACCESS,9999,Missing Data,JERSEY ROAD,SCATS,Scats,Between 2 and 5 Years,5,2011,3100,0,0.0
147.03985708053852,-38.10858597776426,48485,48621,54321,IRWIN ST SWBD 30M NE OF PRINCES HWY EAST,MIDBLOCK,All Moves,IRWIN ST N30M NE OF PRINCES HWY EAST,9999,Missing Data,IRWIN STREET,APARX,Classification,Between 5 and 10 Years,8,2008,30,0,0.13
144.83216363918703,-37.8191815893816,48498,48624,51223,JONES RD NBD INTERSECTING MELBOURNE WATER RESERVE,MIDBLOCK,All Moves,JONES RD INTERSECTING MELBOURNE WATER RESERVE,9999,Missing Data,JONES ROAD,APARX,Classification,Greater than 10 Years,15,2001,460,260,0.57
146.55216535259484,-38.19442599558583,48501,48625,48364,LIDDIARD RD S OF PRINCES HWY,INTERSECTION,All Moves,PARK LA & PRINCES HWY & LIDDIARD RD,9999,Missing Data,LIDDIARD ROAD,TMVMT,Manual,Greater than 10 Years,0,0,0,0,0.0
144.96752599102868,-37.797337596753856,48502,48725,52511,LYGON ST S OF ELGIN ST,INTERSECTION,All Moves,LYGON ST/ELGIN ST,9999,Missing Data,LYGON STREET,SCATS,Scats,Between 5 and 10 Years,7,2009,10000,0,0.0
144.99150489701964,-37.86539290225243,48522,48731,44762,INKERMAN ST E OF CHAPEL ST,INTERSECTION,All Moves,CHAPEL ST/INKERMAN ST,9999,Missing Data,INKERMAN STREET,SCATS,Scats,Less than 2 Years,0,2016,0,0,0.0
144.9637495057043,-37.8245792008973,48576,48644,46903,POWER ST RIGHT TURN TO CITY RD OD:21,INTERSECTION,Incomplete Through,CITY RD LEFT TURN TO POWER ST OD:12,9999,Missing Data,KAVANAGH STREET,MOTSV,Manual,Greater than 10 Years,23,1993,15000,2700,0.18
145.60795620630088,-38.183886331690495,48647,48265,49332,KOO-WEE-RUP-LONGWARRY RD E BD 800M E OF MC CLURES RD,MIDBLOCK,All Moves,KOO-WEE-RUP-LONGWARRY RD 800M E OF MC CLURES RD,5709,KOO-WEE-RUP-LONGWARRY ROAD,KOO WEE RUP-LONGWARRY ROAD,APARX,Classification,Greater than 10 Years,13,2003,850,100,0.12
144.97895539247483,-37.85627699825937,48650,48755,51271,LAKESIDE DR NW OF FITZROY ST,INTERSECTION,Left & Through Missing,FITZROY ST/PRINCES ST/LAKESIDE DR,9999,Missing Data,LAKESIDE DRIVE,SCATS,Scats,Between 5 and 10 Years,10,2006,2500,0,0.0
143.82011181194719,-37.57097316335464,48677,48759,44950,BALLARAT CARNGHAM RD W BD 50M W OF BRAZNENOR ST,MIDBLOCK,All Moves,BALLARAT CARNGHAM RD 50M W OF BRAZNENOR ST,5078,BALLARAT-CARNGHAM ROAD,LA TROBE STREET,APARX,Classification,Greater than 10 Years,23,1993,4700,970,0.21
142.46848298248685,-38.369666001275256,48681,48137,44819,LAVEROCK RD S BD S OF PRINCES HWY,INTERSECTION,All Moves,LAVEROCK RD N OF PRINCES HWY,9999,Missing Data,LAVEROCK GROVE,TMVMT,Manual,Greater than 10 Years,0,0,0,0,0.0
145.71162569667754,-38.366035588702175,48683,48528,41001,LOCH-POOWONG RD N BD 440M N OF SOUTH GIPPSLAND HWY @ 0.4KM FROM LOCH,MIDBLOCK,All Moves,LOCH-POOWONG RD 440M N OF SOUTH GIPPSLAND HWY @ 0.4KM FROM LOCH,9999,Missing Data,LOCH-POOWONG ROAD,APARX,Classification,Greater than 10 Years,15,2001,330,60,0.19
146.2835502451082,-38.191878365844055,48715,48533,46249,PRINCES FWY ON RAMP W BD FROM JOHN FIELD DR,MIDBLOCK,On Ramp,PRINCES FWY OFF RAMP TO JOHN FIELD DR,7330,7841B 2510R,JOHN FIELD-PRINCES IN RAMP ON,APARX,Classification,Greater than 10 Years,13,2003,800,60,0.08
145.37743250064165,-37.73501608315864,48717,48031,42927,INGRAM RD E BD E OF MAROONDAH HWY,MIDBLOCK,All Moves,INGRAM RD E OF MAROONDAH HWY,9999,Missing Data,INGRAM ROAD,APARX,Classification,Greater than 10 Years,14,2002,770,120,0.16
144.23203639879728,-36.797274999472414,48720,48767,38279,BENDIGO-MARYBOROUG W BD W OF CALDER HWY,INTERSECTION,All Moves,CALDER HWY N OF CAMP ST,5200,BENDIGO-MARYBOROUGH ROAD,LOCKWOOD ROAD,TMVMT,Manual,Greater than 10 Years,17,1999,3100,180,0.06
144.98091230684895,-37.798599256830634,48722,48032,45715,JOHNSTON ST E NAPIER ST (HISTORIC),INTERSECTION,All Moves,JOHNSTON ST/NAPIER ST,5853,JOHNSTON STREET,JOHNSTON STREET,SCATS,Scats,Between 5 and 10 Years,9,2007,13000,0,0.0
146.97760280828368,-37.96773558980952,48736,48146,51597,TRARALGON-MAFFRA RD NW OF MAFFRA-BRIAGOLONG DEPARTURE,INTERSECTION,All Moves,MAFFRA-BRIAGOLONG R N OF TRARALGON-MAFFRA RD DEPARTURE,5543,TRARALGON-MAFFRA ROAD,JOHNSON STREET,TMVMT,Manual,Greater than 10 Years,0,0,0,0,0.0
145.47322089581195,-38.4426065887997,48762,48039,46572,KING RD W BD 200M W OF BASS HWY,MIDBLOCK,All Moves,KING RD 200M W OF BASS HWY,9999,Missing Data,KING ROAD,APARX,Classification,Greater than 10 Years,11,2005,10,0,0.2
143.95566542661007,-35.80507100246176,48763,48774,39946,LODDON VALLEY HWY S BD 3.1 KM N OF MOUNTFORD RD @120.1KM FROM BENDIGO,MIDBLOCK,All Moves,LODDON VALLEY HWY 3.1 KM N OF MOUNTFORD RD @120.1KM FROM BENDIGO,2630,LODDON VALLEY HIGHWAY,LODDON VALLEY HIGHWAY,APARX,Classification,Greater than 10 Years,21,1995,550,130,0.24
145.06250141094887,-37.793208350022326,48784,48545,49512,KILBY RD W of BURKE RD,INTERSECTION,All Moves,BURKE RD & DONCASTER RD,9999,Missing Data,KILBY ROAD,TMVMT,Manual,Greater than 10 Years,24,1992,3900,0,0.0
145.18778479090628,-38.10138269997898,48794,48156,52236,LYREBIRD DR S OF HALL RD,INTERSECTION,All Moves,HALL RD/LYREBIRD DR - CARRUM DOWNS,9999,Missing Data,LYREBIRD DRIVE,SCATS,Scats,Greater than 10 Years,0,0,0,0,0.0
144.9526135870122,-37.80967399739843,48805,48781,42793,KING ST SEB BTW DUDLEY ST & BATMAN ST,MIDBLOCK,All Moves,KING ST NBTW DUDLEY ST & BATMAN ST,5041,KING STREET,KING STREET,APARX,Classification,Greater than 10 Years,24,1992,22000,2700,0.12
146.25118447670332,-38.17976795510944,48830,48162,45596,LLOYD ST SW OF WATERLOO RD DEPARTURE,INTERSECTION,All Moves,WATERLOO RD NE OF LLOYD ST DEPARTURE,5539,MOE-GLENGARRY ROAD,LLOYD STREET,TMVMT,Manual,Greater than 10 Years,0,0,0,0,0.0
144.99973549863927,-37.86641640538478,48849,48788,44066,INKERMAN ST W OF HOTHAM ST,INTERSECTION,All Moves,HOTHAM ST/INKERMAN ST,9999,Missing Data,INKERMAN STREET,SCATS,Scats,Less than 2 Years,1,2015,7900,0,0.0
144.3564826028634,-38.155349087881845,48867,48559,49201,KILGOUR ST W of MOORABOOL ST,INTERSECTION,All Moves,KILGOUR ST & MOORABOOL ST,9999,Missing Data,KILGOUR STREET,TMVMT,Manual,Greater than 10 Years,23,1993,4700,0,0.0
144.96476476286497,-37.83053926191194,48879,48794,39451,KINGS WAY SOUTHBOU SE of WEST GATE FWY OFF,INTERSECTION,Through Missing,KINGS WAY SOUTHBOUND & WEST GATE FWY OFF,2510,PRINCES HIGHWAY EAST,KINGS WAY,TMVMT,Manual,Greater than 10 Years,0,0,0,0,0.0
144.8495567331012,-37.7266225998806,48890,48564,41786,KEILOR PARK DR S OF CALDER FWY,INTERSECTION,All Moves,CALDER FWY/KEILOR PARK DR,5054,KEILOR PARK DRIVE,KEILOR PARK DRIVE,SCATS,Scats,Greater than 10 Years,19,1997,14000,0,0.0
144.97194256885243,-37.80946153475632,48901,48799,43823,LONDSDALE ST SW OF SPRING ST,INTERSECTION,All Moves,SPRING ST/LONSDALE ST/ALBERT ST,9999,Missing Data,LONSDALE STREET,SCATS,Scats,Between 2 and 5 Years,5,2011,12000,0,0.0
147.1204237472952,-38.175491627305504,48927,48072,51529,LONGFORD-LOCH SPORT RD E BD 3.5KM E OF SOUTH GIPPSLAND HWY @ 48.5KM FROM LOCH SP,MIDBLOCK,All Moves,LONGFORD-LOCH SPORT RD 3.5KM E OF SOUTH GIPPSLAND HWY @ 48.5KM FROM LOCH SP,5915,LONGFORD-LOCH SPORT ROAD,LONGFORD-LOCH SPORT ROAD,APARX,Classification,Greater than 10 Years,15,2001,440,60,0.14
144.49586929587218,-36.8952451943852,48936,48075,45082,BENDIGO REDESDALE RD N BD 1.9 KM N OF TWIN RIVERS RD @ 30.9KM FROM BENDIGO,MIDBLOCK,All Moves,BENDIGO REDESDALE RD 1.9 KM N OF TWIN RIVERS RD @ 30.9KM FROM BENDIGO,5175,BENDIGO-REDESDALE ROAD,LYELL ROAD,APARX,Classification,Between 2 and 5 Years,3,2013,320,80,0.26
145.15046567487403,-38.15268588924513,48951,48080,44870,LEE_ST SW OF CRANBOURNE_RD,INTERSECTION,All Moves,CRANBOURNE RD/LEE ST,9999,Missing Data,LEE STREET,SCATS,Scats,Between 2 and 5 Years,4,2012,4300,0,0.0
143.81810750243199,-37.53432869878188,48958,48192,45672,BALLARAT-MARYBOROUGH RD NWBD BTW NORMAN ST & GILLIES ST,MIDBLOCK,All Moves,BALLARAT-MARYBOROUGH RD BTW NORMAN ST & GILLIES ST,5327,BALLARAT-MARYBOROUGH ROAD,LEARMONTH ROAD,APARX,Classification,Greater than 10 Years,13,2003,4100,340,0.08
144.78130368288123,-37.69724648880746,48962,48586,44157,KEILOR-MELTON RD W BD E OF KINGS RD,UNDEFINED,All Moves,KEILOR-MELTON RD E OF KINGS RD,5009,KINGS ROAD,KINGS ROAD,APARX,Classification,Greater than 10 Years,25,1991,9500,0,0.0
144.91942868624125,-37.82088902347974,48977,48198,54495,LORIMER_ST W OF SALMON_ST,INTERSECTION,All Moves,LORIMER ST/SALMON ST,5597,LORIMER STREET,LORIMER STREET,SCATS,Scats,Greater than 10 Years,0,0,0,0,0.0
144.2323233110903,-36.715473131266926,48985,48092,38375,LODDON VALLEY HWY W OF LEGGO ST DEPARTURE,INTERSECTION,All Moves,LEGGO ST N OF LODDON VALLEY HWY DEPARTURE,2630,LODDON VALLEY HIGHWAY,LODDON VALLEY HIGHWAY,TMVMT,Manual,Greater than 10 Years,0,0,0,0,0.0
144.9685860724306,-37.80820425868993,48987,48594,46622,LATROBE ST W OF EXHIBITION ST,INTERSECTION,All Moves,EXHIBITION ST/LATROBE ST,9999,Missing Data,LA TROBE STREET,SCATS,Scats,Less than 2 Years,0,2016,0,0,0.0
144.97371339179233,-37.82162929789772,49006,49904,51973,ALEXANDRA AVE 2WAY W OF LINLITHGOW AV,UNDEFINED,All Moves,ALEXANDRA AVE W OF LINLITHGOW AV,9999,Missing Data,LINLITHGOW AVENUE ALT,APARX,Classification,Greater than 10 Years,24,1992,68000,0,0.0
145.06950451258916,-37.757232496435535,49008,49905,45232,LOWER HEIDELBERG RD S of BURGUNDY ST,INTERSECTION,All Moves,BURGUNDY ST & LOWER HEIDELBERG R,2850,GREENSBOROUGH HIGHWAY,LOWER HEIDELBERG ROAD,TMVMT,Manual,Greater than 10 Years,24,1992,17000,420,0.02
144.95154421086045,-37.80801388955803,49021,49410,55140,KING ST NW OF ROSSLYN ST,INTERSECTION,All Moves,KING ST/ROSSLYN ST/CHETWYND ST,5041,KING STREET,KING STREET,SCATS,Scats,Between 2 and 5 Years,5,2011,13000,0,0.0
144.77917470897796,-37.843656958465125,49027,49413,44160,LEAKES RD W BD W OF FITZGERALD RD,UNDEFINED,All Moves,LEAKES RD W OF FITZGERALD RD,9999,Missing Data,LEAKES ROAD,APARX,Classification,Greater than 10 Years,24,1992,1300,0,0.0
144.90872336647783,-38.36807630006468,49037,49418,49137,JETTY RD S of EASTBOURNE RD,INTERSECTION,All Moves,EASTBOURNE RD & JETTY RD,9999,Missing Data,JETTY ROAD,TMVMT,Manual,Greater than 10 Years,0,0,0,0,0.0
144.9271573178943,-37.78039971917854,49040,49921,50431,KENT ST 2WAY E OF EAST ST,UNDEFINED,All Moves,KENT ST 2WAY E OF EAST ST,9999,Missing Data,KENT STREET,APARX,Classification,Greater than 10 Years,25,1991,4700,0,0.0
145.16433160668535,-37.88335352397332,49076,49939,55649,KINGSWAY W of SPRINGVALE_RD,INTERSECTION,All Moves,SPRINGVALE RD/INGRAM AVE/KINGSWAY,9999,Missing Data,KINGSWAY,SCATS,Scats,Greater than 10 Years,12,2004,4800,0,0.0
144.3507267568467,-38.15741618869158,49085,49442,48312,PRINCES HWY WEST S BD LATROBE TERRACE.SOUTH OF KILGOUR.ST FAST LANE,MIDBLOCK,Incomplete Through,PRINCES HWY WEST LATROBE TERRACE.SOUTH OF KILGOUR.ST,2800,CORIO-WAURN PONDS ROAD,LATROBE TERRACE,APARX,Classification,Greater than 10 Years,21,1995,7100,400,0.06
145.18032070030355,-37.902644801919415,49116,49959,57171,LUM RD S BD BTW MOODIE DR & SHERINGHAM DR,MIDBLOCK,All Moves,LUM RD BTW MOODIE DR & SHERINGHAM DR,9999,Missing Data,LUM ROAD,APARX,Classification,Between 5 and 10 Years,9,2007,2200,50,0.02
145.62299735154016,-38.5824907175686,49124,49963,54068,KORUMBURRA-WONTHAGGI RD SWBD BTW HESLOP RD & STOREY ST,MIDBLOCK,All Moves,KORUMBURRA-WONTHAGGI RD NBTW HESLOP RD & STOREY ST,5698,KORUMBURRA-WONTHAGGI ROAD,KORUMBURRA-WONTHAGGI ROAD,APARX,Classification,Between 2 and 5 Years,3,2013,940,70,0.08
141.24681955305462,-36.462626998399216,49185,49492,44549,KANIVA EDENHOPE RD (7.0KM) S BD 9 KM S OF WESTERN H'WAY,MIDBLOCK,All Moves,KANIVA EDENHOPE RD (7.0KM) 9 KM S OF WESTERN H'WAY,5134,KANIVA-EDENHOPE ROAD,KANIVA-EDENHOPE ROAD,APARX,Classification,Between 5 and 10 Years,9,2007,70,10,0.2
143.5804686708807,-37.80951987609948,49189,49494,44951,LISMORE RD S BD 300M S OF ROKEWOOD SKIPTON RD,MIDBLOCK,All Moves,LISMORE RD 300M S OF ROKEWOOD SKIPTON RD,5080,LISMORE-SCARSDALE ROAD,LISMORE-SCARSDALE ROAD,APARX,Classification,Greater than 10 Years,23,1993,220,40,0.19
145.17232409781795,-36.7521099495003,49234,49003,52805,KIRWANS BRIDGE-LONGWOOD RD W BD 300M W OF GOULBURN VALLEY HWY @ 4.5KM POST,MIDBLOCK,All Moves,KIRWANS BRIDGE-LONGWOOD RD 300M W OF GOULBURN VALLEY HWY @ 4.5KM POST,9999,Missing Data,KIRWANS BRIDGE ROAD,APARX,Classification,Between 5 and 10 Years,8,2008,10,0,0.11
145.2257129515452,-38.016500792611325,49247,49316,38595,KITCHEN RD S of GREENS RD,INTERSECTION,All Moves,GREENS RD & KITCHEN RD,9999,Missing Data,KITCHEN ROAD,TMVMT,Manual,Greater than 10 Years,24,1992,3400,0,0.0
144.3169163165062,-35.9085399791516,49258,49502,55205,COHUNA-LEITCHVILLE RD W BD 200M W OF MURRAY VALLEY HWY @ 18.0KM FROM COHUNA,MIDBLOCK,All Moves,COHUNA-LEITCHVILLE RD 200M W OF MURRAY VALLEY HWY @ 18.0KM FROM COHUNA,5337,COHUNA-LEITCHVILLE ROAD,LEITCHVILLE ROAD,APARX,Classification,Greater than 10 Years,16,2000,330,40,0.13
144.1169051672936,-35.62459209823615,49262,49503,44623,KOONDROOK-MURRABIT RD EBD 2.4 KM W OF KERANG-KOONDROOK RD @ 2.4KM FROM KOONDROO,MIDBLOCK,All Moves,KOONDROOK-MURRABIT RD 2.4 KM W OF KERANG-KOONDROOK RD @ 2.4KM FROM KOONDROO,9999,Missing Data,KOONDROOK-MURRABIT ROAD,APARX,Classification,Greater than 10 Years,16,2000,180,20,0.14
144.9679838641594,-37.79465020191541,49287,49015,46138,LYGON ST S BD S of PRINCES ST,INTERSECTION,All Moves,LYGON ST N OF PRINCES ST,9999,Missing Data,LYGON STREET,TMVMT,Manual,Greater than 10 Years,0,0,0,0,0.0
144.96023594289565,-37.82564562028983,49294,49509,38609,CITY RD NE of QUEENSBRIDGE ST,INTERSECTION,All Moves,CITY RD & QUEENSBRIDGE ST,8043,WHITEMAN STREETB 2510F,KINGS WAY,TMVMT,Manual,Greater than 10 Years,22,1994,10000,0,0.0
145.07376919642087,-37.737879287896405,49296,49836,44342,LOWER PLENTY RD SW of ROSANNA RD,INTERSECTION,All Moves,BRASSEY AV & LOWER PLENTY RD & ROSANNA RD,5743,LOWER PLENTY ROAD,LOWER PLENTY ROAD,TMVMT,Manual,Greater than 10 Years,28,1988,9100,270,0.03
145.56711498755715,-38.587231457083725,49301,49017,54687,LOWER POWLETT RD W BD 100M W OF BASS HWY,MIDBLOCK,All Moves,LOWER POWLETT RD 100M W OF BASS HWY,9999,Missing Data,LOWER POWLETT ROAD,APARX,Classification,Greater than 10 Years,15,2001,80,0,0.06
145.49154914966644,-38.08600230433933,49329,49110,52806,KOO WEE RUP RD S BD 800M S OF BALD HILL RD,MIDBLOCK,All Moves,KOO WEE RUP RD 800M S OF BALD HILL RD,5770,HEALESVILLE-KOO-WEE-RUP ROAD,KOO WEE RUP ROAD,APARX,Classification,Greater than 10 Years,15,2001,2900,400,0.14
145.22561217152503,-37.717678483981054,49335,49514,43480,KANGAROO GROUND-WARRANDYTE RD S BD S OF PIGEON BANK LANE,INTERSECTION,All Moves,KANGAROO GROUND-WARRANDYTE RD S OF PIGEON BANK LANE,5810,WARRANDYTE-KANGAROO GROUND ROAD,KANGAROO GROUND-WARRANDYTE ROAD,APARX,Classification,Greater than 10 Years,23,1993,2100,0,0.0
145.07495006740788,-37.73719996073899,49340,49608,43843,LOWER PLENTY RD SW OF ROSANNA RD,INTERSECTION,All Moves,LOWER PLENTY RD/ROSANNA RD/BRASSEY AVE,5743,LOWER PLENTY ROAD,LOWER PLENTY ROAD,SCATS,Scats,Between 5 and 10 Years,7,2009,9000,0,0.0
145.2257129515452,-38.016500792611325,49356,49610,45345,KITCHEN RD 2WAY S OF GREENS RD,UNDEFINED,All Moves,KITCHEN RD S OF GREENS RD,9999,Missing Data,KITCHEN ROAD,APARX,Classification,Greater than 10 Years,0,0,0,0,0.0
145.43225204949107,-36.302527548367614,49364,49611,42655,KATAMATITE-SHEPPARTON RD SWBD RIGHT TURN TO GOULBURN VALLEY HWY,INTERSECTION,Incomplete Through,GOULBURN VALLEY HWY LEFT TURN TO KATAMATITE-SHEPPARTON RD,5419,KATAMATITE-SHEPPARTON ROAD,KATAMATITE-SHEPPARTON MAIN ROAD,MOTSV,Manual,Greater than 10 Years,0,0,0,0,0.0
146.5138448172235,-38.204210790598566,49366,49846,49940,PRINCES HWY SW of KOSCIUSKO ST,INTERSECTION,All Moves,KOSCIUSKO ST & PRINCES HWY,9999,Missing Data,LODGE DRIVE,TMVMT,Manual,Greater than 10 Years,20,1996,10000,290,0.03
145.11944460315493,-37.98786257238061,49368,49335,44099,LOWER DANDENONG RD W OF HOWARD ST,INTERSECTION,Left Missing,LOWER DANDENONG RD/HOWARD RD,2050,STATE (LOWER DANDENONG/CHELTENHAM) HIGHWAY,LOWER DANDENONG ROAD,SCATS,Scats,Between 5 and 10 Years,8,2008,15000,0,0.0
145.06894734576562,-37.76024300725534,49373,49847,48228,LOWER HEIDELBERG RD 2WAY N OF YARRA ST,UNDEFINED,All Moves,LOWER HEIDELBERG RD 2WAY N OF YARRA ST,5762,MAIN HEIDELBERG-ELTHAM ROAD,LOWER HEIDELBERG ROAD,APARX,Classification,Greater than 10 Years,26,1990,33000,0,0.0
144.96586598848745,-37.80900567272889,49417,49338,44577,LATROBE ST SW OF RUSSELL ST,INTERSECTION,All Moves,RUSSELL ST/LA TROBE ST,9999,Missing Data,LA TROBE STREET,SCATS,Scats,Less than 2 Years,0,2016,0,0,0.0
145.06950451258916,-37.757232496435535,49424,49123,51141,LOWER HEIDELBERG RD S BD S of BURGUNDY ST,UNDEFINED,All Moves,ROSANNA RD N OF BURGUNDY ST,2850,GREENSBOROUGH HIGHWAY,LOWER HEIDELBERG ROAD,TMVMT,Manual,Greater than 10 Years,24,1992,17000,410,0.02
144.0609221605933,-38.11486700791802,49438,49720,53102,INVERLEIGH WINCHELSEA ROAD(TYPE Y)16.9KM) S BD S OF BELLS BRIDGE INVERLEIGH,MIDBLOCK,All Moves,INVERLEIGH WINCHELSEA ROAD(TYPE Y)16.9KM) S OF BELLS BRIDGE INVERLEIGH,5073,INVERLEIGH-WINCHELSEA ROAD,INVERLEIGH-WINCHELSEA ROAD,APARX,Classification,Greater than 10 Years,24,1992,140,10,0.12
145.06894734576562,-37.76024300725534,49451,49223,45238,LOWER HEIDELBERG RD S BD S of BANKSIA ST,UNDEFINED,All Moves,LOWER HEIDELBERG RD N OF BANKSIA ST,5762,MAIN HEIDELBERG-ELTHAM ROAD,LOWER HEIDELBERG ROAD,TMVMT,Manual,Greater than 10 Years,24,1992,20000,370,0.02
144.00831246527312,-38.09251047025297,49483,49533,42384,INVERLEIGH-SHELFORD RD S BD N OF HAMILTON HWY @ 0.2KM FROM HAMILTON HIGHWAY,MIDBLOCK,All Moves,INVERLEIGH-SHELFORD RD N OF HAMILTON HWY @ 0.2KM FROM HAMILTON HIGHWAY,5076,INVERLEIGH-SHELFORD ROAD,INVERLEIGH-SHELFORD ROAD,APARX,Classification,Between 2 and 5 Years,3,2013,140,20,0.16
144.35433671786873,-38.25097175253948,49497,49859,39843,LOWER DUNEED RD W of TORQUAY RD,INTERSECTION,All Moves,LOWER DUNEED RD & TORQUAY RD,5008,LOWER DUNEED ROAD,LOWER DUNEED ROAD,TMVMT,Manual,Greater than 10 Years,25,1991,290,10,0.05
144.37167822490767,-37.347052809530126,49515,49537,43256,KYNETON-TRENTHAM RD N BD 270M SOUTH CEMETERY RD @ 9.7KM FROM KYNETON,MIDBLOCK,All Moves,KYNETON-TRENTHAM RD 270M SOUTH CEMETERY RD @ 9.7KM FROM KYNETON,5194,KYNETON-TRENTHAM ROAD,KYNETON-TRENTHAM ROAD,APARX,Classification,Greater than 10 Years,22,1994,0,0,0.0
144.84963011791783,-37.727524197626,49520,49231,42083,KEILOR PARK DR S OF CALDER FWY,INTERSECTION,Left Missing,CALDER FWY/KEILOR PARK DR/OLD CALDER HWY,5054,KEILOR PARK DRIVE,KEILOR PARK DRIVE,SCATS,Scats,Between 5 and 10 Years,10,2006,11000,0,0.0
144.00831246527312,-38.09251047025297,49538,49354,44542,INVERLEIGH-SHELFORD RD N BD N OF HAMILTON HWY @ 0.2KM FROM HAMILTON HIGHWAY,MIDBLOCK,All Moves,INVERLEIGH-SHELFORD RD N OF HAMILTON HWY @ 0.2KM FROM HAMILTON HIGHWAY,5076,INVERLEIGH-SHELFORD ROAD,INVERLEIGH-SHELFORD ROAD,APARX,Classification,Between 2 and 5 Years,3,2013,130,20,0.14
145.18124470481618,-37.995352298232845,49551,49048,40661,KIRKHAM RD WEST W OF CHELTENHAM RD,INTERSECTION,All Moves,CHANDLER RD & CHELTENHAM RD,9999,Missing Data,KIRKHAM ROAD,TMVMT,Manual,Greater than 10 Years,0,0,0,0,0.0
144.86939075309732,-37.72987774559529,49556,49140,40544,WOORITE PL S OF CALDER FWY ONRAMP,INTERSECTION,All Moves,FULLARTON RD/MOORNA DR/CALDER FWY/WOORITE PL,9999,Missing Data,KEILOR ROAD,SCATS,Scats,Greater than 10 Years,15,2001,8000,0,0.0
144.30472252110036,-36.73133827892228,49579,49870,55346,LONG GULLY-WHITE HILLS RD E BD 30M S OF MIDLAND HWY,MIDBLOCK,All Moves,LONG GULLY-WHITE HILLS RD 30M S OF MIDLAND HWY,5223,LONG GULLY-WHITE HILLS ROAD,LYONS STREET,APARX,Classification,Greater than 10 Years,19,1997,1200,80,0.07
145.105545216247,-37.98616255047271,49586,49239,40733,LOWER DANDENONG RD WB BTW SIBTHORPE ST & BOUNDARY RD,INTERSECTION,All Moves,LOWER DANDENONG RD BTW SIBTHORPE ST & BOUNDARY RD,2050,STATE (LOWER DANDENONG/CHELTENHAM) HIGHWAY,LOWER DANDENONG ROAD,MOTSV,Manual,Greater than 10 Years,21,1995,13000,870,0.07
147.43879350669016,-37.80458729747762,49607,49874,45552,LINDENOW RD S BD 400M N OF DARGO RD @ 10.4KM FROM PRINCES HIGHWAY EAST,MIDBLOCK,All Moves,LINDENOW RD 400M N OF DARGO RD @ 10.4KM FROM PRINCES HIGHWAY EAST,5560,LINDENOW ROAD,LINDENOW-GLENALADALE ROAD,APARX,Classification,Greater than 10 Years,20,1996,210,20,0.11
144.24124560801187,-36.80660815522473,49639,49245,40461,CALDER HWY S BD S OF FURNESS ST (BENDIGO) @143.8KM FROM MELBOURNE,MIDBLOCK,All Moves,CALDER HWY S OF FURNESS ST (BENDIGO) @143.8KM FROM MELBOURNE,9999,Missing Data,KIERAN COURT,APARX,Classification,Greater than 10 Years,25,1991,3100,370,0.12
144.9616740981154,-37.81022440527127,49657,49370,45109,LATROBE ST E OF ELIZABETH ST,INTERSECTION,All Moves,ELIZABETH ST/LATROBE ST,9999,Missing Data,LA TROBE STREET,SCATS,Scats,Between 2 and 5 Years,5,2011,14000,0,0.0
145.10228259837763,-37.72938189811937,49669,49371,45108,LOWER PLENTY RD E OF YALLAMBIE RD,INTERSECTION,All Moves,LOWER PLENTY RD/YALLAMBIE RD,5762,MAIN HEIDELBERG-ELTHAM ROAD,LOWER PLENTY ROAD,SCATS,Scats,Between 2 and 5 Years,5,2011,14000,0,0.0
144.97830113555972,-37.8100123946195,49671,49650,49715,LANSDOWNE ST S OF ALBERT ST,INTERSECTION,All Moves,ALBERT ST/LANSDOWNE ST,5102,LANSDOWNE STREET,LANSDOWNE STREET,SCATS,Scats,Between 2 and 5 Years,5,2011,7200,0,0.0
145.10234220821883,-37.95623862145918,49695,49653,44136,KINGSTON RD W BD E OF OLD_DANDENONG RD,UNDEFINED,All Moves,KINGSTON RD E OF OLD_DANDENONG RD,5970,HEATHERTON ROAD,KINGSTON ROAD,APARX,Classification,Greater than 10 Years,28,1988,11000,0,0.0
145.11189379666283,-37.986940590429526,49704,49654,40219,LOWER DANDENONG RD W BD W OF BOUNDARY RD,UNDEFINED,All Moves,LOWER DANDENONG RD W OF BOUNDARY RD,2050,STATE (LOWER DANDENONG/CHELTENHAM) HIGHWAY,LOWER DANDENONG ROAD,APARX,Classification,Greater than 10 Years,28,1988,14000,0,0.0
145.21435999996368,-37.98779420068751,49728,49069,43680,LONSDALE ST S of CLOW ST,INTERSECTION,All Moves,CLOW ST & LONSDALE ST & PRINCES HWY,2510,PRINCES HIGHWAY EAST,LONSDALE STREET,TMVMT,Manual,Greater than 10 Years,0,0,0,0,0.0
144.9604080617072,-37.82606580444202,49748,49565,45195,KINGSWAY SE of CITY RD,INTERSECTION,Incomplete Through,CITY RD & KINGSWAY & QUEENSBRIDGE ST,2510,PRINCES HIGHWAY EAST,KINGS WAY,TMVMT,Manual,Greater than 10 Years,0,0,0,0,0.0
145.24839847643344,-37.87210469362642,49763,49384,38935,LEWIS RD NE OF BURWOOD HWY,INTERSECTION,All Moves,BURWOOD HWY / HIGH ST RD / LEWIS RD,9999,Missing Data,LEWIS ROAD,SCATS,Scats,Between 5 and 10 Years,8,2008,4800,0,0.0
144.35570680583916,-38.155126904435114,49765,49895,40139,KILGOUR ST E of MOORABOOL ST,INTERSECTION,All Moves,KILGOUR ST & MOORABOOL ST,9999,Missing Data,KILGOUR STREET,TMVMT,Manual,Greater than 10 Years,23,1993,4800,0,0.0
146.97969047941743,-36.237423073597725,49785,49763,53028,LINDSAY RD W BD 1.1 KM W OF KIEWA VALLEY HWY @ 1.1KM FROM KIEWA VALLEY HWY,MIDBLOCK,All Moves,LINDSAY RD 1.1 KM W OF KIEWA VALLEY HWY @ 1.1KM FROM KIEWA VALLEY HWY,5238,LINDSAY ROAD,LINDSAY ROAD,APARX,Classification,Between 2 and 5 Years,4,2012,160,20,0.16
144.97856096374923,-37.80849599395307,49792,49666,49101,VICTORIA PDE W of LANSDOWNE ST,INTERSECTION,All Moves,LANSDOWNE ST & VICTORIA PDE,5102,LANSDOWNE STREET,LANSDOWNE STREET,TMVMT,Manual,Greater than 10 Years,31,1985,36000,0,0.0
145.111804110003,-37.9574074464978,49798,49077,44074,KINGSTON_RD W OF BOUNDARY_RD (HISTORIC),INTERSECTION,All Moves,KINGSTON ROAD/BOUNDARY ROAD/CLAYTON ROAD/HEATHERTON ROAD NOW UNDER 3212,5970,HEATHERTON ROAD,KINGSTON ROAD,SCATS,Scats,Greater than 10 Years,15,2001,10000,0,0.0
144.52920250248087,-37.309051001964015,49811,49391,40079,JAMES RD E BD 50M E OF CALDER HWY,MIDBLOCK,All Moves,JAMES RD 50M E OF CALDER HWY,9999,Missing Data,JAMES ROAD,APARX,Classification,Greater than 10 Years,15,2001,40,0,0.04
144.9472009144702,-37.80236893726103,49812,49170,51585,CURZON ST S OF ARDEN ST,INTERSECTION,Right & Through Missing,ARDEN ST/CURZON ST,9999,Missing Data,LITTLE PROVOST STREET,SCATS,Scats,Greater than 10 Years,26,1990,10000,0,0.0
146.43853029621272,-38.23870001263096,49828,49769,54722,MARYVALE RD N BD 600M S OF TRARALGON WEST RD,MIDBLOCK,All Moves,MARYVALE RD 600M S OF TRARALGON WEST RD,9999,Missing Data,KIRWIN ROAD,APARX,Classification,Greater than 10 Years,20,1996,1200,220,0.18
146.51453673576333,-38.20430620164724,49845,49397,52479,KOSCIUSZKO ST S BD 50M N OF PRINCES HWY EAST,MIDBLOCK,All Moves,KOSCIUSZKO ST 50M N OF PRINCES HWY EAST,9999,Missing Data,KOSCIUSZKO STREET,APARX,Classification,Greater than 10 Years,15,2001,1500,70,0.05
144.91028681424132,-38.3791603672463,49851,49084,48226,JETTY RD 2WAY S OF OLD CAPE,UNDEFINED,All Moves,JETTY RD 2WAY S OF OLD CAPE,9999,Missing Data,JETTY ROAD,APARX,Classification,Greater than 10 Years,26,1990,4000,0,0.0
144.97859792475438,-37.80831050134432,49893,49280,44155,LANSDOWNE ST S BD S OF VICTORIA PDE,UNDEFINED,All Moves,LANSDOWNE ST S OF VICTORIA PDE,5102,LANSDOWNE STREET,LANSDOWNE STREET,APARX,Classification,Greater than 10 Years,24,1992,4800,0,0.0
145.0781817699163,-37.735350661732205,49903,49183,48115,LOWER PLENTY RD SW of GREENSBOROUGH RD,INTERSECTION,All Moves,GREENSBOROUGH HWY & LOWER PLENTY RD,2850,GREENSBOROUGH HIGHWAY,LOWER PLENTY ROAD,TMVMT,Manual,Greater than 10 Years,19,1997,33000,0,0.0
146.97969047941743,-36.237423073597725,49921,49686,53124,LINDSAY RD E BD 1.1 KM W OF KIEWA VALLEY HWY @ 1.1KM FROM KIEWA VALLEY HWY,MIDBLOCK,All Moves,LINDSAY RD 1.1 KM W OF KIEWA VALLEY HWY @ 1.1KM FROM KIEWA VALLEY HWY,5238,LINDSAY ROAD,LINDSAY ROAD,APARX,Classification,Between 2 and 5 Years,2,2014,160,10,0.09
144.95493173866032,-37.81465418708681,49923,49285,38281,KING ST SE OF LONSDALE ST,INTERSECTION,All Moves,KING ST/LONSDALE ST,5041,KING STREET,KING STREET,SCATS,Scats,Between 5 and 10 Years,9,2007,28000,0,0.0
144.26309455251842,-35.89624040034191,49927,49589,43869,LEITCHVILLE-PYRAMID RD N BD 500M S OF COHUNA-LEITCHVILLE RD @ 4.2KM FROM LEITCH,MIDBLOCK,All Moves,LEITCHVILLE-PYRAMID RD 500M S OF COHUNA-LEITCHVILLE RD @ 4.2KM FROM LEITCH,5338,LEITCHVILLE-PYRAMID ROAD,LEITCHVILLE-PYRAMID ROAD,APARX,Classification,Greater than 10 Years,21,1995,230,30,0.14
144.9518489672336,-37.808410905651584,49987,49797,39243,KING ST SE OF ROSSLYN ST,INTERSECTION,All Moves,KING ST/ROSSLYN ST/CHETWYND ST,5041,KING STREET,KING STREET,SCATS,Scats,Between 2 and 5 Years,5,2011,15000,0,0.0
144.93022659934368,-37.82153039863676,50046,50622,44095,LORIMER ST W OF GRAHAM ST,INTERSECTION,All Moves,LORIMER ST/GRAHAM ST,5597,LORIMER STREET,LORIMER STREET,SCATS,Scats,Greater than 10 Years,11,2005,0,0,0.0
144.29748153558924,-36.73965355429359,50066,50405,47039,KNIGHT ST NW OF MIDLAND HWY,INTERSECTION,All Moves,MIDLAND HWY & KNIGHT ST & POWELL ST,9999,Missing Data,KNIGHT STREET,TMVMT,Manual,Greater than 10 Years,0,0,0,0,0.0
145.05776026476087,-37.885523999439656,50077,50712,55266,EGAN ST NW OF KOORNANG RD DEPARTURE,INTERSECTION,All Moves,KOORNANG RD N OF EGAN ST DEPARTURE,9999,Missing Data,KOORNANG ROAD,TMVMT,Manual,Greater than 10 Years,0,0,0,0,0.0
145.17096952387087,-38.099250905854674,50079,50632,58909,LATHAMS RD W BD BTW DANDENONG-FRANKSTON RD & TITAN DR,MIDBLOCK,All Moves,LATHAMS RD BTW DANDENONG-FRANKSTON RD & TITAN DR,9999,Missing Data,LATHAMS ROAD,APARX,Classification,Between 5 and 10 Years,9,2007,4400,510,0.12
144.96808695709203,-37.794043100659536,50140,50422,54899,LYGON_ST S of LYTTON_ST,INTERSECTION,All Moves,LYGON ST NR LYTTON ST,9999,Missing Data,LYGON STREET,SCATS,Scats,Greater than 10 Years,19,1997,11000,0,0.0
144.98459379878253,-37.798992563358205,50147,50423,51936,JOHNSTON ST E OF SMITH ST,INTERSECTION,All Moves,JOHNSTON ST/SMITH ST,5853,JOHNSTON STREET,JOHNSTON STREET,SCATS,Scats,Between 5 and 10 Years,9,2007,11000,0,0.0
143.7278677167966,-37.04187238886404,50150,50246,58912,MARYBOROUGH-ST ARNAUD RD NWBD 15NW OF GOLDSMITH ST,MIDBLOCK,All Moves,MARYBOROUGH-ST ARNAUD RD 15NW OF GOLDSMITH ST,9999,Missing Data,INKERMAN LANE,APARX,Classification,Between 5 and 10 Years,9,2007,1400,80,0.06
147.05570553999448,-36.540780154638405,50166,50428,40302,KIEWA VALLEY HWY N BD 200M S OF RUNNING CREEK RD @ 57.8KM FROM WODONGA,MIDBLOCK,All Moves,KIEWA VALLEY HWY 200M S OF RUNNING CREEK RD @ 57.8KM FROM WODONGA,2790,KIEWA VALLEY HIGHWAY,KIEWA VALLEY HIGHWAY,APARX,Classification,Between 2 and 5 Years,3,2013,370,30,0.1
144.7646129463103,-37.84092785034606,50202,50744,48828,LEAKES RD E BD INTERSECTING MELBOURNE WATER RESERVE,MIDBLOCK,All Moves,LEAKES RD INTERSECTING MELBOURNE WATER RESERVE,9999,Missing Data,LEAKES ROAD,APARX,Classification,Between 5 and 10 Years,8,2008,6200,490,0.08
145.14539034563643,-37.658451801724794,50203,50745,57081,IRONBARK RD S BD S OF MURRAY RD,MIDBLOCK,All Moves,IRONBARK RD S OF MURRAY RD,9999,Missing Data,IRONBARK ROAD,APARX,Classification,Greater than 10 Years,0,0,0,0,0.0
145.7973836875572,-38.63339198890981,50208,50664,53713,INVERLOCH-VENUS BAY RD E BD 400M E OF POUND CREEK RD @ 8.4KM FROM INVERLOCH,MIDBLOCK,All Moves,INVERLOCH-VENUS BAY RD 400M E OF POUND CREEK RD @ 8.4KM FROM INVERLOCH,5662,INVERLOCH-VENUS BAY ROAD,INVERLOCH-VENUS BAY ROAD,APARX,Classification,Greater than 10 Years,21,1995,540,50,0.1
144.1207639980973,-35.65699639315734,50215,50666,57827,KERANG-KOONDROOK RD SWBD BTW COHUNA-KOONDROOK RD & BUCKLAND RD,MIDBLOCK,All Moves,KERANG-KOONDROOK RD NBTW COHUNA-KOONDROOK RD & BUCKLAND RD,5578,KERANG-KOONDROOK ROAD,KERANG-KOONDROOK ROAD,APARX,Classification,Between 2 and 5 Years,3,2013,580,130,0.23
145.23088990729616,-37.98673813317584,50240,50754,57307,KIDDS RD W BD E OF POWER ST,MIDBLOCK,All Moves,KIDDS RD E OF POWER ST,9999,Missing Data,KIDDS ROAD,APARX,Classification,Greater than 10 Years,13,2003,8200,220,0.03
145.6363146594801,-38.59835669446231,50255,50758,54355,KIRRAK RD S BD 200M N OF BASS HWY,MIDBLOCK,All Moves,KIRRAK RD 200M N OF BASS HWY,9999,Missing Data,KIRRAK ROAD,APARX,Classification,Greater than 10 Years,0,0,0,0,0.0
144.9677095054498,-37.83753159995502,50270,50455,48737,LAKESIDE DR SE OF ALBERT RD,INTERSECTION,All Moves,LAKESIDE DR/ALBERT RD,9999,Missing Data,LAKESIDE DRIVE,SCATS,Scats,Between 2 and 5 Years,5,2011,9700,0,0.0
143.58139469681475,-38.36041928858026,50292,50281,55609,CARLISLE-COLAC RD W BD W OF COLAC-LAVERS HILL RD @ 0.3KM FROM COLAC-LAVERS HILL,MIDBLOCK,All Moves,CARLISLE-COLAC RD W OF COLAC-LAVERS HILL RD @ 0.3KM FROM COLAC-LAVERS HILL,5905,CARLISLE-COLAC ROAD,IRREWILLIPE ROAD,APARX,Classification,Between 2 and 5 Years,2,2014,590,30,0.05
142.9358580078492,-37.28907747156462,50322,50692,46776,KING ST ARARAT N/A S OF MOORE ST,MIDBLOCK,All Moves,KING ST ARARAT 2 WAY S OF MOORE ST,9999,Missing Data,KING STREET,APARX,Classification,Greater than 10 Years,0,0,0,0,0.0
144.99568711064396,-37.865898027994014,50399,50499,58033,INKERMAN_ST W OF WESTBURY_ST,INTERSECTION,All Moves,INKERMAN ST/WESTBURY ST,9999,Missing Data,INKERMAN STREET,SCATS,Scats,Greater than 10 Years,13,2003,7800,0,0.0
144.97191877559024,-37.770243895970125,50400,50500,48374,LYGON ST S OF ALBERT ST,INTERSECTION,All Moves,ALBERT ST & LYGON ST,9999,Missing Data,LYGON STREET,TMVMT,Manual,Greater than 10 Years,0,0,0,0,0.0
145.66664686934408,-38.372757171833015,50417,50013,46799,LOCH-KERNOT RD S BD 100M S OF STH GIPPSLAND HWY,MIDBLOCK,All Moves,LOCH-KERNOT RD 100M S OF STH GIPPSLAND HWY,9999,Missing Data,LOCH-KERNOT ROAD,APARX,Classification,Greater than 10 Years,16,2000,120,10,0.11
142.40119850431867,-36.25324529687843,50419,50014,56284,BORUNG HWY W BD BTW THOMAS ST & HENTY HWY,MIDBLOCK,All Moves,BORUNG HWY BTW THOMAS ST & HENTY HWY,2690,BORUNG HIGHWAY,LYLE STREET,APARX,Classification,Between 5 and 10 Years,7,2009,530,90,0.17
147.39779277648387,-37.93052058342983,50431,50018,54682,LINDENOW-MEERLIEU RD S BD 100M S OF PRINCES HWY,MIDBLOCK,All Moves,LINDENOW-MEERLIEU RD 100M S OF PRINCES HWY,9999,Missing Data,LINDENOW-MEERLIEU ROAD,APARX,Classification,Greater than 10 Years,15,2001,40,0,0.11
144.96691326687505,-37.80083330292428,50437,50020,49497,LYGON ST S OF GRATTAN ST,INTERSECTION,All Moves,GRATTAN ST/LYGON ST,9999,Missing Data,LYGON STREET,SCATS,Scats,Greater than 10 Years,14,2002,9500,0,0.0
145.47322089581195,-38.4426065887997,50440,50021,55604,KING RD E BD 200M W OF BASS HWY,MIDBLOCK,All Moves,KING RD 200M W OF BASS HWY,9999,Missing Data,KING ROAD,APARX,Classification,Greater than 10 Years,11,2005,10,0,0.13
147.36031722276255,-38.196932212473534,50456,50117,55611,LONGFORD LOCH SPORT RD W BD 400M E OF GOLDEN BEACH RD @ 26.4KM POST,MIDBLOCK,All Moves,LONGFORD LOCH SPORT RD 400M E OF GOLDEN BEACH RD @ 26.4KM POST,5915,LONGFORD-LOCH SPORT ROAD,LONGFORD-LOCH SPORT ROAD,APARX,Classification,Between 2 and 5 Years,4,2012,210,20,0.11
144.91403184885377,-37.68405573494573,50483,50126,48218,JOHNSTONE ST SE OF PEARCEDALE PDE,INTERSECTION,All Moves,JOHNSTONE ST/PEARCEDALE PDE,5873,BROADMEADOWS-TULLAMARINE ROAD,JOHNSTONE STREET,SCATS,Scats,Greater than 10 Years,19,1997,13000,0,0.0
144.64431148868687,-36.29928910007864,50521,50048,44554,PRAIRIE-ROCHESTER RD W BD 120M W OF WATERMANS LANE (BALLENDELLA) @ 3.,MIDBLOCK,All Moves,PRAIRIE-ROCHESTER RD 120M W OF WATERMANS LANE (BALLENDELLA) @ 3.,9999,Missing Data,LOWE ROAD,APARX,Classification,Between 2 and 5 Years,3,2013,200,40,0.2
144.85038687229047,-37.73771286970981,50530,50051,55789,KEILOR PARK DR NW OF WESTERN RING RD SW BD OFFRAMP,INTERSECTION,Left Missing,KEILOR PARK DR/SLATER PDE/WESTERN RING RD,5054,KEILOR PARK DRIVE,KEILOR PARK DRIVE,SCATS,Scats,Greater than 10 Years,19,1997,20000,0,0.0
145.9306700828924,-38.17491889007248,50534,50143,49720,WARRAGUL-L W OF KORUMBURRA-WARRAGUL RD DEPARTURE,INTERSECTION,All Moves,PFE OFF RAMP NE OF KORUMBURRA-WARRAGUL RD DEPARTURE,5682,KORUMBURRA-WARRAGUL ROAD,KORUMBURRA-WARRAGUL ROAD,TMVMT,Manual,Greater than 10 Years,0,0,0,0,0.0
145.62299735154016,-38.5824907175686,50560,50152,58135,KORUMBURRA-WONTHAGGI RD NEBD BTW HESLOP RD & STOREY ST,MIDBLOCK,All Moves,KORUMBURRA-WONTHAGGI RD NBTW HESLOP RD & STOREY ST,5698,KORUMBURRA-WONTHAGGI ROAD,KORUMBURRA-WONTHAGGI ROAD,APARX,Classification,Between 2 and 5 Years,3,2013,930,80,0.09
145.65519737446124,-38.34321643455949,50562,50549,58778,LANG LANG-POOWONG RD W BD BTW SOUTH GIPPSLAND HWY & HENRYS RD,MIDBLOCK,All Moves,LANG LANG-POOWONG RD BTW SOUTH GIPPSLAND HWY & HENRYS RD,5691,LANG LANG-POOWONG ROAD,LANG LANG-POOWONG ROAD,APARX,Classification,Less than 2 Years,1,2015,310,50,0.18
144.3487830932803,-37.139150477019314,50574,50553,54004,CALDER HWY S BD 20M N OF DE-LABECHE ST TARADALE @102.1KM POST,MIDBLOCK,All Moves,CALDER HWY 20M N OF DE-LABECHE ST TARADALE @102.1KM FROM MELBOURNE,9999,Missing Data,JACKSON STREET,APARX,Classification,Greater than 10 Years,22,1994,2700,500,0.18
144.3487830932803,-37.139150477019314,50583,50556,51193,CALDER HWY N BD 20M N OF DE-LABECHE ST TARADALE @102.1KM FROM MELBOURNE,MIDBLOCK,All Moves,CALDER HWY 20M N OF DE-LABECHE ST TARADALE @102.1KM FROM MELBOURNE,9999,Missing Data,JACKSON STREET,APARX,Classification,Greater than 10 Years,22,1994,2700,500,0.19
145.80659553550913,-38.6288029268596,50597,50073,55219,INVERLOCH-VENUS BAY RD E BD 300M W OF POUND CREEK RD @ 6.7KM FROM INVERLOCH,MIDBLOCK,All Moves,INVERLOCH-VENUS BAY RD 300M W OF POUND CREEK RD @ 6.7KM FROM INVERLOCH,5662,INVERLOCH-VENUS BAY ROAD,INVERLOCH-VENUS BAY ROAD,APARX,Classification,Between 2 and 5 Years,2,2014,720,120,0.18
144.81836878265867,-37.817983404945885,50669,50188,49403,LITTLE BOUNDARY RD NW 0F PIPE RD,INTERSECTION,Left Missing,LITTLE BOUNDARY RD/PIPE RD,5448,LITTLE BOUNDARY ROAD,LITTLE BOUNDARY ROAD,SCATS,Scats,Between 2 and 5 Years,3,2013,14000,0,0.0
144.98701531487103,-37.7992438171664,50680,50589,54510,JOHNSTON ST W OF WELLINGTON ST,INTERSECTION,Not representative,JOHNSTON ST/WELLINGTON ST,5853,JOHNSTON STREET,JOHNSTON STREET,SCATS,Scats,Between 5 and 10 Years,9,2007,11000,0,0.0
143.58139469681475,-38.36041928858026,50681,50192,53728,CARLISLE-COLAC RD E BD W OF COLAC-LAVERS HILL RD @ 0.3KM FROM COLAC-LAVERS HILL,MIDBLOCK,All Moves,CARLISLE-COLAC RD W OF COLAC-LAVERS HILL RD @ 0.3KM FROM COLAC-LAVERS HILL,5905,CARLISLE-COLAC ROAD,IRREWILLIPE ROAD,APARX,Classification,Between 2 and 5 Years,2,2014,720,40,0.07
145.0193628088835,-37.86321760079391,50710,50806,50880,KOOYONG RD S OF DANDENONG RD,INTERSECTION,All Moves,DANDENONG RD & KOOYONG RD,9999,Missing Data,KOOYONG ROAD,TMVMT,Manual,Greater than 10 Years,31,1985,6400,120,0.02
145.7330744508261,-38.339163843225165,50721,50907,57454,LANG LANG-POOWONG RD W BD 700M W OF FRYS RD @ 3.7KM FROM POOWONG,MIDBLOCK,All Moves,LANG LANG-POOWONG RD 700M W OF FRYS RD @ 3.7KM FROM POOWONG,5691,LANG LANG-POOWONG ROAD,LANG LANG-POOWONG ROAD,APARX,Classification,Between 2 and 5 Years,3,2013,220,30,0.13
145.11473334337487,-37.929202187986,50728,50308,48775,KNIGHT ST S BD BTW SPRINGFIELD AV & MALTARRA ST,MIDBLOCK,All Moves,KNIGHT ST BTW SPRINGFIELD AV & MALTARRA ST,9999,Missing Data,KNIGHT STREET,APARX,Classification,Greater than 10 Years,0,0,0,0,0.0
144.361084788003,-38.14845831687971,50743,50313,47009,LT_MALOP_ST W OF GHERINGHAP_ST,INTERSECTION,All Moves,LITTLE MALOP ST/GHERINGHAP ST,9999,Missing Data,LITTLE MALOP STREET,SCATS,Scats,Between 5 and 10 Years,7,2009,700,0,0.0
144.97830390374077,-37.79831987876294,50749,50315,55691,JOHNSTON ST W OF BRUNSWICK ST,INTERSECTION,All Moves,BRUNSWICK ST/JOHNSTON ST,5853,JOHNSTON STREET,JOHNSTON STREET,SCATS,Scats,Less than 2 Years,0,2016,12000,0,0.0
146.78423102291853,-38.15099470084459,50787,50929,56525,SMITHS LN S BD N OF PRINCES HIGHWAY EAST,MIDBLOCK,All Moves,SMITHS LN N OF PRINCES HIGHWAY EAST,9999,Missing Data,LATROBE STREET,APARX,Classification,Between 5 and 10 Years,8,2008,0,0,0.0
144.87356780911517,-37.73067675759586,50789,50832,50217,KEILOR RD SEBD BTW RACHELLE RD & SPRING ST,MIDBLOCK,All Moves,KEILOR RD BTW RACHELLE RD & SPRING ST,9999,Missing Data,KEILOR ROAD,APARX,Classification,Between 5 and 10 Years,8,2008,2500,110,0.04
145.17543038680668,-37.994499301191325,50809,50335,53287,CHELTENHAM RD W OF PERRY RD DEPARTURE,INTERSECTION,All Moves,KINGSCLERE AV CHELTENHAM RD & PERRY RD DEP,9999,Missing Data,KINGSCLERE AVENUE,TMVMT,Manual,Between 2 and 5 Years,3,2013,20000,920,0.04
146.51453673576333,-38.20430620164724,50846,50949,55315,KOSCIUSZKO ST N BD 50M N OF PRINCES HWY EAST,MIDBLOCK,All Moves,KOSCIUSZKO ST 50M N OF PRINCES HWY EAST,9999,Missing Data,KOSCIUSZKO STREET,APARX,Classification,Greater than 10 Years,15,2001,1500,80,0.05
143.83048819468243,-37.572037207742646,50847,50347,49477,BALLARAT-BURRUMBEET RD E BD 1KM W OF WESTERN FWY,MIDBLOCK,All Moves,BALLARAT-BURRUMBEET RD 1KM W OF WESTERN FWY,5078,BALLARAT-CARNGHAM ROAD,LA TROBE STREET,APARX,Classification,Between 2 and 5 Years,2,2014,4200,420,0.1
145.05754227154463,-37.886701995846416,50858,50953,49491,KOORNANG RD S OF ROSSTOWN RD,INTERSECTION,All Moves,KOORNANG RD/ROSSTOWN RD,9999,Missing Data,KOORNANG ROAD,SCATS,Scats,Between 2 and 5 Years,5,2011,6600,0,0.0
143.82011181194719,-37.57097316335464,50867,50956,55056,BALLARAT CARNGHAM RD E BD 50M W OF BRAZNENOR ST,MIDBLOCK,All Moves,BALLARAT CARNGHAM RD 50M W OF BRAZNENOR ST,5078,BALLARAT-CARNGHAM ROAD,LA TROBE STREET,APARX,Classification,Greater than 10 Years,23,1993,4700,990,0.21
144.13361030061435,-36.055045179264155,50892,50362,55617,LEITCHVILLE-PYRAMID RD W BD 1.8 KM E OF BENDIGO-PYRAMID RD @ 29.5KM FROM LEITCHV,MIDBLOCK,All Moves,LEITCHVILLE-PYRAMID RD 1.8 KM E OF BENDIGO-PYRAMID RD @ 29.5KM FROM LEITCHV,5338,LEITCHVILLE-PYRAMID ROAD,LEITCHVILLE-PYRAMID ROAD,APARX,Classification,Between 2 and 5 Years,3,2013,380,110,0.29
144.9724740087094,-37.76721439525589,50894,50868,49509,LYGON ST S OF BLYTH ST,INTERSECTION,All Moves,LYGON ST/BLYTH ST,9999,Missing Data,LYGON STREET,SCATS,Scats,Less than 2 Years,1,2015,11000,0,0.0
145.3028856022037,-37.924080199216206,50972,50388,47801,LYSTERFIELD RD N BD N OF WELLINGTON RD,MIDBLOCK,All Moves,LYSTERFIELD RD N OF WELLINGTON RD,5782,LYSTERFIELD ROAD,LYSTERFIELD ROAD,APARX,Classification,Between 2 and 5 Years,5,2011,4800,240,0.05
147.1601809727409,-36.73691305455973,50974,50991,58266,BOGONG-HIGH PLAINS RD SEBD 200M SE OF BRIGHT-TAWONGA RD,MIDBLOCK,All Moves,BOGONG-HIGH PLAINS RD 200M SE OF BRIGHT-TAWONGA RD,2790,KIEWA VALLEY HIGHWAY,KIEWA VALLEY HIGHWAY,APARX,Classification,Between 5 and 10 Years,7,2009,230,50,0.22
143.26078190382117,-36.61906140479931,50982,50994,52657,SUNRAYSIA HWY (KINGS AVENUE) SEBD 40M NW OF BURKE ST (ST A,MIDBLOCK,All Moves,SUNRAYSIA HWY (KINGS AVENUE) 40M NW OF BURKE ST (ST A,2700,SUNRAYSIA HIGHWAY,KINGS AVENUE,APARX,Classification,Between 2 and 5 Years,3,2013,1500,150,0.1
144.2186953281285,-35.80495039341982,50995,50396,58615,KING GEORGE STREET SEBD BTWN MURRAY VALLEY HIGHWAY & COHUNA-MCMILLANS ROAD,MIDBLOCK,All Moves,KING GEORGE STREET SBTWN MURRAY VALLEY HIGHWAY & COHUNA-MCMILLANS ROAD,2570,MURRAY VALLEY HIGHWAY,KING GEORGE STREET,APARX,Classification,Between 2 and 5 Years,3,2013,1900,270,0.15
147.96406233930446,-37.879563131703016,50998,50398,48335,LOOKOUT RD E BD 50M E OF PRINCES HWY EAST,MIDBLOCK,All Moves,LOOKOUT RD 50M E OF PRINCES HWY EAST,9999,Missing Data,LOOKOUT ROAD,APARX,Classification,Between 2 and 5 Years,4,2012,1000,50,0.05
145.06914888151113,-37.75917260014268,52034,52716,55343,LOWER HEIDELBERG RD SB BTW BANKSIA ST & YARRA ST,MIDBLOCK,All Moves,LOWER HEIDELBERG RD BTW BANKSIA ST & YARRA ST,2850,GREENSBOROUGH HIGHWAY,LOWER HEIDELBERG ROAD,APARX,Classification,Greater than 10 Years,24,1992,16000,1000,0.06
145.06894734576562,-37.76024300725534,52040,52621,48128,LOWER HEIDELBERG RD S BD S of BANKSIA ST,UNDEFINED,All Moves,LOWER HEIDELBERG RD N OF BANKSIA ST,5762,MAIN HEIDELBERG-ELTHAM ROAD,LOWER HEIDELBERG ROAD,TMVMT,Manual,Greater than 10 Years,24,1992,20000,470,0.02
144.95137006612327,-37.84912071383104,52065,52732,46635,BEACONSFIELD PDE NW OF KERFRED RD,INTERSECTION,All Moves,BEACONSFIELD PDE/KERFERD RD,9999,Missing Data,KERFERD ROAD,SCATS,Scats,Between 2 and 5 Years,3,2013,18000,0,0.0
144.79910410472735,-37.84586320728259,52075,52639,55367,KOROROIT CREEK RD W OF BURNS RD,INTERSECTION,All Moves,KOROROIT CREEK RD/BURNS RD,5833,KOROROIT CREEK ROAD,KOROROIT CREEK ROAD,SCATS,Scats,Greater than 10 Years,0,0,0,0,0.0
144.96084809379698,-37.81381177889763,52098,52901,46168,OLD DANDENONG RD NW OF BOURKE RD,INTERSECTION,All Moves,BOURKE RD & OLD DANDENONG RD,9999,Missing Data,LITTLE BOURKE STREET,TMVMT,Manual,Greater than 10 Years,0,0,0,0,0.0
144.7646129463103,-37.84092785034606,52101,52902,47754,LEAKES RD W BD BTW FITZGERALD RD & PALMERS RD,MIDBLOCK,All Moves,LEAKES RD BTW FITZGERALD RD & PALMERS RD,9999,Missing Data,LEAKES ROAD,APARX,Classification,Between 2 and 5 Years,5,2011,7200,410,0.06
144.94876043034043,-37.80557586013356,52151,52915,53297,KING ST SE OF HAWKE ST,INTERSECTION,All Moves,KING ST/HAWKE ST,5041,KING STREET,KING STREET,SCATS,Scats,Less than 2 Years,0,2016,0,0,0.0
144.77804811422337,-37.71158459225508,52201,52674,39797,KINGS RD N OF HUME DR,INTERSECTION,All Moves,KINGS RD / HUME DR,5009,KINGS ROAD,KINGS ROAD,SCATS,Scats,Between 2 and 5 Years,5,2011,14000,0,0.0
145.2787216210212,-37.91937218033927,52247,52686,48437,KELLETTS RD NWBD BTW WELLINGTON RD & NAPOLEON RD,MIDBLOCK,All Moves,KELLETTS RD BTW WELLINGTON RD & NAPOLEON RD,5428,KELLETTS ROAD,KELLETTS ROAD,APARX,Classification,Between 2 and 5 Years,5,2011,4200,150,0.04
145.08848891130563,-37.95452907336761,52254,52784,47350,KINGSTON RD W OF BALL RD,INTERSECTION,All Moves,KINGSTON RD/BALL RD/ST ANDREWS DR,5970,HEATHERTON ROAD,KINGSTON ROAD,SCATS,Scats,Greater than 10 Years,11,2005,15000,0,0.0
145.9306700828924,-38.17491889007248,52258,52941,51601,WARRAGUL-L W OF KORUMBURRA-WARRAGUL RD,INTERSECTION,All Moves,BONA-VISTA RD & KORUMBURRA-WARRAGUL RD & PFE OFF RAMP & PFE ON RAMP & WARRAGUL-L,5682,KORUMBURRA-WARRAGUL ROAD,KORUMBURRA-WARRAGUL ROAD,TMVMT,Manual,Greater than 10 Years,0,0,0,0,0.0
145.29343121433007,-38.09295052757116,52264,52943,44887,KINGDOM DR W OF NARRE WARREN - CRANBOURNE RD,INTERSECTION,All Moves,NARRE WARREN - CRANBOURNE RD/KINGDOM DR,9999,Missing Data,KINGDOM DRIVE,SCATS,Scats,Between 2 and 5 Years,5,2011,1300,0,0.0
144.93916099846095,-37.82573046455268,52274,52789,44946,WEST GATE FWY BTWN WESTERN LINK & MONTAGUE ST OUTBOUND,INTERSECTION,All Moves,SVO_Map_LTD:341||SITE DESC: SEF/SPRINGVALE RD WEST,7106,2510B 2820F,KINGS-WEST GATE OUT RAMP ON,INDET,Freeway Data Station,Between 5 and 10 Years,9,2007,111000,0,0.0
144.9218294919936,-38.35176660948345,52303,52953,43104,LONSDALE ST S OF POINT NEPEAN RD,INTERSECTION,All Moves,POINT NEPEAN RD/LONSDALE ST,5997,LONSDALE STREET,LONSDALE STREET,SCATS,Scats,Between 2 and 5 Years,5,2011,4000,0,0.0
145.4823257771046,-38.168364900838405,52316,52800,46684,HEALESVILLE-KOO-WEE-RUP RD S OF BALLARTO RD,INTERSECTION,All Moves,BALLARTO RD & HEALESVILLE-KOO-WEE-RUP RD,5770,HEALESVILLE-KOO-WEE-RUP ROAD,KOO WEE RUP ROAD,TMVMT,Manual,Greater than 10 Years,0,0,0,0,0.0
145.18770855567263,-37.91434198776301,52322,52960,43405,JELLS RD S OF SHOP ENTRANCE,INTERSECTION,All Moves,JELLS RD/SHOPPING CENTRE ENT,5308,JELLS ROAD,JELLS ROAD,SCATS,Scats,Between 2 and 5 Years,5,2011,10000,0,0.0
145.27325567310473,-37.986645449037844,52334,52966,55273,JAMES COOK DR W OF HALLAM NORTH RD,INTERSECTION,All Moves,HALLAM NORTH RD/JAMES COOK DR,9999,Missing Data,JAMES COOK DRIVE,SCATS,Scats,Greater than 10 Years,0,0,0,0,0.0
144.8470328336286,-37.725537151186494,52364,52981,52609,CALDER FWY OUTBOUND ONRAMP FROM KEILOR PARK DR,INTERSECTION,On Ramp,SVO_Map_LTD:812||SITE DESC: CALDER FWY OUTBOUND ONRAMP FROM KEILOR PARK DR,7059,5054B 2530F,KEILOR PARK-CALDER OUT RAMP ON,INDET,Freeway Data Station,Greater than 10 Years,0,0,0,0,0.0
145.2525297940065,-37.912593413766025,52369,52486,46911,KELLETTS RD E OF TAYLORS LN,INTERSECTION,All Moves,KELLETTS RD/TAYLORS LN,5428,KELLETTS ROAD,KELLETTS ROAD,SCATS,Scats,Less than 2 Years,0,2016,12000,0,0.0
145.80659553550913,-38.6288029268596,52390,52994,43884,INVERLOCH-VENUS BAY RD W BD 300M W OF POUND CREEK RD @ 6.7KM FROM INVERLOCH,MIDBLOCK,All Moves,INVERLOCH-VENUS BAY RD 300M W OF POUND CREEK RD @ 6.7KM FROM INVERLOCH,5662,INVERLOCH-VENUS BAY ROAD,INVERLOCH-VENUS BAY ROAD,APARX,Classification,Between 2 and 5 Years,2,2014,740,130,0.18
146.29968289123576,-38.172502091235486,52425,52306,43733,MOE-GLENGARRY RD S BD 200M S OF GOLF LINKS RD @ 5.8KM FROM MOE,MIDBLOCK,All Moves,MOE-GLENGARRY RD 200M S OF GOLF LINKS RD @ 5.8KM FROM MOE,5539,MOE-GLENGARRY ROAD,JOHN FIELD DRIVE,APARX,Classification,Less than 2 Years,1,2015,1400,120,0.08
145.09920289650933,-37.985388296393324,52432,52808,53767,LOWER DANDENONG RD W OF DE HAVILLAND RD,INTERSECTION,All Moves,LOWER DANDENONG RD/DE HAVILLAND RD,2050,STATE (LOWER DANDENONG/CHELTENHAM) HIGHWAY,LOWER DANDENONG ROAD,SCATS,Scats,Greater than 10 Years,13,2003,12000,0,0.0
144.8819408054359,-37.733282791478686,52434,52308,48234,CALDER FWY OUTBOUND ONRAMP FROM FULLARTON RD,INTERSECTION,On Ramp,SVO_Map_LTD:809||SITE DESC: CALDER FWY OUTBOUND ONRAMP FROM FULLARTON RD,7060,7811F 2530F,KEILOR-CALDER OUT RAMP ON,INDET,Freeway Data Station,Greater than 10 Years,0,0,0,0,0.0
144.96731266046228,-37.83312416111932,52439,52309,48680,KINGS WAY NW OF PARK ST,INTERSECTION,All Moves,KINGS WAY/PARK ST,2510,PRINCES HIGHWAY EAST,KINGS WAY,SCATS,Scats,Between 5 and 10 Years,8,2008,52000,0,0.0
144.9664984673506,-37.832304551687145,52440,52208,51759,KINGS WAY SE OF PARK ST,INTERSECTION,Left & Through Missing,KINGS WAY/PARK ST,2510,PRINCES HIGHWAY EAST,KINGS WAY,SCATS,Scats,Between 5 and 10 Years,8,2008,37000,0,0.0
144.97856096374923,-37.80849599395307,52449,52512,55687,VICTORIA PDE W OF LANSDOWNE ST,INTERSECTION,All Moves,VICTORIA PDE/LANSDOWNE ST,5102,LANSDOWNE STREET,LANSDOWNE STREET,SCATS,Scats,Less than 2 Years,0,2016,28000,0,0.0
145.25807929479055,-38.05030099835091,52470,52008,48913,LYNBROOK BVD SW OF SOUTH GIPPSLAND HWY DEPARTURE,INTERSECTION,All Moves,LYNBROOK BVD NE OF SOUTH GIPPSLAND HWY DEPARTURE,9999,Missing Data,LYNBROOK BOULEVARD,TMVMT,Manual,Greater than 10 Years,0,0,0,0,0.0
145.07571650690392,-37.94964194299048,52480,52215,52196,KEYS RD W BD W OF WARRIGAL RD,MIDBLOCK,All Moves,KEYS RD W OF WARRIGAL RD,5313,WICKHAM-KEYS ROAD,KEYS ROAD,APARX,Classification,Between 2 and 5 Years,5,2011,8500,730,0.09
144.94850132871187,-37.80541366694145,52483,52818,51802,KING ST NW of HAWKE ST,INTERSECTION,All Moves,HAWKE ST & KING ST,5041,KING STREET,KING STREET,TMVMT,Manual,Greater than 10 Years,30,1986,11000,0,0.0
145.06424511765016,-37.902933341998434,52495,52820,50426,LEILA RD 2WAY W OF MURRUMBEENA RD,UNDEFINED,All Moves,LEILA RD 2WAY W OF MURRUMBEENA RD,9999,Missing Data,LEILA ROAD,APARX,Classification,Greater than 10 Years,28,1988,3900,0,0.0
144.95558478156306,-37.81607410638007,52564,52531,49764,KING ST NW OF BOURKE ST,INTERSECTION,All Moves,KING ST/BOURKE ST,5041,KING STREET,KING STREET,SCATS,Scats,Between 5 and 10 Years,8,2008,23000,0,0.0
144.97008952137466,-37.78208460156292,52578,52124,54903,LYGON_ST S OF PIGDON_ST,INTERSECTION,All Moves,LYGON ST/PIGDON ST,9999,Missing Data,LYGON STREET,SCATS,Scats,Between 5 and 10 Years,7,2009,12000,0,0.0
145.29429830486683,-38.09864885739486,52618,52540,38719,LINSELL BLVD E OF NARRE WARREN-CRANBOURNE RD,INTERSECTION,All Moves,NARRE WARREN-CRANBOURNE RD/LINSELL BLVD,9999,Missing Data,LINSELL BOULEVARD,SCATS,Scats,Greater than 10 Years,0,0,0,0,0.0
145.34277959902002,-38.03614259502841,52735,52859,51730,JANE ST W OF CLYDE ST DEPARTURE,INTERSECTION,All Moves,CLYDE ST N OF RESERVE ST DEPARTURE,9999,Missing Data,JANE STREET,TMVMT,Manual,Greater than 10 Years,0,0,0,0,0.0
145.14617919759723,-37.77310134453016,52757,52363,45440,KING ST W OF VICTORIA ST,INTERSECTION,All Moves,KING ST/VICTORIA ST,5353,KING STREET,KING STREET,SCATS,Scats,Greater than 10 Years,0,0,0,0,0.0
144.78044734708317,-37.69984519491955,52758,52563,44876,KINGS RD S OF MELTON HWY,INTERSECTION,All Moves,MELTON HWY/KINGS RD,5009,KINGS ROAD,KINGS ROAD,SCATS,Scats,Greater than 10 Years,0,0,0,0,0.0
144.97102993198757,-37.775674399849215,52760,52259,44507,LYGON ST S OF GLENLYON RD DEPARTURE,INTERSECTION,All Moves,LYGON ST N OF GLENLYON RD DEPARTURE,9999,Missing Data,LYGON STREET,TMVMT,Manual,Greater than 10 Years,0,0,0,0,0.0
144.78257381311664,-37.84424684559876,52824,52375,45818,KOROROIT CREEK RD W OF PRINCES FWY,INTERSECTION,All Moves,PRINCES FWY (N BD RAMPS)/KOROROIT CREEK RD,5833,KOROROIT CREEK ROAD,KOROROIT CREEK ROAD,SCATS,Scats,Greater than 10 Years,0,0,0,0,0.0
144.77886994284555,-37.71291368223902,52826,52167,41459,KINGS RD S OF ACCESS RD,INTERSECTION,All Moves,KINGS RD / ACCESS RD,5009,KINGS ROAD,KINGS ROAD,SCATS,Scats,Between 2 and 5 Years,5,2011,14000,0,0.0
145.1026568721956,-37.867044598736285,52833,52876,46549,JORDAN ST S OF HIGH ST,INTERSECTION,All Moves,HIGH ST RDD/VANNAM DR/JORDAN ST,9999,Missing Data,JORDAN STREET,SCATS,Scats,Greater than 10 Years,0,0,0,0,0.0
144.78674408962917,-37.843555063688925,52835,52270,50866,PRINCES FWY ONRAMP NE OF KOROROIT CREEK RD,INTERSECTION,All Moves,PRINCES FWY (N BD RAMPS)/KOROROIT CREEK RD,7312,5833B 2500R,KOROROIT CREEK-PRINCES IN RAMP ON,SCATS,Scats,Greater than 10 Years,0,0,0,0,0.0
144.90116631997162,-37.74086466285301,52836,52377,44809,KEILOR RD NW OF BULLA RD,INTERSECTION,Not representative,MT ALEXANDER RD/LINCOLN RD/KEILOR RD/BULLA RD,5592,KEILOR ROAD,KEILOR ROAD,SCATS,Scats,Greater than 10 Years,0,0,0,0,0.0
144.78111165505297,-37.724502206667545,52852,52273,52714,ACCESS RD W OF KINGS RD,INTERSECTION,All Moves,KINGS RD / ACCESS RD,5009,KINGS ROAD,KINGS ROAD,SCATS,Scats,Greater than 10 Years,0,0,0,0,0.0
144.82753820694649,-37.782414235178415,52863,52174,48016,KING EDWARD AV W OF ANDERSON RD DEPARTURE,INTERSECTION,All Moves,ANDERSON RD N OF KING EDWARD AV DEPARTURE,9999,Missing Data,KING EDWARD AVENUE,TMVMT,Manual,Greater than 10 Years,0,0,0,0,0.0
144.8495560598696,-37.726710098764045,52870,52581,42328,KEILOR PARK DR S OF CALDER FWY WEST BND RAMPS DEPARTURE,INTERSECTION,All Moves,KEILOR PARK DR N OF CALDER FWY WEST BND RAMPS DEPARTURE,5054,KEILOR PARK DRIVE,KEILOR PARK DRIVE,TMVMT,Manual,Greater than 10 Years,0,0,0,0,0.0
144.97040634651273,-37.780054987064126,52872,52383,43284,LYGON ST S OF PARK ST DEPARTURE,INTERSECTION,All Moves,LYGON ST N OF PARK ST DEPARTURE,9999,Missing Data,LYGON STREET,TMVMT,Manual,Greater than 10 Years,0,0,0,0,0.0
144.68785741710875,-37.83403324629616,52879,52277,39125,TARNEIT RD W OF LEAKES RD DEPARTURE,INTERSECTION,All Moves,LEAKES RD N OF TARNEIT RD DEPARTURE,9999,Missing Data,LEAKES ROAD,TMVMT,Manual,Greater than 10 Years,0,0,0,0,0.0
144.3521919735396,-38.14964803186888,52893,52386,52224,LATROBE_TCE S OF MYERS_ST,INTERSECTION,All Moves,LATROBE TER/MYERS ST/ROEBUCK ST,2800,CORIO-WAURN PONDS ROAD,LATROBE TERRACE,SCATS,Scats,Between 2 and 5 Years,3,2013,18000,0,0.0
145.14609019814722,-37.77310384067701,52918,52283,39975,VICTORIA ST S OF KING ST,INTERSECTION,All Moves,KING ST/VICTORIA ST,5353,KING STREET,KING STREET,SCATS,Scats,Between 5 and 10 Years,7,2009,6700,0,0.0
144.78209352007792,-37.69492020265066,52932,52592,48601,BUNNINGS ACCESS RD W OF KINGS RD,INTERSECTION,All Moves,BELLBIRD AVE & BUNNINGS ACCESS RD & KINGS RD,5009,KINGS ROAD,KINGS ROAD,TMVMT,Manual,Greater than 10 Years,0,0,0,0,0.0
145.14367920778145,-38.119431032466096,52934,52086,38927,KLAUER ST E OF HARTNETT DR,INTERSECTION,All Moves,KLAUER ST/HARTNETT DR,5159,KLAUER ROAD,KLAUER STREET,SCATS,Scats,Greater than 10 Years,0,0,0,0,0.0
145.00683941569523,-37.66448524222035,52939,52286,50869,KINGSWAY DR W OF EDGARS RD,INTERSECTION,All Moves,EDGARS RD/KINGSWAY DR,9999,Missing Data,KINGSWAY DRIVE,SCATS,Scats,Between 2 and 5 Years,5,2011,2900,0,0.0
145.1634908749334,-37.88148179669204,52955,52289,49247,KINGSWAY S OF COLEMAN PDE,INTERSECTION,All Moves,KINGSWAY/RAILWAY PDE NTH/COLEMAN PDE,9999,Missing Data,KINGSWAY,SCATS,Scats,Greater than 10 Years,0,0,0,0,0.0
144.7646129463103,-37.84092785034606,52968,52399,44692,LEAKES RD W OF ESTATE RD,INTERSECTION,All Moves,LEAKES RD/ESTATE RD,9999,Missing Data,LEAKES ROAD,SCATS,Scats,Between 2 and 5 Years,5,2011,7700,0,0.0
145.72575932933685,-38.50309081088934,52969,52899,44006,KORUMBURRA-WONTHAGGI RD S BD 400M S OF KORUMBURRA-INVERLOCH RD,MIDBLOCK,All Moves,KORUMBURRA-WONTHAGGI RD 400M S OF KORUMBURRA-INVERLOCH RD,5698,KORUMBURRA-WONTHAGGI ROAD,KORUMBURRA-WONTHAGGI ROAD,APARX,Classification,Between 2 and 5 Years,2,2014,320,50,0.16
145.02458270646076,-37.869528625986085,53012,53905,55674,INKERMAN RD W OF HAWTHORN RD,INTERSECTION,All Moves,HAWTHORN RD/INKERMAN RD,9999,Missing Data,INKERMAN ROAD,SCATS,Scats,Less than 2 Years,1,2015,0,0,0.0
146.18037011070987,-38.21061539609617,53033,53417,57748,KENNYS RD N BD S OF PRINCES FWY EAST,MIDBLOCK,All Moves,KENNYS RD S OF PRINCES FWY EAST,9999,Missing Data,KENNYS ROAD,APARX,Classification,Greater than 10 Years,11,2005,30,0,0.13
142.76069109529288,-37.062486193999376,53076,53807,56927,WESTERN HWY W BD W OF STAWELL-AVOCA RD,MIDBLOCK,All Moves,WESTERN HWY W OF STAWELL-AVOCA RD,2520,WESTERN HIGHWAY,LONGFIELD STREET,APARX,Classification,Less than 2 Years,1,2015,2700,720,0.26
144.19020989800433,-36.809177595724485,53084,53809,48313,BENDIGO-MARYBOROUGH RD W BD W OF CARCOOLA DR,MIDBLOCK,All Moves,BENDIGO-MARYBOROUGH RD W OF CARCOOLA DR,5200,BENDIGO-MARYBOROUGH ROAD,LOCKWOOD ROAD,APARX,Classification,Greater than 10 Years,0,0,0,0,0.0
144.78796661068452,-37.844781816608446,53119,53443,49218,KOROROIT CREEK RD W of PRINCES FWY OFF RA,INTERSECTION,All Moves,KOROROIT CREEK RD & PRINCES FWY OFF RA,5833,KOROROIT CREEK ROAD,KOROROIT CREEK ROAD,TMVMT,Manual,Greater than 10 Years,20,1996,10000,0,0.0
144.74014349462922,-37.73362127839295,53139,53448,54829,LAKE ST W OF CAROLINE SPRINGS BLVD,INTERSECTION,All Moves,CAROLINE SPRINGS BLVD/LAKE ST,9999,Missing Data,LAKE STREET,SCATS,Scats,Between 5 and 10 Years,7,2009,830,0,0.0
145.16705423144396,-38.259873706831854,53161,53454,48431,JONES RD N BD N OF MORNINGTON-TYABB RD,MIDBLOCK,All Moves,JONES RD N OF MORNINGTON-TYABB RD,9999,Missing Data,JONES ROAD,APARX,Classification,Between 2 and 5 Years,2,2014,2500,60,0.03
144.75921320569924,-37.59684499379654,53166,53952,58574,MELBOURNE-LANCEFIELD RD S BD BTW SUNBURY RD & GELLIES RD,MIDBLOCK,All Moves,MELBOURNE-LANCEFIELD RD BTW SUNBURY RD & GELLIES RD,5821,MELBOURNE-LANCEFIELD ROAD,LANCEFIELD ROAD,APARX,Classification,Between 5 and 10 Years,10,2006,3100,250,0.08
145.17232409781795,-36.7521099495003,53189,53958,52625,KIRWANS BRIDGE-LONGWOOD RD E BD 500M E OF GOULBURN VALLEY HWY,MIDBLOCK,All Moves,KIRWANS BRIDGE-LONGWOOD RD 500M E OF GOULBURN VALLEY HWY,9999,Missing Data,KIRWANS BRIDGE ROAD,APARX,Classification,Greater than 10 Years,20,1996,40,0,0.09
144.97038892213237,-37.838797963799095,53197,53836,56840,LAKESIDE DR S BD 150M S OF ALBERT RD,MIDBLOCK,All Moves,LAKESIDE DR 150M S OF ALBERT RD,9999,Missing Data,LAKESIDE DRIVE,APARX,Classification,Between 2 and 5 Years,5,2011,8100,160,0.02
145.82743187794355,-38.43728189658011,53214,53964,58498,STH GIPPSLAND HWY N BD 100M S OF PRINCES ST,MIDBLOCK,All Moves,STH GIPPSLAND HWY 100M S OF PRINCES ST,2580,SOUTH GIPPSLAND HIGHWAY,LEONGATHA ROAD,APARX,Classification,Less than 2 Years,1,2015,3500,410,0.12
144.94788762593086,-37.82523521860212,53238,53350,54528,LORIMER ST W OF MONTAGUE ST,INTERSECTION,All Moves,LORIMER ST/MONTAGUE ST/WURUNDJERI WAY,5597,LORIMER STREET,LORIMER STREET,SCATS,Scats,Less than 2 Years,1,2015,14000,0,0.0
144.9635690076015,-37.829323593302256,53302,53862,50805,KINGS WAY NWBD NW OF WEST GATE FWY OFF-RAMP,INTERSECTION,Incomplete Through,WEST GATE FWY OFF-RAMP N OF KINGS WAY,2510,PRINCES HIGHWAY EAST,KINGS WAY,TMVMT,Manual,Greater than 10 Years,0,0,0,0,0.0
145.1358270336038,-37.93126249883009,53306,53863,51485,KOMBI RD S of CENTRE RD,INTERSECTION,All Moves,CENTRE RD & MC NAUGHTON RD,9999,Missing Data,KOMBI ROAD,TMVMT,Manual,Greater than 10 Years,23,1993,1600,90,0.06
145.22300420749536,-37.99927098912067,53317,53370,49425,P.H.E. WB BTW FRANKSTON/DANDENONG RD & PLUNKETT RD,MIDBLOCK,All Moves,P.H.E. BTW FRANKSTON/DANDENONG RD & PLUNKETT RD,2510,PRINCES HIGHWAY EAST,LONSDALE STREET,APCLM,Permanent Classification,Less than 2 Years,1,2015,23000,1100,0.05
143.940546851323,-36.079227705300944,53322,53867,56368,LODDON VALLEY HWY N BD N OF DURHAM OX (BENDIGO) @ 88.8KM POST,MIDBLOCK,All Moves,LODDON VALLEY HWY N OF DURHAM OX (BENDIGO) @ 88.8KM POST,2630,LODDON VALLEY HIGHWAY,LODDON VALLEY HIGHWAY,APCLT,Telemetry,Between 2 and 5 Years,2,2014,650,170,0.27
144.97546391138462,-37.798015348723695,53341,53376,51935,JOHNSTON ST E OF NICHOLSON ST,INTERSECTION,All Moves,NICHOLSON ST/ELGIN ST/JOHNSTON ST,5853,JOHNSTON STREET,JOHNSTON STREET,SCATS,Scats,Less than 2 Years,0,2016,11000,0,0.0
145.22300420749536,-37.99927098912067,53343,53996,58728,P.H.E. WB BTW FRANKSTON/DANDENONG RD & PLUNKETT RD,INTERSECTION,All Moves,SITE_NO: 159||SITE DESC: P.H.E. BTW FRANKSTON/DANDENONG RD & PLUNKETT RD,2510,PRINCES HIGHWAY EAST,LONSDALE STREET,MOTSV,Manual,Greater than 10 Years,0,0,0,0,0.0
144.9511000611282,-37.81326172521069,53370,53884,55947,ADDERLEY ST SW OF SPENCER ST,INTERSECTION,All Moves,SPENCER ST/LA TROBE ST,9999,Missing Data,LA TROBE STREET,SCATS,Scats,Between 5 and 10 Years,9,2007,5200,0,0.0
144.52920250248087,-37.309051001964015,53373,53388,48311,JAMES RD E BD 350M W OF CALDER HWY @ 3.5KM FROM WOODEND,MIDBLOCK,All Moves,JAMES RD 350M W OF CALDER HWY @ 3.5KM FROM WOODEND,9999,Missing Data,JAMES ROAD,APARX,Classification,Greater than 10 Years,16,2000,20,0,0.1
145.05516379931643,-37.90179647878588,53395,53399,50018,LEILA RD 2WAY W OF KOORNANG RD,UNDEFINED,All Moves,LEILA RD 2WAY W OF KOORNANG RD,9999,Missing Data,LEILA ROAD,APARX,Classification,Greater than 10 Years,28,1988,2200,0,0.0
145.85594268903344,-38.69794642582366,53399,53899,58265,INVERLOCH-VENUS BAY RD E BD BTW LEES RD & TARWIN LOWER-WARATAH RD,MIDBLOCK,All Moves,INVERLOCH-VENUS BAY RD BTW LEES RD & TARWIN LOWER-WARATAH RD,5662,INVERLOCH-VENUS BAY ROAD,INVERLOCH-VENUS BAY ROAD,APARX,Classification,Less than 2 Years,1,2015,530,40,0.09
144.71000131468404,-37.83631643972077,53405,53601,50703,LEAKES RD W OF DAVIS RD DEPARTURE,UNDEFINED,All Moves,DAVIS RD N OF LEAKES RD DEPARTURE,9999,Missing Data,LEAKES ROAD,TMVMT,Manual,Greater than 10 Years,0,0,0,0,0.0
145.68992717980487,-38.42089905759228,53421,53004,55022,LOCH-WONTHAGGI RD N BD 1.2 KM S OF SOUTH GIPPSLAND HWY @ 1.2KM FROM LOCH,MIDBLOCK,All Moves,LOCH-WONTHAGGI RD 1.2 KM S OF SOUTH GIPPSLAND HWY @ 1.2KM FROM LOCH,9999,Missing Data,LOCH-WONTHAGGI ROAD,APARX,Classification,Greater than 10 Years,15,2001,140,10,0.12
143.93879652577868,-35.842479406335954,53433,53109,55172,LODDON VALLEY HWY S BD N OF DURHAM OX (BENDIGO) @ 88.8KM POST,INTERSECTION,All Moves,LODDON VALLEY HWY N OF DURHAM OX (BENDIGO) @ 88.8KM POST,2630,LODDON VALLEY HIGHWAY,LODDON VALLEY HIGHWAY,APCLT,Telemetry,Between 2 and 5 Years,3,2013,630,150,0.24
145.62518357490052,-38.5817683666999,53440,53111,55434,KORUMBURRA-WONTHAGGI RD N BD BTW HESLOP RD & OUTTRIM RD,MIDBLOCK,All Moves,KORUMBURRA-WONTHAGGI RD BTW HESLOP RD & OUTTRIM RD,5698,KORUMBURRA-WONTHAGGI ROAD,KORUMBURRA-WONTHAGGI ROAD,APARX,Classification,Greater than 10 Years,13,2003,400,30,0.09
145.79354107698722,-38.07088777391464,53493,53122,48275,LABERTOUCHE RD N/A N OF PRINCES HWY AT TARAGO RIVER BRIDGE,MIDBLOCK,All Moves,LABERTOUCHE RD 2 WAY N OF PRINCES HWY AT TARAGO RIVER BRIDGE,9999,Missing Data,LABERTOUCHE ROAD,APARX,Classification,Greater than 10 Years,0,0,0,0,0.0
144.8498065768843,-37.73624600018672,53495,53708,50483,KEILOR PARK DR NWBD NW OF WESTERN RING RD,INTERSECTION,All Moves,WESTERN RING RD NONRAMP NNE OF KEILOR PARK DR,5054,KEILOR PARK DRIVE,KEILOR PARK DRIVE,TMVMT,Manual,Greater than 10 Years,19,1997,15000,1200,0.08
145.48776058870916,-38.143497102878506,53534,53530,54871,HEALESVILLE-KOO-WEE-RUP RD S BD N OF BALLARTO RD,MIDBLOCK,All Moves,HEALESVILLE-KOO-WEE-RUP RD N OF BALLARTO RD,5770,HEALESVILLE-KOO-WEE-RUP ROAD,KOO WEE RUP ROAD,APARX,Classification,Between 2 and 5 Years,3,2013,5200,880,0.17
143.81042372930287,-37.5258092814008,53538,53023,57787,BALLARAT-MARYBOROUGH RD SEBD BTW CARAVAN ST & NORMAN ST,MIDBLOCK,All Moves,BALLARAT-MARYBOROUGH RD BTW CARAVAN ST & NORMAN ST,5327,BALLARAT-MARYBOROUGH ROAD,LEARMONTH ROAD,APARX,Classification,Between 2 and 5 Years,5,2011,7200,440,0.06
143.80481367822787,-37.55111209922715,53561,53719,56879,KALLIOOTA ST S BD STH OF BALLARAT-BURRUMBEET RD SERVICE RD,MIDBLOCK,Service Carriageway,KALLIOOTA ST STH OF BALLARAT-BURRUMBEET RD SERVICE RD,9999,Missing Data,KALLIOOTA STREET,APARX,Classification,Between 5 and 10 Years,10,2006,310,0,0.02
145.05027408581935,-37.72656781240718,53590,53724,57005,KINGSBURY DR W OF WATERDALE RD,INTERSECTION,All Moves,KINGSBURY DR/WATERDALE RD,5740,KINGSBURY DRIVE,KINGSBURY DRIVE,SCATS,Scats,Between 5 and 10 Years,9,2007,13000,0,0.0
143.92183254475793,-35.72798459329488,53598,53033,58613,LODDON CRESCENT S BD BTWN WATTLE AV & BOUNDARY STREET,MIDBLOCK,All Moves,LODDON CRESCENT BTWN WATTLE AV & BOUNDARY STREET,5332,KERANG-MURRABIT ROAD,LODDON CRESCENT,APARX,Classification,Between 2 and 5 Years,3,2013,340,40,0.13
145.43225204949107,-36.302527548367614,53600,53140,51374,KATAMATITE-SHEPPARTON RD SWBD LEFT TURN TO GRAHAMVALE RD,INTERSECTION,Incomplete Through,GOULBURN VALLEY HWY LEFT TURN TO KATAMATITE-SHEPPARTON RD,5419,KATAMATITE-SHEPPARTON ROAD,KATAMATITE-SHEPPARTON MAIN ROAD,MOTSV,Manual,Greater than 10 Years,0,0,0,0,0.0
144.75921320569924,-37.59684499379654,53636,53229,57555,MELBOURNE-LANCEFIELD RD N BD BTW SUNBURY RD & GELLIES RD,MIDBLOCK,All Moves,MELBOURNE-LANCEFIELD RD BTW SUNBURY RD & GELLIES RD,5821,MELBOURNE-LANCEFIELD ROAD,LANCEFIELD ROAD,APARX,Classification,Between 5 and 10 Years,10,2006,3000,310,0.11
144.88812434414695,-37.73565332372856,53653,53735,57362,KEILOR RD NW OF MATTHEWS AVE,INTERSECTION,All Moves,KEILOR RD/MATTHEWS AVE,5592,KEILOR ROAD,KEILOR ROAD,SCATS,Scats,Less than 2 Years,0,2016,8000,0,0.0
143.83048819468243,-37.572037207742646,53655,53042,56501,BALLARAT-BURRUMBEET RD W BD 1KM W OF WESTERN FWY,MIDBLOCK,All Moves,BALLARAT-BURRUMBEET RD 1KM W OF WESTERN FWY,5078,BALLARAT-CARNGHAM ROAD,LA TROBE STREET,APARX,Classification,Between 2 and 5 Years,2,2014,4300,340,0.08
144.959593688554,-37.81306427707887,53687,53654,57066,LONSDALE ST W OF QUEEN ST,INTERSECTION,All Moves,QUEEN ST/LONSDALE ST,9999,Missing Data,LONSDALE STREET,SCATS,Scats,Greater than 10 Years,16,2000,13000,0,0.0
143.4952099742685,-36.61529928691173,53712,53051,55935,LOGAN WEDDERBURN ROAD(TYPE Z)82.5KM N BD N OF LOGAN,MIDBLOCK,All Moves,LOGAN WEDDERBURN ROAD(TYPE Z)82.5KM N OF LOGAN,5235,LOGAN-WEDDERBURN ROAD,LOGAN-WEDDERBURN ROAD,APARX,Classification,Greater than 10 Years,24,1992,40,0,0.18
144.84605653504047,-37.85036563183549,53714,53659,50253,KOROROIT CREEK RD W BD E OF MILLERS RD,MIDBLOCK,All Moves,KOROROIT CREEK RD E OF MILLERS RD,5833,KOROROIT CREEK ROAD,KOROROIT CREEK ROAD,APARX,Classification,Less than 2 Years,1,2015,12000,950,0.08
145.18788098886475,-37.91340804608552,53723,53661,52681,JELLS RD S OF GRANDVIEW RD,INTERSECTION,All Moves,JELLS RD/GRANDVIEW RD,5308,JELLS ROAD,JELLS ROAD,SCATS,Scats,Between 2 and 5 Years,5,2011,9100,0,0.0
145.10234220821883,-37.95623862145918,53749,53567,51704,KINGSTON RD W OF OLD DANDENONG RD DEPARTURE,UNDEFINED,All Moves,OLD DANDENONG RD N OF KINGSTON RD DEPARTURE,5970,HEATHERTON ROAD,KINGSTON ROAD,TMVMT,Manual,Greater than 10 Years,0,0,0,0,0.0
144.0609221605933,-38.11486700791802,53768,53667,52490,INVERLEIGH WINCHELSEA ROAD(TYPE Y)16.9KM) N BD S OF BELLS BRIDGE INVERLEIGH,MIDBLOCK,All Moves,INVERLEIGH WINCHELSEA ROAD(TYPE Y)16.9KM) S OF BELLS BRIDGE INVERLEIGH,5073,INVERLEIGH-WINCHELSEA ROAD,INVERLEIGH-WINCHELSEA ROAD,APARX,Classification,Greater than 10 Years,24,1992,140,10,0.12
145.69549909981916,-36.06987250518032,53774,53061,56625,KATAMATITE-YARRAWONGA RD E BD 200M E OF CHAPEL RD @ 33.1KM FROM YARRAWONGA,MIDBLOCK,All Moves,KATAMATITE-YARRAWONGA RD 200M E OF CHAPEL RD @ 33.1KM FROM YARRAWONGA,5402,KATAMATITE-YARRAWONGA ROAD,KATAMATITE-YARRAWONGA ROAD,APARX,Classification,Greater than 10 Years,20,1996,230,50,0.21
144.87356780911517,-37.73067675759586,53780,53170,57720,KEILOR RD NWBD BTW RACHELLE RD & SPRING ST,MIDBLOCK,All Moves,KEILOR RD BTW RACHELLE RD & SPRING ST,9999,Missing Data,KEILOR ROAD,APARX,Classification,Between 5 and 10 Years,8,2008,2800,120,0.04
144.88834753800015,-37.73574214847593,53799,53256,56488,KEILOR RD SEBD NW OF MATTHEWS AV,MIDBLOCK,All Moves,KEILOR RD NW OF MATTHEWS AV,5592,KEILOR ROAD,KEILOR ROAD,APARX,Classification,Between 5 and 10 Years,9,2007,10000,400,0.04
141.2567508640764,-36.80240118749393,53802,53673,55062,KANIVA-EDENHOPE RD S BD 3.3 KM S OF CHARLEGRARK RD @ 53.5KM FROM KANIVA,MIDBLOCK,All Moves,KANIVA-EDENHOPE RD 3.3 KM S OF CHARLEGRARK RD @ 53.5KM FROM KANIVA,5134,KANIVA-EDENHOPE ROAD,KANIVA-EDENHOPE ROAD,APARX,Classification,Between 2 and 5 Years,2,2014,50,10,0.3
145.22300420749536,-37.99927098912067,53809,53175,58727,P.H.E. EB BTW FRANKSTON/DANDENONG RD & PLUNKETT RD,INTERSECTION,All Moves,SITE_NO: 159||SITE DESC: P.H.E. BTW FRANKSTON/DANDENONG RD & PLUNKETT RD,2510,PRINCES HIGHWAY EAST,LONSDALE STREET,MOTSV,Manual,Greater than 10 Years,0,0,0,0,0.0
145.22330493359618,-37.668112260659086,53818,53578,57556,KANGAROO GROUND-ST ANDREWS RD N BD BTW WATTLE GLEN-KANGAROO GROUND RD & NESS LA,MIDBLOCK,All Moves,KANGAROO GROUND-ST ANDREWS RD BTW WATTLE GLEN-KANGAROO GROUND RD & NESS LA,5436,KANGAROO GROUND-ST ANDREWS ROAD,KANGAROO GROUND-ST ANDREWS ROAD,APARX,Classification,Between 5 and 10 Years,10,2006,2000,110,0.06
145.18032070030355,-37.902644801919415,53826,53764,58297,LUM RD N BD BTW MOODIE DR & SHERINGHAM DR,MIDBLOCK,All Moves,LUM RD BTW MOODIE DR & SHERINGHAM DR,9999,Missing Data,LUM ROAD,APARX,Classification,Between 5 and 10 Years,9,2007,2600,50,0.02
144.76461304853385,-37.84092785955645,53846,53180,51774,LEAKES RD E OF ESTATE RD,INTERSECTION,All Moves,LEAKES RD/ESTATE RD,9999,Missing Data,LEAKES ROAD,SCATS,Scats,Between 2 and 5 Years,5,2011,8400,0,0.0
145.21968700482967,-38.000047497315485,53848,53768,51806,KIRKHAM RD W of FRANKSTON-DANDENON,INTERSECTION,All Moves,FRANKSTON-DANDENONG & KIRKHAM RD,9999,Missing Data,KIRKHAM ROAD,TMVMT,Manual,Greater than 10 Years,27,1989,2900,0,0.0
146.43853029621272,-38.23870001263096,53852,53075,57972,MARYVALE RD S BD 600M S OF TRARALGON WEST RD,MIDBLOCK,All Moves,MARYVALE RD 600M S OF TRARALGON WEST RD,9999,Missing Data,KIRWIN ROAD,APARX,Classification,Greater than 10 Years,20,1996,1300,220,0.17
145.31584369638168,-37.81039879535356,53862,53183,49528,LIVERPOOL RD S OF MT DANDENONG RD,INTERSECTION,All Moves,MT DANDENONG RD/DURHAM RD/LIVERPOOL RD,9999,Missing Data,LIVERPOOL ROAD,SCATS,Scats,Between 2 and 5 Years,5,2011,6100,0,0.0
143.940546851323,-36.079227705300944,53870,53771,57949,LODDON VALLEY HWY N BD N OF DURHAM OX (BENDIGO) @ 88.8KM POST,INTERSECTION,All Moves,SITE_NO: 28||SITE DESC: LODDON VALLEY HWY N OF DURHAM OX (BENDIGO) @ 88.8KM POST,2630,LODDON VALLEY HIGHWAY,LODDON VALLEY HIGHWAY,MOTSV,Manual,Greater than 10 Years,0,0,0,0,0.0
144.7916874950263,-37.84509480408797,53877,53185,55766,KOROROIT CREEK RD E BD 700M E OF PRINCES FWY,MIDBLOCK,All Moves,KOROROIT CREEK RD 700M E OF PRINCES FWY,5833,KOROROIT CREEK ROAD,KOROROIT CREEK ROAD,APARX,Classification,Greater than 10 Years,11,2005,14000,1500,0.11
145.08848891130563,-37.95452907336761,53879,53687,56736,KINGSTON RD E OF ST ANDREWS DR,INTERSECTION,All Moves,KINGSTON RD/BALL RD/ST ANDREWS DR,5970,HEATHERTON ROAD,KINGSTON ROAD,SCATS,Scats,Greater than 10 Years,11,2005,15000,0,0.0
144.3169163165062,-35.9085399791516,53881,53773,57428,COHUNA-LEITCHVILLE RD E BD 200M W OF MURRAY VALLEY HWY @ 18.0KM FROM COHUNA,MIDBLOCK,All Moves,COHUNA-LEITCHVILLE RD 200M W OF MURRAY VALLEY HWY @ 18.0KM FROM COHUNA,5337,COHUNA-LEITCHVILLE ROAD,LEITCHVILLE ROAD,APARX,Classification,Greater than 10 Years,16,2000,340,40,0.14
144.83366090744272,-37.84999145833388,53904,53273,56835,KOROROIT CREEK RD W BD W OF MILLERS RD,MIDBLOCK,All Moves,KOROROIT CREEK RD W OF MILLERS RD,5833,KOROROIT CREEK ROAD,KOROROIT CREEK ROAD,APARX,Classification,Greater than 10 Years,0,0,0,0,0.0
145.12810379868515,-37.76972877758512,53913,53692,55020,LYNNWOOD PDE EB BTWN WILLIAMSONS AND HIGH,MIDBLOCK,All Moves,LYNNWOOD PDE BTWN WILLIAMSONS AND HIGH,9999,Missing Data,LYNNWOOD PARADE,APARX,Classification,Greater than 10 Years,25,1991,6100,140,0.02
145.2582124062895,-37.91326483013107,53917,53086,50389,KELLETTS RD E OF ST LAWRANCE WAY,INTERSECTION,All Moves,KELLETTS RD/ST LAWRENCE WAY,5428,KELLETTS ROAD,KELLETTS ROAD,SCATS,Scats,Less than 2 Years,0,2016,0,0,0.0
144.19020989800433,-36.809177595724485,53923,53694,58688,BENDIGO-MARYBOROUGH RD E BD BTW CALDER ALTERNATIVE HWY & CALDER HWY,MIDBLOCK,All Moves,BENDIGO-MARYBOROUGH RD BTW CALDER ALTERNATIVE HWY & CALDER HWY,5200,BENDIGO-MARYBOROUGH ROAD,LOCKWOOD ROAD,APARX,Classification,Between 2 and 5 Years,2,2014,2000,180,0.09
145.27393029496108,-38.087500541936805,53933,53088,47349,LESDON AVE SW OF SOUTH GIPPSLAND HWY,INTERSECTION,All Moves,SOUTH GIPPSLAND HWY/LESDON AV,9999,Missing Data,LESDON AVENUE,SCATS,Scats,Greater than 10 Years,0,0,0,0,0.0
144.7800231254381,-37.73885839688527,53935,53195,57704,KINGS RD N BD BTW GILLESPIE RD & CHARLBURY RD,INTERSECTION,All Moves,SITE_NO: 99||SITE DESC: KINGS RD BTW GILLESPIE RD & CHARLBURY RD,5875,KEILOR-LAVERTON ROAD,KINGS ROAD,MOTSV,Manual,Greater than 10 Years,0,0,0,0,0.0
145.29343121433007,-38.09295052757116,53941,53089,51954,KINGDOM DR W OF NARRE WARREN - CRANBOURNE RD,INTERSECTION,All Moves,NARRE WARREN - CRANBOURNE RD/KINGDOM DR,9999,Missing Data,KINGDOM DRIVE,SCATS,Scats,Between 2 and 5 Years,5,2011,1600,0,0.0
145.31841516992927,-36.61968779973548,53960,53788,55798,LONGWOOD SHEPPARTON RD N BD S OF MURCHISON-VIOLET TOWN RD,INTERSECTION,All Moves,MURCHISON-VIOLET TOWN RD LEFT TURN TO LONGWOOD SHEPPARTON RD OD:12,9999,Missing Data,LONGWOOD-SHEPPARTON ROAD,MOTSV,Manual,Greater than 10 Years,0,0,0,0,0.0
144.9458231055536,-37.82641527215425,53962,53284,48711,WEST GATE FWY W BD ONRAMP FROM MONTAGUE ST,MIDBLOCK,On Ramp,WEST GATE FWY ONRAMP FROM MONTAGUE ST,7106,2510B 2820F,KINGS-WEST GATE OUT RAMP ON,APARX,Classification,Greater than 10 Years,11,2005,28000,2000,0.07
144.3442455030091,-38.18569619997261,53976,53793,52039,KIDMAN AV W BD W OF SURF COAST HWY,INTERSECTION,All Moves,SURF COAST HWY N OF KIDMAN AV,9999,Missing Data,KIDMAN AVENUE,TMVMT,Manual,Greater than 10 Years,17,1999,760,40,0.05
146.0035919154502,-36.00867501626528,53979,53794,57447,BENALLA-YARRAWONGA RD S BD AT MURRAY RIVER BRIDGE,MIDBLOCK,All Moves,BENALLA-YARRAWONGA RD AT MURRAY RIVER BRIDGE,9999,Missing Data,IRVINE PARADE,APARX,Classification,Greater than 10 Years,0,0,0,0,0.0
144.76126425844447,-37.50217139192488,53987,53291,56633,MELBOURNE-LANCEFIELD RD N BD 300M S OF KONAGEDARRA RD @ 42.8KM FROM MELBOURNE,MIDBLOCK,All Moves,MELBOURNE-LANCEFIELD RD 300M S OF KONAGEDARRA RD @ 42.8KM FROM MELBOURNE,5821,MELBOURNE-LANCEFIELD ROAD,LANCEFIELD ROAD,APARX,Classification,Greater than 10 Years,21,1995,2100,120,0.06
144.98606901461707,-37.806593516529865,51002,51602,38678,LANGRIDGE ST W OF HODDLE ST,INTERSECTION,All Moves,HODDLE ST & LANGRIDGE ST,9999,Missing Data,LANGRIDGE STREET,TMVMT,Manual,Greater than 10 Years,0,0,0,0,0.0
144.90334630877643,-37.800198302443526,51039,51626,45584,IRVING ST SW OF HOPKINS ST,INTERSECTION,All Moves,HOPKINS ST & IRVING ST & MOORE ST,9999,Missing Data,IRVING STREET ALT,TMVMT,Manual,Greater than 10 Years,0,0,0,0,0.0
145.4823257771046,-38.168364900838405,51041,51627,43939,HEALESVILLE-KOO-WEE-RUP RD S OF BALLARTO RD DEPARTURE,INTERSECTION,All Moves,HEALESVILLE-KOO-WEE-RUP RD N OF BALLARTO RD DEPARTURE,5770,HEALESVILLE-KOO-WEE-RUP ROAD,KOO WEE RUP ROAD,TMVMT,Manual,Greater than 10 Years,0,0,0,0,0.0
145.0781817699163,-37.735350661732205,51070,51642,53381,LOWER PLENTY RD SW OF GREENSBOROUGH RD,INTERSECTION,Left Missing,GREENSBOROUGH RD/LOWER PLENTY RD,2850,GREENSBOROUGH HIGHWAY,LOWER PLENTY ROAD,SCATS,Scats,Greater than 10 Years,18,1998,13000,0,0.0
141.24681955305462,-36.462626998399216,51074,51230,52496,KANIVA EDENHOPE RD (7.0KM) N BD 9 KM S OF WESTERN H'WAY,MIDBLOCK,All Moves,KANIVA EDENHOPE RD (7.0KM) 9 KM S OF WESTERN H'WAY,5134,KANIVA-EDENHOPE ROAD,KANIVA-EDENHOPE ROAD,APARX,Classification,Between 5 and 10 Years,9,2007,60,10,0.24
145.1175058115512,-37.98762795939675,51107,51661,46332,LOWER DANDENONG RD W OF WOODLANDS DR,INTERSECTION,All Moves,LOWER DANDENONG RD/WOODLANDS DR,2050,STATE (LOWER DANDENONG/CHELTENHAM) HIGHWAY,LOWER DANDENONG ROAD,SCATS,Scats,Between 2 and 5 Years,3,2013,15000,0,0.0
144.9090599177973,-37.75032949835431,51116,51665,43382,LINCOLN RD S OF MT ALEXANDER RD,INTERSECTION,All Moves,MT ALEXANDER RD/LINCOLN RD/KEILOR RD/BULLA RD,5589,LINCOLN ROAD,LINCOLN ROAD,SCATS,Scats,Greater than 10 Years,0,0,0,0,0.0
145.06635877747436,-37.74212236920175,51122,51668,50391,LOWER PLENTY RD SW OF TRAIN CROSSING,INTERSECTION,All Moves,LOWER PLENTY RD/TURNHAM AVE,5743,LOWER PLENTY ROAD,LOWER PLENTY ROAD,SCATS,Scats,Greater than 10 Years,0,0,0,0,0.0
145.043465675728,-37.90804740142264,51136,51675,44508,JASPER RD S OF NORTH RD DEPARTURE,INTERSECTION,All Moves,GRANGE RD N OF NORTH RD DEPARTURE,5847,JASPER ROAD,JASPER ROAD,TMVMT,Manual,Greater than 10 Years,0,0,0,0,0.0
145.34214749880863,-38.04028140337096,51137,51262,49086,CLYDE RD S OF MANSFIELD ST,INTERSECTION,All Moves,CLYDE RD/MANSFIELD ST/LANGMORE LN,9999,Missing Data,KANGAN DRIVE,SCATS,Scats,Greater than 10 Years,0,0,0,0,0.0
145.32821396169498,-37.760505783722486,51166,51691,47876,LANDSCAPE DR S OF MAROONDAH HWY,INTERSECTION,All Moves,MAROONDAH HWY/LANDSCAPE,9999,Missing Data,LANDSCAPE DRIVE,SCATS,Scats,Greater than 10 Years,0,0,0,0,0.0
145.4788986578674,-38.18402419383237,51210,51806,51543,HEALESVILLE-KOOWEERUP RD N BD S OF MANKS RD,MIDBLOCK,All Moves,HEALESVILLE-KOOWEERUP RD S OF MANKS RD,5766,KOO-WEE-RUP BYPASS ROAD,KOO-WEE-RUP BYPASS ROAD,APARX,Classification,Between 2 and 5 Years,3,2013,4700,770,0.16
144.95746435099912,-37.82016290757728,51224,51813,41312,KING ST S OF FLINDERS ST,INTERSECTION,All Moves,KING ST/FLINDERS ST,5041,KING STREET,KING STREET,SCATS,Scats,Between 5 and 10 Years,7,2009,30000,0,0.0
146.34082889000405,-38.17560797631951,51233,51316,54392,MORWELL-YALLOURN RD W BD 400M S OF MOE-GLENGARRY RD,MIDBLOCK,All Moves,MORWELL-YALLOURN RD 400M S OF MOE-GLENGARRY RD,5539,MOE-GLENGARRY ROAD,LATROBE RIVER ROAD,APARX,Classification,Greater than 10 Years,20,1996,490,50,0.1
144.24359071264564,-36.796774924766005,51252,51827,49212,BENDIGO-MARYBRGH W of CALDER HWY,INTERSECTION,All Moves,CALDER HWY & CAMP ST,5200,BENDIGO-MARYBOROUGH ROAD,LOCKWOOD ROAD,TMVMT,Manual,Greater than 10 Years,21,1995,4900,220,0.05
144.15863071611497,-37.34137036211904,51275,51337,55101,DAYLESFORD-TRENTHAM RD W BD BTW MIDLAND HWY & LYMAN ST,MIDBLOCK,All Moves,DAYLESFORD-TRENTHAM RD BTW MIDLAND HWY & LYMAN ST,5195,DAYLESFORD-TRENTHAM ROAD,KNOX STREET,APARX,Classification,Between 2 and 5 Years,3,2013,1100,110,0.1
145.02119041355107,-37.695976932125994,51290,51846,52012,KEON PDE W of DALTON RD,INTERSECTION,All Moves,DALTON RD & KEON PDE,5910,CAMPBELLFIELD-GREENSBOROUGH ROAD,KEON PARADE,TMVMT,Manual,Greater than 10 Years,19,1997,20000,1300,0.07
145.0413792372164,-37.920490702595295,51291,51345,48955,JASPER RD S of CENTRE RD DEPARTURE,INTERSECTION,All Moves,JASPER RD N OF CENTRE RD DEPARTURE,5847,JASPER ROAD,JASPER ROAD,TMVMT,Manual,Greater than 10 Years,0,0,0,0,0.0
145.94931653140793,-38.48003638734358,51316,51859,38191,SOUTH GIPPSLAND HWY SEBD 50M SE OF OGILVY ST,MIDBLOCK,All Moves,SOUTH GIPPSLAND HWY 50M SE OF OGILVY ST,2580,SOUTH GIPPSLAND HIGHWAY,KOONWARRA ROAD,APARX,Classification,Less than 2 Years,1,2015,4300,480,0.11
145.17878610836587,-37.91087759852736,51331,51365,57264,LUM RD N BD BTW RAPHAEL DR & PHEONIX DR,MIDBLOCK,All Moves,LUM RD BTW RAPHAEL DR & PHEONIX DR,9999,Missing Data,LUM ROAD,APARX,Classification,Between 5 and 10 Years,9,2007,2400,40,0.02
144.97102993198757,-37.775674399849215,51344,51873,48950,LYGON ST S OF GLENLYON RD,INTERSECTION,All Moves,GLENLYON RD & LYGON ST,9999,Missing Data,LYGON STREET,TMVMT,Manual,Greater than 10 Years,0,0,0,0,0.0
145.1410626107144,-37.99047674980737,51360,51881,44050,LOWER DANDENONG RD W OF CENTRE DANDENONG RD,INTERSECTION,Left & Right Missing,LOWER DANDENONG RD/CENTRE DANDENONG RD,2050,STATE (LOWER DANDENONG/CHELTENHAM) HIGHWAY,LOWER DANDENONG ROAD,SCATS,Scats,Between 2 and 5 Years,3,2013,17000,0,0.0
145.16863690748076,-37.961350485896766,51371,51385,58343,LIGHTWOOD RD NW OF CORRIGAN RD,INTERSECTION,All Moves,CORRIGAN RD/LIGHTWOOD RD,9999,Missing Data,LIGHTWOOD ROAD,SCATS,Scats,Between 2 and 5 Years,5,2011,6200,0,0.0
147.1161133954372,-38.17369070251267,51398,51900,54414,LONGFORD-LOCH SPORT RD W BD 700M W OF WINDYRIDGE RD @ 3.5KM POST,MIDBLOCK,All Moves,LONGFORD-LOCH SPORT RD 700M W OF WINDYRIDGE RD @ 3.5KM POST,5915,LONGFORD-LOCH SPORT ROAD,LONGFORD-LOCH SPORT ROAD,APARX,Classification,Between 2 and 5 Years,2,2014,620,100,0.17
145.25807929479055,-38.05030099835091,51442,51719,46347,LYNBROOK BD SW OF SOUTH GIPPSLAND HWY,INTERSECTION,All Moves,LYNBROOK BD & SOUTH GIPPSLAND HWY,9999,Missing Data,LYNBROOK BOULEVARD,TMVMT,Manual,Greater than 10 Years,0,0,0,0,0.0
145.22249730903323,-37.73580010229425,51464,51419,50286,KANGAROO GRND-WDYTE RD N BD S OF RESEARCH-WARRANDYTE RD,MIDBLOCK,All Moves,KANGAROO GRND-WDYTE RD S OF RESEARCH-WARRANDYTE RD,5810,WARRANDYTE-KANGAROO GROUND ROAD,KANGAROO GROUND-WARRANDYTE ROAD,APARX,Classification,Between 2 and 5 Years,5,2011,8700,620,0.07
144.91661192637997,-37.68506568175828,51511,51742,48165,JOHNSTONE ST W of PASCOE VALE RD,INTERSECTION,Incomplete Through,CAMP RD & PASCOE VALE RD,9999,Missing Data,JOHNSTONE STREET,TMVMT,Manual,Greater than 10 Years,0,0,0,0,0.0
144.94193075906657,-37.66859538850205,51516,51937,54905,KING ST S OF BARRY RD,INTERSECTION,All Moves,BARRY RD/KING ST/MAFFRA ST,9999,Missing Data,KING STREET,SCATS,Scats,Greater than 10 Years,14,2002,2600,0,0.0
144.96621154379855,-37.80489518727931,51522,51939,50790,QUEENSBERRY ST W of LYGON ST,INTERSECTION,All Moves,LYGON ST & QUEENSBERRY ST,9999,Missing Data,LYGON STREET,TMVMT,Manual,Greater than 10 Years,26,1990,12000,0,0.0
143.93879652577868,-35.842479406335954,51538,51751,49444,LODDON VALLEY HWY S BD N OF DURHAM OX (BENDIGO) @ 88.8KM POST,INTERSECTION,All Moves,SITE_NO: 101||SITE DESC: LODDON VALLEY HWY N OF DURHAM OX (BENDIGO) @ 88.8KM POST,2630,LODDON VALLEY HIGHWAY,LODDON VALLEY HIGHWAY,MOTSV,Manual,Greater than 10 Years,0,0,0,0,0.0
145.29991711945317,-37.91654279133671,51550,51755,53384,LYSTERFIELD_RD S BD S OF NAPOLEON_RD DEP,INTERSECTION,All Moves,LYSTERFIELD RD/NAPOLEON RD/GLENFERN RD,5782,LYSTERFIELD ROAD,LYSTERFIELD ROAD,SCATS,Scats,Between 2 and 5 Years,4,2012,5700,0,0.0
144.96720857773556,-37.81084005367184,51553,51756,45829,RUSSELL ST SE OF LITTLE LONSDALE ST,INTERSECTION,All Moves,RUSSELL ST/LITTLE LONSDALE ST,9999,Missing Data,LONSDALE STREET,SCATS,Scats,Greater than 10 Years,0,0,0,0,0.0
143.93879652577868,-35.842479406335954,51562,51451,58633,LODDON VALLEY HWY N BD N OF DURHAM OX (BENDIGO) @ 88.8KM POST,INTERSECTION,All Moves,SITE_NO: 101||SITE DESC: LODDON VALLEY HWY N OF DURHAM OX (BENDIGO) @ 88.8KM POST,2630,LODDON VALLEY HIGHWAY,LODDON VALLEY HIGHWAY,MOTSV,Manual,Greater than 10 Years,0,0,0,0,0.0
144.97040634651273,-37.780054987064126,51632,51976,44481,LYGON ST S OF BRUNSWICK RD DEPARTURE,INTERSECTION,All Moves,LYGON ST N OF BRUNSWICK RD DEPARTURE,9999,Missing Data,LYGON STREET,TMVMT,Manual,Greater than 10 Years,0,0,0,0,0.0
144.97244990887813,-37.76734790310866,51634,51977,45614,LYGON ST S OF BLYTH ST DEPARTURE,INTERSECTION,All Moves,LYGON ST N OF BLYTH ST DEPARTURE,9999,Missing Data,LYGON STREET,TMVMT,Manual,Greater than 10 Years,0,0,0,0,0.0
144.96751458598516,-37.79740170056999,51644,51787,45613,LYGON ST S OF ELGIN ST DEPARTURE,INTERSECTION,All Moves,LYGON ST N OF ELGIN ST DEPARTURE,9999,Missing Data,LYGON STREET,TMVMT,Manual,Greater than 10 Years,0,0,0,0,0.0
144.69228560794892,-37.834611148516686,51649,51982,47422,LEAKES RD W OF DERRIMUT RD,INTERSECTION,All Moves,DERRIMUT RD & LEAKES RD,9999,Missing Data,LEAKES ROAD,TMVMT,Manual,Greater than 10 Years,0,0,0,0,0.0
145.1660487010417,-37.85593939976566,51652,51983,45465,LAKESIDE DR S OF BURWOOD HWY DEPARTURE,INTERSECTION,All Moves,WOODVALE CT N OF BURWOOD HWY DEPARTURE,9999,Missing Data,LAKESIDE DRIVE,TMVMT,Manual,Greater than 10 Years,0,0,0,0,0.0
144.99298129488915,-37.79984481948038,51662,51793,43296,HODDLE ST S OF EASTERN FWY RAMPS,INTERSECTION,All Moves,ALEXANDRA PDE & EASTERN FWY RAMPS & HODDLE ST,5853,JOHNSTON STREET,JOHNSTON STREET,TMVMT,Manual,Greater than 10 Years,0,0,0,0,0.0
145.07056601351,-37.89779226082615,51682,51491,45809,KANGAROO RD E OF MURRUMBEENA RD,INTERSECTION,All Moves,MURRUMBEENA RD/KANGAROO RD,9999,Missing Data,KANGAROO ROAD,SCATS,Scats,Between 2 and 5 Years,5,2011,3000,0,0.0
145.02219128159496,-37.84662729648602,51686,51994,41956,KOOYONG RD N OF NORTH RD,INTERSECTION,All Moves,NORTH RD/KOOYONG RD,9999,Missing Data,KOOYONG ROAD,SCATS,Scats,Between 2 and 5 Years,5,2011,7800,0,0.0
144.77965559928995,-37.70223950058335,51689,51494,39678,KINGS RD S OF ACCESS RD,INTERSECTION,All Moves,KINGS RD / ACCESS RD,5009,KINGS ROAD,KINGS ROAD,SCATS,Scats,Greater than 10 Years,0,0,0,0,0.0
143.93879652577868,-35.842479406335954,51717,51010,48891,LODDON VALLEY HWY N BD N OF DURHAM OX (BENDIGO) @ 88.8KM POST,INTERSECTION,All Moves,LODDON VALLEY HWY N OF DURHAM OX (BENDIGO) @ 88.8KM POST,2630,LODDON VALLEY HIGHWAY,LODDON VALLEY HIGHWAY,APCLT,Telemetry,Between 2 and 5 Years,3,2013,630,160,0.26
145.31692724455587,-37.81900999935319,51739,51111,50961,LIVERPOOL RD S OF CANTERBURY RD,INTERSECTION,Left Missing,CANTERBURY RD/LIVERPOOL RD,9999,Missing Data,LIVERPOOL ROAD,SCATS,Scats,Between 5 and 10 Years,8,2008,5900,0,0.0
145.92913989707188,-38.17182627176614,51769,51121,55951,PFE ON RAMP NW OF KORUMBURRA-WARRAGUL RD,INTERSECTION,On Ramp,BONA-VISTA RD & KORUMBURRA-WARRAGUL RD & PFE OFF RAMP & PFE ON RAMP & WARRAGUL-L,7327,5682B 2510R,KORUMBURRA-WARRAGUL-PRINCES IN RAMP ON,TMVMT,Manual,Greater than 10 Years,0,0,0,0,0.0
144.97040634651273,-37.780054987064126,51786,51527,45594,LYGON ST S OF BRUNSWICK RD DEPARTURE,INTERSECTION,Incomplete Through,LYGON ST N OF BRUNSWICK RD DEPARTURE,9999,Missing Data,LYGON STREET,TMVMT,Manual,Greater than 10 Years,0,0,0,0,0.0
144.7889922112685,-37.05218400945553,51788,51034,55596,LANCEFIELD-TOOBORAC RD E BD 1 KM WEST CALDER HWY @ 23.0KM FROM LANCEFIELD,MIDBLOCK,All Moves,LANCEFIELD-TOOBORAC RD 1 KM WEST CALDER HWY @ 23.0KM FROM LANCEFIELD,5389,LANCEFIELD-TOOBORAC ROAD,LANCEFIELD-TOOBORAC ROAD,APARX,Classification,Greater than 10 Years,22,1994,290,40,0.14
145.55277436156135,-38.38205374835129,51796,51130,52105,KALLAY DR E BD 10M W OF BASS HWY,MIDBLOCK,All Moves,KALLAY DR 10M W OF BASS HWY,9999,Missing Data,KALLAY DRIVE,APARX,Classification,Greater than 10 Years,15,2001,190,10,0.09
145.7665335170052,-38.47556140229028,51800,51038,51652,KORUMBURRA-WONTHAGGI RD S BD 2.3KM N OF OUTTRIM-MAYARRA RD,MIDBLOCK,All Moves,KORUMBURRA-WONTHAGGI RD 2.3KM N OF OUTTRIM-MAYARRA RD,5698,KORUMBURRA-WONTHAGGI ROAD,KORUMBURRA-WONTHAGGI ROAD,APARX,Classification,Greater than 10 Years,16,2000,540,40,0.08
145.16950283575676,-37.9620007702416,51811,51535,49870,LIGHTWOOD RD NW of CORRIGAN RD,INTERSECTION,All Moves,CORRIGAN RD & LIGHTWOOD RD,9999,Missing Data,LIGHTWOOD ROAD,TMVMT,Manual,Greater than 10 Years,31,1985,5700,230,0.04
143.85775979870382,-37.56195979987227,51825,51539,50601,LYDIARD ST SO of STURT ST,INTERSECTION,All Moves,LYDIARD ST & STURT ST,9999,Missing Data,LYDIARD STREET,TMVMT,Manual,Greater than 10 Years,0,0,0,0,0.0
145.23088990729616,-37.98673813317584,51844,51147,49344,KIDDS RD E BD E OF POWER ST,MIDBLOCK,All Moves,KIDDS RD E OF POWER ST,9999,Missing Data,KIDDS ROAD,APARX,Classification,Greater than 10 Years,13,2003,8100,190,0.02
145.01940107139984,-37.86303159516906,51845,51546,51040,KOOYONG RD S OF DANDENONG RD,INTERSECTION,All Moves,DANDENONG RD/KOOYONG RD,9999,Missing Data,KOOYONG ROAD,SCATS,Scats,Less than 2 Years,0,2016,0,0,0.0
144.97547440423807,-37.86862420370118,51868,51155,55805,JACKA BVD NW OF CAVELL ST,INTERSECTION,All Moves,MARINE PDE/CAVELL ST/JACKA BLVD,5840,BEACH ROAD,JACKA BOULEVARD,SCATS,Scats,Greater than 10 Years,12,2004,26000,0,0.0
145.04164340296407,-37.91902450121656,51873,51062,52550,JASPER RD S OF CENTRE RD,INTERSECTION,All Moves,CENTRE RD/JASPER RD,5847,JASPER ROAD,JASPER ROAD,SCATS,Scats,Less than 2 Years,0,2016,8300,0,0.0
145.92913989707188,-38.17182627176614,51877,51158,53480,PFE ON RAMP NW OF KORUMBURRA-WARRAGUL RD DEPARTURE,INTERSECTION,All Moves,PFE OFF RAMP NE OF KORUMBURRA-WARRAGUL RD DEPARTURE,7327,5682B 2510R,KORUMBURRA-WARRAGUL-PRINCES IN RAMP ON,TMVMT,Manual,Greater than 10 Years,0,0,0,0,0.0
144.78885726559474,-37.052276171012345,51883,51160,42020,LANCEFIELD-TOOBORAC RD W BD 1.0 KM W OF NORTHERN HWY @ 1.0KM FROM TOOBORAC,MIDBLOCK,All Moves,LANCEFIELD-TOOBORAC RD 1.0 KM W OF NORTHERN HWY @ 1.0KM FROM TOOBORAC,5389,LANCEFIELD-TOOBORAC ROAD,LANCEFIELD-TOOBORAC ROAD,APARX,Classification,Between 2 and 5 Years,3,2013,320,30,0.1
144.97060700192063,-37.778814398778394,51911,51568,43310,LYGON ST S OF BRUNSWICK RD,INTERSECTION,All Moves,BRUNSWICK RD & LYGON ST,9999,Missing Data,LYGON STREET,TMVMT,Manual,Greater than 10 Years,0,0,0,0,0.0
145.1918480265161,-37.949757800550046,51947,51087,58896,JACKSONS RD S BD BTW POLICE RD & MANNING DR,MIDBLOCK,All Moves,JACKSONS RD BTW POLICE RD & MANNING DR,5170,JACKSONS ROAD,JACKSONS ROAD,APARX,Classification,Between 5 and 10 Years,9,2007,11000,700,0.06
145.25292628075292,-37.877174496439295,51973,51589,45802,LAKEWOOD DR S OF BURWOOD HWY,INTERSECTION,All Moves,BURWOOD HWY/LAKEWOOD DR/AQIS ACCESS RD,9999,Missing Data,LAKEWOOD DRIVE,SCATS,Scats,Greater than 10 Years,0,0,0,0,0.0
145.18871363618544,-37.90881469548663,51978,51591,45791,SHOP ENTRANCE E OF JELLS RD,INTERSECTION,All Moves,JELLS RD/SHOPPING CENTRE ENT,5308,JELLS ROAD,JELLS ROAD,SCATS,Scats,Between 2 and 5 Years,5,2011,2500,0,0.0
145.05756201631695,-37.88659530177022,51980,51592,39131,KOORNANG RD S OF ROSSTOWN RD DEPARTURE,INTERSECTION,All Moves,KOORNANG RD N OF EGAN ST DEPARTURE,9999,Missing Data,KOORNANG ROAD,TMVMT,Manual,Greater than 10 Years,0,0,0,0,0.0
145.1460319018484,-37.773105470438544,51993,51597,46282,KING ST W OF VICTORIA ST,INTERSECTION,All Moves,KING ST/VICTORIA ST,5353,KING STREET,KING STREET,SCATS,Scats,Between 5 and 10 Years,7,2009,6200,0,0.0
144.97926302325126,-37.85331889848176,55011,55504,47493,QUEENS RD NW OF UNION ST,INTERSECTION,All Moves,QUEENS RD/UNION ST,9999,Missing Data,LAKESIDE DRIVE,SCATS,Scats,Less than 2 Years,0,2016,39000,0,0.0
145.0769896595591,-37.736032857719614,55071,55022,51583,LOWER PLENTY RD SW OF GREENSBOROUGH RD,INTERSECTION,All Moves,GREENSBOROUGH RD/LOWER PLENTY RD,2850,GREENSBOROUGH HIGHWAY,LOWER PLENTY ROAD,SCATS,Scats,Greater than 10 Years,0,0,0,0,0.0
144.92674130565712,-37.82098051262058,55079,55215,47782,LORIMER ST W BD W OF HALL ST,MIDBLOCK,All Moves,LORIMER ST W OF HALL ST,5597,LORIMER STREET,LORIMER STREET,APARX,Classification,Greater than 10 Years,0,0,0,0,0.0
146.32464642201654,-38.17609058912807,55088,55027,58687,MOE-GLENGARRY RD W BD E OF MOE NORTH RD (THOMPSONS RD),MIDBLOCK,All Moves,MOE-GLENGARRY RD E OF MOE NORTH RD (THOMPSONS RD),5539,MOE-GLENGARRY ROAD,JOHN FIELD DRIVE,APARX,Classification,Less than 2 Years,1,2015,1500,100,0.07
144.68233300565566,-37.83329328441914,55108,55032,53610,LEAKES RD W OF TARNEIT RD,INTERSECTION,All Moves,LEAKES RD & TARNEIT RD,9999,Missing Data,LEAKES ROAD,TMVMT,Manual,Greater than 10 Years,0,0,0,0,0.0
144.3515018909521,-38.15460051525962,55125,55535,48570,KILGOUR_ST E OF LATROBE_TCE,INTERSECTION,All Moves,LATROBE TER/KILGOUR ST/NOBLE ST,9999,Missing Data,KILGOUR STREET,SCATS,Scats,Between 2 and 5 Years,3,2013,4800,0,0.0
145.11283299583116,-37.95753367221023,55139,55539,54827,HEATHERTON RD W OF BOUNDARY RD,INTERSECTION,Left Missing,HEATHERTON RD/KINGSTON RD/CLAYTON RD/BOUNDARY RD,5970,HEATHERTON ROAD,KINGSTON ROAD,SCATS,Scats,Less than 2 Years,0,2016,11000,0,0.0
145.20916920521677,-37.998803839802875,55208,55650,48042,KIRKHAM_RD E OF HAMMOND_RD,INTERSECTION,All Moves,HAMMOND RD/KIRKHAM RD,9999,Missing Data,KIRKHAM ROAD,SCATS,Scats,Greater than 10 Years,12,2004,2600,0,0.0
144.49254349782123,-37.900717582801526,55230,55251,55865,KIRKS BRIDGE RD EB 1.8KM E OF LITTLE RIVER-RIPLEY RD,MIDBLOCK,All Moves,KIRKS BRIDGE RD 1.8KM E OF LITTLE RIVER-RIPLEY RD,9999,Missing Data,KIRKS BRIDGE ROAD,APARX,Classification,Less than 2 Years,1,2015,140,0,0.0
144.88834753800015,-37.73574214847593,55235,55563,48428,KEILOR RD NWBD NW OF MATTHEWS AV,MIDBLOCK,All Moves,KEILOR RD NW OF MATTHEWS AV,5592,KEILOR ROAD,KEILOR ROAD,APARX,Classification,Between 5 and 10 Years,9,2007,11000,440,0.04
143.93224537808317,-35.76556250883674,55249,55068,54742,LODDON VALLEY HWY N BD 100M S OF MURRAY VALLEY HWY,MIDBLOCK,All Moves,LODDON VALLEY HWY 100M S OF MURRAY VALLEY HWY,2630,LODDON VALLEY HIGHWAY,LODDON VALLEY HIGHWAY,APARX,Classification,Greater than 10 Years,13,2003,740,160,0.22
144.78081621143755,-37.73477670165151,55250,55256,58389,KINGS RD S BD BTW GILLESPIE RD & CHARLBURY RD,INTERSECTION,All Moves,SITE_NO: 99||SITE DESC: KINGS RD BTW GILLESPIE RD & CHARLBURY RD,5875,KEILOR-LAVERTON ROAD,KINGS ROAD,MOTSV,Manual,Greater than 10 Years,0,0,0,0,0.0
145.06080880905395,-37.72971069024066,55256,55662,52344,WAIORA RD S OF KINGSBURY DR,INTERSECTION,All Moves,KINGSBURY DR/RUTHVEN ST/WAIORA RD,5740,KINGSBURY DRIVE,KINGSBURY DRIVE,SCATS,Scats,Greater than 10 Years,11,2005,9700,0,0.0
144.53587711779397,-36.29776799783991,55303,55081,55251,LOCKINGTON RD N BD 100M N OF PRAIRIE-ROCHESTER RD @ 1.8KM FROM LOCKINGTON,MIDBLOCK,All Moves,LOCKINGTON RD 100M N OF PRAIRIE-ROCHESTER RD @ 1.8KM FROM LOCKINGTON,5237,LOCKINGTON ROAD,LOCKINGTON ROAD,APARX,Classification,Between 2 and 5 Years,3,2013,100,10,0.17
144.84986576525796,-37.736532503972015,55339,55277,54117,KEILOR PARK DR NW OF WESTERN RING RD,INTERSECTION,Left Missing,KEILOR PARK DR/WESTERN RING RD,5054,KEILOR PARK DRIVE,KEILOR PARK DRIVE,SCATS,Scats,Between 5 and 10 Years,8,2008,15000,0,0.0
145.31632995929658,-37.813839597908874,55353,55688,58441,LIVERPOOL RD N BD S OF PARAMOUNT AV,MIDBLOCK,All Moves,LIVERPOOL RD S OF PARAMOUNT AV,9999,Missing Data,LIVERPOOL ROAD,APARX,Classification,Between 2 and 5 Years,5,2011,7100,370,0.05
145.22330493359618,-37.668112260659086,55371,55596,56777,KANGAROO GROUND-ST ANDREWS RD S BD BTW WATTLE GLEN-KANGAROO GROUND RD & NESS LA,MIDBLOCK,All Moves,KANGAROO GROUND-ST ANDREWS RD BTW WATTLE GLEN-KANGAROO GROUND RD & NESS LA,5436,KANGAROO GROUND-ST ANDREWS ROAD,KANGAROO GROUND-ST ANDREWS ROAD,APARX,Classification,Between 5 and 10 Years,10,2006,2000,130,0.07
145.1026000064794,-37.729422542875085,55373,55693,57777,LOWER PLENTY RD W BD E OF YALLAMBIE RD,MIDBLOCK,All Moves,LOWER PLENTY RD E OF YALLAMBIE RD,5762,MAIN HEIDELBERG-ELTHAM ROAD,LOWER PLENTY ROAD,APARX,Classification,Between 2 and 5 Years,5,2011,14000,580,0.04
144.97189219188266,-37.77039749572371,55380,55802,48030,LYGON ST S OF ALBERT ST,INTERSECTION,All Moves,ALBERT ST & LYGON ST,9999,Missing Data,LYGON STREET,TMVMT,Manual,Greater than 10 Years,0,0,0,0,0.0
144.79910410472735,-37.84586320728259,55395,55805,48554,KOROROIT CREEK RD W OF BURNS RD,INTERSECTION,All Moves,KOROROIT CREEK RD/BURNS RD,5833,KOROROIT CREEK ROAD,KOROROIT CREEK ROAD,SCATS,Scats,Greater than 10 Years,0,0,0,0,0.0
145.06030469960612,-37.72958240323398,55409,55293,56685,KINGSBURY DR W OF WAIORA RD,INTERSECTION,Left Missing,KINGSBURY DR/RUTHVEN ST/WAIORA RD,5740,KINGSBURY DRIVE,KINGSBURY DRIVE,SCATS,Scats,Greater than 10 Years,11,2005,6000,0,0.0
143.93224537808317,-35.76556250883674,55414,55295,57992,LODDON VALLEY HWY S BD 100M S OF MURRAY VALLEY HWY,MIDBLOCK,All Moves,LODDON VALLEY HWY 100M S OF MURRAY VALLEY HWY,2630,LODDON VALLEY HIGHWAY,LODDON VALLEY HIGHWAY,APARX,Classification,Greater than 10 Years,13,2003,770,160,0.21
145.87730817554817,-38.68483228889233,55428,55314,55759,INVERLOCH-VENUS BAY RD SEBD LEFT TURN-ONE WAY TO TARWIN LOWER RD,MIDBLOCK,All Moves,INVERLOCH-VENUS BAY RD SLEFT TURN-ONE WAY TO TARWIN LOWER RD,5662,INVERLOCH-VENUS BAY ROAD,INVERLOCH-VENUS BAY ROAD,APARX,Classification,Greater than 10 Years,11,2005,200,20,0.13
145.25774560981793,-37.91320846760527,55430,55816,56723,KELLETS RD W OF ST LAWRANCE WAY,INTERSECTION,All Moves,KELLETTS RD/ST LAWRENCE WAY,5428,KELLETTS ROAD,KELLETTS ROAD,SCATS,Scats,Less than 2 Years,0,2016,0,0,0.0
145.23789320214453,-37.910872888548234,55437,55318,49973,KELLETTS RD E OF STUD RD,INTERSECTION,Left Missing,STUD RD/KELLETS RD,5428,KELLETTS ROAD,KELLETTS ROAD,SCATS,Scats,Less than 2 Years,1,2015,10000,0,0.0
144.74847441578177,-37.83955784214711,55446,55824,55719,LEAKES RD W OF PALMERS RD,INTERSECTION,All Moves,PALMERS RD/LEAKES RD,9999,Missing Data,LEAKES ROAD,SCATS,Scats,Greater than 10 Years,0,0,0,0,0.0
145.73296081422427,-38.40329118965705,55450,55826,50062,JEETHO RD NEBD 100M SW OF SOUTH GIPPSLAND HWY,MIDBLOCK,All Moves,JEETHO RD N100M SW OF SOUTH GIPPSLAND HWY,9999,Missing Data,JEETHO ROAD,APARX,Classification,Greater than 10 Years,16,2000,30,0,0.07
144.77886994284555,-37.71291368223902,55465,55332,47452,KINGS RD N OF ACCESS RD,INTERSECTION,All Moves,KINGS RD / ACCESS RD,5009,KINGS ROAD,KINGS ROAD,SCATS,Scats,Between 2 and 5 Years,5,2011,11000,0,0.0
144.77905575062215,-37.71322388475234,55483,55341,50546,KINGS RD N OF ACCESS RD,INTERSECTION,All Moves,KINGS RD / ACCESS RD,5009,KINGS ROAD,KINGS ROAD,SCATS,Scats,Greater than 10 Years,0,0,0,0,0.0
145.23031973166997,-37.899564703094086,55502,55852,49988,JANINE RD S OF FERNTREE GULLY RD,INTERSECTION,All Moves,FERNTREE GULLY RD/LYNTON PL/JANINE RD,9999,Missing Data,JANINE STREET,SCATS,Scats,Greater than 10 Years,0,0,0,0,0.0
144.99533375895064,-37.81387609078254,55513,55356,55732,LENNOX ST S BD BTW YORK ST & EGAN ST,MIDBLOCK,All Moves,LENNOX ST BTW YORK ST & EGAN ST,9999,Missing Data,LENNOX STREET,APARX,Classification,Greater than 10 Years,11,2005,2300,0,0.0
145.81380389871063,-36.05528931380899,55518,55860,57842,KATAMATITE-YARRAWONGA ROAD W Bd btwn BENALLA-TOCUMWAL ROAD & BENALLA-YARRAWONGA,MIDBLOCK,All Moves,KATAMATITE-YARRAWONGA ROAD BTWN BENALLA-TOCUMWAL ROAD & BENALLA-YARRAWONGA,5402,KATAMATITE-YARRAWONGA ROAD,KATAMATITE-YARRAWONGA ROAD,APARX,Classification,Between 5 and 10 Years,9,2007,310,60,0.2
143.88872160030755,-35.73524380878176,55530,55866,47636,KERANG-QUAMBATOOK RD E BD 250M W OF BOORT-KERANG RD @ 2.6KM FROM KERANG,MIDBLOCK,All Moves,KERANG-QUAMBATOOK RD 250M W OF BOORT-KERANG RD @ 2.6KM FROM KERANG,5331,KERANG-QUAMBATOOK ROAD,KERANG-QUAMBATOOK ROAD,APARX,Classification,Between 2 and 5 Years,3,2013,240,30,0.15
146.707430017484,-37.859633000872805,55534,55868,57560,LICOLA RD SLIP LANE TO SEATON-GLENMAGGIE RD SW BD,MIDBLOCK,All Moves,LICOLA RD SLIP LANE TO SEATON-GLENMAGGIE RD N,5954,LICOLA ROAD,LICOLA ROAD,APARX,Classification,Between 5 and 10 Years,9,2007,30,10,0.46
144.8495560598696,-37.726710098764045,55568,55885,56483,KEILOR PARK DR N BD S OF CALDER FWY,MIDBLOCK,All Moves,KEILOR PARK DR S OF CALDER FWY,5054,KEILOR PARK DRIVE,KEILOR PARK DRIVE,APARX,Classification,Greater than 10 Years,0,0,0,0,0.0
145.0227155111363,-37.84391269743156,55580,55389,49090,KOOYONG RD S of TOORAK RD N,INTERSECTION,All Moves,KOOYONG RD & TOORAK RD,9999,Missing Data,KOOYONG ROAD,TMVMT,Manual,Greater than 10 Years,31,1985,3000,70,0.02
142.76069109529288,-37.062486193999376,55605,55401,57942,LONGFIELD ROAD SEBd btwn WESTERN HIGHWAY & SEABY STREET,MIDBLOCK,All Moves,LONGFIELD ROAD SBTWN WESTERN HIGHWAY & SEABY STREET,2520,WESTERN HIGHWAY,LONGFIELD STREET,APARX,Classification,Greater than 10 Years,0,0,0,0,0.0
144.97903891534597,-37.8161328974558,55609,55702,51050,JOLIMONT ST S OF WELLINGTON PDE,INTERSECTION,All Moves,WELLINGTON PDE/JOLIMONT RD,5125,JOLIMONT ROAD,JOLIMONT ROAD,SCATS,Scats,Less than 2 Years,0,2016,8400,0,0.0
145.0262029968119,-37.62821775456927,55612,55902,57001,LYNDARUM DR W OF EPPING RD,INTERSECTION,All Moves,EPPING RD/HAYSTON BLVD/LYNDARUM DR,9999,Missing Data,LYNDARUM DRIVE,SCATS,Scats,Between 2 and 5 Years,5,2011,2900,0,0.0
145.07469851382734,-37.89829764033986,55617,55108,53273,KANGAROO RD W OF POATH RD,INTERSECTION,All Moves,KANGAROO RD & POATH RD,9999,Missing Data,KANGAROO ROAD,TMVMT,Manual,Greater than 10 Years,0,0,0,0,0.0
145.10175661765803,-37.98570011234029,55629,55707,53776,LOWER DANDENONG RD W OF BOUNDARY RD,INTERSECTION,All Moves,BOUNDARY RD/LOWER DANDENONG RD,2050,STATE (LOWER DANDENONG/CHELTENHAM) HIGHWAY,LOWER DANDENONG ROAD,SCATS,Scats,Greater than 10 Years,0,0,0,0,0.0
145.0597327084694,-37.77286845904448,55635,55408,55731,LOWER_HEIDELBERG_RD E of BURTON_CR,INTERSECTION,All Moves,LOWER HEIDELBERG RD NR BURTON CRES,5762,MAIN HEIDELBERG-ELTHAM ROAD,LOWER HEIDELBERG ROAD,SCATS,Scats,Greater than 10 Years,11,2005,8000,0,0.0
145.27182852091747,-37.913359953471776,55638,55909,55479,KELLETTS RD W OF NAPOLEON RD,INTERSECTION,All Moves,KELLETS RD/NAPOLEON RD,5428,KELLETTS ROAD,KELLETTS ROAD,SCATS,Scats,Less than 2 Years,1,2015,7900,0,0.0
145.1181581046679,-37.98770690004307,55643,55410,52895,LOWER DANDENONG RD E OF WOODLANDS DR,INTERSECTION,Left Missing,LOWER DANDENONG RD/WOODLANDS DR,2050,STATE (LOWER DANDENONG/CHELTENHAM) HIGHWAY,LOWER DANDENONG ROAD,SCATS,Scats,Between 2 and 5 Years,5,2011,16000,0,0.0
145.55665220289026,-36.0990666550709,55667,55416,58779,KATAMATITE-NATHALIA RD E BD BTW LABUAN RD & LARISSA RD,MIDBLOCK,All Moves,KATAMATITE-NATHALIA RD BTW LABUAN RD & LARISSA RD,5401,KATAMATITE-NATHALIA ROAD,KATAMATITE-NATHALIA ROAD,APARX,Classification,Between 2 and 5 Years,3,2013,190,40,0.25
144.97488369837333,-37.79795280666437,55674,55918,51737,ELGIN ST W OF NICHOLSON ST DEPARTURE,INTERSECTION,All Moves,NICHOLSON ST N OF JOHNSTON ST DEPARTURE,5853,JOHNSTON STREET,JOHNSTON STREET,TMVMT,Manual,Greater than 10 Years,0,0,0,0,0.0
145.03537756587963,-37.93545255007173,55688,55125,55954,KEILLER ST SW OF NEPEAN HWY,INTERSECTION,All Moves,NEPEAN HWY/STATION ST/KEILLER ST,9999,Missing Data,KEILLER STREET,SCATS,Scats,Greater than 10 Years,11,2005,1200,0,0.0
145.1918480265161,-37.949757800550046,55695,55423,58863,ELONERA RD N BD BTW COOLAVIN ST & TITCHER RD,MIDBLOCK,All Moves,ELONERA RD BTW COOLAVIN ST & TITCHER RD,5170,JACKSONS ROAD,JACKSONS ROAD,APARX,Classification,Between 5 and 10 Years,9,2007,10000,690,0.06
146.18037011070987,-38.21061539609617,55719,55930,47727,KENNYS RD S BD S OF PRINCES FWY EAST,MIDBLOCK,All Moves,KENNYS RD S OF PRINCES FWY EAST,9999,Missing Data,KENNYS ROAD,APARX,Classification,Greater than 10 Years,11,2005,30,0,0.13
144.35604423332,-38.15522362394061,55738,55935,58025,KILGOUR ST W OF MOORABOOL ST,INTERSECTION,All Moves,MOORABOOL ST/KILGOUR ST,9999,Missing Data,KILGOUR STREET,SCATS,Scats,Between 5 and 10 Years,7,2009,5400,0,0.0
145.06843225731473,-37.761891888069655,55763,55440,47740,LOWER HEIDELBERG RD N BD S OF BANKSIA ST,MIDBLOCK,All Moves,LOWER HEIDELBERG RD S OF BANKSIA ST,5762,MAIN HEIDELBERG-ELTHAM ROAD,LOWER HEIDELBERG ROAD,APARX,Classification,Between 5 and 10 Years,10,2006,21000,810,0.04
144.97244990887813,-37.76734790310866,55782,55146,46727,LYGON ST S OF BLYTH ST DEPARTURE,INTERSECTION,All Moves,LYGON ST N OF BLYTH ST DEPARTURE,9999,Missing Data,LYGON STREET,TMVMT,Manual,Greater than 10 Years,0,0,0,0,0.0
144.65708201864814,-37.70345259534033,55819,55955,47783,LEAKES RD S BD S OF TARLETONS RD,MIDBLOCK,All Moves,LEAKES RD S OF TARLETONS RD,9999,Missing Data,LEAKES ROAD,APARX,Classification,Greater than 10 Years,0,0,0,0,0.0
145.11189379666283,-37.986940590429526,55833,55159,53243,LOWER DANDENONG RD W OF BOUNDARY RD DEPARTURE,UNDEFINED,All Moves,BOUNDARY RD N OF LOWER DANDENONG RD DEPARTURE,2050,STATE (LOWER DANDENONG/CHELTENHAM) HIGHWAY,LOWER DANDENONG ROAD,TMVMT,Manual,Greater than 10 Years,0,0,0,0,0.0
144.83365440972318,-37.84999066546829,55848,55163,49897,KOROROIT CREEK RD W BD W OF MILLERS RD,MIDBLOCK,All Moves,KOROROIT CREEK RD W OF MILLERS RD,5833,KOROROIT CREEK ROAD,KOROROIT CREEK ROAD,APARX,Classification,Greater than 10 Years,0,0,0,0,0.0
146.707430017484,-37.859633000872805,55849,55962,56527,LICOLA RD W BD 100M E OF SEATON-GLENMAGGIE RD,MIDBLOCK,All Moves,LICOLA RD 100M E OF SEATON-GLENMAGGIE RD,5954,LICOLA ROAD,LICOLA ROAD,APARX,Classification,Between 5 and 10 Years,9,2007,100,30,0.34
145.19436196336943,-37.92860240303432,55867,55466,58917,JACKSONS RD N BD BTW GLADESWOOD DR & MORAWA DR,MIDBLOCK,All Moves,JACKSONS RD BTW GLADESWOOD DR & MORAWA DR,5170,JACKSONS ROAD,JACKSONS ROAD,APARX,Classification,Between 5 and 10 Years,9,2007,10000,600,0.06
144.97900413779115,-37.85637549380883,55890,55972,58758,LAKESIDE DR SEBD 12M NW OF FITZROY ST THRU MOVEMENT ONLY,MIDBLOCK,All Moves,LAKESIDE DR S12M NW OF FITZROY ST THRU MOVEMENT ONLY,9999,Missing Data,LAKESIDE DRIVE,APARX,Classification,Greater than 10 Years,0,0,0,0,0.0
145.00323439622665,-37.8008383801244,55898,55176,47733,JOHNSTON ST E BD E OF CLARKE ST,MIDBLOCK,All Moves,JOHNSTON ST E OF CLARKE ST,5854,JOHNSTON STREET BRIDGE,JOHNSTON STREET,APARX,Classification,Between 2 and 5 Years,5,2011,10000,500,0.05
145.29535243469903,-37.90197399018148,55907,55179,49712,LYSTERFIELD_RD S OF NAPOLEON_RD,INTERSECTION,All Moves,LYSTERFIELD RD/NAPOLEON RD/GLENFERN RD,5782,LYSTERFIELD ROAD,LYSTERFIELD ROAD,SCATS,Scats,Between 2 and 5 Years,2,2014,4700,0,0.0
146.707430017484,-37.859633000872805,55909,55778,58658,LICOLA RD E BD 100M E OF SEATON-GLENMAGGIE RD,MIDBLOCK,All Moves,LICOLA RD 100M E OF SEATON-GLENMAGGIE RD,5954,LICOLA ROAD,LICOLA ROAD,APARX,Classification,Between 5 and 10 Years,9,2007,100,30,0.3
143.80481367822787,-37.55111209922715,55914,55978,57810,KALLIOOTA ST N BD STH OF BALLARAT-BURRUMBEET RD SERVICE RD,MIDBLOCK,Service Carriageway,KALLIOOTA ST STH OF BALLARAT-BURRUMBEET RD SERVICE RD,9999,Missing Data,KALLIOOTA STREET,APARX,Classification,Between 5 and 10 Years,10,2006,370,0,0.01
144.7808036378105,-37.698767112538285,55945,55485,58550,KINGS RD S BD BTW MELTON HWY & SYDENHAM RD BRIDGE,MIDBLOCK,All Moves,KINGS RD BTW MELTON HWY & SYDENHAM RD BRIDGE,5009,KINGS ROAD,KINGS ROAD,APARX,Classification,Between 2 and 5 Years,5,2011,14000,350,0.02
145.21599154172608,-37.99265138128985,55957,55488,52863,PRINCES HWY NW OF WEBSTER ST,INTERSECTION,All Moves,PRINCES HWY & WEBSTER ST,2510,PRINCES HIGHWAY EAST,LONSDALE STREET,TMVMT,Manual,Greater than 10 Years,19,1997,26000,0,0.0
146.707430017484,-37.859633000872805,55975,55196,57116,LICOLA RD SLIP LANE TO GLENMAGGIE E BD,MIDBLOCK,All Moves,LICOLA RD SLIP LANE TO GLENMAGGIE,5954,LICOLA ROAD,LICOLA ROAD,APARX,Classification,Between 5 and 10 Years,9,2007,70,10,0.17
145.16337150472512,-37.77510487696093,55979,55995,54806,KING_ST W OF BLACKBURN_RD,INTERSECTION,All Moves,BLACKBURN RD/KING ST,5353,KING STREET,KING STREET,SCATS,Scats,Less than 2 Years,1,2015,4000,0,0.0
145.13984319518482,-37.81255279696866,55998,55499,55694,LEXTON RD W OF MIDDLEBOROUGH RD,INTERSECTION,All Moves,MIDDLEBOROUGH RD/LEXTON RD,9999,Missing Data,LEXTON ROAD,SCATS,Scats,Between 2 and 5 Years,4,2012,1200,0,0.0
145.10153459888542,-37.7029169342313,54025,54813,46888,LORIMER_ST E OF THE CIRCUIT,INTERSECTION,All Moves,THE CIRCUIT/LORIMER ST/SHOPPING CENTRE ACCESS,9999,Missing Data,LORIMER STREET,SCATS,Scats,Greater than 10 Years,18,1998,2700,0,0.0
145.4823257771046,-38.168364900838405,54029,54815,47999,HEALESVILLE-KOO WEE RUP RD S OF BALLARTO RD DEPARTURE,INTERSECTION,All Moves,HEALESVILLE-KOO WEE RUP RD N OF BALLARTO RD DEPARTURE,5770,HEALESVILLE-KOO-WEE-RUP ROAD,KOO WEE RUP ROAD,TMVMT,Manual,Greater than 10 Years,0,0,0,0,0.0
142.26381280095623,-34.34065038085496,54031,54816,55925,RED CLIFFS-COLIGNAN RD E BD 300M W OF KARADOC RD @ 2.4KM FROM CALDER HWY,MIDBLOCK,All Moves,RED CLIFFS-COLIGNAN RD 300M W OF KARADOC RD @ 2.4KM FROM CALDER HWY,5178,RED CLIFFS-COLIGNAN ROAD,KULKYNE WAY,APARX,Classification,Between 2 and 5 Years,3,2013,820,140,0.17
144.99298129488915,-37.79984481948038,54038,54319,53611,JOHNSTON ST W OF HODDLE ST DEPARTURE,INTERSECTION,All Moves,HODDLE ST N OF JOHNSTON ST DEPARTURE,5853,JOHNSTON STREET,JOHNSTON STREET,TMVMT,Manual,Greater than 10 Years,0,0,0,0,0.0
144.98748144944713,-37.760883107143165,54041,54821,50408,LEINSTER GRV S OF NORMANBY AVE,INTERSECTION,All Moves,NORMANBY AV/LEINSTER GRV,9999,Missing Data,LEINSTER GROVE,SCATS,Scats,Greater than 10 Years,0,0,0,0,0.0
143.940546851323,-36.079227705300944,54046,54323,51286,LODDON VALLEY HWY S BD N OF DURHAM OX (BENDIGO) @ 88.8KM POST,MIDBLOCK,All Moves,LODDON VALLEY HWY N OF DURHAM OX (BENDIGO) @ 88.8KM POST,2630,LODDON VALLEY HIGHWAY,LODDON VALLEY HIGHWAY,APCLT,Telemetry,Between 2 and 5 Years,2,2014,640,160,0.25
145.06914888151113,-37.75917260014268,54050,54325,55929,LOWER HEIDELBERG RD NB BTW BANKSIA ST & YARRA ST,MIDBLOCK,All Moves,LOWER HEIDELBERG RD BTW BANKSIA ST & YARRA ST,2850,GREENSBOROUGH HIGHWAY,LOWER HEIDELBERG ROAD,APARX,Classification,Greater than 10 Years,24,1992,20000,1200,0.06
145.00602051214344,-37.664394865066924,54053,54827,56225,KINGSWAY DR E BD E OF EDGARS RD,MIDBLOCK,All Moves,KINGSWAY DR E OF EDGARS RD,9999,Missing Data,KINGSWAY DRIVE,APARX,Classification,Between 2 and 5 Years,5,2011,6200,210,0.03
145.04608270324397,-37.7718081596646,54108,54354,47768,LOWER HEIDELBERG RD W OF MARSHALL ST,INTERSECTION,All Moves,LOWER HEIDELBERG RD/MARSHALL ST,5762,MAIN HEIDELBERG-ELTHAM ROAD,LOWER HEIDELBERG ROAD,SCATS,Scats,Greater than 10 Years,13,2003,6100,0,0.0
144.78151347544429,-37.69656100218233,54109,54855,52212,KEILOR-MELTON RD AT KINGS WAY,INTERSECTION,All Moves,KEILOR-MELTON RD AT KINGS WAY,5009,KINGS ROAD,KINGS ROAD,LASPD,Other,Greater than 10 Years,0,0,0,0,0.0
145.22249730903323,-37.73580010229425,54112,54356,51825,KANGAROO GRND-WDYTE RD S BD S OF RESEARCH-WARRANDYTE RD,MIDBLOCK,All Moves,KANGAROO GRND-WDYTE RD S OF RESEARCH-WARRANDYTE RD,5810,WARRANDYTE-KANGAROO GROUND ROAD,KANGAROO GROUND-WARRANDYTE ROAD,APARX,Classification,Between 2 and 5 Years,5,2011,8400,500,0.06
145.67332199985907,-36.09907686541593,54120,54360,57482,KATAMATIT-NATHALIA RD E BD BTW KATAMATITE-SHEPPARTON RD & BENALLA-TOCUMWAL RD,MIDBLOCK,All Moves,KATAMATIT-NATHALIA RD BTW KATAMATITE-SHEPPARTON RD & BENALLA-TOCUMWAL RD,5401,KATAMATITE-NATHALIA ROAD,KATAMATITE-NATHALIA ROAD,APARX,Classification,Between 2 and 5 Years,2,2014,1400,300,0.22
144.53131794066897,-37.024964312524375,54121,54861,55170,HEATHCOTE-KYNETON RD S BD 200M S OF SUTTON GRANGE-REDESDALE RD,MIDBLOCK,All Moves,HEATHCOTE-KYNETON RD 200M S OF SUTTON GRANGE-REDESDALE RD,5290,HEATHCOTE-KYNETON ROAD,KYNETON-REDESDALE ROAD,APARX,Classification,Greater than 10 Years,11,2005,510,60,0.12
144.97249076139516,-37.76712159386664,54136,54368,52523,LYGON ST S OF VICTORIA ST,INTERSECTION,All Moves,LYGON ST/VICTORIA ST,9999,Missing Data,LYGON STREET,SCATS,Scats,Between 2 and 5 Years,4,2012,12000,0,0.0
144.99533375895064,-37.81387609078254,54151,54876,58093,LENNOX ST N BD BTW YORK ST & EGAN ST,MIDBLOCK,All Moves,LENNOX ST BTW YORK ST & EGAN ST,9999,Missing Data,LENNOX STREET,APARX,Classification,Greater than 10 Years,11,2005,810,0,0.0
144.9671424955201,-37.810859290084075,54189,54894,53389,LONSDALE ST SW OF RUSSELL ST,INTERSECTION,All Moves,RUSSELL ST/LONSDALE ST,9999,Missing Data,LONSDALE STREET,SCATS,Scats,Greater than 10 Years,12,2004,18000,0,0.0
145.19421220615948,-37.92930909771636,54193,54896,57272,JACKSONS RD S BD BTW GLADESWOOD DR & MORAWA DR,MIDBLOCK,All Moves,JACKSONS RD BTW GLADESWOOD DR & MORAWA DR,5170,JACKSONS ROAD,JACKSONS ROAD,APARX,Classification,Between 5 and 10 Years,9,2007,11000,640,0.06
142.26381280095623,-34.34065038085496,54240,54626,53116,RED CLIFFS-COLIGNAN RD W BD 300M W OF KARADOC RD @ 2.4KM FROM CALDER HWY,MIDBLOCK,All Moves,RED CLIFFS-COLIGNAN RD 300M W OF KARADOC RD @ 2.4KM FROM CALDER HWY,5178,RED CLIFFS-COLIGNAN ROAD,KULKYNE WAY,APARX,Classification,Between 2 and 5 Years,3,2013,820,130,0.17
145.87623530554194,-38.68200549019024,54247,54718,49369,INVERLOCH-VENUS BAY RD SWBD 100M SW OF TARWIN LOWER RD,MIDBLOCK,All Moves,INVERLOCH-VENUS BAY RD N100M SW OF TARWIN LOWER RD,5662,INVERLOCH-VENUS BAY ROAD,INVERLOCH-VENUS BAY ROAD,APARX,Classification,Greater than 10 Years,11,2005,470,60,0.13
144.7800231254381,-37.73885839688527,54262,54726,56306,KINGS RD S BD BTW GILLESPIE RD & CHARLBURY RD,MIDBLOCK,All Moves,KINGS RD BTW GILLESPIE RD & CHARLBURY RD,5875,KEILOR-LAVERTON ROAD,KINGS ROAD,APCLM,Permanent Classification,Greater than 10 Years,0,0,0,0,0.0
145.67332199985907,-36.09907686541593,54264,54637,56547,KATAMATIT-NATHALIA RD W BD BTW KATAMATITE-SHEPPARTON RD & BENALLA-TOCUMWAL RD,MIDBLOCK,All Moves,KATAMATIT-NATHALIA RD BTW KATAMATITE-SHEPPARTON RD & BENALLA-TOCUMWAL RD,5401,KATAMATITE-NATHALIA ROAD,KATAMATITE-NATHALIA ROAD,APARX,Classification,Between 2 and 5 Years,2,2014,1300,310,0.23
144.94833514758804,-37.835294373253696,54267,54729,49168,INGLES ST NW of PICKLES ST,INTERSECTION,All Moves,DORCAS ST & INGLES ST & PICKLES ST,9999,Missing Data,INGLES STREET,TMVMT,Manual,Greater than 10 Years,28,1988,6500,950,0.15
144.8470328336286,-37.725537151186494,54270,54640,53607,CALDER FWY WEST BND RAMPS W OF KEILOR PARK DR,INTERSECTION,On Ramp,CALDER FWY WEST BND RAMPS & KEILOR PARK DR,7059,5054B 2530F,KEILOR PARK-CALDER OUT RAMP ON,TMVMT,Manual,Greater than 10 Years,0,0,0,0,0.0
144.97900413779115,-37.85637549380883,54282,54646,57561,LAKESIDE DR SEBD 30M NW OF FITZROY ST THRU MOVEMENT,MIDBLOCK,All Moves,LAKESIDE DR S30M NW OF FITZROY ST THRU MOVEMENT,9999,Missing Data,LAKESIDE DRIVE,APARX,Classification,Greater than 10 Years,0,0,0,0,0.0
145.27643135777282,-37.78821847380801,54289,54649,49486,KENT_AVE S OF MAROONDAH_HWY,INTERSECTION,All Moves,WHITEHORSE RD/KENT AVE,9999,Missing Data,KENT AVENUE,SCATS,Scats,Greater than 10 Years,0,0,0,0,0.0
144.97833243014733,-37.809829802423614,54296,54744,54787,ALBERT ST W OF CLARENDON ST,INTERSECTION,All Moves,CLARENDON ST/ALBERT ST,5102,LANSDOWNE STREET,LANSDOWNE STREET,SCATS,Scats,Between 2 and 5 Years,5,2011,12000,0,0.0
145.1712722520219,-37.96330945581021,54301,54655,53274,LIGHTWOOD RD NW OF HEATHERTON RD,INTERSECTION,All Moves,DOUGLAS ST & HEATHERTON RD & LIGHTWOOD RD,9999,Missing Data,LIGHTWOOD ROAD,TMVMT,Manual,Greater than 10 Years,0,0,0,0,0.0
145.2417210101843,-37.91133593366963,54310,54751,48874,KELLETTS RD W OF TAYLORS LN,INTERSECTION,All Moves,KELLETTS RD/TAYLORS LN,5428,KELLETTS ROAD,KELLETTS ROAD,SCATS,Scats,Between 2 and 5 Years,3,2013,12000,0,0.0
145.34351139798864,-38.040652895329806,54312,54752,51368,KANGAN DR W OF CLYDE RD,INTERSECTION,All Moves,CLYDE RD/KANGAN DR,9999,Missing Data,KANGAN DRIVE,SCATS,Scats,Greater than 10 Years,0,0,0,0,0.0
145.48776058870916,-38.143497102878506,54352,54772,55077,HEALESVILLE-KOO-WEE-RUP RD N BD N OF BALLARTO RD,MIDBLOCK,All Moves,HEALESVILLE-KOO-WEE-RUP RD N OF BALLARTO RD,5770,HEALESVILLE-KOO-WEE-RUP ROAD,KOO WEE RUP ROAD,APARX,Classification,Between 2 and 5 Years,3,2013,5400,910,0.17
145.09366519699975,-37.98471188954255,54393,54793,56679,LOWER DANDENONG RD W OF WARREN RD,INTERSECTION,All Moves,LOWER DANDENONG RD/WARREN RD,2050,STATE (LOWER DANDENONG/CHELTENHAM) HIGHWAY,LOWER DANDENONG ROAD,SCATS,Scats,Greater than 10 Years,11,2005,11000,0,0.0
146.707430017484,-37.859633000872805,54408,54402,58580,LICOLA RD SLIP LANE TO GLENMAGGIE W BD,MIDBLOCK,All Moves,LICOLA RD SLIP LANE TO GLENMAGGIE,5954,LICOLA ROAD,LICOLA ROAD,APARX,Classification,Between 5 and 10 Years,9,2007,70,10,0.25
142.76069109529288,-37.062486193999376,54421,54406,56584,WESTERN HWY E BD W OF STAWELL-AVOCA RD,MIDBLOCK,All Moves,WESTERN HWY W OF STAWELL-AVOCA RD,2520,WESTERN HIGHWAY,LONGFIELD STREET,APARX,Classification,Less than 2 Years,1,2015,3000,550,0.19
144.94727367256903,-37.83418460468524,54451,54516,58342,INGLES_ST NW OF CROCKFORD_ST,INTERSECTION,All Moves,INGLES ST/CROCKFORD ST,9999,Missing Data,INGLES STREET,SCATS,Scats,Between 5 and 10 Years,10,2006,9100,0,0.0
144.95861457531885,-37.8424807919046,54466,54419,56038,KERFERD RD SW OF FERRARS ST,INTERSECTION,Left Missing,CANTERBURY RD/KERFERD RD/ALBERT RD/FERRARS ST,9999,Missing Data,KERFERD ROAD ALT,SCATS,Scats,Less than 2 Years,1,2015,0,0,0.0
145.12148500679848,-37.988112529588655,54476,54524,47329,LOWER DANDENONG RD E OF HOWARD ST,INTERSECTION,All Moves,LOWER DANDENONG RD/HOWARD RD,2050,STATE (LOWER DANDENONG/CHELTENHAM) HIGHWAY,LOWER DANDENONG ROAD,SCATS,Scats,Between 5 and 10 Years,8,2008,18000,0,0.0
145.03592472753485,-37.87427689969709,54500,54531,52510,KAMBROOK RD S OF BALACLAVA RD,INTERSECTION,All Moves,BALACLAVA RD/KAMBROOK RD,9999,Missing Data,KAMBROOK ROAD,SCATS,Scats,Greater than 10 Years,13,2003,3600,0,0.0
145.21542928743463,-37.98781859774459,54514,54104,53318,LANGHORNE ST NW OF WALKER ST,INTERSECTION,All Moves,WALKER ST/LANGHORNE ST,9999,Missing Data,LANGHORNE STREET,SCATS,Scats,Greater than 10 Years,0,0,0,0,0.0
144.89190100972044,-37.73715668497995,54520,54434,57353,KEILOR RD NW OF HOFFMANS RD,INTERSECTION,All Moves,KEILOR RD/HOFFMANS RD/TREADWELL RD,5592,KEILOR ROAD,KEILOR ROAD,SCATS,Scats,Less than 2 Years,0,2016,10000,0,0.0
144.49254349782123,-37.900717582801526,54534,54013,56191,KIRKS BRIDGE RD WB 1.8KM E OF LITTLE RIVER-RIPLEY RD,MIDBLOCK,All Moves,KIRKS BRIDGE RD 1.8KM E OF LITTLE RIVER-RIPLEY RD,9999,Missing Data,KIRKS BRIDGE ROAD,APARX,Classification,Less than 2 Years,1,2015,150,30,0.25
148.47627760122867,-37.722291276816215,54545,54109,58680,MARLO RD S BD 2.1KM S OF PRINCES HWY EAST @ 3.2KM FROM ORBOST,MIDBLOCK,All Moves,MARLO RD 2.1KM S OF PRINCES HWY EAST @ 3.2KM FROM ORBOST,9999,Missing Data,LOCHEND ROAD,APARX,Classification,Less than 2 Years,1,2015,440,70,0.16
143.81934363862132,-37.53574008534108,54552,54439,51233,MIDLAND HWY 2 (2.8KM) S BD S OF NORMAN ST,MIDBLOCK,All Moves,MIDLAND HWY 2 (2.8KM) S OF NORMAN ST,5327,BALLARAT-MARYBOROUGH ROAD,LEARMONTH ROAD,APARX,Classification,Greater than 10 Years,24,1992,3000,320,0.1
145.21597816366858,-37.992630972104806,54564,54441,47506,PRINCES_HWY_E NW of WEBSTER_ST,INTERSECTION,All Moves,LONSDALE ST/WEBSTER ST,2510,PRINCES HIGHWAY EAST,LONSDALE STREET,SCATS,Scats,Greater than 10 Years,13,2003,27000,0,0.0
145.4073251046416,-36.41774884277748,54583,54021,57374,KIALLA LAKES DRIVE W BD E OF GOULBURN VALLEY HWY,INTERSECTION,All Moves,GOULBURN VALLEY HWY LEFT TURN TO KIALLA LAKES DRIVE OD:12,9999,Missing Data,KIALLA LAKES DRIVE,MOTSV,Manual,Greater than 10 Years,0,0,0,0,0.0
144.71809405831968,-37.42878218684324,54590,54548,58678,GISBORNE-KILMORE RD NEBD BTW MELBOURNE-LANCEFIELD RD & KERRIE-MT ELIZA RD,MIDBLOCK,All Moves,GISBORNE-KILMORE RD NBTW MELBOURNE-LANCEFIELD RD & KERRIE-MT ELIZA RD,5396,GISBORNE-KILMORE ROAD,KILMORE ROAD,APARX,Classification,Between 2 and 5 Years,3,2013,1400,140,0.1
144.71809405831968,-37.42878218684324,54594,54023,56796,GISBORNE-KILMORE RD SWBD BTW MELBOURNE-LANCEFIELD RD & KERRIE-MT ELIZA RD,MIDBLOCK,All Moves,GISBORNE-KILMORE RD NBTW MELBOURNE-LANCEFIELD RD & KERRIE-MT ELIZA RD,5396,GISBORNE-KILMORE ROAD,KILMORE ROAD,APARX,Classification,Between 2 and 5 Years,3,2013,1300,160,0.12
145.85445389708752,-38.65378039604808,54663,54129,57337,INVERLOCH-VENUS BAY RD NWBD 100M NW OF TARWIN LOWER RD,MIDBLOCK,All Moves,INVERLOCH-VENUS BAY RD 100M NW OF TARWIN LOWER RD,5662,INVERLOCH-VENUS BAY ROAD,INVERLOCH-VENUS BAY ROAD,APARX,Classification,Greater than 10 Years,11,2005,560,70,0.13
144.94499990026483,-37.82151414767503,54670,54036,48563,COLLINS ST SW OF MERCHANT LN,INTERSECTION,All Moves,COLLINS ST/MERCHANT LN,9999,Missing Data,IMPORT LANE,SCATS,Scats,Greater than 10 Years,0,0,0,0,0.0
145.2601608138496,-37.79331708933456,54683,54038,51265,KALLAY ST NW OF WHITEHORSE RD,INTERSECTION,All Moves,WHITEHORSE RD/KALLAY ST/BRENTNALL RD,9999,Missing Data,KALLAY STREET,SCATS,Scats,Greater than 10 Years,0,0,0,0,0.0
145.2143272457753,-37.98746869643915,54732,54469,54603,PRINCES HWY SERVIC NW of MC CRAE ST,INTERSECTION,Service Carriageway,CLEELAND ST & CLOW ST & MC CRAE ST,2510,PRINCES HIGHWAY EAST,LONSDALE STREET,TMVMT,Manual,Greater than 10 Years,0,0,0,0,0.0
145.14539034563643,-37.658451801724794,54742,54573,49024,IRONBARK RD N BD S OF MURRAY RD,MIDBLOCK,All Moves,IRONBARK RD S OF MURRAY RD,9999,Missing Data,IRONBARK ROAD,APARX,Classification,Greater than 10 Years,0,0,0,0,0.0
145.10170040856812,-37.72930753546101,54755,54240,56993,LOWER PLENTY RD W OF YALLAMBIE RD,INTERSECTION,All Moves,LOWER PLENTY RD/YALLAMBIE RD,5762,MAIN HEIDELBERG-ELTHAM ROAD,LOWER PLENTY ROAD,SCATS,Scats,Between 2 and 5 Years,5,2011,13000,0,0.0
144.9476055731491,-37.83453160673087,54811,54060,50259,INGLES ST NW of CROCKFORD ST,INTERSECTION,All Moves,CROCKFORD ST & INGLES ST,9999,Missing Data,INGLES STREET,TMVMT,Manual,Greater than 10 Years,28,1988,6500,950,0.15
144.9565136281307,-37.81810478530671,54816,54061,58336,KING ST NW OF COLLINS ST,INTERSECTION,All Moves,KING ST/COLLINS ST,5041,KING STREET,KING STREET,SCATS,Scats,Between 5 and 10 Years,8,2008,25000,0,0.0
144.97038892213237,-37.838797963799095,54832,54064,58464,LAKESIDE DR N BD 150M S OF ALBERT RD,MIDBLOCK,All Moves,LAKESIDE DR 150M S OF ALBERT RD,9999,Missing Data,LAKESIDE DRIVE,APARX,Classification,Between 2 and 5 Years,5,2011,10000,260,0.02
145.19971539847748,-37.67477719624987,54835,54589,47785,KANGAROO GROUND-WATTLE GLEN RD NWBD SE OF LORIMER RD,MIDBLOCK,All Moves,KANGAROO GROUND-WATTLE GLEN RD SE OF LORIMER RD,5435,KANGAROO GROUND-WATTLE GLEN ROAD,KANGAROO GROUND-WATTLE GLEN ROAD,APARX,Classification,Greater than 10 Years,0,0,0,0,0.0
145.04424263018754,-37.71772188197918,54844,54066,55159,KINGSBURY DR NW OF RING RD,INTERSECTION,Left Missing,KINGSBURY DR/RING RD,5740,KINGSBURY DRIVE,KINGSBURY DRIVE,SCATS,Scats,Greater than 10 Years,17,1999,13000,0,0.0
144.9634418341954,-37.8291888823721,54870,54258,50731,KINGS WAY SE OF MARKET ST (HISTORIC),INTERSECTION,All Moves,KINGS WAY/MARKET ST,2510,PRINCES HIGHWAY EAST,KINGS WAY,SCATS,Scats,Greater than 10 Years,29,1987,0,0,0.0
144.86923411288458,-37.85581051532304,54878,54596,47781,KOROROIT CREEK RD E BD E OF WALTER ST,MIDBLOCK,All Moves,KOROROIT CREEK RD E OF WALTER ST,5833,KOROROIT CREEK ROAD,KOROROIT CREEK ROAD,APARX,Classification,Greater than 10 Years,0,0,0,0,0.0
144.9372096417565,-37.82559246246692,54898,54496,52593,WGF/MONTAGUE WEST INBOUND ( INCL OFFRAMP TO LORIMER) (>=2005),INTERSECTION,All Moves,SVO_Map_LTD:597||SITE DESC: WGF/MONTAGUE WEST INBOUND ( INCL OFFRAMP TO LORIMER) (>=2005),9999,Missing Data,INGLES STREET,INDET,Freeway Data Station,Greater than 10 Years,11,2005,0,0,0.0
146.32464642201654,-38.17609058912807,54904,54497,57235,MOE-GLENGARRY RD E BD E OF MOE NORTH RD (THOMPSONS RD),MIDBLOCK,All Moves,MOE-GLENGARRY RD E OF MOE NORTH RD (THOMPSONS RD),5539,MOE-GLENGARRY ROAD,JOHN FIELD DRIVE,APARX,Classification,Less than 2 Years,1,2015,1500,130,0.09
146.72557088624566,-37.88869569735444,54911,54499,57805,LICOLA RD W BD BTW BETWEEN THE SLIP LANES,MIDBLOCK,All Moves,LICOLA RD BTW BETWEEN THE SLIP LANES,5954,LICOLA ROAD,LICOLA ROAD,APARX,Classification,Between 5 and 10 Years,9,2007,10,0,0.33
144.35195705165566,-38.15092949135826,54914,54500,50587,LATROBE TCE S of MYERS ST,INTERSECTION,Left Missing,LATROBE TCE & MYERS ST & ROEBUCK ST,2800,CORIO-WAURN PONDS ROAD,LATROBE TERRACE,TMVMT,Manual,Greater than 10 Years,0,0,0,0,0.0
142.92636443125144,-37.28049139311137,54920,54080,47604,VIEW POINT ST ARARAT S BD S OF WESTERN HWY(201.5KM),MIDBLOCK,All Moves,VIEW POINT ST ARARAT S OF WESTERN HWY(201.5KM),2520,WESTERN HIGHWAY,LAMBERT STREET,APARX,Classification,Greater than 10 Years,24,1992,150,10,0.06
144.9423408151694,-37.82409197938355,54934,54178,58087,LORIMER ST W OF WEST GATE FWY OFFRAMP,INTERSECTION,All Moves,WEST GATE FWY/LORIMER ST,5597,LORIMER STREET,LORIMER STREET,SCATS,Scats,Greater than 10 Years,11,2005,7600,0,0.0
145.31838806882166,-36.629330002905,54979,54193,52992,SHEPPARTON-LONGWOOD RD N BD 1.5 KM N OF BURKES RD @ 1.8KM FROM SOUTH OF GOULBUR,MIDBLOCK,All Moves,SHEPPARTON-LONGWOOD RD 1.5 KM N OF BURKES RD @ 1.8KM FROM SOUTH OF GOULBUR,9999,Missing Data,LONGWOOD-SHEPPARTON ROAD,APARX,Classification,Greater than 10 Years,20,1996,40,0,0.13
144.9616257031338,-37.828069554193625,54985,54290,47514,WEST GATE FWY W BD ONRAMP FROM KINGSWAY,MIDBLOCK,On Ramp,WEST GATE FWY ONRAMP FROM KINGSWAY,7106,2510B 2820F,KINGS-WEST GATE OUT RAMP ON,APARX,Classification,Greater than 10 Years,11,2005,29000,2200,0.08
145.8160118804647,-38.43622338546659,54999,54299,58624,JUMBUNNA ROAD NEBD BTWN SOMMERS CRESCENT & COMMERCIAL STREET,MIDBLOCK,All Moves,JUMBUNNA ROAD NBTWN SOMMERS CRESCENT & COMMERCIAL STREET,5698,KORUMBURRA-WONTHAGGI ROAD,JUMBUNNA ROAD,APARX,Classification,Less than 2 Years,1,2015,1800,140,0.08
145.11856054306875,-37.650307193181135,57018,57760,60025,RRAK RD E BD BTW CLARKE RD AND YAN YEAN RD,MIDBLOCK,All Moves,RRAK RD BTW CLARKE RD AND YAN YEAN RD,5720,KURRAK ROAD,KURRAK ROAD,APARX,Classification,Greater than 10 Years,0,0,0,0,0.0
145.12087984703774,-37.650580833661245,57019,57761,60026,RRAK RD W BD BTW CLARKE RD AND YAN YEAN RD,MIDBLOCK,All Moves,RRAK RD BTW CLARKE RD AND YAN YEAN RD,5720,KURRAK ROAD,KURRAK ROAD,APARX,Classification,Greater than 10 Years,0,0,0,0,0.0
144.85148646053895,-37.72019097977197,57043,57785,54289,KEILOR PARK DR NE OF THOMSONS RD,INTERSECTION,All Moves,KEILOR PARK DR / THOMSONS RD,5054,KEILOR PARK DRIVE,KEILOR PARK DRIVE,SCATS,Scats,Between 2 and 5 Years,3,2013,18000,0,0.0
145.4823257771046,-38.168364900838405,57055,57797,56506,HEALESVILLE-KOO-WEE-RUP RD S BD BTW BALLARTO RD & ISLAND RD,MIDBLOCK,All Moves,HEALESVILLE-KOO-WEE-RUP RD BTW BALLARTO RD & ISLAND RD,5770,HEALESVILLE-KOO-WEE-RUP ROAD,KOO WEE RUP ROAD,APARX,Classification,Between 2 and 5 Years,3,2013,4600,780,0.17
145.07571650690392,-37.94964194299048,57061,57803,56827,KEYS RD E BD W OF WARRIGAL RD,MIDBLOCK,All Moves,KEYS RD W OF WARRIGAL RD,5313,WICKHAM-KEYS ROAD,KEYS ROAD,APARX,Classification,Between 2 and 5 Years,2,2014,7500,0,0.0
144.80301869995094,-37.84647171127864,57066,57808,53596,KOROROIT CREEK RD W OF MAIDSTONE ST,INTERSECTION,All Moves,KOROROIT CREEK RD/MAIDSTONE ST/HORSBURGH DR,5833,KOROROIT CREEK ROAD,KOROROIT CREEK ROAD,SCATS,Scats,Greater than 10 Years,0,0,0,0,0.0
145.73300948025846,-38.625022951537595,57071,57813,59618,VERLOCH-VENUS BAY RD W BD (SITE 11) WB ENTRY 27M BEFORE ROUNDABOUT,MIDBLOCK,All Moves,VERLOCH-VENUS BAY RD (SITE 11) WB ENTRY 27M BEFORE ROUNDABOUT,5662,INVERLOCH-VENUS BAY ROAD,INVERLOCH-VENUS BAY ROAD,APARX,Classification,Between 2 and 5 Years,2,2014,1200,130,0.11
145.73300948025846,-38.625022951537595,57088,57830,59619,VERLOCH-VENUS BAY RD (SITE 12) WB ENTRY @ STOP LINE,MIDBLOCK,All Moves,VERLOCH-VENUS BAY RD (SITE 12) WB ENTRY @ STOP LINE,5662,INVERLOCH-VENUS BAY ROAD,INVERLOCH-VENUS BAY ROAD,APARX,Classification,Between 2 and 5 Years,2,2014,1200,240,0.19
145.15572997791523,-37.95160002112694,57164,57347,59677,GHTWOOD RD NW BD BTWN ELM GV AND KINTORE ST,MIDBLOCK,All Moves,GHTWOOD RD BTWN ELM GV AND KINTORE ST,9999,Missing Data,LIGHTWOOD ROAD,APARX,Classification,Greater than 10 Years,0,0,0,0,0.0
145.1557016593469,-37.951578624177856,57166,57348,59678,GHTWOOD RD SE BD BTWN ELM GV AND KINTORE ST,MIDBLOCK,All Moves,GHTWOOD RD BTWN ELM GV AND KINTORE ST,9999,Missing Data,LIGHTWOOD ROAD,APARX,Classification,Greater than 10 Years,0,0,0,0,0.0
145.82173888804667,-38.11269098491038,57170,57350,59655,NGWARRY-DROUIN RD (C1) E BD BTWN SNOWBALL RD AND MCGLONE RD,MIDBLOCK,All Moves,NGWARRY-DROUIN RD (C1) BTWN SNOWBALL RD AND MCGLONE RD,5710,LONGWARRY-DROUIN ROAD,LONGWARRY-DROUIN ROAD,APARX,Classification,Greater than 10 Years,0,0,0,0,0.0
145.8218686006778,-38.11278126360152,57172,57351,59656,NGWARRY-DROUIN RD (C1) W BD BTWN SNOWBALL RD AND MCGLONE RD,MIDBLOCK,All Moves,NGWARRY-DROUIN RD (C1) BTWN SNOWBALL RD AND MCGLONE RD,5710,LONGWARRY-DROUIN ROAD,LONGWARRY-DROUIN ROAD,APARX,Classification,Greater than 10 Years,0,0,0,0,0.0
145.8234615312763,-38.11432930018611,57174,57352,59658,NGWARRY-DROUIN RD (C2) W BD BTWN SNOWBALL RD AND MCGLONE RD,MIDBLOCK,All Moves,NGWARRY-DROUIN RD (C2) BTWN SNOWBALL RD AND MCGLONE RD,5710,LONGWARRY-DROUIN ROAD,LONGWARRY-DROUIN ROAD,APARX,Classification,Greater than 10 Years,0,0,0,0,0.0
145.17368935465356,-37.99155104353345,57178,57354,59683,NGSCLERE AV N BD BTWN BLOOMFIELD RD AND CHELTENHAM RD,MIDBLOCK,All Moves,NGSCLERE AV BTWN BLOOMFIELD RD AND CHELTENHAM RD,9999,Missing Data,KINGSCLERE AVENUE,APARX,Classification,Greater than 10 Years,0,0,0,0,0.0
145.17368128754222,-37.99154791992876,57180,57355,59684,NGSCLERE AV S BD BTWN BLOOMFIELD RD AND CHELTENHAM RD,MIDBLOCK,All Moves,NGSCLERE AV BTWN BLOOMFIELD RD AND CHELTENHAM RD,9999,Missing Data,KINGSCLERE AVENUE,APARX,Classification,Greater than 10 Years,0,0,0,0,0.0
145.22300420749536,-37.99927098912067,57258,57712,51296,P.H.E. EB BTW FRANKSTON/DANDENONG RD & PLUNKETT RD,MIDBLOCK,All Moves,P.H.E. BTW FRANKSTON/DANDENONG RD & PLUNKETT RD,2510,PRINCES HIGHWAY EAST,LONSDALE STREET,APCLM,Permanent Classification,Less than 2 Years,1,2015,22000,1100,0.05
146.62322290507328,-37.62998729617866,57260,57713,56023,LICOLA RD N BD 200M S OF TARGET CREEK RD @ 57.8KM FROM HEYFIELD,MIDBLOCK,All Moves,LICOLA RD 200M S OF TARGET CREEK RD @ 57.8KM FROM HEYFIELD,5954,LICOLA ROAD,LICOLA ROAD,APARX,Classification,Greater than 10 Years,14,2002,30,10,0.33
145.73350003605103,-38.62506960341708,57295,57730,59617,VERLOCH-VENUS BAY RD W BD (SITE 10) WB ENTRY 75M BEFORE ROUNDABOUT,MIDBLOCK,All Moves,VERLOCH-VENUS BAY RD (SITE 10) WB ENTRY 54M BEFORE ROUNDABOUT,5662,INVERLOCH-VENUS BAY ROAD,INVERLOCH-VENUS BAY ROAD,APARX,Classification,Between 2 and 5 Years,2,2014,1200,0,0.0
144.8893600957822,-37.85789949826277,57298,57415,60237,EVEL CROSSING) KOROROIT CREEK ROAD WILLIAMSTOWN E BD,MIDBLOCK,All Moves,EVEL CROSSING) KOROROIT CREEK ROAD WILLIAMSTOWN,5833,KOROROIT CREEK ROAD,KOROROIT CREEK ROAD,SCATS,Scats,Greater than 10 Years,0,0,0,0,0.0
145.10684967991946,-37.729981535663775,57344,57110,60370,WER PLENTY RD E BD BTWN PARA RD AND YALLAMBIE RD,MIDBLOCK,All Moves,WER PLENTY RD BTWN PARA RD AND YALLAMBIE RD,5762,MAIN HEIDELBERG-ELTHAM ROAD,LOWER PLENTY ROAD,APARX,Classification,Greater than 10 Years,0,0,0,0,0.0
145.10682046206276,-37.72997774131514,57369,57114,60371,WER PLENTY RD W BD BTWN PARA RD AND YALLAMBIE RD,MIDBLOCK,All Moves,WER PLENTY RD BTWN PARA RD AND YALLAMBIE RD,5762,MAIN HEIDELBERG-ELTHAM ROAD,LOWER PLENTY ROAD,APARX,Classification,Greater than 10 Years,0,0,0,0,0.0
144.88935031315472,-37.85789835400324,57374,57433,60239,EVEL CROSSING) KOROROIT CREEK ROAD WILLIAMSTOWN W BD,MIDBLOCK,All Moves,EVEL CROSSING) KOROROIT CREEK ROAD WILLIAMSTOWN,5833,KOROROIT CREEK ROAD,KOROROIT CREEK ROAD,SCATS,Scats,Greater than 10 Years,0,0,0,0,0.0
145.7370800582742,-38.62540966981006,57392,57436,59616,VERLOCH-VENUS BAY RD W BD (SITE 9) WB ENTRY 75M BEFORE ROUNDABOUT,MIDBLOCK,All Moves,VERLOCH-VENUS BAY RD (SITE 9) WB ENTRY 75M BEFORE ROUNDABOUT,5662,INVERLOCH-VENUS BAY ROAD,INVERLOCH-VENUS BAY ROAD,APARX,Classification,Between 2 and 5 Years,2,2014,1100,0,0.0
145.8232807691769,-38.11408960436621,57404,57438,59657,NGWARRY-DROUIN RD (C2) E BD BTWN SNOWBALL RD AND MCGLONE RD,MIDBLOCK,All Moves,NGWARRY-DROUIN RD (C2) BTWN SNOWBALL RD AND MCGLONE RD,5710,LONGWARRY-DROUIN ROAD,LONGWARRY-DROUIN ROAD,APARX,Classification,Greater than 10 Years,0,0,0,0,0.0
144.88935031315472,-37.85789835400324,57411,57121,60284,EVEL CROSSING) FERGUSON STREET E BD- WILLIAMSTOWN,MIDBLOCK,All Moves,EVEL CROSSING) FERGUSON STREET - WILLIAMSTOWN,5833,KOROROIT CREEK ROAD,KOROROIT CREEK ROAD,SCATS,Scats,Greater than 10 Years,0,0,0,0,0.0
145.82411948502028,-38.11505031559821,57419,57440,59659,NGWARRY-DROUIN RD (C3) E BD BTWN MCGLONE RD AND LONGWARRY RD,MIDBLOCK,All Moves,NGWARRY-DROUIN RD (C3) BTWN MCGLONE RD AND LONGWARRY RD,5710,LONGWARRY-DROUIN ROAD,LONGWARRY-DROUIN ROAD,APARX,Classification,Greater than 10 Years,0,0,0,0,0.0
145.82411948502028,-38.11505031559821,57424,57441,59660,NGWARRY-DROUIN RD (C3) W BD BTWN MCGLONE RD AND LONGWARRY RD,MIDBLOCK,All Moves,NGWARRY-DROUIN RD (C3) BTWN MCGLONE RD AND LONGWARRY RD,5710,LONGWARRY-DROUIN ROAD,LONGWARRY-DROUIN ROAD,APARX,Classification,Greater than 10 Years,0,0,0,0,0.0
144.88192983533042,-37.857140979506696,57455,57234,60145,S KOROROIT CREEK ROAD W BD WEST OF ADELINE STREET,MIDBLOCK,All Moves,S KOROROIT CREEK ROAD WEST OF ADELINE STREET,5833,KOROROIT CREEK ROAD,KOROROIT CREEK ROAD,SCATS,Scats,Greater than 10 Years,0,0,0,0,0.0
145.05831616037267,-37.74671588451756,57533,57247,60434,WER PLENTY RD NE BD BTW ST JAMES RD AND WAIORA RD,MIDBLOCK,All Moves,WER PLENTY RD BTW WAIORA RD AND  ROSANNA RD,5743,LOWER PLENTY ROAD,LOWER PLENTY ROAD,APARX,Classification,Greater than 10 Years,0,0,0,0,0.0
145.64012025612553,-38.55443875323256,57587,57469,59846,RUMBURRA-WONTHAGGI RD E BD ON HOLD LINES,MIDBLOCK,All Moves,RUMBURRA-WONTHAGGI RD ON HOLD LINES,5698,KORUMBURRA-WONTHAGGI ROAD,KORUMBURRA-WONTHAGGI ROAD,APARX,Classification,Greater than 10 Years,0,0,0,0,0.0
145.05768322357568,-37.88594037782589,57596,57049,60268,EVEL CROSSING) KOORNANG RD S BD - CARNEGIE,MIDBLOCK,All Moves,EVEL CROSSING) KOORNANG RD - CARNEGIE,9999,Missing Data,KOORNANG ROAD,SCATS,Scats,Greater than 10 Years,0,0,0,0,0.0
144.26309455251842,-35.89624040034191,57597,57895,56402,LEITCHVILLE-PYRAMID RD S BD 500M S OF COHUNA-LEITCHVILLE RD @ 4.2KM FROM LEITCH,MIDBLOCK,All Moves,LEITCHVILLE-PYRAMID RD 500M S OF COHUNA-LEITCHVILLE RD @ 4.2KM FROM LEITCH,5338,LEITCHVILLE-PYRAMID ROAD,LEITCHVILLE-PYRAMID ROAD,APARX,Classification,Greater than 10 Years,21,1995,230,30,0.17
145.05768141216015,-37.885950163302525,57599,57050,60269,EVEL CROSSING) KOORNANG RD N BD - CARNEGIE,MIDBLOCK,All Moves,EVEL CROSSING) KOORNANG RD - CARNEGIE,9999,Missing Data,KOORNANG ROAD,SCATS,Scats,Greater than 10 Years,0,0,0,0,0.0
145.0737311071286,-37.73790121542822,57605,57051,60435,WER PLENTY RD SW BD BTW BRASSEY AV AND MILFORD GV,INTERSECTION,All Moves,WER PLENTY RD BTW WAIORA RD AND  ROSANNA RD,5743,LOWER PLENTY ROAD,LOWER PLENTY ROAD,APARX,Classification,Greater than 10 Years,0,0,0,0,0.0
145.64013001590473,-38.55443995363142,57609,57472,59847,RUMBURRA-WONTHAGGI RD W BD ON HOLD LINES,MIDBLOCK,All Moves,RUMBURRA-WONTHAGGI RD ON HOLD LINES,5698,KORUMBURRA-WONTHAGGI ROAD,KORUMBURRA-WONTHAGGI ROAD,APARX,Classification,Greater than 10 Years,0,0,0,0,0.0
144.9637495057043,-37.8245792008973,57615,57156,50861,POWER ST LEFT TURN TO CITY RD OD:23,INTERSECTION,Incomplete Through,CITY RD LEFT TURN TO POWER ST OD:12,9999,Missing Data,KAVANAGH STREET,MOTSV,Manual,Greater than 10 Years,23,1993,170,10,0.11
144.86359711321967,-37.73989992882446,57640,57161,55699,KEILOR PARK DR W OF MILLEARA RD,INTERSECTION,Left Missing,MILLEARA RD/KEILOR PARK DR,5054,KEILOR PARK DRIVE,KEILOR PARK DRIVE,SCATS,Scats,Greater than 10 Years,15,2001,12000,0,0.0
145.64069999874465,-38.55451002307761,57644,57477,59848,RUMBURRA-WONTHAGGI RD E BD 10M E OF GLEN ALVIE RD,MIDBLOCK,All Moves,RUMBURRA-WONTHAGGI RD 10M E OF GLEN ALVIE RD,5698,KORUMBURRA-WONTHAGGI ROAD,KORUMBURRA-WONTHAGGI ROAD,APARX,Classification,Greater than 10 Years,0,0,0,0,0.0
145.1050705695036,-37.79171932074766,57645,57903,59468,IKE PATH) KOONUNG TRAIL SE BD 44M NE OF CLIFTON ST,UNDEFINED,Bicycle path,"KOONUNG TRAIL, BALWYN NORTH",9999,Missing Data,KOONUNG CREEK TRAIL BIKE PATH,ACBYC,Bicycle,Less than 2 Years,1,2015,320,0,0.0
145.64063947652036,-38.55450257913614,57650,57478,59849,RUMBURRA-WONTHAGGI RD W BD 10M E OF GLEN ALVIE RD,MIDBLOCK,All Moves,RUMBURRA-WONTHAGGI RD 10M E OF GLEN ALVIE RD,5698,KORUMBURRA-WONTHAGGI ROAD,KORUMBURRA-WONTHAGGI ROAD,APARX,Classification,Greater than 10 Years,0,0,0,0,0.0
145.59388966180654,-38.6024776228729,57666,57906,59523,RUMBURRA-WONTHAGGI RD NE BD BTWN BASS HWY AND STRICKLAND ST,MIDBLOCK,All Moves,RUMBURRA-WONTHAGGI RD BTWN BASS HWY AND STRICKLAND ST,5698,KORUMBURRA-WONTHAGGI ROAD,KORUMBURRA ROAD,APARX,Classification,Greater than 10 Years,0,0,0,0,0.0
145.59394043657207,-38.6024731683205,57672,57907,59524,RUMBURRA-WONTHAGGI RD SW BD BTWN BASS HWY AND STRICKLAND ST,MIDBLOCK,All Moves,RUMBURRA-WONTHAGGI RD BTWN BASS HWY AND STRICKLAND ST,5698,KORUMBURRA-WONTHAGGI ROAD,KORUMBURRA ROAD,APARX,Classification,Greater than 10 Years,0,0,0,0,0.0
144.9547516399715,-37.814264191704495,57683,57272,56127,KING ST NW OF LONSDALE ST,INTERSECTION,All Moves,KING ST/LONSDALE ST,5041,KING STREET,KING STREET,SCATS,Scats,Between 5 and 10 Years,9,2007,20000,0,0.0
145.72557122144153,-38.599998298627774,57698,57171,56428,KORUMBURRA-INVERLOCH RD S BD 3 KM N OF BASS HWY @ 23.0KM FROM KORUMBURRA,MIDBLOCK,All Moves,KORUMBURRA-INVERLOCH RD 3 KM N OF BASS HWY @ 23.0KM FROM KORUMBURRA,5697,KORUMBURRA-INVERLOCH ROAD,INVERLOCH-KONGWAK ROAD,APARX,Classification,Between 2 and 5 Years,2,2014,400,60,0.15
145.32821396169498,-37.760505783722486,57714,57173,53313,LANDSCAPE DR S OF MAROONDAH HWY,INTERSECTION,All Moves,MAROONDAH HWY/LANDSCAPE,9999,Missing Data,LANDSCAPE DRIVE,SCATS,Scats,Greater than 10 Years,0,0,0,0,0.0
144.852447837225,-37.739493964231485,57758,57604,46949,WESTERN RING ROAD INBOUND ONRAMP FROM KEILOR PARK DV,INTERSECTION,On Ramp,SVO_Map_LTD:710||SITE DESC: WESTERN RING ROAD INBOUND ONRAMP FROM KEILOR PARK DV,5054,KEILOR PARK DRIVE,KEILOR PARK DRIVE,INDET,Freeway Data Station,Between 5 and 10 Years,10,2006,12000,0,0.0
145.16499873095023,-37.958603471213294,57782,57184,50708,LIGHTWOOD RD NW OF CORRIGAN RD,INTERSECTION,All Moves,CORRIGAN RD & LIGHTWOOD RD,9999,Missing Data,LIGHTWOOD ROAD,TMVMT,Manual,Greater than 10 Years,0,0,0,0,0.0
144.29059200730782,-35.90067927626417,57785,57609,56461,COHUNA-LEITCHVILLE RD E BD BTW LEITCHVILLE-PYRAMID RD & MURRAY VALLEY HWY,MIDBLOCK,All Moves,COHUNA-LEITCHVILLE RD BTW LEITCHVILLE-PYRAMID RD & MURRAY VALLEY HWY,5337,COHUNA-LEITCHVILLE ROAD,LEITCHVILLE-KERANG ROAD,APARX,Classification,Between 2 and 5 Years,3,2013,440,100,0.23
145.09046980281784,-37.954770990524686,57786,57289,60007,NGSTON RD E BD E OF WARRIGAL RD,MIDBLOCK,All Moves,NGSTON RD E OF WARRIGAL RD,5970,HEATHERTON ROAD,KINGSTON ROAD,MOTSV,Manual,Greater than 10 Years,0,0,0,0,0.0
145.07904027496647,-37.953448444701685,57798,57291,60008,NGSTON RD W BD E OF WARRIGAL RD,MIDBLOCK,All Moves,NGSTON RD E OF WARRIGAL RD,5970,HEATHERTON ROAD,KINGSTON ROAD,MOTSV,Manual,Greater than 10 Years,0,0,0,0,0.0
144.9635825072452,-37.829337887236505,57822,57087,58351,KINGS WAY NW OF WESTGATE FWY OFFRAMP,INTERSECTION,All Moves,KINGS WAY/WESTGATE FWY,2510,PRINCES HIGHWAY EAST,KINGS WAY,SCATS,Scats,Less than 2 Years,0,2016,23000,0,0.0
145.0434725096012,-37.717129487075994,57843,57195,53666,KINGSBURY DR SE OF PLENTY RD,INTERSECTION,Left Missing,PLENTY RD/DUNNE ST/KINGSBURY DR,5740,KINGSBURY DRIVE,KINGSBURY DRIVE,SCATS,Scats,Greater than 10 Years,17,1999,11000,0,0.0
145.22250136618763,-37.73607998336495,57870,57303,60368,RRANDYTE-KANGAROO GROUND RD N BD BTW RESEARCH-WARRANDYTE RD AND RINGWOOD-WARRANDYTE RD,MIDBLOCK,All Moves,RRANDYTE-KANGAROO GROUND RD BTW RESEARCH-WARRANDYTE RD AND RINGWOOD-WARRANDYTE RD,5810,WARRANDYTE-KANGAROO GROUND ROAD,KANGAROO GROUND-WARRANDYTE ROAD,APARX,Classification,Greater than 10 Years,0,0,0,0,0.0
144.88054890124468,-37.85699557260861,57873,57200,54511,KOROROIT CREEK RD W OF ADELINE ST,INTERSECTION,All Moves,KOROROIT CREEK NR ADELINE ST,5833,KOROROIT CREEK ROAD,KOROROIT CREEK ROAD,SCATS,Scats,Greater than 10 Years,0,0,0,0,0.0
144.8893600957822,-37.85789949826277,57901,57205,60285,EVEL CROSSING) FERGUSON STREET W BD- WILLIAMSTOWN,MIDBLOCK,All Moves,EVEL CROSSING) FERGUSON STREET - WILLIAMSTOWN,5833,KOROROIT CREEK ROAD,KOROROIT CREEK ROAD,SCATS,Scats,Greater than 10 Years,0,0,0,0,0.0
145.1332494376151,-37.71187011511082,57918,57311,60362,RINGAL DR SE BD N OF SHERBOURNE RD,MIDBLOCK,All Moves,RINGAL DR N OF SHERBOURNE RD,5722,KARINGAL DRIVE,KARINGAL DRIVE,APARX,Classification,Greater than 10 Years,0,0,0,0,0.0
145.2225020919522,-37.73612998046448,57923,57312,60369,RRANDYTE-KANGAROO GROUND RD S BD BTW RESEARCH-WARRANDYTE RD AND RINGWOOD-WARRANDYTE RD,MIDBLOCK,All Moves,RRANDYTE-KANGAROO GROUND RD BTW RESEARCH-WARRANDYTE RD AND RINGWOOD-WARRANDYTE RD,5810,WARRANDYTE-KANGAROO GROUND ROAD,KANGAROO GROUND-WARRANDYTE ROAD,APARX,Classification,Greater than 10 Years,0,0,0,0,0.0
145.1331889681778,-37.71168020659036,57938,57316,60363,RINGAL DR NW BD N OF SHERBOURNE RD,MIDBLOCK,All Moves,RINGAL DR N OF SHERBOURNE RD,5722,KARINGAL DRIVE,KARINGAL DRIVE,APARX,Classification,Greater than 10 Years,0,0,0,0,0.0
141.299598171762,-36.917080218341006,56035,56417,60958,NIVA-EDENHOPE RD N BD BTW OZENKADNOOK-MORTAT RD AND WIMMERA HWY,MIDBLOCK,All Moves,NIVA-EDENHOPE RD BTW OZENKADNOOK-MORTAT RD AND WIMMERA HWY,5134,KANIVA-EDENHOPE ROAD,KANIVA-EDENHOPE ROAD,APARX,Classification,Greater than 10 Years,0,0,0,0,0.0
142.36707628507864,-35.73084160452216,56037,56418,61062,NTY HWY N BD BTW AUSTIN ST AND DODGSHUN ST,MIDBLOCK,All Moves,NTY HWY BTW AUSTIN ST AND DODGSHUN ST,2620,HENTY HIGHWAY,LASCELLES STREET,APARX,Classification,Greater than 10 Years,0,0,0,0,0.0
142.36708136037308,-35.730849418119575,56039,56419,61063,NTY HWY S BD BTW AUSTIN ST AND DODGSHUN ST,MIDBLOCK,All Moves,NTY HWY BTW AUSTIN ST AND DODGSHUN ST,2620,HENTY HIGHWAY,LASCELLES STREET,APARX,Classification,Greater than 10 Years,0,0,0,0,0.0
141.30110675853356,-36.92258057684506,56045,56422,60959,NIVA-EDENHOPE RD S BD BTW OZENKADNOOK-MORTAT RD AND WIMMERA HWY,MIDBLOCK,All Moves,NIVA-EDENHOPE RD BTW OZENKADNOOK-MORTAT RD AND WIMMERA HWY,5134,KANIVA-EDENHOPE ROAD,KANIVA-EDENHOPE ROAD,APARX,Classification,Greater than 10 Years,0,0,0,0,0.0
142.39732001028565,-36.25324281867605,56075,56437,61066,RUNG HWY E BD BTW HENTY HWY AND SCOTT ST,MIDBLOCK,All Moves,RUNG HWY BTW HENTY HWY AND SCOTT ST,2690,BORUNG HIGHWAY,LYLE STREET,APARX,Classification,Greater than 10 Years,0,0,0,0,0.0
142.39728999960874,-36.25324282115447,56077,56438,61067,RUNG HWY W BD BTW HENTY HWY AND SCOTT ST,MIDBLOCK,All Moves,RUNG HWY BTW HENTY HWY AND SCOTT ST,2690,BORUNG HIGHWAY,LYLE STREET,APARX,Classification,Greater than 10 Years,0,0,0,0,0.0
145.9495049743292,-38.4810298634667,56100,56951,60497,UTH GIPPSLAND HWY S BD MILES LA AND OWEN ST,MIDBLOCK,All Moves,UTH GIPPSLAND HWY MILES LA AND OWEN ST,2580,SOUTH GIPPSLAND HIGHWAY,KOONWARRA ROAD,APARX,Classification,Greater than 10 Years,0,0,0,0,0.0
144.8819200072757,-37.85713995172506,56110,56956,60144,S KOROROIT CREEK ROAD E BD WEST OF ADELINE STREET,MIDBLOCK,All Moves,S KOROROIT CREEK ROAD WEST OF ADELINE STREET,5833,KOROROIT CREEK ROAD,KOROROIT CREEK ROAD,SCATS,Scats,Greater than 10 Years,0,0,0,0,0.0
146.72557088624566,-37.88869569735444,56137,56968,56779,LICOLA RD E BD BTW BETWEEN THE SLIP LANES,MIDBLOCK,All Moves,LICOLA RD BTW BETWEEN THE SLIP LANES,5954,LICOLA ROAD,LICOLA ROAD,APARX,Classification,Between 5 and 10 Years,9,2007,10,0,0.1
142.3913686013898,-36.25324052833102,56187,56984,53070,BORUNG HWY (100 KM) E BD ON YARRIAMBIACK BRIDGE,MIDBLOCK,All Moves,BORUNG HWY (100 KM) ON YARRIAMBIACK BRIDGE,2690,BORUNG HIGHWAY,LYLE STREET,APARX,Classification,Greater than 10 Years,0,0,0,0,0.0
145.09567978874392,-37.95541109977275,56235,56723,59702,NGSTON RD W BD BTWN OLD DANDENONG RD AND PIETRO RD,MIDBLOCK,All Moves,NGSTON RD BTWN OLD DANDENONG RD AND PIETRO RD,5970,HEATHERTON ROAD,KINGSTON ROAD,APARX,Classification,Greater than 10 Years,0,0,0,0,0.0
145.06658449028967,-37.76709862376888,56241,56494,60436,WER HEIDELBERG RD N BD BTW MALTRAVERS RD AND THE EYRIE,MIDBLOCK,All Moves,WER HEIDELBERG RD BTW MALTRAVERS RD AND THE EYRIE,5762,MAIN HEIDELBERG-ELTHAM ROAD,LOWER HEIDELBERG ROAD,APARX,Classification,Greater than 10 Years,0,0,0,0,0.0
143.81042372930287,-37.5258092814008,56255,56497,57959,BALLARAT-MARYBOROUGH RD NWBD BTW CARAVAN ST & NORMAN ST,MIDBLOCK,All Moves,BALLARAT-MARYBOROUGH RD BTW CARAVAN ST & NORMAN ST,5327,BALLARAT-MARYBOROUGH ROAD,LEARMONTH ROAD,APARX,Classification,Between 2 and 5 Years,5,2011,7200,510,0.07
143.26746014649564,-36.621334515529234,56324,56264,61070,MMERA HWY E BD E OF SUNRAYSIA HWY,MIDBLOCK,All Moves,MMERA HWY BTW E OF SUNRAYSIA HWY,2110,WIMMERA HIGHWAY,INGLEWOOD ROAD,APARX,Classification,Greater than 10 Years,0,0,0,0,0.0
145.9495045153102,-38.481019877902,56325,56761,60496,UTH GIPPSLAND HWY N BD MILES LA AND OWEN ST,MIDBLOCK,All Moves,UTH GIPPSLAND HWY MILES LA AND OWEN ST,2580,SOUTH GIPPSLAND HIGHWAY,KOONWARRA ROAD,APARX,Classification,Greater than 10 Years,0,0,0,0,0.0
143.26757006859884,-36.62133216200421,56326,56265,61071,MMERA HWY W BD E OF SUNRAYSIA HWY,MIDBLOCK,All Moves,MMERA HWY BTW E OF SUNRAYSIA HWY,2110,WIMMERA HIGHWAY,INGLEWOOD ROAD,APARX,Classification,Greater than 10 Years,0,0,0,0,0.0
145.23336065240144,-37.811360564729135,56367,56782,51975,ACCESS RD 2WAY NE OF KHASSA PDE,UNDEFINED,Exitfrom Carpark Busin Area,ACCESS RD 2WAY NE OF KHASSA PDE,9999,Missing Data,KHASSA PARADE,APARX,Classification,Greater than 10 Years,23,1993,180,0,0.0
145.87350597227848,-38.67979871386143,56371,56784,56416,INVERLOCH-VENUS BAY RD S BD 600M S OF TARWIN LOWER RD @ 17.6KM FROM INVERLOCH,MIDBLOCK,All Moves,INVERLOCH-VENUS BAY RD 600M S OF TARWIN LOWER RD @ 17.6KM FROM INVERLOCH,5662,INVERLOCH-VENUS BAY ROAD,INVERLOCH-VENUS BAY ROAD,APARX,Classification,Between 2 and 5 Years,4,2012,630,70,0.12
144.95212512085857,-37.80884209367768,56379,56788,56859,KING ST NB BTWN DUDLEY ST & WALSH ST,MIDBLOCK,All Moves,KING ST BTWN DUDLEY ST & WALSH ST,5041,KING STREET,KING STREET,APCLM,Permanent Classification,Greater than 10 Years,24,1992,25000,1300,0.05
145.29241000122076,-37.78788578432152,56391,56794,54784,LINCOLN RD (NORTH) W OF DORSET RD,INTERSECTION,All Moves,DORSET RD/LINCOLN RD NORTH,9999,Missing Data,LINCOLN ROAD,SCATS,Scats,Between 2 and 5 Years,5,2011,4200,0,0.0
145.87623530554194,-38.68200549019024,56402,56502,48514,INVERLOCH-VENUS BAY RD NEBD 100M SW OF TARWIN LOWER RD,MIDBLOCK,All Moves,INVERLOCH-VENUS BAY RD N100M SW OF TARWIN LOWER RD,5662,INVERLOCH-VENUS BAY ROAD,INVERLOCH-VENUS BAY ROAD,APARX,Classification,Greater than 10 Years,11,2005,470,60,0.13
144.94536460530298,-37.814891600686956,56427,56603,50398,LA TROBE ST E OF HARBOUR ESP,INTERSECTION,All Moves,HARBOUR ESP / LA TROBE ST,9999,Missing Data,LA TROBE STREET,SCATS,Scats,Greater than 10 Years,12,2004,6500,0,0.0
145.55665220289026,-36.0990666550709,56431,56511,56549,KATAMATITE-NATHALIA RD W BD BTW LABUAN RD & LARISSA RD,MIDBLOCK,All Moves,KATAMATITE-NATHALIA RD BTW LABUAN RD & LARISSA RD,5401,KATAMATITE-NATHALIA ROAD,KATAMATITE-NATHALIA ROAD,APARX,Classification,Between 2 and 5 Years,3,2013,170,40,0.28
145.06894734576562,-37.76024300725534,56442,56513,51130,LOWER HEIDELBERG RD S of ROSANNA RD,INTERSECTION,All Moves,BURGUNDY ST & ROSANNA RD,5762,MAIN HEIDELBERG-ELTHAM ROAD,LOWER HEIDELBERG ROAD,TMVMT,Manual,Greater than 10 Years,24,1992,19000,350,0.02
144.9814324977824,-37.79865496682645,56451,56010,55441,JOHNSTON ST E BD BTW NAPIER ST & GEORGE ST,MIDBLOCK,Incomplete Through,JOHNSTON ST BTW NAPIER ST & GEORGE ST,5853,JOHNSTON STREET,JOHNSTON STREET,APARX,Classification,Between 5 and 10 Years,10,2006,13000,0,0.0
144.9648675400888,-37.830649574206056,56469,56610,53882,KINGS WAY SEBD NW OF STURT ST,INTERSECTION,All Moves,KINGS WAY & STURT ST,2510,PRINCES HIGHWAY EAST,KINGS WAY,TMVMT,Manual,Greater than 10 Years,23,1993,44000,2300,0.05
147.65275400412617,-37.80946068950615,56475,56014,57336,LANES RD E BD 200M E OF GREAT ALPINE RD,MIDBLOCK,All Moves,LANES RD 200M E OF GREAT ALPINE RD,9999,Missing Data,LANES ROAD,APARX,Classification,Greater than 10 Years,11,2005,180,20,0.11
145.73301929543362,-38.62502401804406,56492,56813,59625,VERLOCH-VENUS BAY RD E BD (SITE 18) EB EXIT JUST EAST OF ROUNDABOUT,MIDBLOCK,All Moves,VERLOCH-VENUS BAY RD (SITE 18) EB EXIT JUST EAST OF ROUNDABOUT,5662,INVERLOCH-VENUS BAY ROAD,INVERLOCH-VENUS BAY ROAD,APARX,Classification,Greater than 10 Years,0,0,0,0,0.0
142.26791333831787,-34.3422356715182,56494,56614,53361,RED CLIFFS-COLIGNAN RD N BD 100M S OF KARADOC RD @ 8.1KM FROM CALDER HIGHWAY,MIDBLOCK,All Moves,RED CLIFFS-COLIGNAN RD 100M S OF KARADOC RD @ 8.1KM FROM CALDER HIGHWAY,5178,RED CLIFFS-COLIGNAN ROAD,KULKYNE WAY,APARX,Classification,Greater than 10 Years,22,1994,470,50,0.12
145.00602051214344,-37.664394865066924,56522,56022,56205,KINGSWAY DR W BD E OF EDGARS RD,MIDBLOCK,All Moves,KINGSWAY DR E OF EDGARS RD,9999,Missing Data,KINGSWAY DRIVE,APARX,Classification,Between 2 and 5 Years,5,2011,5600,230,0.04
145.10505397523377,-37.791706712085805,56538,56821,59445,IKE PATH) KOONUNG TRAIL NW BD 44M NE OF CLIFTON ST,UNDEFINED,Bicycle path,"KOONUNG TRAIL, BALWYN NORTH",9999,Missing Data,KOONUNG CREEK TRAIL BIKE PATH,ACBYC,Bicycle,Less than 2 Years,1,2015,330,0,0.0
145.14405460452363,-37.99081080214497,56540,56025,51330,LOWER DANDENONG RD W of SPRINGVALE RD,INTERSECTION,All Moves,CHELTENHAM RD & LOWER DANDENONG RD & SPRINGVALE RD,2050,STATE (LOWER DANDENONG/CHELTENHAM) HIGHWAY,LOWER DANDENONG ROAD,TMVMT,Manual,Greater than 10 Years,21,1995,27000,0,0.0
142.40119850431867,-36.25324529687843,56552,56027,55087,BORUNG HWY E BD BTW THOMAS ST & HENTY HWY,MIDBLOCK,All Moves,BORUNG HWY BTW THOMAS ST & HENTY HWY,2690,BORUNG HIGHWAY,LYLE STREET,APARX,Classification,Between 5 and 10 Years,7,2009,650,70,0.12
145.1050591694853,-37.791710671995055,56568,56826,59805,IKE PATH) KOONUNG TRAIL NW BD 44M NE OF CLIFTON ST,UNDEFINED,Bicycle path,IKE PATH) KOONUNG TRAIL 44M NE OF CLIFTON ST,9999,Missing Data,KOONUNG CREEK TRAIL BIKE PATH,MOTSV,Manual,Greater than 10 Years,0,0,0,0,0.0
145.20162986345198,-37.978619980813605,56583,56629,59599,NES ROAD N BD BTW RYLANDS RD AND BIRDWOOD AVE,MIDBLOCK,All Moves,NES ROAD BTW RYLANDS RD AND BIRDWOOD AVENUE,9999,Missing Data,JONES ROAD,APARX,Classification,Between 2 and 5 Years,2,2014,5400,0,0.0
145.20169728331595,-37.97828965499048,56594,56539,59598,NES ROAD S BD BTW RYLANDS RD AND BIRDWOOD AVE,MIDBLOCK,All Moves,NES ROAD BTW RYLANDS RD AND BIRDWOOD AVENUE,9999,Missing Data,JONES ROAD,APARX,Classification,Between 2 and 5 Years,2,2014,5200,280,0.05
145.09567002439715,-37.95540990027134,56602,56632,59701,NGSTON RD E BD BTWN OLD DANDENONG RD AND PIETRO RD,MIDBLOCK,All Moves,NGSTON RD BTWN OLD DANDENONG RD AND PIETRO RD,5970,HEATHERTON ROAD,KINGSTON ROAD,APARX,Classification,Greater than 10 Years,0,0,0,0,0.0
146.2534683630173,-38.17903675928984,56642,56547,59748,roject 131) MOE-GLENGARRY ROAD (LLOYDS ST) E BND BWTN WATERLOO RAIL CROSSING AND WIRRRAWAY STREET,MIDBLOCK,All Moves,roject 131) MOE-GLENGARRY ROAD (LLOYD ST) BWTN WATERLOO RAIL CROSSING AND WIRRRAWAY STREET,5539,MOE-GLENGARRY ROAD,LLOYD STREET,APARX,Classification,Less than 2 Years,1,2015,4400,210,0.05
145.1050591694853,-37.791710671995055,56647,56839,59806,IKE PATH) KOONUNG TRAIL SE BD 44M NE OF CLIFTON ST,UNDEFINED,Bicycle path,IKE PATH) KOONUNG TRAIL 44M NE OF CLIFTON ST,9999,Missing Data,KOONUNG CREEK TRAIL BIKE PATH,MOTSV,Manual,Greater than 10 Years,0,0,0,0,0.0
146.253269636682,-38.17909928582237,56709,56558,59749,roject 131) MOE-GLENGARRY ROAD (LLOYDS ST) W BND BWTN WATERLOO RAIL CROSSING AND WIRRRAWAY STREET,MIDBLOCK,All Moves,roject 131) MOE-GLENGARRY ROAD (LLOYD ST) BWTN WATERLOO RAIL CROSSING AND WIRRRAWAY STREET,5539,MOE-GLENGARRY ROAD,LLOYD STREET,APARX,Classification,Less than 2 Years,1,2015,4100,220,0.05
145.06657182877663,-37.76713045489107,56757,56566,60437,WER HEIDELBERG RD S BD BTW MALTRAVERS RD AND THE EYRIE,MIDBLOCK,All Moves,WER HEIDELBERG RD BTW MALTRAVERS RD AND THE EYRIE,5762,MAIN HEIDELBERG-ELTHAM ROAD,LOWER HEIDELBERG ROAD,APARX,Classification,Greater than 10 Years,0,0,0,0,0.0
145.07346435672983,-37.73805477996552,56780,56065,60944,WER PLENTY RD NE BDBTWN ROSANNA RD AND WAIORA RD (W OF ROSANNA RD),MIDBLOCK,All Moves,WER PLENTY RD BTWN ROSANNA RD AND WAIORA RD (W OF ROSANNA RD),5743,LOWER PLENTY ROAD,LOWER PLENTY ROAD,MOTSV,Manual,Greater than 10 Years,0,0,0,0,0.0
145.07322982095636,-37.7381897989999,56829,56073,60945,WER PLENTY RD SW BD BTWN ROSANNA RD AND WAIORA RD (W OF ROSANNA RD),MIDBLOCK,All Moves,WER PLENTY RD BTWN ROSANNA RD AND WAIORA RD (W OF ROSANNA RD),5743,LOWER PLENTY ROAD,LOWER PLENTY ROAD,MOTSV,Manual,Greater than 10 Years,0,0,0,0,0.0
145.44573904667902,-36.287907962557696,56853,56873,54403,KATAMATITE-SHEPPARTON RD W BD 1.8 KM NORTH/EAST OF CONGUPNA TOWNSHIP,MIDBLOCK,All Moves,KATAMATITE-SHEPPARTON RD 1.8 KM NORTH/EAST OF CONGUPNA TOWNSHIP,5419,KATAMATITE-SHEPPARTON ROAD,KATAMATITE-SHEPPARTON MAIN ROAD,APARX,Classification,Greater than 10 Years,24,1992,930,280,0.31
145.06557991405273,-37.76846995559768,56864,56177,60938,WER HEIDELBERG RD N BD BTW MALTRAVERS RD AND THE EYRIE,MIDBLOCK,All Moves,WER HEIDELBERG RD BTW MALTRAVERS RD AND THE EYRIE,5762,MAIN HEIDELBERG-ELTHAM ROAD,LOWER HEIDELBERG ROAD,MOTSV,Manual,Greater than 10 Years,0,0,0,0,0.0
145.06558549212096,-37.768462645263824,56888,56181,60939,WER HEIDELBERG RD S BD BTW MALTRAVERS RD AND THE EYRIE,MIDBLOCK,All Moves,WER HEIDELBERG RD BTW MALTRAVERS RD AND THE EYRIE,5762,MAIN HEIDELBERG-ELTHAM ROAD,LOWER HEIDELBERG ROAD,MOTSV,Manual,Greater than 10 Years,0,0,0,0,0.0
145.21869728847412,-37.99650635599417,56926,56885,49734,LONSDALE_ST NW of FRANKSTON-DANDENONG_RD,INTERSECTION,Right Missing,DANDENONG-FRANKSTON RD/LONSDALE ST,2510,PRINCES HIGHWAY EAST,LONSDALE STREET,SCATS,Scats,Greater than 10 Years,13,2003,22000,0,0.0
146.7895911296678,-38.15260017021812,56940,56388,60356,SEDALE-LONGFORD RD S BD 60M AFTER ROUNDABOUT (COUNT 11),MIDBLOCK,All Moves,SEDALE-LONGFORD RD BTW ALBERT ST AND PRINCES HWY EAST (COUNT 11 AND 12),5590,ROSEDALE-LONGFORD ROAD,LYONS STREET,APARX,Classification,Greater than 10 Years,0,0,0,0,0.0
142.4666216807939,-36.61773001812786,56942,56092,60903,MMERA HWY N BD BTW DONALD MURTOA RD AND MARMA ST (WIMMERA HWY),MIDBLOCK,All Moves,MMERA HWY BTW DONALD MURTOA RD AND MARMA ST (WIMMERA HWY),2110,WIMMERA HIGHWAY,LAKE STREET,APARX,Classification,Greater than 10 Years,0,0,0,0,0.0
145.09835531111273,-37.95573972419065,56952,56599,55493,KINGSTON RD W OF OLD DANDENONG RD,INTERSECTION,All Moves,KINGSTON RD/OLD DANDENONG RD,5970,HEATHERTON ROAD,KINGSTON ROAD,SCATS,Scats,Less than 2 Years,0,2016,0,0,0.0
145.0227155111363,-37.84391269743156,56959,56891,54994,KOOYONG RD S OF TOORAK RD,INTERSECTION,All Moves,TOORAK RD/KOOYONG RD,9999,Missing Data,KOOYONG ROAD,SCATS,Scats,Less than 2 Years,1,2015,0,0,0.0
142.46661773325363,-36.617979976561536,56971,56097,60904,"MMERA HWY S BD BTW DONALD MURTOA RD AND MARMA ST (WIMMERA HWY)
",MIDBLOCK,All Moves,MMERA HWY BTW DONALD MURTOA RD AND MARMA ST (WIMMERA HWY),2110,WIMMERA HIGHWAY,LAKE STREET,APARX,Classification,Greater than 10 Years,0,0,0,0,0.0
146.7894999857036,-38.15299999937584,56975,56394,60357,SEDALE-LONGFORD RD N BD 60M PRIOR TO ROUNDABOUT HOLD LINE (COUNT 12),MIDBLOCK,All Moves,SEDALE-LONGFORD RD BTW ALBERT ST AND PRINCES HWY EAST (COUNT 11 AND 12),5590,ROSEDALE-LONGFORD ROAD,LYONS STREET,APARX,Classification,Greater than 10 Years,0,0,0,0,0.0
