SCATS Number,Location,CD_MELWAY,NB_LATITUDE,NB_LONGITUDE,HF VicRoads Internal,VR Internal Stat,VR Internal Loc,NB_TYPE_SURVEY,Date,V00,V01,V02,V03,V04,V05,V06,V07,V08,V09,V10,V11,V12,V13,V14,V15,V16,V17,V18,V19,V20,V21,V22,V23,V24,V25,V26,V27,V28,V29,V30,V31,V32,V33,V34,V35,V36,V37,V38,V39,V40,V41,V42,V43,V44,V45,V46,V47,V48,V49,V50,V51,V52,V53,V54,V55,V56,V57,V58,V59,V60,V61,V62,V63,V64,V65,V66,V67,V68,V69,V70,V71,V72,V73,V74,V75,V76,V77,V78,V79,V80,V81,V82,V83,V84,V85,V86,V87,V88,V89,V90,V91,V92,V93,V94,V95,Daily_Total
970,HIGH STREET_RD E of WARRIGAL_RD,060 G10,-37.86735,145.09195,16116,182,3,1,10/1/2006,37,30,26,29,14,20,14,10,10,8,10,7,5,14,6,10,10,6,8,7,8,4,13,14,14,16,36,22,27,21,38,53,37,46,74,69,67,73,133,117,121,129,142,112,129,164,130,139,163,141,152,149,134,155,118,124,132,108,143,122,127,126,114,121,134,140,116,146,124,157,136,153,133,138,109,96,100,62,74,72,73,44,55,43,68,48,47,30,31,35,30,31,12,14,13,13,6835
970,HIGH STREET_RD E of WARRIGAL_RD,060 G10,-37.86735,145.09195,16116,182,3,1,10/8/2006,40,36,22,16,25,28,20,14,7,15,10,6,10,12,4,6,3,6,2,8,10,12,9,18,21,26,31,39,29,33,37,59,46,70,75,85,95,98,133,126,121,131,120,128,135,126,125,143,125,153,143,133,159,139,145,122,138,109,120,138,114,127,126,114,124,123,132,131,125,170,157,136,163,125,119,127,100,87,55,71,58,71,49,58,67,54,53,45,27,25,30,20,23,21,20,5,7047
970,HIGH STREET_RD E of WARRIGAL_RD,060 G10,-37.86735,145.09195,16116,182,3,1,10/15/2006,29,29,29,28,18,19,21,10,16,16,14,13,9,12,5,5,8,9,15,10,18,7,10,11,14,31,44,33,22,30,33,61,49,45,77,97,82,105,135,109,138,117,144,124,140,145,129,134,136,147,166,149,162,144,123,107,140,121,160,115,152,120,152,119,126,143,143,158,145,134,141,154,132,136,118,100,76,82,86,0,65,76,54,63,64,60,56,42,35,25,28,27,22,12,14,14,7143
970,HIGH STREET_RD E of WARRIGAL_RD,060 G10,-37.86735,145.09195,16116,182,3,1,10/22/2006,40,34,34,16,24,26,13,13,11,10,5,11,9,11,12,4,13,10,3,7,14,6,7,12,16,28,28,33,21,31,30,46,43,47,57,93,86,77,119,143,119,122,110,119,128,140,136,122,144,142,149,156,153,143,153,150,147,108,140,134,114,133,118,135,124,146,147,140,165,155,145,155,133,137,118,97,88,87,73,64,67,45,43,73,57,52,34,38,30,26,35,19,21,16,10,7,7005
970,HIGH STREET_RD E of WARRIGAL_RD,060 G10,-37.86735,145.09195,16116,182,3,1,10/29/2006,37,32,28,14,16,7,17,0,0,0,0,11,10,12,14,13,7,13,4,6,10,7,13,10,18,19,23,33,22,22,33,46,39,42,66,73,67,88,91,110,91,110,113,113,125,112,116,148,135,156,151,151,155,132,120,114,130,133,108,162,127,155,134,124,134,128,160,167,132,184,147,143,125,113,106,110,82,94,69,72,78,71,66,60,66,43,53,49,41,35,29,25,19,13,19,12,6833
970,HIGH STREET_RD W of WARRIGAL_RD,060 G10,-37.86723,145.09103,5887,182,7,1,10/8/2006,67,53,44,36,34,33,30,22,26,18,21,18,13,12,15,6,14,13,11,5,8,7,8,9,9,9,12,20,21,21,53,40,48,44,49,59,65,64,136,142,163,146,150,159,191,180,189,211,191,192,173,163,178,158,202,163,172,162,155,180,147,153,179,132,122,109,118,117,98,115,107,102,90,86,86,72,61,56,35,49,79,61,82,52,45,67,33,19,35,18,24,33,24,18,8,17,7442
2200,UNION_RD N of MAROONDAH_HWY,046 H08,-37.81631,145.09812,10074,198,1,1,10/1/2006,25,17,16,21,18,10,12,14,10,6,5,7,5,3,6,6,10,4,5,4,2,2,12,2,5,18,17,13,11,19,24,24,31,37,40,76,71,71,83,91,87,109,116,89,90,85,102,97,113,100,102,103,90,100,99,84,91,100,94,74,88,93,82,104,104,89,92,88,96,80,83,91,82,89,85,79,71,45,40,44,36,21,30,39,31,50,30,30,34,28,28,14,14,15,12,5,4820
2200,UNION_RD N of MAROONDAH_HWY,046 H08,-37.81631,145.09812,10074,198,1,1,10/2/2006,4,2,4,6,5,2,0,3,4,0,0,4,4,1,3,5,1,6,3,7,8,7,15,12,22,56,74,72,129,185,195,227,245,239,223,226,164,133,129,125,108,102,116,90,96,82,83,103,99,92,98,85,77,88,110,95,76,102,102,101,105,128,115,110,130,126,101,118,107,106,115,118,116,101,92,78,72,79,71,50,49,43,42,39,28,25,25,24,32,25,21,22,17,7,8,7,6907
2200,UNION_RD N of MAROONDAH_HWY,046 H08,-37.81631,145.09812,10074,198,1,1,10/3/2006,7,7,4,2,7,0,2,2,2,2,0,2,2,1,5,2,0,5,1,5,10,12,11,21,28,59,77,81,133,184,261,236,233,251,233,229,188,159,130,115,106,66,112,93,85,86,98,93,96,90,93,85,92,105,92,83,85,114,102,110,119,131,136,134,135,135,100,119,114,127,105,139,124,105,103,89,92,82,57,64,58,50,47,36,47,39,43,31,40,33,32,46,11,11,11,7,7347
2200,UNION_RD N of MAROONDAH_HWY,046 H08,-37.81631,145.09812,10074,198,1,1,10/4/2006,3,3,2,4,5,2,0,1,1,2,0,1,3,3,0,6,3,4,2,5,7,7,16,15,27,58,78,107,117,189,233,223,245,263,261,215,158,119,129,128,111,107,107,104,91,107,83,88,100,68,105,109,91,84,89,92,116,103,101,101,126,132,127,127,101,137,101,96,103,121,128,121,145,109,109,79,103,93,58,39,57,51,52,40,26,36,42,41,40,26,34,24,25,15,8,8,7282
2200,UNION_RD N of MAROONDAH_HWY,046 H08,-37.81631,145.09812,10074,198,1,1,10/7/2006,17,16,10,14,7,14,8,3,4,6,3,3,1,3,5,3,4,5,7,2,7,6,8,5,13,18,36,42,28,42,48,70,69,89,105,163,105,130,133,134,140,139,148,131,146,157,153,143,140,139,118,135,133,111,151,101,115,114,110,104,102,124,111,95,116,105,81,104,95,93,95,105,108,105,94,89,85,89,76,61,71,52,51,40,59,45,40,31,32,35,28,43,33,37,30,18,6592
2200,UNION_RD N of MAROONDAH_HWY,046 H08,-37.81631,145.09812,10074,198,1,1,10/8/2006,39,20,18,18,13,13,10,9,7,5,7,5,4,5,4,4,1,5,5,6,1,5,4,6,11,10,22,22,13,23,20,22,31,38,36,71,70,75,88,91,89,119,119,102,92,115,93,112,109,117,119,116,100,101,111,95,100,96,105,95,84,101,106,95,80,93,90,96,110,81,95,91,90,80,75,71,68,58,47,45,47,42,26,42,37,40,23,31,33,20,25,17,13,13,6,11,5044
2200,UNION_RD N of MAROONDAH_HWY,046 H08,-37.81631,145.09812,10074,198,1,1,10/9/2006,2,6,6,1,3,3,1,5,2,1,1,1,1,4,1,2,3,1,2,7,7,10,8,24,30,48,73,90,95,213,212,235,225,278,235,258,194,137,131,128,106,111,88,94,98,98,84,90,91,90,79,101,94,106,75,98,87,90,92,99,113,122,120,122,122,112,108,104,120,110,108,115,132,105,113,92,71,79,46,47,50,42,32,48,35,32,33,42,26,22,19,29,13,9,9,9,7066
2200,UNION_RD N of MAROONDAH_HWY,046 H08,-37.81631,145.09812,10074,198,1,1,10/10/2006,5,2,3,2,4,1,1,1,3,1,1,2,1,1,2,2,5,6,5,6,13,7,15,18,31,56,75,78,128,195,231,226,250,271,222,226,179,163,141,111,100,88,102,99,89,104,105,109,79,87,85,101,82,95,79,89,104,87,104,124,115,115,123,123,122,122,119,125,138,123,114,123,127,96,129,79,95,91,80,61,62,41,40,51,48,41,27,36,45,36,39,21,21,15,20,19,7384
2200,UNION_RD N of MAROONDAH_HWY,046 H08,-37.81631,145.09812,10074,198,1,1,10/14/2006,29,17,29,18,14,5,9,9,7,5,6,1,2,5,6,2,2,4,7,5,4,7,6,10,12,16,37,35,23,36,45,84,83,78,97,138,116,125,134,137,156,137,135,143,144,142,149,144,164,151,146,127,134,122,126,127,120,127,111,113,104,116,88,111,115,108,132,104,99,102,82,109,121,89,116,108,95,89,65,63,48,43,48,47,39,28,31,32,37,25,31,28,43,42,22,35,6718
2200,UNION_RD N of MAROONDAH_HWY,046 H08,-37.81631,145.09812,10074,198,1,1,10/15/2006,21,30,26,13,14,11,13,7,6,10,8,4,6,4,6,7,10,9,2,3,2,4,9,8,11,18,17,21,11,18,32,35,28,42,55,58,73,96,105,103,92,105,131,116,105,95,100,121,110,115,93,120,92,94,88,100,93,107,96,124,93,95,105,90,87,97,75,92,79,96,93,68,76,74,67,65,67,62,46,44,47,37,36,28,42,42,41,26,25,20,22,16,15,10,17,7,5055
2200,UNION_RD N of MAROONDAH_HWY,046 H08,-37.81631,145.09812,10074,198,1,1,10/16/2006,4,4,3,3,7,1,1,0,0,1,1,2,1,4,2,1,5,3,3,7,7,12,17,20,30,44,71,89,133,171,237,229,235,250,226,230,195,142,130,128,116,105,101,99,95,92,91,105,95,95,98,111,91,76,95,97,89,76,93,89,132,113,128,136,122,125,121,130,116,120,106,131,130,110,84,92,94,71,60,59,49,43,29,46,37,30,39,40,32,24,25,22,13,9,15,8,7199
2200,UNION_RD N of MAROONDAH_HWY,046 H08,-37.81631,145.09812,10074,198,1,1,10/17/2006,6,5,3,4,6,3,4,0,3,2,0,1,0,1,4,3,3,1,3,6,13,8,15,22,22,59,75,92,141,192,224,248,241,257,227,246,173,162,122,102,111,100,115,89,117,92,97,93,115,93,84,93,93,84,85,103,105,87,97,107,126,133,138,135,141,121,112,134,112,134,105,120,121,102,96,118,95,80,60,77,52,59,43,36,45,42,52,41,34,37,28,29,21,19,18,6,7481
2200,UNION_RD N of MAROONDAH_HWY,046 H08,-37.81631,145.09812,10074,198,1,1,10/21/2006,20,13,10,13,10,11,6,6,6,8,10,2,4,2,6,1,4,4,5,6,9,6,7,11,14,15,32,27,27,46,54,71,74,92,104,157,97,108,114,126,137,148,147,134,170,164,164,144,169,151,148,122,137,131,121,119,123,135,112,99,124,109,100,120,118,97,95,90,90,113,87,110,115,107,96,113,86,82,69,64,49,56,28,40,31,36,33,32,32,45,33,36,25,37,40,23,6674
2200,UNION_RD N of MAROONDAH_HWY,046 H08,-37.81631,145.09812,10074,198,1,1,10/22/2006,29,33,18,16,18,7,5,7,8,10,4,10,10,5,5,5,2,5,4,5,4,7,5,5,10,14,19,10,14,24,24,26,30,48,57,55,78,88,93,85,93,114,119,87,99,112,113,108,120,113,100,106,100,106,108,100,94,108,103,82,107,113,115,92,99,94,120,96,120,99,78,100,95,70,61,70,69,65,54,48,43,34,44,42,44,34,28,29,27,24,25,23,18,14,11,9,5201
2200,UNION_RD N of MAROONDAH_HWY,046 H08,-37.81631,145.09812,10074,198,1,1,10/23/2006,5,4,7,1,3,2,3,1,2,3,4,1,3,4,2,3,2,4,5,7,10,7,20,23,34,51,66,79,135,180,215,203,237,268,229,242,190,145,102,116,106,111,111,113,92,93,89,98,85,109,98,107,90,90,92,84,78,100,108,103,135,105,117,137,124,125,110,119,123,113,115,111,121,101,108,84,98,88,61,66,58,37,34,50,38,46,34,33,32,30,26,14,20,12,3,6,7209
2200,UNION_RD N of MAROONDAH_HWY,046 H08,-37.81631,145.09812,10074,198,1,1,10/24/2006,4,7,2,5,1,2,1,2,3,1,0,1,1,1,1,1,2,5,3,6,11,11,18,18,31,43,91,90,147,198,233,223,261,265,218,226,181,167,142,140,111,111,86,75,98,85,85,94,93,105,96,116,85,98,72,104,92,71,90,111,129,107,134,132,129,56,104,102,108,118,117,111,124,99,94,103,89,96,69,62,65,44,41,42,39,44,36,38,27,35,25,21,20,9,15,6,7231
2200,UNION_RD N of MAROONDAH_HWY,046 H08,-37.81631,145.09812,10074,198,1,1,10/28/2006,20,22,11,11,13,9,11,4,6,7,4,4,7,6,1,3,1,1,5,6,6,4,10,16,9,11,26,21,31,34,47,78,84,82,103,133,105,104,136,140,133,137,150,137,137,143,185,155,137,144,129,153,134,130,152,142,119,135,109,94,127,96,97,107,95,102,114,113,104,117,108,98,100,97,94,101,91,107,53,62,57,50,48,43,37,45,34,39,35,35,38,41,33,30,26,25,6686
2200,UNION_RD N of MAROONDAH_HWY,046 H08,-37.81631,145.09812,10074,198,1,1,10/29/2006,30,11,20,14,14,16,17,0,0,0,0,4,6,17,8,8,7,8,4,3,5,4,5,7,6,7,18,19,9,15,23,24,26,21,59,57,62,73,71,92,77,107,99,120,110,84,102,116,120,117,99,112,101,81,104,107,114,125,101,99,75,115,93,88,79,95,87,87,114,86,80,98,96,86,77,80,52,71,46,65,52,47,51,44,50,56,37,27,34,27,26,24,20,15,8,21,5094
2200,UNION_RD N of MAROONDAH_HWY,046 H08,-37.81631,145.09812,10074,198,1,1,10/30/2006,8,3,7,4,1,3,2,2,2,1,3,4,1,1,5,3,4,2,7,9,9,4,12,18,27,43,71,69,109,189,202,220,221,237,261,227,214,141,137,107,99,105,104,86,104,102,101,104,106,96,92,99,114,99,112,100,99,102,105,107,106,125,127,121,124,136,127,124,115,124,128,117,117,110,104,106,93,77,68,66,70,47,38,50,46,38,32,32,19,30,13,25,18,17,15,8,7339
2200,MAROONDAH_HWY E of UNION_RD,046 H08,-37.81655,145.09831,12428,198,3,1,10/1/2006,38,49,32,24,20,19,20,15,14,7,9,8,13,10,11,7,7,8,5,9,6,10,7,10,17,17,23,21,24,27,29,31,40,37,48,57,67,60,77,89,87,100,111,97,105,103,116,117,118,124,132,122,127,151,152,148,145,152,142,138,135,146,136,156,141,148,133,149,161,134,129,129,110,102,102,106,70,62,57,64,52,52,62,60,61,55,50,46,38,30,21,28,30,28,17,17,6526
2200,MAROONDAH_HWY E of UNION_RD,046 H08,-37.81655,145.09831,12428,198,3,1,10/8/2006,46,38,35,30,38,31,19,10,14,17,13,10,8,17,15,5,7,4,6,7,11,10,16,9,15,19,19,24,26,30,32,30,41,36,54,67,55,71,77,93,94,96,70,115,100,127,116,128,113,135,154,138,167,135,131,161,163,142,130,163,150,156,150,162,156,163,149,136,154,132,136,115,124,135,87,103,92,77,62,56,75,68,50,42,59,66,61,39,41,35,29,31,18,19,15,13,6839
2200,MAROONDAH_HWY E of UNION_RD,046 H08,-37.81655,145.09831,12428,198,3,1,10/15/2006,44,36,18,28,23,20,20,14,16,11,11,18,13,11,11,14,18,8,12,16,13,16,11,12,16,7,21,29,18,24,41,31,33,30,46,61,58,72,79,93,94,94,91,91,118,116,121,136,119,141,133,185,166,164,147,141,158,127,136,126,141,143,127,134,156,141,153,151,174,158,152,136,129,103,86,97,65,45,73,49,61,64,57,44,58,44,57,39,44,30,22,27,20,14,21,14,6706
2200,MAROONDAH_HWY E of UNION_RD,046 H08,-37.81655,145.09831,12428,198,3,1,10/22/2006,53,37,31,31,29,17,23,18,19,11,16,12,11,5,13,3,12,4,12,8,9,23,12,10,17,13,14,17,28,31,41,32,37,38,46,68,63,71,64,104,96,114,91,114,98,126,130,145,129,128,130,147,148,155,140,146,123,132,144,154,150,146,154,168,155,141,139,150,157,167,117,127,127,121,97,83,72,82,68,62,58,78,46,69,62,50,47,48,49,30,34,28,27,24,14,14,6854
2200,MAROONDAH_HWY E of UNION_RD,046 H08,-37.81655,145.09831,12428,198,3,1,10/29/2006,44,47,33,31,25,25,17,0,0,0,0,14,18,15,11,20,8,13,9,7,15,11,9,11,12,11,24,12,25,19,30,26,34,31,45,54,71,63,76,95,78,67,74,70,113,98,109,132,116,121,113,139,139,126,158,142,171,133,122,144,162,162,150,166,170,150,154,146,147,163,162,146,135,129,126,96,86,90,98,80,55,67,71,55,58,53,43,59,40,34,41,33,27,24,19,26,6799
2200,UNION_RD S of MAROONDAH_HWY,046 H08,-37.81682,145.09802,20314,198,5,1,10/1/2006,36,30,31,19,27,21,16,13,9,12,5,11,6,4,6,3,8,4,4,3,2,4,6,3,7,7,4,4,13,10,20,22,23,18,29,37,43,49,64,72,59,75,68,68,89,79,97,104,100,106,111,98,93,94,110,106,86,98,82,100,109,93,95,104,98,114,117,117,114,117,120,104,110,100,103,69,78,64,42,50,49,51,49,34,59,42,31,27,33,30,17,20,17,12,15,9,4941
2200,UNION_RD S of MAROONDAH_HWY,046 H08,-37.81682,145.09802,20314,198,5,1,10/2/2006,7,5,4,3,2,4,4,0,2,2,2,2,3,0,3,0,0,3,1,6,4,7,7,12,22,25,21,56,59,70,93,84,150,133,123,114,124,82,106,80,81,90,108,104,94,99,97,97,98,107,103,97,87,91,110,96,109,119,122,128,125,160,151,165,166,163,187,163,197,218,219,245,201,214,135,110,97,111,125,79,55,53,49,49,47,36,44,33,35,33,33,20,15,16,13,6,7230
2200,UNION_RD S of MAROONDAH_HWY,046 H08,-37.81682,145.09802,20314,198,5,1,10/7/2006,31,19,17,18,17,11,14,12,10,7,5,6,7,6,2,4,4,3,1,1,2,0,7,8,10,11,16,14,13,17,56,27,48,62,79,92,69,91,93,107,107,118,140,141,133,117,152,123,166,129,144,136,126,143,122,108,138,144,115,125,127,119,119,115,122,124,137,118,114,139,113,128,117,122,114,113,115,110,71,88,52,48,49,48,46,42,48,43,50,41,45,44,31,57,51,47,6711
2200,UNION_RD S of MAROONDAH_HWY,046 H08,-37.81682,145.09802,20314,198,5,1,10/8/2006,29,38,17,28,21,17,19,11,8,11,5,8,13,4,3,6,5,7,4,6,3,4,9,5,6,14,6,9,9,12,14,19,29,24,49,48,47,47,58,60,61,71,82,62,79,93,103,99,106,122,115,121,118,98,122,105,106,98,88,122,105,108,89,119,130,127,123,116,127,123,112,126,106,99,85,96,67,82,56,44,48,40,35,29,41,36,39,33,28,20,13,17,19,12,10,7,5170
2200,UNION_RD S of MAROONDAH_HWY,046 H08,-37.81682,145.09802,20314,198,5,1,10/9/2006,4,11,6,10,4,3,4,3,1,1,3,1,0,1,1,1,3,1,3,7,3,4,11,14,22,25,34,59,53,79,81,132,135,123,144,125,107,102,101,86,93,87,94,97,103,85,104,101,103,121,97,113,107,93,101,93,100,127,110,107,139,154,148,161,189,184,168,198,207,219,231,254,209,203,181,129,141,83,85,91,68,44,57,43,44,47,31,39,38,33,34,29,19,13,17,9,7483
2200,UNION_RD S of MAROONDAH_HWY,046 H08,-37.81682,145.09802,20314,198,5,1,10/14/2006,25,32,22,12,11,15,9,4,9,10,9,6,7,9,3,5,2,2,1,2,2,4,10,7,12,10,12,19,25,28,39,42,59,68,68,92,77,94,98,106,104,120,120,116,152,143,127,145,143,142,138,128,122,129,148,128,130,127,141,105,98,131,136,135,109,131,127,113,119,141,110,129,143,132,141,103,99,99,74,52,62,47,48,43,48,39,42,43,45,35,38,44,48,50,30,39,6698
2200,UNION_RD S of MAROONDAH_HWY,046 H08,-37.81682,145.09802,20314,198,5,1,10/15/2006,32,39,25,26,20,14,12,16,12,14,11,9,7,9,8,6,0,7,5,5,5,3,7,9,5,7,3,10,13,11,12,13,18,20,35,56,47,47,58,56,61,84,66,82,100,84,109,99,106,115,118,109,130,97,120,107,115,97,86,119,108,105,113,113,109,117,118,132,90,124,121,120,111,92,101,71,67,76,62,73,45,47,39,56,42,50,31,23,27,26,23,20,11,19,14,9,5221
2200,UNION_RD S of MAROONDAH_HWY,046 H08,-37.81682,145.09802,20314,198,5,1,10/21/2006,32,27,22,10,10,10,11,14,7,6,6,7,4,3,2,6,2,2,3,3,6,9,8,9,12,11,13,20,22,24,50,34,65,66,73,73,69,96,94,121,114,107,138,118,114,143,124,141,155,159,136,141,126,138,144,140,100,114,114,147,99,115,130,111,145,133,106,118,125,111,139,157,116,108,127,98,94,102,77,62,72,49,45,49,57,33,39,44,41,49,56,29,40,45,57,49,6702
2200,UNION_RD S of MAROONDAH_HWY,046 H08,-37.81682,145.09802,20314,198,5,1,10/22/2006,34,39,25,33,18,17,13,6,6,11,7,7,6,3,3,5,6,5,3,3,7,5,1,4,4,5,9,8,12,14,14,23,30,24,46,44,51,42,63,61,81,63,80,82,70,92,103,86,111,115,124,111,113,121,106,85,105,101,90,102,112,86,100,89,107,124,124,118,127,131,124,94,75,103,120,60,78,67,59,58,50,58,50,57,45,51,25,32,23,25,18,19,21,14,17,12,5131
2200,UNION_RD S of MAROONDAH_HWY,046 H08,-37.81682,145.09802,20314,198,5,1,10/23/2006,13,6,6,6,3,1,3,1,1,4,1,0,2,4,1,2,1,3,6,2,7,6,13,12,29,19,37,44,61,73,78,98,97,144,131,143,105,101,86,90,80,96,91,87,93,97,113,118,100,114,101,101,110,96,102,104,101,109,115,124,132,174,149,158,179,179,168,174,228,260,205,255,212,221,170,136,113,114,80,78,62,59,43,49,44,44,58,43,30,35,29,25,21,26,10,13,7468
2200,UNION_RD S of MAROONDAH_HWY,046 H08,-37.81682,145.09802,20314,198,5,1,10/28/2006,33,27,17,23,16,11,12,9,7,4,3,5,8,3,6,3,2,3,1,2,5,5,5,7,15,9,16,22,22,24,30,41,49,54,50,68,63,67,72,94,100,119,82,118,86,116,108,152,137,141,146,132,134,110,137,128,112,102,121,94,102,115,120,104,138,110,138,111,107,134,134,133,111,96,117,109,102,104,87,72,37,51,50,46,39,46,51,30,32,40,40,46,52,56,45,40,6233
2200,UNION_RD S of MAROONDAH_HWY,046 H08,-37.81682,145.09802,20314,198,5,1,10/29/2006,51,35,26,19,18,15,18,0,0,0,0,12,9,11,11,7,5,5,6,5,6,5,4,6,6,3,5,13,6,6,14,15,18,15,34,43,33,49,48,60,62,71,72,75,72,73,78,80,85,123,110,111,96,70,92,85,84,95,101,100,106,97,115,85,132,103,138,116,123,146,132,95,106,77,87,80,70,63,63,50,61,46,63,44,49,48,43,40,39,31,27,27,24,20,10,8,4941
2200,MAROONDAH_HWY W of UNION_RD,046 H08,-37.8164799,145.0977388,6819,198,7,1,10/1/2006,47,33,36,32,22,25,27,25,12,15,11,14,12,12,14,14,5,6,8,4,8,13,3,12,3,12,20,17,27,18,28,27,34,31,34,53,91,72,101,77,111,119,112,126,121,120,150,177,136,140,145,128,138,126,151,128,140,136,126,129,143,130,143,126,135,105,135,139,146,134,118,94,108,126,121,115,138,82,56,82,64,45,56,78,79,53,64,41,48,37,46,42,29,24,19,20,6835
2200,MAROONDAH_HWY W of UNION_RD,046 H08,-37.8164799,145.0977388,6819,198,7,1,10/8/2006,47,45,36,41,42,25,31,23,27,24,25,19,21,15,11,12,7,11,10,4,6,5,11,5,11,14,19,18,21,22,31,21,29,44,47,64,79,86,98,95,114,131,112,139,120,132,139,128,157,157,147,136,142,154,155,155,145,125,130,143,147,147,126,136,121,127,153,115,105,131,133,112,134,106,110,110,109,82,92,80,63,70,48,58,56,65,68,52,39,53,37,26,26,15,20,13,7048
2200,MAROONDAH_HWY W of UNION_RD,046 H08,-37.8164799,145.0977388,6819,198,7,1,10/15/2006,57,52,50,41,33,24,28,26,23,24,10,14,13,8,11,13,12,9,10,5,10,11,8,9,11,10,24,14,22,23,35,36,31,41,54,63,97,75,102,88,115,127,119,143,163,134,139,184,156,139,146,132,127,134,127,157,117,138,139,133,128,160,144,137,132,161,158,135,124,123,121,120,131,105,104,102,109,97,72,85,68,72,62,61,65,54,51,61,39,63,36,38,26,21,23,21,7205
2200,MAROONDAH_HWY W of UNION_RD,046 H08,-37.8164799,145.0977388,6819,198,7,1,10/22/2006,47,48,62,46,33,28,23,26,26,18,24,14,11,13,11,6,9,3,7,4,7,6,6,5,5,11,13,11,16,25,26,28,36,41,66,73,71,103,95,121,114,105,126,153,145,133,148,161,137,138,159,170,147,160,154,128,133,163,169,144,129,141,110,122,139,111,121,109,124,116,125,118,111,117,100,103,85,101,81,77,57,56,50,78,72,72,52,57,52,40,40,26,30,19,18,22,7092
2200,MAROONDAH_HWY W of UNION_RD,046 H08,-37.8164799,145.0977388,6819,198,7,1,10/29/2006,51,32,45,36,29,33,18,0,0,0,0,16,14,12,21,24,11,14,12,9,14,7,8,12,13,10,8,13,25,11,24,22,27,31,47,56,68,70,58,88,79,95,118,125,121,121,122,152,158,153,165,128,150,148,140,153,151,137,126,135,141,114,146,96,137,154,149,145,132,129,129,117,118,131,109,95,100,96,94,87,72,73,79,77,66,64,60,59,48,61,37,36,30,30,19,25,6921
2820,EARL_ST SE of PRINCESS_ST,045 C02,-37.79477,145.03077,14985,834,4,1,10/1/2006,30,34,24,22,23,17,15,17,20,8,8,12,9,9,8,8,9,4,9,4,13,9,7,12,11,20,27,19,29,28,36,39,38,38,49,73,68,80,110,111,95,109,110,116,90,117,115,112,112,112,128,134,114,117,101,134,110,106,106,101,114,92,113,106,110,107,116,107,106,101,100,109,92,90,85,73,60,64,57,41,65,46,53,50,68,84,57,36,29,26,33,22,14,15,11,12,5810
2820,EARL_ST SE of PRINCESS_ST,045 C02,-37.79477,145.03077,14985,834,4,1,10/2/2006,6,5,9,4,10,2,6,3,3,3,1,3,3,4,4,2,6,5,9,9,18,11,21,33,38,60,61,87,111,152,181,148,156,147,130,123,132,125,114,111,123,110,101,90,89,73,105,95,106,123,87,100,99,104,99,96,112,98,86,93,97,125,207,144,174,144,120,137,156,144,151,163,121,134,120,106,83,101,64,73,74,45,41,46,46,34,50,62,41,31,24,20,18,28,6,5,7180
2820,EARL_ST SE of PRINCESS_ST,045 C02,-37.79477,145.03077,14985,834,4,1,10/7/2006,28,14,13,21,17,13,18,16,15,16,6,6,12,15,8,6,7,5,6,9,10,9,13,19,16,27,38,43,38,64,58,72,81,100,116,107,122,161,126,125,120,131,141,169,165,148,153,143,147,114,157,143,152,123,127,147,120,121,142,112,117,120,115,103,122,97,110,110,93,118,115,128,130,113,107,146,118,92,77,73,57,56,64,46,45,45,43,52,43,38,45,45,30,38,48,29,7299
2820,EARL_ST SE of PRINCESS_ST,045 C02,-37.79477,145.03077,14985,834,4,1,10/8/2006,28,33,21,21,25,16,19,19,13,14,7,10,10,14,10,8,10,8,9,4,10,9,8,12,12,24,31,28,26,30,42,23,35,54,40,61,87,81,96,101,123,107,115,114,121,106,113,131,105,126,134,119,124,98,126,126,114,97,107,116,105,114,92,101,118,91,108,114,122,109,116,112,104,77,90,82,78,62,51,53,54,45,53,56,39,58,38,39,39,32,24,17,16,18,14,16,5888
2820,EARL_ST SE of PRINCESS_ST,045 C02,-37.79477,145.03077,14985,834,4,1,10/9/2006,5,7,7,5,4,1,5,1,2,3,1,3,2,2,6,5,8,8,8,6,19,22,29,33,42,68,78,93,111,144,169,148,155,172,151,116,171,141,130,122,116,101,118,93,118,110,89,82,103,108,115,86,82,102,100,108,99,96,109,102,113,149,162,182,158,132,126,153,182,144,137,137,146,119,129,120,86,72,64,72,59,62,45,39,52,50,36,47,61,40,39,24,23,14,21,8,7443
2820,EARL_ST SE of PRINCESS_ST,045 C02,-37.79477,145.03077,14985,834,4,1,10/14/2006,29,13,14,17,14,13,12,17,9,4,4,8,9,4,6,6,7,7,10,8,17,9,17,16,22,37,40,48,44,49,61,95,85,108,128,139,109,133,117,149,141,140,122,164,124,134,166,132,142,143,123,154,124,120,110,156,119,112,121,125,145,118,133,110,110,115,122,96,102,117,121,122,109,122,139,111,100,97,69,64,68,58,67,48,42,47,43,60,45,41,40,49,55,50,39,29,7309
2820,EARL_ST SE of PRINCESS_ST,045 C02,-37.79477,145.03077,14985,834,4,1,10/15/2006,29,33,29,21,29,10,20,22,15,10,9,10,10,11,6,10,12,8,9,14,19,5,14,18,18,17,28,17,25,24,31,55,49,52,53,72,85,109,102,118,97,101,107,116,100,118,110,126,128,140,121,115,112,94,104,116,112,112,105,99,92,122,108,85,123,120,98,104,93,98,92,105,93,111,90,83,59,70,53,63,50,56,53,80,70,69,48,36,44,36,36,25,15,9,18,23,5991
2820,EARL_ST SE of PRINCESS_ST,045 C02,-37.79477,145.03077,14985,834,4,1,10/16/2006,15,8,11,4,4,2,7,4,2,3,0,2,6,4,2,4,2,7,13,8,14,22,34,38,49,61,86,78,126,137,172,153,156,144,127,156,144,135,126,139,112,107,104,91,108,106,96,100,108,85,132,90,98,106,103,96,89,105,115,108,116,117,159,177,160,137,155,143,150,155,124,163,140,125,114,105,110,97,55,71,76,63,45,47,49,44,51,51,44,33,27,17,30,13,13,15,7455
2820,EARL_ST SE of PRINCESS_ST,045 C02,-37.79477,145.03077,14985,834,4,1,10/21/2006,26,23,25,24,19,13,10,5,10,6,8,4,6,16,8,6,2,9,6,11,13,17,11,20,23,24,40,30,39,58,55,71,88,101,123,133,137,98,124,158,122,134,131,157,136,144,145,172,162,157,161,165,124,119,144,155,126,143,137,124,111,123,126,116,101,110,114,96,114,108,131,112,125,108,127,110,116,105,88,75,57,44,61,59,61,44,52,34,40,55,52,51,51,43,56,47,7481
2820,EARL_ST SE of PRINCESS_ST,045 C02,-37.79477,145.03077,14985,834,4,1,10/22/2006,34,36,28,21,27,18,17,16,9,14,5,10,14,10,4,10,8,7,5,11,5,8,11,10,14,14,29,25,30,36,40,38,41,47,57,82,81,93,107,105,107,121,95,105,121,110,111,131,155,123,117,125,130,111,103,117,92,114,104,114,107,108,103,103,106,116,117,103,132,113,126,103,101,98,80,74,63,80,61,45,61,50,53,51,48,65,61,52,31,28,27,33,22,21,17,15,6057
2820,EARL_ST SE of PRINCESS_ST,045 C02,-37.79477,145.03077,14985,834,4,1,10/23/2006,11,9,9,7,2,5,4,4,1,4,0,1,2,3,5,2,7,4,10,11,17,29,25,41,52,58,97,94,101,173,146,145,146,140,110,146,148,136,127,119,111,127,106,104,104,99,103,106,104,86,94,113,108,98,117,106,91,90,95,111,97,120,156,183,142,139,153,134,156,160,127,123,127,138,114,94,89,72,75,71,47,56,47,48,48,34,40,53,34,38,32,15,16,16,19,9,7246
2820,EARL_ST SE of PRINCESS_ST,045 C02,-37.79477,145.03077,14985,834,4,1,10/28/2006,27,21,23,20,15,16,14,9,10,7,9,9,7,8,8,3,4,12,5,13,12,11,18,13,17,29,52,29,36,42,67,72,84,85,107,130,118,124,128,169,145,146,146,148,164,155,149,140,158,167,123,166,144,138,118,148,134,130,129,115,129,105,97,121,113,114,110,102,98,115,124,122,120,123,102,107,100,112,72,76,61,70,49,43,38,39,51,40,46,46,43,55,42,49,39,43,7362
2820,EARL_ST SE of PRINCESS_ST,045 C02,-37.79477,145.03077,14985,834,4,1,10/29/2006,40,25,21,21,23,13,13,0,0,0,0,13,14,18,16,18,8,11,8,7,9,9,9,10,10,23,19,18,20,29,30,30,36,32,44,56,65,98,88,108,106,91,105,90,103,116,106,126,134,118,98,137,124,137,132,124,123,116,109,101,90,101,101,103,103,117,115,94,114,130,119,119,90,82,94,87,72,80,64,60,55,55,59,50,49,53,55,42,37,42,36,26,30,19,14,16,5881
2827,BULLEEN_RD S of EASTERN_FWY_W_BD_RAMPS,032 D11,-37.78267,145.07729,10827,447,5,1,10/1/2006,29,29,33,25,17,22,21,14,10,11,12,16,7,9,9,10,13,10,8,6,5,6,6,9,10,4,10,15,13,18,19,39,32,32,43,58,63,75,65,86,91,91,93,103,104,118,111,118,144,128,126,111,137,133,108,99,104,110,130,107,101,98,105,107,117,125,119,109,105,132,96,114,106,92,95,97,75,41,58,70,52,41,51,44,46,59,64,48,39,30,27,22,23,22,16,11,5742
2827,BULLEEN_RD S of EASTERN_FWY_W_BD_RAMPS,032 D11,-37.78267,145.07729,10827,447,5,1,10/7/2006,42,35,16,20,14,15,11,12,16,10,5,13,8,8,5,4,6,9,7,21,12,7,11,11,14,7,23,43,24,35,54,58,70,74,88,116,109,107,118,114,129,123,149,174,153,142,151,151,154,145,143,180,143,154,126,109,126,125,120,145,111,142,131,126,112,144,133,124,129,145,140,146,114,103,105,113,120,70,81,68,69,66,50,40,55,40,50,35,53,47,51,40,51,45,56,57,7376
2827,BULLEEN_RD S of EASTERN_FWY_W_BD_RAMPS,032 D11,-37.78267,145.07729,10827,447,5,1,10/8/2006,30,51,37,40,41,26,17,17,18,20,13,17,10,7,6,4,10,4,5,5,6,5,10,3,8,5,15,17,18,10,30,0,27,41,52,85,67,73,88,88,86,119,111,90,101,124,127,163,120,108,112,143,123,118,112,122,131,130,98,103,131,118,113,106,104,96,110,123,117,99,112,114,97,104,95,91,57,61,53,43,58,52,48,48,39,34,46,30,51,37,29,36,16,20,14,11,5880
2827,BULLEEN_RD S of EASTERN_FWY_W_BD_RAMPS,032 D11,-37.78267,145.07729,10827,447,5,1,10/15/2006,32,47,41,19,29,28,26,22,14,9,13,12,16,12,9,5,10,14,7,6,9,9,7,5,5,8,18,12,14,14,28,0,33,32,52,85,58,69,94,90,111,112,105,96,108,105,141,163,132,110,121,122,124,132,125,135,124,129,120,97,126,110,131,109,109,119,97,126,118,117,120,92,97,101,86,78,60,57,62,28,57,38,43,50,47,44,39,44,39,43,19,27,11,13,18,13,5913
2827,BULLEEN_RD S of EASTERN_FWY_W_BD_RAMPS,032 D11,-37.78267,145.07729,10827,447,5,1,10/21/2006,53,28,33,13,15,12,14,14,15,10,16,5,6,7,8,5,6,5,7,4,9,5,9,12,19,16,28,27,32,30,41,55,58,75,90,120,117,119,109,128,121,123,146,143,143,165,141,141,166,141,142,164,150,144,146,109,132,143,149,141,122,139,130,123,125,114,127,145,136,146,139,133,121,128,114,122,87,84,84,69,69,49,40,51,57,43,39,53,48,46,55,54,51,40,70,48,7426
2827,BULLEEN_RD S of EASTERN_FWY_W_BD_RAMPS,032 D11,-37.78267,145.07729,10827,447,5,1,10/22/2006,42,44,46,32,29,22,24,21,13,15,11,12,14,15,5,10,8,9,3,9,3,5,7,11,7,7,20,12,10,23,25,27,30,46,47,64,74,75,101,101,100,107,108,120,95,134,133,152,121,110,122,137,116,113,131,120,126,117,108,126,120,105,114,121,116,113,136,137,110,125,125,104,112,102,103,77,71,68,56,28,48,45,45,52,53,37,37,43,27,30,32,31,31,17,16,18,6080
2827,BULLEEN_RD S of EASTERN_FWY_W_BD_RAMPS,032 D11,-37.78267,145.07729,10827,447,5,1,10/28/2006,29,29,20,20,17,13,10,10,17,13,7,10,4,10,6,8,6,1,4,11,8,6,4,16,14,18,24,26,26,29,48,62,54,85,99,116,120,146,121,100,133,146,132,152,156,172,146,145,170,166,166,158,122,158,141,109,138,115,156,141,133,135,120,159,132,130,121,130,134,145,142,120,149,103,109,90,101,91,68,68,64,46,45,46,47,46,52,43,65,61,52,52,56,44,52,43,7483
2827,BULLEEN_RD S of EASTERN_FWY_W_BD_RAMPS,032 D11,-37.78267,145.07729,10827,447,5,1,10/29/2006,38,48,28,26,24,18,24,0,0,0,0,16,10,17,6,9,14,4,4,10,7,9,11,10,3,5,13,14,12,20,15,22,26,42,40,51,61,80,66,89,91,87,94,114,94,115,124,138,143,111,153,128,129,122,141,99,117,119,112,105,122,127,93,115,124,104,119,140,122,120,143,106,97,83,90,89,68,75,57,56,59,52,55,49,43,39,47,46,46,55,35,23,24,21,27,12,5911
2846,S.E.ARTERIAL N OF HIGH_ST,059 J09,-37.8612671,145.058038,38,1601,1,1,10/1/2006,43,33,34,33,24,25,19,15,18,16,20,13,13,12,14,10,16,17,16,5,7,12,7,8,9,6,5,11,13,13,6,10,10,14,18,23,25,28,37,33,42,37,37,48,45,47,60,59,41,70,58,54,72,50,64,53,52,60,62,60,63,66,86,86,52,82,67,82,79,96,78,65,82,70,63,66,49,72,65,50,30,48,33,36,47,46,43,46,33,26,28,23,15,18,22,15,3690
2846,S.E.ARTERIAL N OF HIGH_ST,059 J09,-37.8612671,145.058038,38,1601,1,1,10/2/2006,16,9,14,9,7,4,5,8,4,2,7,1,4,3,3,4,4,5,1,2,2,2,3,12,12,9,27,21,42,37,36,54,53,66,70,45,58,51,60,48,45,44,41,56,61,58,74,68,61,51,68,62,42,54,56,61,69,54,67,70,74,84,150,159,168,177,175,185,161,177,170,224,206,168,165,128,119,106,85,51,48,46,40,50,38,38,53,35,38,25,26,22,19,25,17,13,5447
2846,S.E.ARTERIAL N OF HIGH_ST,059 J09,-37.8612671,145.058038,38,1601,1,1,10/3/2006,9,13,10,7,7,6,6,3,6,1,5,3,3,1,4,3,2,1,5,8,1,4,12,12,16,22,33,31,40,38,39,50,37,44,63,61,48,47,49,48,51,35,47,52,67,66,53,66,43,68,68,46,62,62,61,64,74,70,55,88,102,92,116,158,175,146,143,132,147,216,239,214,244,220,172,150,123,131,69,81,89,61,69,46,56,54,53,49,50,45,31,46,36,32,27,16,5826
2846,S.E.ARTERIAL N OF HIGH_ST,059 J09,-37.8612671,145.058038,38,1601,1,1,10/4/2006,16,15,19,2,9,11,7,2,4,8,2,2,1,3,2,1,4,1,1,6,3,4,6,6,12,9,22,32,45,41,41,35,52,59,62,57,58,37,45,58,49,41,41,46,33,38,56,73,79,60,59,75,76,88,54,65,59,77,69,89,85,136,177,167,156,200,145,185,176,209,220,188,218,195,201,138,116,127,91,55,49,69,59,59,57,71,57,44,50,46,45,41,36,15,24,21,5955
2846,S.E.ARTERIAL N OF HIGH_ST,059 J09,-37.8612671,145.058038,38,1601,1,1,10/5/2006,18,12,11,12,8,6,5,4,4,4,6,4,4,2,0,0,3,3,3,5,6,4,5,14,15,10,25,34,30,35,42,34,41,56,59,46,66,43,60,59,53,49,44,41,45,51,57,50,76,51,59,63,60,63,58,76,54,62,74,93,72,121,158,142,178,142,188,185,169,165,208,200,210,171,156,161,129,127,81,76,76,85,76,64,60,45,63,63,43,59,53,37,37,26,26,19,5848
2846,S.E.ARTERIAL N OF HIGH_ST,059 J09,-37.8612671,145.058038,38,1601,1,1,10/6/2006,19,16,12,8,7,11,14,8,5,6,2,3,8,5,4,3,3,6,3,4,4,6,4,13,14,11,33,27,40,36,39,47,54,51,50,53,42,47,65,61,40,57,59,45,64,58,58,49,87,59,61,47,64,67,64,77,81,74,85,64,99,184,160,165,161,169,175,218,203,232,245,248,224,195,138,94,95,100,94,60,59,56,60,51,40,39,41,38,40,43,51,45,54,53,51,44,6128
2846,S.E.ARTERIAL N OF HIGH_ST,059 J09,-37.8612671,145.058038,38,1601,1,1,10/7/2006,32,42,35,29,26,20,18,23,12,12,16,11,10,16,12,8,8,6,4,6,6,10,6,7,11,11,13,7,16,13,20,33,22,25,37,37,40,49,42,41,47,57,41,68,48,67,71,75,60,85,83,76,70,84,68,67,64,59,64,54,59,95,61,74,59,66,84,79,91,100,83,84,78,76,76,74,57,58,42,43,43,38,41,28,26,26,36,43,34,29,39,50,39,33,42,36,4122
2846,S.E.ARTERIAL N OF HIGH_ST,059 J09,-37.8612671,145.058038,38,1601,1,1,10/8/2006,51,39,32,38,27,27,15,13,16,11,12,15,10,8,9,9,9,11,6,6,2,11,7,7,7,12,5,7,6,8,10,12,12,18,14,16,18,30,25,48,46,41,43,48,52,58,58,64,63,64,79,70,78,72,73,58,73,55,53,51,69,71,79,68,85,98,80,105,87,103,91,86,77,76,75,56,41,44,50,40,40,49,38,42,26,37,42,33,22,28,34,25,20,14,14,12,3795
2846,S.E.ARTERIAL N OF HIGH_ST,059 J09,-37.8612671,145.058038,38,1601,1,1,10/9/2006,19,9,13,8,0,6,3,7,7,6,4,2,0,3,2,3,1,4,6,3,5,5,6,15,19,11,17,37,35,37,42,47,65,49,51,52,36,39,62,32,31,53,47,63,62,44,49,57,71,67,55,70,62,58,50,68,62,52,63,90,71,101,96,139,168,142,85,140,144,179,188,188,221,202,187,136,116,102,75,73,55,66,50,50,45,51,34,42,41,37,39,25,19,17,10,14,5290
2846,S.E.ARTERIAL N OF HIGH_ST,059 J09,-37.8612671,145.058038,38,1601,1,1,10/10/2006,8,16,6,7,9,2,3,5,2,4,4,2,1,2,2,2,0,2,4,1,4,5,9,10,23,9,26,33,44,52,43,45,44,60,59,52,54,68,59,68,45,35,37,57,54,54,65,51,47,63,58,73,54,62,47,53,69,71,78,70,90,104,95,130,164,154,145,156,148,186,233,214,234,232,237,138,135,123,77,94,80,85,68,51,43,60,57,45,51,30,35,63,32,22,27,16,5846
2846,S.E.ARTERIAL N OF HIGH_ST,059 J09,-37.8612671,145.058038,38,1601,1,1,10/11/2006,26,6,12,5,6,5,8,4,6,5,2,4,0,3,4,1,0,0,3,5,5,4,6,10,10,10,20,39,41,41,36,53,57,63,48,44,65,51,46,61,45,46,45,57,43,54,56,71,51,60,60,78,60,72,57,84,67,66,62,79,91,103,161,174,194,211,147,159,135,188,211,189,189,177,170,136,111,118,99,92,52,66,53,42,54,65,67,50,48,61,41,59,52,32,30,26,5881
2846,S.E.ARTERIAL N OF HIGH_ST,059 J09,-37.8612671,145.058038,38,1601,1,1,10/12/2006,20,13,10,7,6,13,4,6,6,3,4,6,3,1,1,2,5,2,4,3,3,3,6,10,14,17,24,38,46,48,37,53,49,48,54,60,51,58,59,65,47,61,54,73,51,66,65,42,68,68,58,81,62,66,72,59,70,79,73,108,114,136,128,130,106,139,133,140,179,197,183,179,196,196,121,116,108,127,86,76,63,63,77,53,61,107,105,58,50,65,54,38,40,30,24,20,5883
2846,S.E.ARTERIAL N OF HIGH_ST,059 J09,-37.8612671,145.058038,38,1601,1,1,10/13/2006,17,17,11,10,8,10,3,5,12,5,4,2,1,2,3,3,2,5,2,1,6,3,6,10,12,13,33,38,34,47,44,61,45,62,59,60,50,56,72,59,45,47,68,50,46,49,58,58,65,65,64,80,68,63,69,67,99,71,97,73,91,129,174,151,174,185,198,168,185,191,211,200,218,187,156,112,113,99,92,58,51,67,64,49,48,39,53,53,37,61,53,41,47,52,42,50,6094
2846,S.E.ARTERIAL N OF HIGH_ST,059 J09,-37.8612671,145.058038,38,1601,1,1,10/14/2006,35,36,41,29,23,22,21,17,17,11,14,13,9,10,9,4,7,7,7,3,4,10,11,13,17,7,10,16,17,19,10,33,29,29,32,33,42,40,49,68,47,66,66,71,82,64,73,78,83,75,69,84,85,82,60,86,64,55,69,54,82,65,86,71,72,87,80,92,73,105,77,71,92,72,64,70,40,46,51,42,39,41,32,32,41,23,32,38,47,45,51,38,35,66,47,51,4333
2846,S.E.ARTERIAL N OF HIGH_ST,059 J09,-37.8612671,145.058038,38,1601,1,1,10/15/2006,38,46,37,33,32,22,20,16,26,23,23,19,19,18,8,16,13,15,7,9,12,14,10,9,7,7,15,9,10,13,13,6,19,12,27,28,18,32,34,37,32,50,38,44,56,59,61,52,67,81,59,57,74,56,78,57,59,55,64,61,88,50,82,83,85,89,84,90,98,94,78,70,90,89,83,60,66,70,76,63,71,37,30,39,40,46,36,25,41,30,30,21,27,15,16,30,4054
2846,S.E.ARTERIAL N OF HIGH_ST,059 J09,-37.8612671,145.058038,38,1601,1,1,10/16/2006,14,15,7,7,6,5,8,5,8,4,3,3,1,0,1,1,0,5,4,2,3,5,10,12,10,16,26,34,40,46,45,44,67,83,56,51,51,44,52,49,56,48,45,50,46,56,52,57,54,46,63,48,50,60,55,51,67,62,81,64,95,119,108,159,168,177,175,185,148,182,186,200,215,161,152,125,121,104,77,56,54,61,53,44,41,44,34,35,44,22,35,53,10,24,22,16,5459
2846,S.E.ARTERIAL N OF HIGH_ST,059 J09,-37.8612671,145.058038,38,1601,1,1,10/17/2006,21,14,16,11,5,4,5,6,1,3,4,2,1,1,1,3,2,1,2,6,2,3,12,12,11,8,22,31,36,45,32,55,37,54,48,53,54,55,50,72,41,41,70,58,48,57,51,58,67,55,41,64,45,47,66,48,63,74,76,92,82,88,145,148,162,191,197,167,196,207,250,241,253,207,171,150,129,100,85,82,62,54,47,69,59,67,54,44,35,34,40,45,31,33,31,33,5952
2846,S.E.ARTERIAL N OF HIGH_ST,059 J09,-37.8612671,145.058038,38,1601,1,1,10/18/2006,22,24,11,6,13,3,1,7,6,3,2,0,3,2,2,4,3,1,1,2,3,7,9,8,13,12,24,30,45,38,36,47,57,64,59,54,50,61,44,59,44,35,37,49,48,66,58,62,59,72,53,69,65,69,72,57,66,67,78,82,95,129,139,159,178,177,175,185,161,188,192,200,195,175,171,150,115,113,106,79,77,80,68,64,56,47,49,52,50,47,33,47,41,45,32,29,5943
2846,S.E.ARTERIAL N OF HIGH_ST,059 J09,-37.8612671,145.058038,38,1601,1,1,10/19/2006,23,15,15,3,8,6,2,12,4,6,1,6,2,3,2,3,6,3,1,3,6,8,3,13,23,10,32,27,38,55,47,49,71,38,71,51,54,58,62,52,40,49,60,48,49,52,62,47,69,63,57,71,59,65,54,65,60,69,70,104,91,129,157,162,153,181,175,180,161,185,193,200,180,162,178,108,104,93,102,94,82,67,70,71,69,61,75,56,67,54,48,47,31,43,38,37,6009
2846,S.E.ARTERIAL N OF HIGH_ST,059 J09,-37.8612671,145.058038,38,1601,1,1,10/20/2006,20,24,18,14,9,6,9,8,8,7,6,0,6,5,2,6,4,5,3,3,4,3,6,17,15,9,35,34,35,49,37,53,45,67,55,60,42,51,60,40,57,42,65,49,58,54,54,80,81,66,60,67,59,60,77,64,69,100,78,89,91,129,150,199,140,177,177,185,150,218,220,200,218,195,152,114,87,81,76,63,59,57,64,54,42,37,48,50,20,40,44,51,62,36,44,33,5972
2846,S.E.ARTERIAL N OF HIGH_ST,059 J09,-37.8612671,145.058038,38,1601,1,1,10/21/2006,44,40,29,21,27,6,13,20,19,15,15,11,10,11,14,5,2,10,8,7,7,6,9,10,11,7,11,20,16,19,31,31,30,28,37,43,55,43,58,59,60,71,66,76,78,73,71,82,73,81,85,73,77,62,65,65,57,68,65,61,61,66,61,64,76,83,66,86,63,90,72,53,61,82,49,54,66,65,57,56,37,29,37,34,33,29,33,32,35,28,22,29,31,59,46,49,4161
2846,S.E.ARTERIAL N OF HIGH_ST,059 J09,-37.8612671,145.058038,38,1601,1,1,10/22/2006,44,51,44,28,40,29,30,16,17,12,14,14,17,14,18,11,13,8,7,15,8,11,7,3,9,8,9,15,16,7,9,19,18,15,17,24,20,22,40,39,31,40,44,39,45,65,55,62,57,68,72,68,60,66,61,58,54,59,53,69,77,64,53,77,86,80,94,68,96,90,114,93,84,63,71,63,53,51,57,37,52,45,58,44,37,31,46,35,40,31,23,25,23,16,14,12,3887
2846,S.E.ARTERIAL N OF HIGH_ST,059 J09,-37.8612671,145.058038,38,1601,1,1,10/23/2006,20,17,8,7,5,11,6,2,2,5,4,3,1,1,3,2,4,4,4,3,2,9,15,8,13,14,19,29,39,42,35,50,53,58,40,59,43,56,48,51,58,36,49,56,66,46,71,61,63,65,52,61,45,51,51,68,53,61,83,72,79,116,150,159,168,158,175,185,161,172,203,181,204,183,175,138,116,113,62,65,65,42,49,52,40,50,38,26,42,44,33,32,19,31,25,14,5528
2846,S.E.ARTERIAL N OF HIGH_ST,059 J09,-37.8612671,145.058038,38,1601,1,1,10/24/2006,17,11,5,8,8,4,4,7,2,3,2,1,2,1,2,3,0,2,4,1,5,6,8,15,25,13,20,39,39,38,31,52,66,52,44,52,49,69,66,59,47,55,63,51,65,66,79,48,71,65,66,72,48,66,59,47,70,64,71,89,85,129,127,162,174,176,175,151,161,187,211,200,218,195,167,146,137,114,96,76,76,66,49,58,63,53,54,57,47,43,32,43,20,28,25,10,5908
2846,S.E.ARTERIAL N OF HIGH_ST,059 J09,-37.8612671,145.058038,38,1601,1,1,10/25/2006,9,21,12,9,4,3,7,6,6,2,2,3,0,2,3,3,2,1,3,4,2,5,8,11,13,13,26,32,49,42,42,62,41,68,45,59,53,54,42,55,33,45,35,50,44,46,48,58,60,45,70,74,54,77,57,75,59,67,72,68,90,110,139,150,142,175,171,185,200,221,220,209,218,195,171,161,133,108,122,76,67,82,62,59,51,46,62,47,50,40,43,34,40,33,32,20,5925
2846,S.E.ARTERIAL N OF HIGH_ST,059 J09,-37.8612671,145.058038,38,1601,1,1,10/26/2006,12,11,6,10,7,6,8,3,4,2,4,5,0,3,2,2,2,0,5,1,3,7,5,17,14,8,19,31,35,37,40,61,54,63,50,62,51,59,66,55,55,58,41,44,65,60,68,66,75,79,65,60,59,60,61,86,73,70,87,77,89,129,146,159,168,177,152,185,194,191,208,194,188,199,195,145,105,128,120,75,92,71,75,71,61,47,56,68,58,47,56,48,32,44,45,35,6192
2846,S.E.ARTERIAL N OF HIGH_ST,059 J09,-37.8612671,145.058038,38,1601,1,1,10/27/2006,27,15,17,18,12,6,6,7,13,4,8,4,3,2,2,4,4,4,1,3,2,6,12,12,14,10,35,27,25,45,42,48,51,56,53,54,54,67,47,41,45,52,40,51,44,86,69,77,67,75,62,69,60,77,64,65,64,100,78,89,91,163,170,144,168,177,214,205,161,189,220,207,195,163,142,129,110,112,87,59,67,54,64,53,37,54,35,48,36,46,52,50,53,45,44,38,6077
2846,S.E.ARTERIAL N OF HIGH_ST,059 J09,-37.8612671,145.058038,38,1601,1,1,10/28/2006,46,34,28,22,27,16,19,8,20,12,12,11,7,9,4,11,7,6,4,3,15,3,9,9,8,5,15,15,14,18,11,22,33,34,40,44,60,47,48,58,43,54,81,61,76,57,62,84,92,81,69,63,68,53,60,67,64,60,48,61,49,64,70,59,64,69,78,97,86,92,71,82,96,66,76,78,63,52,42,54,52,34,34,21,25,18,34,38,40,31,38,43,48,43,60,55,4140
2846,S.E.ARTERIAL N OF HIGH_ST,059 J09,-37.8612671,145.058038,38,1601,1,1,10/29/2006,46,39,44,29,33,29,24,0,0,0,0,15,21,24,13,12,12,10,6,11,8,12,7,10,8,8,7,8,8,15,12,7,19,10,15,19,18,21,20,32,36,27,31,34,48,49,41,60,68,56,86,48,51,73,54,49,59,67,64,79,72,81,72,67,84,89,84,92,86,78,90,88,74,66,58,64,77,57,44,52,49,37,48,36,45,26,42,32,37,29,23,21,15,20,24,18,3689
2846,S.E.ARTERIAL N OF HIGH_ST,059 J09,-37.8612671,145.058038,38,1601,1,1,10/30/2006,10,12,13,8,9,13,4,8,7,5,3,2,2,2,3,3,2,1,3,4,1,12,3,14,12,9,24,54,31,33,44,54,52,60,50,53,48,49,48,47,37,46,46,60,66,64,49,76,64,70,57,69,60,54,60,74,57,71,63,75,103,104,150,159,168,177,175,185,161,209,230,184,206,195,171,126,120,118,69,64,62,60,41,48,56,48,44,38,33,31,27,23,35,26,17,18,5711
2846,S.E.ARTERIAL N OF HIGH_ST,059 J09,-37.8612671,145.058038,38,1601,1,1,10/31/2006,7,15,8,8,9,3,7,6,5,4,4,2,4,2,1,2,0,3,5,4,4,2,12,17,14,11,26,34,33,36,37,56,56,61,58,60,58,55,61,66,39,43,50,51,57,40,55,58,55,66,52,62,78,50,50,59,74,78,70,102,75,98,96,113,179,185,199,133,138,163,223,204,219,242,192,157,120,107,91,83,78,68,66,53,51,53,60,51,50,33,59,44,33,18,24,21,5824
2846,HIGH_ST W OF WILLS_ST,059 J09,-37.86155,145.05751,5881,1601,7,1,10/1/2006,66,44,40,37,34,31,31,34,19,21,22,17,18,25,16,9,15,21,15,13,14,7,5,19,15,16,22,28,26,31,31,43,26,35,63,59,52,85,101,117,105,97,86,113,104,140,132,139,149,142,125,194,130,141,111,119,121,129,101,138,124,114,143,137,162,131,124,146,144,164,142,153,114,118,104,95,82,58,77,67,46,45,47,60,60,56,43,58,64,46,34,43,35,19,24,22,6940
2846,HIGH_ST W OF WILLS_ST,059 J09,-37.86155,145.05751,5881,1601,7,1,10/8/2006,70,70,46,48,39,40,38,34,24,21,26,29,13,24,18,13,17,19,15,22,14,12,20,17,20,25,23,17,25,46,33,41,48,32,60,62,64,64,89,128,94,96,97,125,121,141,121,150,141,138,155,139,152,151,114,156,131,152,137,129,134,128,139,149,129,121,147,141,136,141,177,145,118,105,107,99,88,81,77,74,63,58,45,52,65,55,41,43,58,51,32,47,35,21,14,22,7244
2846,HIGH_ST W OF WILLS_ST,059 J09,-37.86155,145.05751,5881,1601,7,1,10/15/2006,67,68,57,50,35,41,32,23,29,20,20,21,15,16,28,11,12,19,14,16,23,17,12,22,7,14,25,28,29,26,30,54,42,60,54,76,68,62,101,117,89,117,103,108,138,92,130,143,156,143,164,153,123,153,121,122,123,142,115,111,136,135,124,147,149,138,142,139,164,139,139,158,118,88,98,104,93,78,66,69,75,49,72,69,61,57,55,53,53,56,34,43,43,36,21,18,7226
2846,HIGH_ST W OF WILLS_ST,059 J09,-37.86155,145.05751,5881,1601,7,1,10/22/2006,85,51,41,43,39,29,26,29,30,25,26,21,23,20,16,20,17,14,17,16,10,14,20,12,14,25,28,24,20,26,38,53,32,32,45,59,59,67,94,115,100,98,124,124,127,137,126,121,132,140,148,147,121,133,115,146,132,128,124,133,131,137,88,121,146,155,109,180,157,150,147,181,141,111,109,105,91,78,67,62,45,56,50,52,53,57,61,45,51,52,38,37,40,28,21,18,7101
2846,HIGH_ST W OF WILLS_ST,059 J09,-37.86155,145.05751,5881,1601,7,1,10/29/2006,73,60,40,36,34,27,32,0,0,0,0,26,33,22,19,20,14,28,11,15,16,20,20,16,16,22,16,18,22,26,31,26,26,40,43,45,43,55,80,80,88,106,108,102,99,141,97,173,131,137,125,129,109,130,112,136,109,131,128,141,133,126,142,130,128,135,136,148,137,163,146,165,133,112,110,88,96,87,64,70,80,57,60,64,66,50,58,60,55,54,44,43,34,33,28,18,6836
2846,WILLS_ST NW OF HIGH_ST,059 J09,-37.86088,145.05744,-1,1601,8,1,10/1/2006,1,2,1,0,0,0,2,1,1,2,0,0,0,0,1,0,0,0,0,0,0,0,1,1,0,0,0,3,0,0,2,4,0,0,4,6,6,7,3,8,3,11,1,10,9,4,7,9,17,7,11,5,5,2,5,8,8,10,5,9,8,9,9,12,4,14,5,5,10,12,6,5,14,7,5,2,6,3,3,5,1,5,4,3,1,4,0,5,0,1,1,0,7,0,0,2,380
2846,WILLS_ST NW OF HIGH_ST,059 J09,-37.86088,145.05744,-1,1601,8,1,10/2/2006,1,1,0,0,1,0,2,0,0,1,0,0,0,0,0,1,0,1,0,0,0,0,3,0,1,2,6,7,5,10,10,19,19,16,17,15,16,12,6,16,3,10,9,11,7,8,5,12,9,12,10,11,9,9,9,8,12,8,13,15,10,17,16,20,16,14,21,10,18,29,27,24,19,14,19,15,24,12,8,10,14,5,4,7,2,6,1,1,5,6,2,3,2,1,1,3,784
2846,WILLS_ST NW OF HIGH_ST,059 J09,-37.86088,145.05744,-1,1601,8,1,10/3/2006,2,1,0,0,0,0,0,0,0,0,0,0,0,0,0,0,0,0,1,0,1,0,1,0,1,2,5,3,4,8,22,19,28,18,18,15,11,8,6,10,9,5,9,8,10,5,10,8,9,10,2,15,10,11,3,15,9,13,7,10,11,23,23,14,18,24,27,21,18,42,23,21,20,29,21,15,17,8,5,10,5,5,5,5,2,3,3,1,6,5,3,3,5,1,3,0,807
2846,WILLS_ST NW OF HIGH_ST,059 J09,-37.86088,145.05744,-1,1601,8,1,10/4/2006,1,0,1,1,0,0,1,0,1,1,0,1,0,1,0,0,0,0,0,0,2,0,2,0,2,1,4,5,5,9,15,27,22,18,16,18,6,17,12,9,14,9,16,7,9,11,13,14,7,14,5,12,8,12,7,20,9,11,6,12,25,13,11,24,20,11,14,23,21,26,22,31,39,23,18,0,0,7,5,0,0,7,0,2,4,2,4,5,1,1,3,6,2,1,1,1,787
2846,WILLS_ST NW OF HIGH_ST,059 J09,-37.86088,145.05744,-1,1601,8,1,10/5/2006,4,1,1,0,0,0,0,0,0,1,0,1,1,0,0,0,1,0,0,1,0,1,2,1,2,0,2,6,9,10,14,23,20,14,24,15,15,7,0,9,4,11,8,12,13,14,7,15,10,9,5,16,7,7,5,12,12,12,12,13,20,16,22,16,14,18,23,22,15,19,30,28,36,22,14,17,8,10,7,9,14,6,2,5,5,4,2,5,13,2,3,1,3,2,3,2,827
2846,WILLS_ST NW OF HIGH_ST,059 J09,-37.86088,145.05744,-1,1601,8,1,10/6/2006,0,0,1,0,1,0,0,0,0,1,0,1,0,0,1,1,0,0,0,0,1,0,1,1,0,2,4,3,2,15,15,28,31,26,24,12,15,15,10,13,8,13,8,10,6,18,10,14,4,7,12,12,12,11,5,8,7,10,8,10,9,17,26,25,23,13,18,20,31,26,31,22,23,27,16,19,13,15,10,5,15,9,7,4,6,5,4,3,5,1,6,1,0,3,0,2,877
2846,WILLS_ST NW OF HIGH_ST,059 J09,-37.86088,145.05744,-1,1601,8,1,10/7/2006,1,6,0,1,0,0,1,0,1,1,0,0,0,0,0,1,1,1,0,1,0,1,0,0,2,1,1,1,0,2,2,4,11,7,7,10,11,9,8,11,9,18,7,15,10,15,8,18,14,11,16,22,11,10,13,10,11,9,8,7,8,10,3,19,12,13,12,12,14,5,11,11,4,10,4,9,6,4,8,5,1,1,2,4,3,5,4,2,6,3,5,1,2,2,3,2,571
2846,WILLS_ST NW OF HIGH_ST,059 J09,-37.86088,145.05744,-1,1601,8,1,10/8/2006,1,1,2,2,3,1,0,1,0,0,0,0,0,0,0,1,0,0,0,0,0,0,0,0,0,0,0,3,0,0,0,2,2,1,5,3,5,4,9,5,5,5,9,7,8,9,11,8,6,11,4,11,8,7,9,4,9,10,7,6,3,7,7,7,10,8,9,14,11,11,7,7,4,5,7,4,3,4,3,1,3,2,1,2,3,0,1,2,0,1,1,2,1,0,0,3,359
2846,WILLS_ST NW OF HIGH_ST,059 J09,-37.86088,145.05744,-1,1601,8,1,10/9/2006,0,0,0,0,0,0,0,0,0,0,0,0,0,0,0,1,0,0,0,1,0,0,1,0,1,1,3,6,3,6,23,24,29,22,18,17,9,7,8,0,0,10,9,15,3,9,8,17,13,9,6,12,13,13,12,14,4,14,9,15,14,18,22,24,12,22,6,22,23,17,26,22,30,22,27,19,11,8,2,13,4,8,7,8,5,4,3,2,2,1,0,3,3,4,1,0,800
2846,WILLS_ST NW OF HIGH_ST,059 J09,-37.86088,145.05744,-1,1601,8,1,10/10/2006,1,1,0,0,1,0,0,0,0,0,1,0,0,0,0,0,0,0,1,0,1,0,1,0,2,2,1,4,8,12,17,27,29,31,20,9,15,11,12,10,9,15,8,14,5,16,6,8,11,17,6,11,7,9,9,12,8,12,13,16,19,16,21,27,15,18,32,20,16,28,22,23,16,24,23,19,17,13,7,11,6,5,7,3,7,3,4,2,3,1,1,1,1,1,3,2,866
2846,WILLS_ST NW OF HIGH_ST,059 J09,-37.86088,145.05744,-1,1601,8,1,10/11/2006,0,0,0,1,0,0,2,0,0,0,0,0,0,1,0,0,0,0,0,0,0,1,1,2,2,2,3,4,6,10,19,20,35,27,22,7,24,11,10,7,7,15,5,14,6,10,10,13,9,13,11,14,14,12,7,12,9,9,8,13,16,17,20,21,20,29,12,17,27,15,29,28,25,27,23,10,15,11,3,6,11,4,12,4,10,2,7,3,3,1,3,2,4,5,0,1,871
2846,WILLS_ST NW OF HIGH_ST,059 J09,-37.86088,145.05744,-1,1601,8,1,10/12/2006,0,0,0,0,0,0,0,0,1,0,0,1,0,0,0,0,0,0,0,1,1,1,1,3,3,1,2,4,3,16,14,23,28,20,18,24,10,10,10,7,9,17,10,11,7,10,7,9,8,19,10,13,3,12,7,11,6,13,11,16,25,17,18,17,15,18,21,14,20,26,23,28,28,16,21,22,18,17,7,7,8,9,11,6,7,5,7,10,7,2,5,4,2,2,4,1,879
2846,WILLS_ST NW OF HIGH_ST,059 J09,-37.86088,145.05744,-1,1601,8,1,10/13/2006,3,0,0,1,1,0,0,0,0,0,0,0,0,0,1,0,0,0,0,0,2,0,0,0,3,0,5,3,3,15,16,28,18,25,21,16,10,17,14,0,0,12,4,13,5,18,8,14,4,13,7,13,13,9,6,11,15,7,10,17,13,18,30,23,27,12,22,14,18,20,32,27,33,23,19,16,18,11,11,9,6,7,13,1,4,3,10,10,2,2,17,11,10,5,6,3,907
2846,WILLS_ST NW OF HIGH_ST,059 J09,-37.86088,145.05744,-1,1601,8,1,10/14/2006,4,2,0,2,2,2,1,0,0,1,0,2,1,1,0,0,0,0,1,0,2,1,0,2,0,0,1,2,1,0,5,6,11,9,6,9,12,14,10,17,21,11,9,17,20,15,11,9,16,11,10,18,7,13,6,10,8,10,8,11,9,10,10,15,8,9,6,10,10,10,5,11,9,11,7,9,2,8,10,6,6,2,2,6,4,4,2,3,2,2,2,4,5,5,0,0,592
2846,WILLS_ST NW OF HIGH_ST,059 J09,-37.86088,145.05744,-1,1601,8,1,10/15/2006,1,1,2,0,1,0,0,0,2,1,0,2,0,1,0,0,0,2,0,1,0,0,0,0,0,0,1,2,0,0,1,1,2,2,6,6,6,8,7,6,4,2,6,7,7,5,8,10,11,10,8,11,6,8,10,6,7,7,4,12,5,10,7,12,5,6,5,10,13,7,11,8,2,7,8,3,13,2,5,7,4,2,7,5,0,4,1,2,0,0,2,1,2,0,0,2,389
2846,WILLS_ST NW OF HIGH_ST,059 J09,-37.86088,145.05744,-1,1601,8,1,10/16/2006,0,1,0,0,0,0,0,2,0,0,0,1,0,0,0,1,0,0,0,0,0,0,1,0,2,1,5,2,4,13,17,16,29,19,16,17,13,17,12,7,5,14,6,3,2,14,10,7,5,15,12,8,4,14,12,14,7,13,13,20,22,19,28,24,22,18,19,23,20,24,34,25,18,25,18,18,19,8,3,13,3,9,6,4,1,2,6,3,1,1,1,2,3,2,0,1,839
2846,WILLS_ST NW OF HIGH_ST,059 J09,-37.86088,145.05744,-1,1601,8,1,10/17/2006,1,1,0,0,0,0,0,0,0,0,0,0,0,0,0,0,0,0,0,0,0,1,1,0,2,2,3,3,4,11,16,25,28,20,20,6,18,10,8,10,11,11,9,11,9,8,6,10,9,12,9,9,5,9,13,12,8,10,6,16,15,19,26,12,26,24,16,27,17,20,36,20,24,30,21,25,13,13,9,8,9,6,8,5,5,8,0,4,2,3,3,4,7,4,3,0,855
2846,WILLS_ST NW OF HIGH_ST,059 J09,-37.86088,145.05744,-1,1601,8,1,10/18/2006,0,2,2,0,0,1,0,0,0,0,1,0,2,0,0,1,0,0,0,0,1,2,1,0,4,1,3,7,3,15,19,20,31,18,20,12,9,7,10,16,10,11,12,10,6,15,7,13,5,18,11,10,8,9,6,13,7,11,6,14,12,17,21,20,16,21,16,23,18,17,27,30,29,10,26,20,12,12,7,10,5,6,2,5,3,4,1,2,4,1,4,5,1,3,1,2,823
2846,WILLS_ST NW OF HIGH_ST,059 J09,-37.86088,145.05744,-1,1601,8,1,10/19/2006,1,5,3,1,4,1,0,0,1,0,0,2,1,0,0,0,0,0,0,1,2,0,3,2,2,0,2,2,4,15,15,21,20,23,14,18,9,17,7,12,5,10,6,14,5,7,9,14,4,11,8,9,9,12,9,14,11,7,7,8,19,18,18,24,18,14,12,20,21,30,26,20,33,17,13,19,9,11,6,20,4,3,7,6,6,1,10,3,5,4,6,3,3,2,2,1,821
2846,WILLS_ST NW OF HIGH_ST,059 J09,-37.86088,145.05744,-1,1601,8,1,10/20/2006,0,1,2,2,0,1,0,1,0,0,0,0,0,0,1,2,0,0,0,0,1,0,2,1,3,1,2,1,6,12,15,18,23,19,18,21,14,17,14,14,6,9,13,14,8,19,6,15,14,14,12,10,9,9,7,12,9,11,12,12,9,30,28,23,18,16,22,23,26,22,32,17,21,22,25,15,11,11,5,9,7,6,11,7,3,3,9,4,5,1,5,6,4,7,6,10,912
2846,WILLS_ST NW OF HIGH_ST,059 J09,-37.86088,145.05744,-1,1601,8,1,10/21/2006,2,1,0,0,1,1,2,2,0,1,0,3,0,0,1,0,1,2,3,0,0,2,0,1,1,0,0,0,0,2,7,10,5,6,8,6,11,12,7,10,17,10,11,18,14,12,15,14,15,10,10,16,4,19,8,6,4,12,2,9,16,21,10,11,8,12,7,14,12,4,14,0,0,9,9,9,7,5,5,3,3,1,2,5,6,2,4,3,3,4,10,3,5,2,8,6,577
2846,WILLS_ST NW OF HIGH_ST,059 J09,-37.86088,145.05744,-1,1601,8,1,10/22/2006,1,0,5,1,0,0,0,0,0,0,0,0,1,0,0,1,0,0,0,0,0,1,0,0,0,1,0,0,1,1,0,1,4,1,2,3,4,8,6,6,9,6,10,6,4,7,9,11,7,8,8,12,9,5,3,5,7,12,3,9,5,7,3,2,7,16,12,11,9,6,9,9,2,3,4,7,0,5,1,4,1,5,1,3,4,3,0,4,1,1,2,1,0,1,2,0,349
2846,WILLS_ST NW OF HIGH_ST,059 J09,-37.86088,145.05744,-1,1601,8,1,10/23/2006,0,0,0,0,0,0,1,0,0,0,0,0,0,0,0,1,0,1,0,0,0,0,2,0,1,1,3,6,4,11,11,9,16,19,18,14,10,10,11,10,9,9,6,11,4,10,8,12,9,12,4,13,8,10,14,13,5,6,4,11,10,25,21,16,16,20,17,14,28,19,25,31,43,21,15,0,0,7,4,9,4,3,6,3,5,5,4,0,2,1,4,2,2,0,4,1,724
2846,WILLS_ST NW OF HIGH_ST,059 J09,-37.86088,145.05744,-1,1601,8,1,10/24/2006,1,0,1,0,2,0,0,0,0,0,0,0,0,0,0,0,0,0,0,0,2,0,3,1,1,1,3,2,2,17,10,18,28,24,19,15,13,12,10,12,7,8,9,18,10,12,4,12,7,12,9,13,14,8,11,14,11,9,14,13,16,11,28,17,22,20,16,23,17,15,26,15,27,16,30,10,15,4,10,18,4,6,4,2,2,6,6,1,4,1,4,0,2,6,4,1,821
2846,WILLS_ST NW OF HIGH_ST,059 J09,-37.86088,145.05744,-1,1601,8,1,10/25/2006,0,1,2,0,0,0,0,1,0,0,0,0,0,0,0,0,1,1,0,0,0,1,1,0,1,2,3,4,5,8,12,21,23,18,23,15,11,13,8,13,9,16,9,14,11,16,12,12,9,10,11,14,7,13,6,8,7,6,4,13,11,14,25,14,14,22,18,23,25,20,26,36,34,24,25,12,15,13,6,0,0,9,7,4,5,9,5,6,5,3,2,4,1,0,0,0,832
2846,WILLS_ST NW OF HIGH_ST,059 J09,-37.86088,145.05744,-1,1601,8,1,10/26/2006,1,0,0,0,0,0,0,0,1,0,0,0,0,0,0,0,0,0,0,0,2,1,3,2,2,1,2,5,6,10,12,21,26,17,28,17,9,16,13,11,11,16,9,8,9,8,7,13,10,13,8,11,6,8,11,14,9,9,9,8,13,15,17,18,19,11,20,20,25,26,29,30,23,12,21,22,9,18,13,6,9,1,5,2,5,7,4,7,6,5,3,3,4,0,0,0,831
2846,WILLS_ST NW OF HIGH_ST,059 J09,-37.86088,145.05744,-1,1601,8,1,10/27/2006,1,0,0,0,0,0,0,0,0,0,1,0,0,0,1,1,1,1,1,0,1,0,1,3,1,0,5,5,5,11,12,16,25,29,19,11,10,11,12,15,8,14,9,10,10,11,7,7,8,13,13,0,0,10,14,15,9,17,7,10,18,19,15,24,24,19,17,19,24,19,30,23,28,22,18,17,8,11,11,11,3,5,4,4,3,2,6,2,2,1,2,6,5,3,6,2,824
2846,WILLS_ST NW OF HIGH_ST,059 J09,-37.86088,145.05744,-1,1601,8,1,10/28/2006,0,1,2,4,1,2,1,1,0,0,0,0,0,1,0,0,0,0,0,0,1,1,0,1,0,1,1,2,3,0,1,3,10,9,6,3,8,11,7,7,1,12,6,14,15,12,15,18,20,14,11,13,12,11,15,0,0,10,11,16,10,12,10,8,8,7,7,8,4,13,9,6,8,11,14,6,4,3,9,5,4,3,8,3,4,3,3,3,2,3,0,2,1,3,0,3,521
2846,WILLS_ST NW OF HIGH_ST,059 J09,-37.86088,145.05744,-1,1601,8,1,10/29/2006,2,1,2,3,1,0,0,0,0,0,0,0,1,1,2,0,0,1,0,0,0,1,0,0,0,0,1,2,0,0,1,2,2,4,2,5,2,5,7,3,8,4,9,11,9,9,7,7,12,8,7,5,7,10,8,7,10,7,5,5,9,6,11,3,9,11,9,6,8,5,6,11,7,1,3,5,12,7,3,1,5,3,1,2,2,3,2,0,4,2,4,1,3,2,1,1,375
2846,WILLS_ST NW OF HIGH_ST,059 J09,-37.86088,145.05744,-1,1601,8,1,10/30/2006,0,0,2,0,0,0,0,0,0,0,0,0,1,0,1,0,0,0,1,0,0,0,1,0,2,1,2,6,7,18,10,17,22,26,12,14,12,7,13,12,6,12,11,8,9,14,9,9,10,12,9,0,0,11,4,15,8,16,6,11,20,19,25,14,17,13,17,18,23,21,19,22,18,32,29,11,18,9,3,9,2,7,3,3,3,0,1,3,2,2,3,5,1,0,2,2,763
2846,WILLS_ST NW OF HIGH_ST,059 J09,-37.86088,145.05744,-1,1601,8,1,10/31/2006,1,0,0,0,2,0,0,0,0,0,1,0,0,0,0,0,0,0,0,0,1,1,1,1,1,2,2,0,2,12,11,24,27,23,18,14,9,12,13,14,12,14,5,9,6,11,8,7,6,13,5,14,6,9,9,15,5,11,6,9,13,19,27,13,14,16,20,22,18,16,29,20,32,12,24,23,16,14,7,13,13,3,7,9,3,5,4,7,1,2,0,2,4,2,3,2,807
3001,CHURCH_ST SW of BARKERS_RD,045 A08,-37.81495,145.0219,14563,465,6,1,10/2/2006,15,25,20,39,22,12,7,15,5,27,17,8,8,14,4,23,4,4,32,12,6,11,18,28,20,42,66,49,52,89,68,95,106,110,93,88,98,84,102,110,66,93,69,45,94,83,71,85,94,92,84,112,79,81,72,121,88,81,80,94,99,125,121,149,118,117,152,126,149,160,150,146,151,154,141,106,135,100,108,65,74,64,88,59,53,81,96,60,67,72,56,81,71,28,44,33,6931
3001,CHURCH_ST SW of BARKERS_RD,045 A08,-37.81495,145.0219,14563,465,6,1,10/3/2006,23,14,33,23,8,15,13,5,7,7,31,7,7,7,15,6,9,3,5,16,13,13,28,22,20,36,30,59,52,60,84,73,106,89,95,90,103,85,117,73,66,107,69,70,89,102,71,85,69,72,94,116,103,115,72,91,83,81,80,94,99,105,133,103,139,126,138,139,149,160,150,146,151,151,141,119,104,80,88,66,61,64,81,59,48,58,70,41,49,89,71,85,69,35,38,49,6685
3120,CANTERBURY_RD E of BURKE_RD,045 J10,-37.82295,145.05773,16154,496,3,1,10/1/2006,32,33,39,31,24,28,25,23,16,21,23,20,19,13,17,12,13,16,13,13,10,11,16,19,26,22,34,32,28,37,39,40,54,43,53,71,87,99,109,148,98,102,113,146,111,134,127,154,126,137,167,150,170,157,130,148,154,135,128,156,129,117,119,148,123,117,119,133,118,122,134,123,106,100,98,100,79,75,66,60,48,67,51,50,51,54,57,42,35,28,28,34,22,22,26,17,6970
3120,CANTERBURY_RD E of BURKE_RD,045 J10,-37.82295,145.05773,16154,496,3,1,10/8/2006,65,49,35,35,38,20,29,27,29,19,18,19,21,25,9,10,21,27,8,17,19,13,21,17,28,35,38,34,25,34,38,56,47,56,59,83,77,109,98,110,134,113,143,128,130,132,135,146,137,159,164,157,145,127,148,163,119,146,115,141,122,126,121,149,154,128,158,135,120,116,144,121,119,97,109,100,80,74,65,57,56,55,48,61,56,63,62,48,35,32,40,27,21,11,14,20,7244
3120,CANTERBURY_RD E of BURKE_RD,045 J10,-37.82295,145.05773,16154,496,3,1,10/15/2006,42,47,40,46,38,31,20,27,26,14,14,19,14,10,16,23,17,16,23,27,20,18,16,24,27,29,32,34,35,53,49,54,47,58,76,76,79,88,108,117,109,109,159,117,115,125,112,157,122,145,151,148,135,134,150,151,141,128,125,132,135,142,157,133,140,122,131,120,127,140,136,129,93,114,104,96,99,74,57,55,62,53,51,59,61,67,61,51,42,29,33,30,29,23,19,12,7201
3120,CANTERBURY_RD E of BURKE_RD,045 J10,-37.82295,145.05773,16154,496,3,1,10/22/2006,50,48,31,30,25,30,28,15,21,13,18,13,18,15,11,9,19,12,10,11,17,13,10,13,21,19,34,33,27,33,48,34,45,47,62,92,90,105,111,133,128,122,112,138,116,127,129,153,149,135,183,166,174,172,156,159,117,147,117,134,136,126,129,134,125,100,157,120,134,148,116,136,118,128,106,110,104,76,79,59,67,45,53,58,67,43,62,37,42,37,41,24,20,24,10,12,7231
3120,CANTERBURY_RD E of BURKE_RD,045 J10,-37.82295,145.05773,16154,496,3,1,10/29/2006,34,43,31,27,27,25,29,0,0,0,0,18,20,19,16,21,18,16,13,13,10,14,18,14,19,23,28,29,28,42,42,40,40,53,61,93,69,93,86,119,99,105,112,122,131,120,138,138,151,159,148,153,156,142,154,123,142,138,131,131,125,139,163,147,145,136,132,136,142,128,146,129,144,113,86,108,94,65,65,61,62,58,88,53,71,63,60,53,34,28,35,38,21,20,20,15,7107
3122,STANHOPE_GV S of CANTERBURY_RD,046 A10,-37.82404,145.06435,17054,498,5,1,10/1/2006,37,23,23,17,8,16,11,7,8,11,7,9,3,5,5,4,5,4,3,1,3,8,5,5,10,11,15,19,14,12,19,19,19,35,51,64,56,71,75,81,93,95,102,119,113,113,142,144,150,184,180,176,146,136,139,145,105,133,133,146,113,140,139,152,123,147,135,149,174,152,166,137,126,131,102,98,78,59,62,57,42,54,36,37,62,59,49,45,31,32,36,26,27,22,14,9,6514
3122,STANHOPE_GV S of CANTERBURY_RD,046 A10,-37.82404,145.06435,17054,498,5,1,10/8/2006,54,40,38,20,23,16,16,16,10,6,9,7,6,8,5,2,6,6,9,2,6,5,7,3,7,8,13,20,12,13,20,32,36,40,48,62,65,67,85,84,90,93,111,118,101,123,156,142,162,196,215,188,162,143,151,158,136,162,122,162,148,135,122,159,145,163,170,155,146,162,160,117,110,109,106,101,82,63,54,61,42,50,47,55,46,52,37,49,28,37,24,35,23,13,16,12,6857
3122,STANHOPE_GV S of CANTERBURY_RD,046 A10,-37.82404,145.06435,17054,498,5,1,10/15/2006,46,51,27,28,26,25,13,11,11,13,11,11,11,9,6,7,4,6,2,8,3,12,12,3,7,7,13,21,11,19,29,26,33,25,54,69,69,74,68,100,105,125,138,152,103,122,148,194,174,192,188,168,153,175,145,149,138,131,120,129,152,142,205,143,156,177,155,153,172,162,136,145,143,113,106,99,96,64,82,69,63,47,58,40,66,56,38,44,29,35,26,15,16,11,10,18,7172
3122,STANHOPE_GV S of CANTERBURY_RD,046 A10,-37.82404,145.06435,17054,498,5,1,10/22/2006,50,49,24,29,26,27,12,10,7,12,9,8,10,1,2,6,6,3,3,7,2,3,5,4,13,9,13,26,19,14,27,26,30,44,45,79,67,70,93,79,97,106,108,126,115,139,153,151,169,159,184,187,174,157,138,117,124,130,126,173,160,135,150,168,111,143,151,157,163,161,143,141,145,106,124,110,85,77,79,56,49,62,45,61,41,54,43,46,43,40,47,28,26,16,8,13,6989
3122,STANHOPE_GV S of CANTERBURY_RD,046 A10,-37.82404,145.06435,17054,498,5,1,10/29/2006,49,43,30,19,13,16,18,0,0,0,0,15,12,7,6,10,12,6,2,4,1,3,8,2,7,5,12,15,13,15,16,24,20,40,42,57,71,57,66,76,79,111,76,116,113,109,113,129,154,168,173,178,174,152,132,137,122,130,129,141,147,138,174,142,141,153,168,160,159,180,156,161,103,133,106,97,84,87,70,62,42,54,75,49,45,59,50,47,44,43,28,25,20,26,16,11,6703
3126,WARRIGAL_RD S of CANTERBURY_RD,046 H11,-37.82804,145.09858,16485,942,5,1,10/1/2006,40,36,43,40,20,33,25,24,19,22,13,13,17,11,13,10,11,13,8,10,4,8,5,9,16,17,21,25,21,23,34,24,20,28,41,39,68,65,69,69,105,101,116,112,105,85,126,125,131,149,168,180,153,134,124,139,160,133,104,174,128,117,142,125,117,143,159,118,118,154,164,161,119,93,103,81,88,75,67,80,48,56,53,44,43,51,52,41,47,46,26,32,29,33,20,20,6644
3126,WARRIGAL_RD S of CANTERBURY_RD,046 H11,-37.82804,145.09858,16485,942,5,1,10/8/2006,59,59,33,28,33,42,25,19,11,22,13,15,13,26,10,16,6,11,2,23,9,5,11,10,2,14,14,26,27,19,24,50,23,41,36,49,71,68,64,79,76,114,105,108,99,110,118,153,130,170,136,159,151,159,144,162,148,137,141,153,151,144,157,125,162,130,169,138,119,175,144,135,144,115,117,104,78,70,64,69,56,78,55,38,77,76,58,35,25,49,36,42,22,27,9,11,6985
3126,WARRIGAL_RD S of CANTERBURY_RD,046 H11,-37.82804,145.09858,16485,942,5,1,10/15/2006,59,63,52,44,25,50,28,34,25,19,16,18,8,8,14,11,6,8,8,12,4,9,11,11,12,9,20,16,13,19,30,33,28,36,47,56,49,63,81,88,78,127,102,105,101,125,102,155,110,134,157,196,146,121,137,167,130,166,136,143,131,128,168,142,114,125,120,143,168,131,160,185,120,126,108,89,85,73,89,78,60,67,75,62,59,48,47,34,54,19,40,34,16,30,16,21,6946
3126,WARRIGAL_RD S of CANTERBURY_RD,046 H11,-37.82804,145.09858,16485,942,5,1,10/22/2006,57,68,37,30,36,31,29,19,10,20,13,10,12,13,9,6,9,7,6,14,3,6,8,10,9,10,18,33,16,26,25,24,51,49,37,53,66,58,71,107,55,87,99,85,101,85,104,140,113,132,155,157,130,112,141,132,147,151,149,125,148,136,119,116,144,111,118,162,168,129,178,152,130,130,120,78,83,64,97,59,49,60,58,55,68,55,54,37,39,45,35,26,27,26,15,17,6624
3126,WARRIGAL_RD S of CANTERBURY_RD,046 H11,-37.82804,145.09858,16485,942,5,1,10/29/2006,56,61,52,46,31,30,10,19,10,19,13,20,13,22,12,16,14,11,21,7,6,6,10,15,5,5,10,19,19,22,27,18,21,34,31,41,55,76,70,74,61,78,109,121,104,116,108,131,200,150,169,166,148,120,150,114,148,150,171,104,141,129,141,147,133,162,164,187,131,187,196,166,142,114,131,107,60,65,54,57,60,58,56,69,56,58,57,67,61,41,46,38,23,36,23,16,7044
3127,BALWYN_RD N of CANTERBURY_RD,046 D11,-37.82506,145.078,6813,502,1,1,10/1/2006,18,25,23,20,10,10,11,13,6,6,3,11,11,1,2,7,7,6,6,10,2,5,6,3,8,13,9,16,19,24,26,21,18,32,50,64,57,72,79,65,85,92,102,83,82,77,75,101,124,107,90,99,91,84,72,106,90,97,59,97,85,73,85,89,81,83,88,75,71,100,62,79,92,74,52,61,43,46,41,37,32,23,32,42,39,35,36,20,20,20,14,20,9,11,9,10,4397
3127,BALWYN_RD N of CANTERBURY_RD,046 D11,-37.82506,145.078,6813,502,1,1,10/2/2006,7,5,5,6,3,4,1,7,2,0,4,4,0,0,0,1,0,7,3,4,6,7,12,11,26,27,54,56,104,170,171,195,188,173,148,163,151,131,111,121,98,85,105,104,77,121,96,110,88,109,100,81,95,101,81,95,91,95,94,125,84,99,93,102,91,92,101,119,98,116,115,108,115,98,63,77,70,73,69,53,49,39,28,47,40,34,30,35,31,23,21,20,16,7,9,7,6311
3127,BALWYN_RD N of CANTERBURY_RD,046 D11,-37.82506,145.078,6813,502,1,1,10/3/2006,7,2,3,3,1,5,4,2,0,1,0,1,0,3,2,0,2,3,2,3,6,4,10,17,38,29,53,64,99,189,191,182,174,172,192,160,191,164,132,129,131,108,118,107,98,98,92,117,97,106,91,103,96,80,71,78,116,126,88,101,82,102,108,96,96,108,105,108,115,123,121,99,117,98,91,93,90,58,72,71,51,48,38,36,43,35,32,43,39,24,14,22,13,8,13,8,6682
3127,BALWYN_RD N of CANTERBURY_RD,046 D11,-37.82506,145.078,6813,502,1,1,10/4/2006,7,7,2,4,2,3,3,5,1,1,7,3,4,1,3,1,3,3,4,4,3,8,8,14,29,36,56,83,115,152,197,166,171,174,194,161,163,171,110,112,103,127,111,89,93,107,100,100,115,93,106,94,81,128,99,106,103,87,109,94,114,105,126,119,105,124,95,107,120,128,93,108,108,103,102,131,81,78,60,37,39,55,41,43,45,42,37,39,36,31,16,27,21,19,17,11,6799
3127,BALWYN_RD N of CANTERBURY_RD,046 D11,-37.82506,145.078,6813,502,1,1,10/5/2006,9,9,1,2,4,2,3,4,2,4,1,2,1,1,3,2,2,3,2,5,3,7,13,16,22,38,51,77,115,202,144,199,169,170,195,139,208,149,133,139,112,112,107,105,97,105,105,125,125,108,111,111,103,119,109,100,108,112,78,120,128,109,105,114,107,122,125,113,123,122,126,145,107,116,72,89,88,69,62,64,67,49,56,40,48,46,56,37,31,33,32,24,13,10,13,9,7093
3127,BALWYN_RD N of CANTERBURY_RD,046 D11,-37.82506,145.078,6813,502,1,1,10/6/2006,4,13,1,5,3,5,4,4,3,4,1,2,1,5,2,1,4,4,3,2,4,10,13,16,24,36,58,92,104,173,173,190,155,196,163,165,181,158,124,159,129,124,92,128,117,110,127,128,106,111,101,104,109,98,105,118,117,93,88,131,114,99,107,117,133,107,98,109,112,109,113,117,108,125,113,108,89,85,96,68,62,53,52,57,54,49,51,52,35,30,45,45,37,33,35,20,7338
3127,BALWYN_RD N of CANTERBURY_RD,046 D11,-37.82506,145.078,6813,502,1,1,10/7/2006,22,18,18,17,10,11,7,11,7,8,6,5,2,4,8,5,5,4,3,2,6,4,3,5,6,17,24,40,19,34,45,56,57,75,90,99,100,100,109,127,100,110,126,126,127,143,117,143,175,119,120,127,120,110,139,120,116,105,125,110,123,110,107,116,97,98,116,108,99,93,117,102,99,118,77,109,82,65,77,65,59,45,48,33,49,39,41,32,52,61,28,46,31,46,28,22,6305
3127,BALWYN_RD N of CANTERBURY_RD,046 D11,-37.82506,145.078,6813,502,1,1,10/8/2006,38,23,23,19,23,17,11,7,8,3,3,4,8,7,3,4,0,4,4,5,3,7,3,9,9,15,23,19,7,21,23,26,34,32,47,67,56,72,71,99,82,87,132,93,108,86,95,122,125,79,96,92,91,82,95,97,116,77,74,75,98,112,121,97,94,60,102,87,80,94,71,79,70,68,74,69,51,40,34,27,35,33,47,25,31,32,24,25,25,32,24,12,11,25,9,5,4684
3127,BALWYN_RD N of CANTERBURY_RD,046 D11,-37.82506,145.078,6813,502,1,1,10/9/2006,11,6,4,1,1,3,2,3,7,1,2,0,0,0,1,1,1,5,8,4,1,11,11,13,35,27,55,74,104,182,187,185,158,175,173,152,155,135,117,133,102,93,93,94,87,82,91,100,102,91,99,98,81,104,92,87,83,74,105,96,118,89,101,91,107,120,119,124,106,116,108,94,106,100,93,58,68,70,33,42,44,49,40,48,45,31,39,22,31,16,30,22,12,6,8,2,6306
3127,BALWYN_RD N of CANTERBURY_RD,046 D11,-37.82506,145.078,6813,502,1,1,10/10/2006,10,5,1,1,4,4,2,0,2,4,0,3,0,2,2,0,5,2,6,3,2,9,6,11,23,35,59,86,107,167,167,209,150,199,185,196,196,152,133,134,107,136,102,98,81,88,112,90,98,114,114,79,90,84,90,69,77,84,99,91,128,78,119,107,121,105,119,109,103,97,110,124,128,120,94,84,68,83,54,72,62,45,40,40,39,50,40,30,37,36,24,20,32,6,10,7,6726
3127,BALWYN_RD N of CANTERBURY_RD,046 D11,-37.82506,145.078,6813,502,1,1,10/11/2006,8,8,10,3,5,3,2,5,0,6,2,3,0,1,6,0,2,2,1,8,8,8,15,12,31,31,49,91,104,180,200,174,164,166,175,191,151,159,144,132,145,102,119,116,94,112,93,98,119,93,91,101,119,87,90,96,92,85,118,96,98,119,114,111,95,123,122,110,107,122,112,124,123,133,93,93,76,78,66,46,57,32,51,46,34,40,43,30,33,30,21,17,15,14,12,8,6874
3127,BALWYN_RD N of CANTERBURY_RD,046 D11,-37.82506,145.078,6813,502,1,1,10/12/2006,8,11,6,4,2,1,3,1,1,4,2,0,1,0,1,2,3,4,7,4,2,4,11,14,31,27,63,75,122,175,207,194,176,193,172,172,179,174,154,132,121,104,111,99,87,137,103,110,95,110,103,105,93,86,92,88,90,90,93,78,139,127,98,130,125,124,124,92,114,126,115,119,120,89,83,90,90,91,74,64,65,51,51,51,53,54,54,42,44,34,27,23,33,17,10,15,7095
3127,BALWYN_RD N of CANTERBURY_RD,046 D11,-37.82506,145.078,6813,502,1,1,10/13/2006,12,7,7,7,1,4,7,0,0,2,3,0,2,1,5,1,2,3,1,10,3,5,9,15,25,36,62,90,99,177,185,186,179,159,185,160,181,147,159,133,117,118,130,110,100,120,111,128,119,109,110,88,94,109,94,114,91,107,104,109,115,108,92,94,119,96,137,112,114,144,125,137,117,116,121,100,106,105,86,52,46,61,48,40,42,52,30,37,42,50,27,34,31,22,24,20,7254
3127,BALWYN_RD N of CANTERBURY_RD,046 D11,-37.82506,145.078,6813,502,1,1,10/14/2006,15,19,16,14,10,6,10,8,5,4,3,2,2,1,8,3,7,6,4,6,1,3,8,11,12,14,24,25,28,32,46,57,61,67,83,80,98,97,90,127,104,102,126,137,150,149,130,146,155,126,134,142,131,137,121,115,117,108,118,121,122,123,83,120,115,126,111,103,108,131,95,101,108,104,80,133,79,95,69,42,43,42,35,50,32,38,36,34,33,27,30,30,30,28,24,32,6274
3127,BALWYN_RD N of CANTERBURY_RD,046 D11,-37.82506,145.078,6813,502,1,1,10/15/2006,30,24,25,15,13,12,10,10,10,3,8,7,7,4,4,7,5,4,4,8,4,4,10,10,6,12,23,21,20,15,23,37,39,31,36,54,64,65,85,91,63,86,104,102,101,98,82,105,83,122,104,91,92,84,99,98,101,71,89,90,78,83,82,112,78,91,71,107,90,74,81,68,72,64,65,70,53,53,42,38,38,27,20,38,38,31,30,22,22,28,24,13,5,14,9,5,4561
3127,BALWYN_RD N of CANTERBURY_RD,046 D11,-37.82506,145.078,6813,502,1,1,10/16/2006,5,6,9,1,3,4,2,5,1,1,1,0,3,3,4,2,4,2,2,7,2,13,15,16,20,37,53,71,101,155,177,189,172,171,168,170,157,156,139,120,98,93,105,103,76,100,101,106,79,104,98,107,78,93,97,94,94,91,86,95,102,134,110,110,108,96,122,114,120,121,98,110,122,100,95,82,66,86,52,50,47,39,45,45,48,26,39,31,26,33,14,18,24,5,3,7,6513
3127,BALWYN_RD N of CANTERBURY_RD,046 D11,-37.82506,145.078,6813,502,1,1,10/17/2006,4,4,2,1,1,3,2,4,0,7,1,3,0,4,0,2,2,4,2,3,3,6,11,18,27,35,63,77,129,164,187,161,168,186,179,161,172,166,127,133,95,106,113,107,98,91,107,102,100,122,93,94,91,109,85,91,73,106,116,104,132,109,134,108,107,114,106,98,123,116,105,137,113,114,94,102,95,71,63,74,57,45,37,42,41,41,48,30,35,21,23,26,19,18,12,12,6847
3127,BALWYN_RD N of CANTERBURY_RD,046 D11,-37.82506,145.078,6813,502,1,1,10/18/2006,6,6,4,5,3,2,6,5,2,0,5,3,3,1,0,1,2,4,5,3,2,10,7,16,24,35,58,77,112,172,192,176,195,179,190,154,182,154,116,142,98,111,109,117,127,107,122,118,83,82,92,109,102,104,94,128,120,86,111,99,120,117,96,114,119,134,110,112,109,121,131,129,124,119,131,146,120,95,55,61,49,56,41,39,36,25,44,41,37,28,28,32,12,14,18,13,7154
3127,BALWYN_RD N of CANTERBURY_RD,046 D11,-37.82506,145.078,6813,502,1,1,10/19/2006,11,3,7,1,4,6,2,1,4,2,1,1,4,0,0,2,1,4,4,4,2,6,6,19,28,33,62,71,120,166,170,233,192,195,197,186,152,155,140,134,116,114,116,91,138,118,119,119,105,119,99,118,99,130,89,122,89,91,85,98,103,137,120,102,102,138,111,102,122,124,114,136,108,100,121,132,123,103,49,47,59,49,59,48,64,40,52,42,43,36,37,21,26,7,11,15,7307
3127,BALWYN_RD N of CANTERBURY_RD,046 D11,-37.82506,145.078,6813,502,1,1,10/20/2006,14,5,8,4,4,4,3,5,1,2,1,2,5,3,2,0,3,5,3,4,4,6,9,17,19,27,60,81,106,161,194,171,167,169,204,157,168,162,128,135,131,95,130,121,97,117,114,122,115,108,92,108,110,98,117,103,94,113,118,98,114,100,113,127,122,126,130,129,120,132,125,116,112,152,107,117,107,92,91,64,61,45,44,51,45,45,52,33,39,50,44,43,22,26,10,24,7354
3127,BALWYN_RD N of CANTERBURY_RD,046 D11,-37.82506,145.078,6813,502,1,1,10/21/2006,18,12,13,9,3,14,7,9,8,4,4,8,3,5,0,4,3,5,6,4,2,7,4,9,15,12,18,33,22,47,51,61,47,68,91,128,86,148,117,141,129,116,129,131,127,166,128,155,114,133,159,141,124,128,126,129,111,127,150,96,94,117,89,124,116,75,105,102,104,99,114,88,117,109,104,81,96,70,81,58,62,42,38,28,43,41,25,30,32,28,39,38,28,31,27,35,6375
3127,BALWYN_RD N of CANTERBURY_RD,046 D11,-37.82506,145.078,6813,502,1,1,10/22/2006,22,26,23,19,18,15,9,9,7,7,10,3,2,3,2,3,5,4,2,10,2,4,6,4,9,7,17,18,13,25,14,28,22,31,51,50,44,63,62,95,106,85,107,80,87,104,79,95,117,119,95,110,104,91,101,87,85,94,88,75,99,90,85,103,81,81,73,82,90,80,85,81,76,76,63,57,44,57,52,36,30,52,37,43,36,32,27,26,26,24,19,19,19,10,7,5,4576
3127,BALWYN_RD N of CANTERBURY_RD,046 D11,-37.82506,145.078,6813,502,1,1,10/23/2006,7,3,6,4,3,0,3,1,3,0,3,1,3,3,0,3,5,1,3,3,7,5,15,7,25,36,58,69,109,133,197,163,164,166,188,150,172,154,109,95,87,109,103,82,111,110,113,92,107,105,114,103,88,88,90,95,103,82,93,88,119,111,135,112,138,117,102,97,106,102,110,122,103,107,66,73,77,74,58,48,50,44,26,33,45,43,39,34,32,19,17,24,21,9,5,4,6462
3127,BALWYN_RD N of CANTERBURY_RD,046 D11,-37.82506,145.078,6813,502,1,1,10/29/2006,24,26,18,23,13,11,7,9,7,3,8,7,12,13,8,6,5,10,4,9,12,7,7,8,3,18,10,21,14,20,16,24,35,28,44,45,49,50,64,81,70,86,113,97,114,81,94,126,112,101,92,91,109,74,82,85,108,76,113,75,73,91,96,103,79,77,90,94,93,94,78,78,81,87,65,81,47,52,46,44,29,41,45,44,38,33,39,27,29,20,38,13,16,15,12,9,4675
3127,BALWYN_RD N of CANTERBURY_RD,046 D11,-37.82506,145.078,6813,502,1,1,10/30/2006,7,12,4,5,3,5,1,4,4,3,0,2,1,0,1,5,1,2,5,2,7,4,13,12,17,25,50,65,112,142,166,174,175,180,183,192,156,132,144,117,94,118,103,113,122,89,110,99,113,102,106,103,92,75,71,102,95,96,92,93,107,117,104,119,97,95,109,118,127,108,137,91,125,75,104,74,62,72,60,53,41,26,26,45,46,27,32,21,27,24,24,22,5,20,12,6,6479
3127,BALWYN_RD N of CANTERBURY_RD,046 D11,-37.82506,145.078,6813,502,1,1,10/31/2006,8,3,5,2,2,3,3,4,4,2,1,2,1,0,3,1,2,2,3,4,1,5,13,13,17,23,60,82,122,166,186,194,170,171,173,161,162,173,119,137,107,109,116,113,103,101,97,109,101,99,107,108,109,100,110,99,91,99,108,106,120,118,109,112,139,126,97,101,107,120,101,139,107,119,97,102,90,82,75,52,54,44,41,51,46,47,39,40,35,35,28,22,12,15,8,4,6929
3180,DONCASTER_RD E of BALWYN_RD,046 E03,-37.79611,145.08372,16199,508,3,1,10/1/2006,34,41,33,30,30,17,21,9,17,10,10,6,10,12,5,10,13,7,6,3,7,7,8,13,12,18,21,27,23,30,24,39,35,51,56,65,64,87,102,85,88,123,86,119,96,114,106,114,106,122,129,112,113,109,122,127,133,115,119,104,137,122,103,122,129,90,113,113,123,120,116,98,103,118,75,100,72,66,70,61,46,52,49,68,67,56,46,47,33,31,40,19,15,17,13,12,6017
3180,DONCASTER_RD E of BALWYN_RD,046 E03,-37.79611,145.08372,16199,508,3,1,10/8/2006,58,45,41,33,21,20,24,15,11,21,8,15,16,15,9,9,5,5,2,4,7,3,8,9,20,9,29,28,20,25,27,19,25,55,43,78,66,76,98,108,101,107,123,105,123,116,122,127,128,103,130,133,103,132,99,106,102,111,101,103,127,105,105,120,118,114,115,120,135,137,114,120,102,111,93,93,75,77,61,60,58,55,54,57,42,53,34,44,57,36,35,30,25,22,15,7,6131
3180,DONCASTER_RD E of BALWYN_RD,046 E03,-37.79611,145.08372,16199,508,3,1,10/15/2006,58,40,36,25,29,23,16,15,14,15,10,13,7,12,8,4,8,15,4,6,11,12,14,22,15,21,21,22,17,26,21,0,25,49,52,81,75,92,105,101,98,99,99,121,128,103,136,149,125,123,112,122,126,119,113,125,111,124,114,126,125,106,126,100,116,134,110,118,127,122,113,99,123,113,83,88,78,62,55,23,35,46,44,54,44,53,57,31,43,39,37,22,21,14,11,14,6099
3180,DONCASTER_RD E of BALWYN_RD,046 E03,-37.79611,145.08372,16199,508,3,1,10/22/2006,63,50,34,27,15,19,22,19,12,12,15,10,13,18,5,8,9,5,12,4,1,4,12,12,15,20,21,23,26,22,33,40,41,53,57,75,78,99,108,108,113,107,119,145,118,109,128,141,126,122,151,131,134,129,124,114,104,122,126,135,114,125,143,115,131,135,118,143,133,124,122,98,120,110,107,77,81,88,79,23,35,59,56,60,53,41,57,41,39,33,23,23,25,29,14,7,6499
3180,DONCASTER_RD E of BALWYN_RD,046 E03,-37.79611,145.08372,16199,508,3,1,10/29/2006,34,37,18,31,14,16,18,0,0,0,0,14,9,13,9,15,9,11,8,7,7,10,4,12,11,20,17,23,18,23,20,39,41,46,59,68,60,94,118,108,108,111,111,106,118,107,107,121,130,126,127,125,136,119,104,103,123,118,104,124,135,127,130,126,144,142,121,111,127,148,110,123,115,105,128,98,91,59,58,63,66,63,84,60,78,52,47,37,42,34,37,26,22,25,16,11,6350
3180,BALWYN_RD S of DONCASTER_RD,046 E03,-37.79635,145.08352,17052,508,5,1,10/1/2006,22,27,22,23,21,11,18,8,6,11,7,4,8,4,4,5,6,3,6,2,3,2,6,7,2,9,14,11,14,15,14,19,20,24,29,36,41,61,42,81,68,80,68,82,99,77,82,92,93,104,89,104,106,71,90,79,85,84,89,98,80,77,93,76,90,84,86,116,105,106,101,88,103,75,83,69,57,48,56,45,44,37,43,47,47,55,35,38,27,25,22,19,24,16,11,12,4548
3180,BALWYN_RD S of DONCASTER_RD,046 E03,-37.79635,145.08352,17052,508,5,1,10/2/2006,8,7,2,4,3,3,0,1,3,1,7,0,3,3,0,0,1,3,3,3,2,6,12,8,12,14,18,33,41,63,69,91,115,144,182,156,100,95,68,104,94,71,97,88,85,110,99,95,105,99,82,91,93,94,80,90,88,99,91,101,136,170,216,185,192,164,174,203,193,191,207,204,205,175,124,133,113,91,68,66,75,52,53,69,76,61,30,41,43,42,35,25,10,14,10,4,7090
3180,BALWYN_RD S of DONCASTER_RD,046 E03,-37.79635,145.08352,17052,508,5,1,10/3/2006,14,4,6,0,5,3,4,2,1,0,1,4,1,2,2,1,2,1,3,2,3,12,5,7,16,18,24,26,44,47,74,96,124,173,185,186,133,119,64,101,77,91,98,88,85,89,116,96,83,97,94,91,83,88,101,102,93,101,106,131,126,149,194,207,194,188,176,188,199,201,202,221,222,170,161,133,113,99,92,71,62,63,52,69,73,53,53,37,44,39,47,26,28,22,23,12,7434
3180,BALWYN_RD S of DONCASTER_RD,046 E03,-37.79635,145.08352,17052,508,5,1,10/4/2006,12,8,7,6,3,4,2,5,2,0,0,2,5,4,0,0,1,1,5,3,3,8,9,12,12,22,22,40,42,74,85,91,115,140,190,186,133,116,86,103,91,96,88,88,85,99,99,95,96,101,104,91,83,89,101,84,94,109,120,116,126,171,194,173,189,203,174,188,172,227,203,208,211,188,153,133,113,92,65,71,73,58,58,58,67,80,48,64,46,36,42,44,30,22,17,21,7506
3180,BALWYN_RD S of DONCASTER_RD,046 E03,-37.79635,145.08352,17052,508,5,1,10/7/2006,19,22,16,14,9,12,10,2,11,4,11,2,4,6,4,3,2,3,5,7,4,5,5,4,10,12,13,27,16,22,26,41,47,54,65,99,93,84,100,128,94,117,130,145,133,144,118,148,143,148,152,155,134,148,154,91,85,138,111,140,131,139,132,120,110,141,164,115,141,115,119,137,112,131,120,106,76,96,77,36,27,68,53,56,55,53,36,54,39,48,39,43,60,44,52,30,6724
3180,BALWYN_RD S of DONCASTER_RD,046 E03,-37.79635,145.08352,17052,508,5,1,10/8/2006,58,40,29,22,23,17,17,11,9,10,9,13,8,6,7,4,7,1,11,3,4,8,4,4,6,4,8,7,7,11,17,6,7,38,43,56,45,58,55,90,72,74,64,75,64,66,92,86,96,97,110,97,104,95,99,88,107,83,88,82,101,105,86,99,85,97,92,90,108,110,133,108,114,89,96,76,70,57,60,47,51,48,44,48,45,56,27,27,31,26,29,17,26,10,11,5,4846
3180,BALWYN_RD S of DONCASTER_RD,046 E03,-37.79635,145.08352,17052,508,5,1,10/9/2006,6,11,6,5,3,4,1,1,3,2,1,1,4,1,2,1,2,5,2,2,7,9,7,12,11,19,24,28,41,54,87,94,107,164,198,186,109,96,89,82,73,83,97,88,85,96,85,86,80,117,99,91,102,84,102,76,95,108,119,116,151,172,194,185,192,160,181,182,199,223,219,196,198,156,157,155,128,82,66,71,73,61,51,56,88,43,35,43,37,34,22,33,27,19,7,11,7276
3180,BALWYN_RD S of DONCASTER_RD,046 E03,-37.79635,145.08352,17052,508,5,1,10/14/2006,35,40,29,28,14,14,8,6,3,5,6,4,5,6,5,3,1,5,9,8,3,6,5,6,7,18,11,18,14,26,28,46,44,58,65,81,79,86,115,114,130,136,137,145,144,133,133,143,139,131,140,141,127,145,122,126,117,120,96,101,129,119,137,121,115,111,127,140,126,165,110,143,129,124,111,120,101,83,68,73,55,56,59,54,72,52,54,45,42,48,67,38,34,50,35,32,6815
3180,BALWYN_RD S of DONCASTER_RD,046 E03,-37.79635,145.08352,17052,508,5,1,10/15/2006,38,40,34,17,22,19,13,17,13,9,10,8,10,5,12,8,7,4,5,3,8,6,4,8,7,5,9,18,11,18,21,6,7,29,26,40,39,62,72,70,70,98,79,105,86,72,76,121,115,115,101,113,100,95,92,94,99,99,85,114,96,97,98,105,115,85,103,94,122,99,107,96,89,88,89,79,62,52,58,31,32,46,43,39,54,45,34,33,33,28,33,20,20,12,10,13,4949
3180,BALWYN_RD S of DONCASTER_RD,046 E03,-37.79635,145.08352,17052,508,5,1,10/16/2006,5,10,11,4,6,5,2,2,2,2,1,3,3,2,1,1,2,2,1,3,8,9,7,8,11,20,27,26,49,56,77,78,122,157,205,190,133,100,100,82,73,93,76,88,85,91,83,95,96,110,104,93,87,98,106,91,96,97,88,116,126,172,194,173,217,162,198,188,199,211,214,207,215,165,133,133,113,91,92,56,72,50,71,57,72,50,40,44,48,30,27,20,21,19,14,7,7300
3180,BALWYN_RD S of DONCASTER_RD,046 E03,-37.79635,145.08352,17052,508,5,1,10/21/2006,22,21,16,14,16,9,11,11,5,7,3,4,4,4,1,5,1,4,6,6,7,8,8,6,13,19,16,17,23,23,24,48,54,56,59,81,71,99,80,106,114,116,97,151,110,113,141,148,143,139,140,166,153,148,101,134,100,125,117,101,124,113,113,138,119,119,139,136,134,129,117,140,120,108,99,92,89,98,78,60,52,79,55,52,62,48,39,41,43,36,56,38,60,50,30,46,6597
3180,BALWYN_RD S of DONCASTER_RD,046 E03,-37.79635,145.08352,17052,508,5,1,10/22/2006,42,43,20,21,23,21,12,14,12,13,7,10,6,6,6,4,6,4,6,5,2,4,4,8,8,7,12,8,7,12,14,13,34,28,26,42,42,53,75,84,66,75,100,87,73,92,73,125,96,97,100,120,111,114,104,100,85,100,92,87,108,92,120,107,112,116,79,80,115,114,91,96,107,102,70,79,74,74,59,31,32,60,45,45,47,46,29,43,38,27,27,30,29,16,12,15,5028
3180,BALWYN_RD S of DONCASTER_RD,046 E03,-37.79635,145.08352,17052,508,5,1,10/23/2006,11,20,6,7,6,6,2,2,4,2,1,3,1,1,0,0,3,2,2,3,4,10,6,16,8,23,21,32,28,49,86,91,115,135,175,174,109,100,103,82,73,104,85,92,85,90,102,112,106,100,72,91,83,98,88,92,94,78,118,95,130,153,194,181,197,163,159,168,206,196,240,208,211,156,142,107,122,86,61,69,78,67,51,63,51,41,36,38,32,37,44,23,14,10,10,15,7066
3180,BALWYN_RD S of DONCASTER_RD,046 E03,-37.79635,145.08352,17052,508,5,1,10/24/2006,7,8,1,2,3,3,1,2,2,2,1,2,2,2,1,2,2,2,4,3,3,8,5,8,12,25,24,38,34,55,88,94,117,152,183,186,141,96,82,98,84,83,79,88,104,94,87,87,104,116,93,117,80,106,90,110,93,95,104,144,117,172,194,173,196,189,144,188,199,213,239,208,223,169,158,138,93,122,82,65,71,58,63,60,58,68,51,48,56,45,39,36,26,26,18,12,7476
3180,BALWYN_RD S of DONCASTER_RD,046 E03,-37.79635,145.08352,17052,508,5,1,10/25/2006,16,11,8,6,5,5,3,1,3,2,2,6,2,2,2,2,2,3,2,2,1,6,7,13,17,23,18,30,34,48,90,94,106,141,190,176,136,117,88,89,73,90,88,88,85,74,102,79,122,89,95,86,84,123,98,100,109,82,120,116,126,176,168,173,169,207,171,192,203,203,230,207,216,175,159,151,119,86,76,71,73,54,68,54,66,77,53,65,39,50,46,30,35,18,9,9,7436
3180,BALWYN_RD S of DONCASTER_RD,046 E03,-37.79635,145.08352,17052,508,5,1,10/28/2006,19,30,19,13,13,7,8,8,8,3,5,5,6,3,2,2,3,1,3,8,3,7,7,14,6,19,16,21,20,19,21,36,51,53,62,112,78,110,90,121,119,109,140,107,117,138,141,154,148,121,138,127,127,152,167,91,85,149,115,139,137,126,136,117,126,124,124,116,109,127,138,101,111,133,107,93,81,88,68,36,27,58,41,58,51,36,52,44,38,39,37,49,51,45,46,48,6534
3180,BALWYN_RD S of DONCASTER_RD,046 E03,-37.79635,145.08352,17052,508,5,1,10/29/2006,39,41,27,34,22,11,9,12,10,9,8,7,10,8,10,12,7,9,7,4,6,3,4,11,3,4,6,12,13,18,8,12,14,17,28,39,41,57,51,90,67,59,70,63,89,89,90,95,91,85,105,96,118,112,85,85,98,81,84,94,100,105,111,103,110,108,80,109,112,111,121,86,100,108,87,74,64,66,54,31,42,59,47,49,41,40,41,45,34,43,27,29,20,26,17,16,4905
3180,BALWYN_RD S of DONCASTER_RD,046 E03,-37.79635,145.08352,17052,508,5,1,10/30/2006,13,7,11,5,7,3,7,3,1,2,3,2,1,2,1,1,2,2,3,8,2,7,4,8,9,18,21,25,41,57,81,80,103,153,198,186,129,98,84,77,86,92,76,88,85,87,95,95,96,105,115,91,83,90,101,108,95,97,113,120,126,170,207,185,192,187,188,184,199,204,199,222,183,172,149,132,120,97,70,73,73,44,65,70,58,38,32,48,45,43,31,22,26,14,21,11,7283
3180,DONCASTER_RD W of BALWYN_RD,046 E03,-37.79618,145.08328,5950,508,7,1,10/1/2006,22,29,25,21,12,15,14,15,7,11,10,10,5,7,9,8,5,5,5,3,5,6,3,2,5,2,6,6,7,7,9,7,12,12,22,36,20,25,39,38,43,63,45,53,51,45,92,86,101,77,94,66,92,66,110,102,120,95,101,82,57,99,60,62,94,56,72,107,66,70,56,52,52,56,43,48,36,35,25,24,27,23,24,31,30,25,32,23,18,22,18,15,9,12,8,6,3584
3180,DONCASTER_RD W of BALWYN_RD,046 E03,-37.79618,145.08328,5950,508,7,1,10/2/2006,2,4,4,3,1,3,7,3,1,3,1,5,0,3,1,3,2,1,4,6,1,5,3,3,7,6,13,15,20,47,43,28,48,62,76,73,108,91,56,75,82,58,102,101,84,115,104,111,125,108,111,101,96,104,125,120,101,94,83,91,121,120,149,140,128,138,141,164,122,130,179,174,165,155,143,101,118,116,99,105,78,46,45,88,42,51,42,55,33,28,37,35,19,23,17,12,6212
3180,DONCASTER_RD W of BALWYN_RD,046 E03,-37.79618,145.08328,5950,508,7,1,10/3/2006,10,17,12,8,6,2,8,4,3,3,3,2,5,1,1,3,3,5,5,11,7,15,12,15,18,27,35,43,45,65,50,57,79,104,116,128,112,89,93,58,86,95,102,101,93,114,101,96,105,116,112,115,124,107,100,104,110,115,116,109,111,134,151,154,145,137,154,157,160,172,179,174,165,155,125,132,118,116,99,84,85,75,51,62,64,66,61,76,47,51,41,38,42,26,29,20,7057
3180,DONCASTER_RD W of BALWYN_RD,046 E03,-37.79618,145.08328,5950,508,7,1,10/4/2006,18,9,9,10,12,10,7,6,9,4,7,2,3,1,7,5,4,10,5,9,5,9,8,15,16,21,27,42,45,54,65,70,73,97,108,127,108,79,81,88,77,84,119,101,93,109,118,128,97,115,133,116,119,112,97,98,95,97,122,118,127,138,151,154,146,156,142,168,175,162,146,174,165,176,142,132,118,121,82,105,85,76,66,66,65,57,61,61,60,60,55,68,32,23,32,15,7195
3180,DONCASTER_RD W of BALWYN_RD,046 E03,-37.79618,145.08328,5950,508,7,1,10/5/2006,18,10,16,6,6,9,7,8,8,9,5,6,6,21,3,6,2,1,3,12,20,5,16,12,25,17,17,11,28,33,41,45,71,89,77,99,74,70,86,85,86,79,88,101,93,70,101,122,114,100,84,115,124,117,117,120,115,129,122,118,127,147,158,186,163,148,160,173,172,172,160,180,176,169,138,133,93,90,99,95,77,89,71,74,69,63,48,60,28,29,62,28,57,26,31,28,6977
3180,DONCASTER_RD W of BALWYN_RD,046 E03,-37.79618,145.08328,5950,508,7,1,10/6/2006,8,10,19,6,3,3,3,4,7,7,5,7,2,2,2,7,7,6,5,11,5,11,14,18,18,19,38,48,47,57,68,70,73,89,109,118,108,77,65,85,62,95,102,101,93,114,101,122,114,111,123,111,112,106,116,113,94,96,99,118,127,143,151,174,177,132,154,169,150,160,152,169,178,142,147,132,118,147,106,105,85,45,68,34,32,75,39,40,32,37,26,34,24,33,32,44,6977
3180,DONCASTER_RD W of BALWYN_RD,046 E03,-37.79618,145.08328,5950,508,7,1,10/7/2006,47,31,41,21,25,22,30,22,8,12,10,12,21,11,18,9,8,14,1,10,11,14,14,5,3,9,11,21,31,25,31,57,48,71,102,87,101,62,86,76,73,81,92,112,134,142,162,146,111,114,112,102,81,113,141,42,44,119,131,120,113,125,131,126,141,123,119,98,116,127,135,108,106,109,103,103,84,61,46,15,17,34,45,46,31,42,47,48,47,68,63,34,66,38,104,53,6282
3180,DONCASTER_RD W of BALWYN_RD,046 E03,-37.79618,145.08328,5950,508,7,1,10/8/2006,32,42,46,76,60,42,17,18,17,11,11,11,29,16,43,56,5,12,15,13,4,13,13,13,8,7,12,17,7,19,21,0,0,25,37,48,44,60,35,46,66,51,58,49,59,75,134,147,93,73,53,60,89,129,98,112,123,96,99,84,119,87,71,90,79,48,73,118,64,76,61,90,66,56,63,47,40,65,42,63,48,37,40,25,30,31,13,21,37,36,41,28,30,25,48,29,4686
3180,DONCASTER_RD W of BALWYN_RD,046 E03,-37.79618,145.08328,5950,508,7,1,10/9/2006,16,13,19,3,15,7,1,5,2,5,0,1,1,8,2,4,3,3,3,9,4,6,13,3,16,13,22,46,41,61,81,58,80,99,112,118,108,89,97,85,86,58,102,101,93,114,76,122,114,122,114,115,124,85,108,90,99,93,110,108,127,96,145,154,146,138,154,157,137,172,179,146,162,133,105,94,118,85,99,105,85,57,68,88,44,47,52,70,26,38,35,38,24,23,17,22,6692
3180,DONCASTER_RD W of BALWYN_RD,046 E03,-37.79618,145.08328,5950,508,7,1,10/10/2006,6,12,10,5,8,8,4,4,5,6,0,6,7,2,5,5,7,7,0,24,1,10,8,17,6,11,9,46,55,50,68,70,73,73,88,116,86,70,64,66,86,95,102,101,93,95,102,95,108,104,109,115,124,108,112,128,102,112,116,92,91,142,151,154,146,130,132,157,160,169,187,174,165,176,133,134,118,116,99,105,85,105,73,61,73,42,50,57,43,46,62,55,24,32,24,10,6898
3180,DONCASTER_RD W of BALWYN_RD,046 E03,-37.79618,145.08328,5950,508,7,1,10/11/2006,21,14,7,4,9,11,13,5,15,15,8,23,6,6,3,31,26,8,2,2,4,11,8,8,7,17,9,51,43,58,67,70,73,78,125,111,108,94,69,85,86,80,65,101,93,114,101,122,114,122,110,115,114,104,115,92,94,108,117,108,130,135,174,151,153,137,150,169,167,166,157,170,153,143,149,132,118,99,85,68,72,58,49,34,53,81,72,62,56,48,57,43,41,41,34,21,7028
3180,DONCASTER_RD W of BALWYN_RD,046 E03,-37.79618,145.08328,5950,508,7,1,10/12/2006,29,22,11,10,6,7,7,5,7,3,3,4,11,5,7,11,23,23,6,8,6,13,4,13,19,42,21,19,26,48,50,41,53,83,105,118,113,83,68,70,94,101,97,101,93,110,124,108,115,105,123,109,96,117,124,85,122,116,100,111,127,122,154,163,123,127,149,169,172,157,167,174,165,153,125,121,112,129,90,85,78,72,85,81,58,78,75,45,57,68,45,45,49,40,39,19,7072
3180,DONCASTER_RD W of BALWYN_RD,046 E03,-37.79618,145.08328,5950,508,7,1,10/13/2006,25,15,19,14,5,15,5,6,10,9,5,5,10,5,9,10,9,2,6,10,5,3,9,20,9,25,36,55,52,65,63,70,86,103,125,111,84,110,73,85,86,115,111,121,104,99,116,113,131,121,88,115,111,114,105,98,95,118,103,116,124,138,151,181,159,153,140,157,160,162,179,192,165,155,158,139,128,107,105,105,83,73,85,59,59,49,52,57,42,58,62,60,51,54,60,37,7462
3180,DONCASTER_RD W of BALWYN_RD,046 E03,-37.79618,145.08328,5950,508,7,1,10/14/2006,43,41,32,30,28,21,18,17,14,19,15,10,8,14,11,12,12,10,11,9,6,12,11,13,13,7,14,24,31,20,34,55,60,46,87,99,96,107,123,132,114,100,127,142,126,149,146,165,123,145,167,159,146,139,146,102,44,139,119,88,107,102,115,128,134,132,95,125,102,126,125,118,99,117,72,75,80,56,38,48,34,36,29,32,37,25,30,26,41,29,35,31,33,26,30,46,6465
3180,DONCASTER_RD W of BALWYN_RD,046 E03,-37.79618,145.08328,5950,508,7,1,10/15/2006,23,31,31,43,18,16,15,23,16,14,15,27,34,18,14,11,12,12,14,12,10,13,9,12,12,6,15,6,13,20,24,0,0,25,17,48,37,40,45,63,54,78,80,57,51,71,59,184,110,131,106,84,100,113,140,93,127,95,117,80,96,116,91,93,109,124,112,97,90,111,68,60,54,67,62,60,47,34,28,0,0,22,18,42,49,45,45,52,22,25,30,35,22,28,7,17,4722
3180,DONCASTER_RD W of BALWYN_RD,046 E03,-37.79618,145.08328,5950,508,7,1,10/16/2006,10,15,8,7,7,5,3,5,5,6,4,4,1,3,3,4,1,4,8,4,11,5,8,8,6,32,36,37,45,55,65,68,64,90,102,81,93,82,86,85,86,88,108,101,93,110,89,122,114,86,113,80,115,110,107,95,108,90,99,118,127,109,119,135,146,109,154,157,160,135,179,174,127,169,145,132,118,103,76,97,78,75,106,55,65,94,49,35,46,53,21,19,33,20,26,19,6663
3180,DONCASTER_RD W of BALWYN_RD,046 E03,-37.79618,145.08328,5950,508,7,1,10/17/2006,16,17,7,4,6,6,2,4,23,4,4,8,20,0,13,10,1,2,11,2,2,3,6,17,13,33,37,46,67,61,74,54,69,102,94,122,94,64,68,85,86,96,98,101,104,109,119,122,114,96,92,102,124,85,106,105,109,102,116,118,127,146,146,154,120,145,154,164,163,172,179,174,165,155,133,107,118,116,99,105,85,43,68,65,66,54,66,62,61,67,55,30,30,29,34,28,7060
3180,DONCASTER_RD W of BALWYN_RD,046 E03,-37.79618,145.08328,5950,508,7,1,10/18/2006,33,22,11,15,14,5,6,4,10,10,7,3,0,3,6,3,3,3,12,6,8,12,7,8,10,13,11,35,60,42,63,62,88,100,123,128,90,92,85,79,64,79,105,101,93,114,89,94,114,122,114,108,124,107,93,98,95,110,98,117,143,125,160,131,134,169,159,153,171,172,146,174,165,155,133,132,118,116,99,105,85,60,68,43,49,39,42,70,34,36,62,25,20,34,34,29,6921
3180,DONCASTER_RD W of BALWYN_RD,046 E03,-37.79618,145.08328,5950,508,7,1,10/19/2006,25,24,17,3,5,7,13,37,15,15,10,9,16,4,14,22,18,23,15,9,11,13,14,16,7,27,50,45,50,49,57,52,80,84,111,123,117,84,57,85,86,74,102,101,93,83,132,125,87,122,114,115,124,139,106,133,119,133,115,121,113,128,165,118,146,138,154,136,160,172,179,168,150,179,133,132,118,116,99,105,85,75,47,68,41,52,64,49,57,60,57,46,57,34,36,36,7330
3180,DONCASTER_RD W of BALWYN_RD,046 E03,-37.79618,145.08328,5950,508,7,1,10/20/2006,21,8,16,13,5,5,8,13,4,8,3,7,1,5,9,13,3,6,1,8,3,3,10,14,9,29,45,47,67,43,53,70,88,98,108,127,131,90,88,85,86,108,103,110,119,114,101,122,90,122,121,115,124,83,90,86,75,120,136,87,93,116,152,144,118,138,154,141,160,145,179,174,165,126,133,132,118,116,99,75,69,43,46,65,62,75,72,40,47,33,40,37,41,42,37,26,6930
3180,DONCASTER_RD W of BALWYN_RD,046 E03,-37.79618,145.08328,5950,508,7,1,10/21/2006,29,26,41,24,29,8,8,17,17,13,11,18,11,11,14,5,17,10,7,7,10,7,10,12,7,14,13,12,37,22,55,59,51,38,62,65,96,85,94,96,62,100,106,81,119,121,158,147,117,113,132,127,88,90,99,85,88,95,100,86,81,113,94,116,101,107,95,114,109,105,124,112,102,108,93,86,67,60,46,31,17,31,25,45,38,31,43,33,31,45,22,25,62,76,54,59,5783
3180,DONCASTER_RD W of BALWYN_RD,046 E03,-37.79618,145.08328,5950,508,7,1,10/22/2006,54,46,38,46,45,31,25,32,26,15,17,25,10,10,22,12,12,12,11,14,7,14,12,4,6,8,12,14,16,16,19,27,14,28,17,29,30,39,52,79,36,60,67,65,61,72,84,150,66,102,85,103,74,72,53,80,68,95,53,61,73,80,67,63,89,62,83,62,85,92,67,69,68,69,46,44,101,76,30,0,0,29,37,57,43,25,21,15,19,16,15,14,13,10,5,6,4104
3180,DONCASTER_RD W of BALWYN_RD,046 E03,-37.79618,145.08328,5950,508,7,1,10/23/2006,4,2,8,18,13,10,28,1,1,3,1,2,3,3,0,4,3,11,8,11,3,4,5,7,7,17,40,49,63,64,67,70,73,83,79,93,100,96,55,85,86,95,80,85,87,114,84,89,114,102,100,115,124,107,105,98,90,100,79,105,129,152,119,171,138,126,151,167,192,169,179,174,165,155,133,132,86,116,99,105,54,67,83,65,55,62,57,48,50,55,47,28,19,11,24,21,6757
3180,DONCASTER_RD W of BALWYN_RD,046 E03,-37.79618,145.08328,5950,508,7,1,10/24/2006,25,10,16,2,9,7,3,15,20,7,11,23,8,23,17,10,2,1,1,3,9,8,8,12,10,13,19,25,58,31,40,40,66,72,115,111,88,84,62,67,58,79,102,66,82,114,101,122,114,122,87,115,97,94,104,122,94,104,128,112,135,142,172,154,131,131,174,126,160,166,179,167,136,155,133,103,120,102,86,105,63,72,68,70,64,73,62,66,60,70,57,41,27,30,26,29,6823
3180,DONCASTER_RD W of BALWYN_RD,046 E03,-37.79618,145.08328,5950,508,7,1,10/25/2006,26,15,23,9,13,18,6,4,5,10,3,6,3,1,3,7,3,2,4,5,8,10,9,11,16,22,41,48,56,58,67,70,79,109,104,132,112,105,97,85,93,86,113,101,93,115,112,112,117,102,103,115,124,107,79,75,95,110,112,118,127,122,154,154,128,138,154,157,160,172,179,174,165,155,133,132,107,109,104,105,85,80,54,59,65,57,65,56,52,51,48,68,46,22,31,23,7178
3180,DONCASTER_RD W of BALWYN_RD,046 E03,-37.79618,145.08328,5950,508,7,1,10/26/2006,15,16,17,15,9,10,6,11,7,14,5,4,4,8,14,3,2,4,10,7,5,15,14,25,15,23,39,52,52,46,65,70,90,100,109,138,120,112,83,96,123,80,78,101,93,114,127,81,95,122,114,115,86,107,107,117,95,86,112,139,96,141,143,140,115,127,122,123,160,142,179,206,165,155,133,132,118,116,72,66,93,68,44,53,37,50,45,63,55,42,26,47,46,36,29,9,6936
3180,DONCASTER_RD W of BALWYN_RD,046 E03,-37.79618,145.08328,5950,508,7,1,10/27/2006,20,18,16,15,13,12,3,6,6,10,2,3,4,9,6,2,7,2,10,5,5,7,6,14,14,23,28,47,55,60,59,77,87,98,123,118,82,97,86,85,86,84,102,101,93,114,101,96,92,122,91,115,124,107,92,78,78,110,112,118,98,115,150,123,142,138,154,138,160,172,151,174,165,155,121,116,99,116,76,105,85,52,57,49,62,55,60,78,52,60,60,67,57,49,49,42,6958
3180,DONCASTER_RD W of BALWYN_RD,046 E03,-37.79618,145.08328,5950,508,7,1,10/28/2006,38,28,31,34,19,17,24,27,17,17,13,19,11,10,18,9,4,9,14,4,8,4,10,18,9,15,14,17,29,28,40,59,46,54,98,83,97,103,103,121,93,100,111,92,113,134,143,148,141,144,152,143,135,145,125,42,44,114,148,123,116,113,134,107,121,92,85,131,109,129,124,117,119,128,97,60,85,74,60,15,17,39,59,56,63,40,52,44,63,60,51,54,76,54,55,62,6570
3180,DONCASTER_RD W of BALWYN_RD,046 E03,-37.79618,145.08328,5950,508,7,1,10/29/2006,39,38,34,49,31,23,31,23,16,14,15,12,19,25,19,19,19,12,16,8,8,16,12,19,6,13,6,14,13,12,9,20,19,24,26,36,46,48,64,78,83,44,38,53,51,55,100,80,136,101,103,123,96,95,122,120,118,114,104,93,98,111,107,79,99,101,126,125,87,88,96,105,67,78,54,42,53,64,54,26,40,23,46,46,48,28,22,19,15,24,13,18,17,16,16,20,4851
3180,DONCASTER_RD W of BALWYN_RD,046 E03,-37.79618,145.08328,5950,508,7,1,10/30/2006,18,16,15,12,9,8,10,7,5,3,3,6,2,3,1,6,5,5,6,3,8,8,9,9,16,17,32,37,44,74,63,54,87,72,118,117,108,94,64,77,86,95,78,88,118,80,109,122,114,98,107,115,124,84,135,102,100,118,106,134,112,130,168,154,146,173,158,172,157,172,182,178,174,155,139,132,118,97,99,105,85,75,46,95,54,75,55,70,56,54,38,55,57,32,18,23,7173
3180,DONCASTER_RD W of BALWYN_RD,046 E03,-37.79618,145.08328,5950,508,7,1,10/31/2006,19,18,9,12,3,10,2,4,8,5,4,1,1,3,4,2,4,3,8,7,7,6,12,14,10,23,33,49,45,62,74,72,78,95,108,140,121,115,75,60,81,74,102,71,84,114,101,112,114,122,125,122,94,120,106,108,121,113,98,144,108,151,151,154,124,169,148,158,165,179,194,174,165,151,152,103,96,84,99,72,85,75,68,65,62,75,45,64,56,36,46,45,28,16,20,19,7054
3662,HIGH_ST SW of DENMARK_ST,045 C06,-37.80926,145.02729,5482,289,6,1,10/1/2006,63,67,62,71,43,38,34,75,32,33,26,36,15,21,24,24,30,25,25,21,15,20,11,18,13,18,18,26,34,33,28,36,41,35,59,53,43,68,45,80,69,117,87,119,100,158,120,137,129,104,129,119,130,96,147,143,151,111,156,154,152,124,184,135,158,116,158,154,136,150,139,160,138,109,105,111,91,71,96,65,74,79,76,49,57,82,55,47,67,58,37,50,31,32,29,29,7339
3662,HIGH_ST SW of DENMARK_ST,045 C06,-37.80926,145.02729,5482,289,6,1,10/22/2006,78,71,72,52,46,51,52,39,30,31,32,36,25,28,25,30,17,22,23,15,11,14,14,10,12,27,21,29,36,27,37,35,40,36,39,48,52,52,54,82,100,101,87,96,87,127,119,113,154,140,157,112,114,101,144,115,117,147,130,141,132,121,164,105,136,212,136,173,160,197,143,149,148,153,99,91,82,81,85,62,69,59,92,50,71,79,37,60,48,52,42,37,37,37,31,24,7307
3662,STUDLEY PARK_RD W of PRINCESS_ST,045 C06,-37.80892,145.02704,6295,289,7,1,10/1/2006,35,37,42,23,25,28,22,18,20,19,20,20,10,15,13,15,12,8,11,7,10,10,13,9,6,11,11,5,12,11,14,17,18,26,33,43,50,58,60,62,53,64,76,80,76,82,84,90,83,114,81,120,98,71,96,77,103,99,87,93,96,123,96,110,112,115,123,99,109,111,93,89,101,82,76,93,61,61,78,66,43,45,40,36,33,34,48,32,33,39,33,25,24,18,18,17,5018
3662,STUDLEY PARK_RD W of PRINCESS_ST,045 C06,-37.80892,145.02704,6295,289,7,1,10/7/2006,28,25,41,32,32,25,26,22,23,19,12,15,11,11,15,6,8,8,2,8,8,17,2,10,8,11,13,17,14,25,40,49,34,52,75,79,76,100,68,111,111,106,85,120,117,113,109,103,131,99,107,101,114,94,94,105,100,105,118,93,106,108,117,108,131,104,139,94,139,129,94,107,103,107,91,108,75,80,61,80,61,64,58,40,45,59,48,49,53,39,41,59,38,60,64,73,6235
3662,STUDLEY PARK_RD W of PRINCESS_ST,045 C06,-37.80892,145.02704,6295,289,7,1,10/8/2006,48,50,50,40,31,28,16,24,21,26,27,24,16,18,15,7,13,7,12,2,7,5,7,11,7,12,9,10,12,13,18,17,20,25,27,43,65,50,54,85,64,71,86,69,78,83,82,87,87,109,96,86,89,91,114,90,95,96,95,104,104,106,87,111,110,121,100,104,101,109,111,82,84,92,80,73,75,61,59,47,39,36,53,38,39,38,45,41,47,39,36,22,20,24,17,8,5103
3662,STUDLEY PARK_RD W of PRINCESS_ST,045 C06,-37.80892,145.02704,6295,289,7,1,10/14/2006,41,31,26,26,16,24,24,23,17,23,9,11,9,14,9,7,18,7,9,7,11,8,7,14,13,14,10,20,26,24,32,43,52,70,70,90,71,99,99,109,115,95,116,134,110,139,106,172,131,138,134,117,119,137,103,155,105,92,121,141,131,118,106,117,109,128,125,109,126,114,126,121,108,86,114,89,89,78,57,56,66,61,39,46,48,49,45,55,50,40,39,61,45,54,52,39,6609
3662,STUDLEY PARK_RD W of PRINCESS_ST,045 C06,-37.80892,145.02704,6295,289,7,1,10/15/2006,40,62,30,29,32,27,25,17,22,24,25,9,21,7,15,12,18,9,8,6,9,10,10,9,17,10,10,11,16,17,19,22,14,30,33,45,45,62,60,58,82,75,61,75,81,80,93,90,80,105,90,98,101,106,103,77,113,84,93,114,105,95,124,121,86,119,108,89,98,95,120,100,90,93,89,77,68,80,68,58,65,51,41,36,54,37,37,57,42,29,31,24,24,20,22,15,5214
3662,STUDLEY PARK_RD W of PRINCESS_ST,045 C06,-37.80892,145.02704,6295,289,7,1,10/21/2006,39,47,28,37,22,25,14,19,17,12,24,11,12,9,6,2,6,10,13,7,4,7,4,8,8,15,13,27,24,23,38,39,60,66,72,85,76,85,94,103,97,110,100,128,115,133,129,114,128,115,115,149,83,93,106,89,112,114,117,91,95,101,112,125,133,117,87,121,117,94,118,123,79,88,81,85,75,74,67,64,58,47,47,53,31,46,48,43,46,57,60,57,67,46,56,50,6217
3662,STUDLEY PARK_RD W of PRINCESS_ST,045 C06,-37.80892,145.02704,6295,289,7,1,10/22/2006,45,46,38,36,33,35,27,29,18,20,15,16,19,22,10,10,11,10,8,8,6,6,8,11,8,6,9,12,10,9,16,16,22,37,34,39,48,44,56,65,90,63,72,85,95,83,94,83,112,95,105,101,110,95,91,95,93,67,102,88,97,106,102,114,109,105,110,93,128,109,106,114,77,87,77,82,71,80,59,43,47,40,57,57,38,44,38,39,43,32,27,28,32,22,23,14,5187
3662,STUDLEY PARK_RD W of PRINCESS_ST,045 C06,-37.80892,145.02704,6295,289,7,1,10/28/2006,39,30,29,30,25,33,30,15,19,20,24,14,9,15,6,6,9,5,6,8,7,4,9,6,8,11,12,14,22,29,35,39,57,44,66,79,71,105,87,106,103,99,132,117,103,118,117,119,140,132,132,111,140,149,121,115,126,127,123,117,129,119,100,113,116,115,107,105,111,119,86,95,94,92,83,77,107,73,66,62,60,50,54,50,39,54,54,44,51,39,44,64,65,47,43,52,6403
3662,STUDLEY PARK_RD W of PRINCESS_ST,045 C06,-37.80892,145.02704,6295,289,7,1,10/29/2006,51,37,42,41,36,35,27,0,0,0,0,35,27,25,12,20,14,19,9,8,9,8,12,8,18,11,18,12,9,15,15,17,14,27,28,48,42,32,47,53,55,66,55,68,71,87,92,103,90,92,90,78,94,99,95,83,109,99,86,106,92,104,104,100,115,141,143,109,119,116,101,108,98,111,95,95,58,59,71,54,41,45,51,68,34,56,44,39,42,33,42,28,34,29,22,15,5215
3682,WARRIGAL_RD N OF RIVERSDALE_RD,060 H02,-37.83695,145.09699,6245,1500,1,1,10/1/2006,37,30,32,34,27,17,21,15,13,13,5,13,14,8,3,7,9,3,3,8,6,7,13,14,11,21,29,28,37,42,49,33,42,48,51,76,90,103,133,110,109,129,142,130,140,130,145,129,142,167,138,129,146,160,137,121,155,169,107,121,138,140,127,139,126,124,119,137,148,137,117,114,86,99,77,96,75,65,57,44,62,45,28,56,69,50,49,40,54,37,43,27,26,14,14,9,6789
3682,WARRIGAL_RD N OF RIVERSDALE_RD,060 H02,-37.83695,145.09699,6245,1500,1,1,10/8/2006,49,45,41,29,39,29,30,12,22,6,7,5,7,5,5,6,3,4,9,9,4,9,12,15,24,22,54,56,50,46,50,34,49,72,85,70,92,120,117,125,142,120,171,123,147,152,147,180,172,159,161,127,135,149,158,140,118,134,121,135,137,128,139,158,127,142,122,130,161,156,128,149,127,93,86,87,75,77,86,52,56,61,68,56,49,59,53,44,43,57,46,26,27,23,18,20,7425
3682,WARRIGAL_RD N OF RIVERSDALE_RD,060 H02,-37.83695,145.09699,6245,1500,1,1,10/15/2006,64,51,38,37,31,20,19,18,16,15,4,13,6,12,8,6,8,14,8,8,10,14,8,15,20,26,35,38,29,42,40,43,41,66,61,85,92,120,133,124,119,152,118,152,150,138,134,186,137,157,167,159,182,156,175,138,157,136,126,128,140,139,140,141,127,131,131,144,121,132,138,122,120,126,107,77,66,82,55,78,69,51,56,51,60,62,54,43,56,43,38,16,26,23,23,14,7407
3682,WARRIGAL_RD N OF RIVERSDALE_RD,060 H02,-37.83695,145.09699,6245,1500,1,1,10/22/2006,71,47,45,26,33,27,18,18,14,8,11,9,10,9,9,4,1,7,3,9,3,7,8,16,15,19,45,34,23,38,45,40,38,56,65,16,81,90,116,133,143,144,139,142,154,135,169,153,149,196,155,137,163,154,166,170,139,132,109,148,147,146,153,114,110,150,143,150,149,158,134,116,115,100,86,86,69,85,74,54,71,67,59,52,65,52,47,66,60,54,35,31,24,14,21,15,7336
3682,WARRIGAL_RD N OF RIVERSDALE_RD,060 H02,-37.83695,145.09699,6245,1500,1,1,10/29/2006,63,57,51,30,21,29,14,0,0,0,0,10,21,19,11,14,11,12,15,8,8,17,7,21,14,25,30,30,25,37,46,50,41,40,65,67,80,96,120,118,99,116,123,146,143,117,144,144,156,149,159,145,142,150,142,147,137,139,134,121,122,145,143,125,123,133,144,166,128,133,135,115,124,120,112,102,89,95,77,76,68,61,57,67,63,62,68,38,53,46,49,36,32,20,25,20,7248
3682,RIVERSDALE_RD E OF WARRIGAL_RD,060 H02,-37.83755,145.09741,14513,1500,3,1,10/1/2006,21,15,18,11,23,9,12,9,5,5,5,7,5,4,5,6,4,3,5,2,4,3,8,6,10,16,15,19,15,15,16,23,20,36,27,40,42,65,78,87,68,68,86,95,73,89,90,83,75,93,92,115,97,82,94,109,99,72,74,82,77,98,72,100,96,91,110,89,97,81,92,86,93,64,46,66,46,33,33,25,34,32,32,26,27,30,33,28,26,16,21,17,13,7,13,8,4313
3682,RIVERSDALE_RD E OF WARRIGAL_RD,060 H02,-37.83755,145.09741,14513,1500,3,1,10/2/2006,9,4,6,1,3,3,2,2,4,1,1,3,2,2,1,5,2,2,3,9,7,8,9,16,27,47,59,101,142,209,248,252,265,235,220,186,127,122,111,94,99,74,84,76,91,81,87,99,77,89,86,88,94,100,92,89,81,88,90,100,121,115,109,111,109,111,123,114,125,200,145,136,143,106,99,74,85,70,49,59,36,40,53,24,32,30,27,25,35,17,22,13,16,11,10,12,6922
3682,RIVERSDALE_RD E OF WARRIGAL_RD,060 H02,-37.83755,145.09741,14513,1500,3,1,10/7/2006,23,22,19,7,9,9,9,5,7,8,3,6,2,6,4,2,4,1,2,6,4,6,7,13,9,24,33,26,24,41,58,51,64,67,92,102,86,98,108,89,119,116,138,131,143,111,131,145,124,141,131,131,130,117,114,110,102,104,100,99,100,105,98,116,107,107,94,94,110,103,120,126,107,107,84,109,89,81,63,63,46,38,41,35,27,33,28,38,37,39,32,35,37,36,22,20,6120
3682,RIVERSDALE_RD E OF WARRIGAL_RD,060 H02,-37.83755,145.09741,14513,1500,3,1,10/8/2006,31,26,20,23,10,16,13,3,6,5,9,6,10,8,8,1,0,5,4,6,7,8,2,3,10,12,18,17,18,14,24,40,25,33,35,58,72,86,97,87,84,83,78,90,80,90,97,100,87,103,106,96,92,108,95,93,95,86,84,80,93,89,78,113,76,97,129,97,111,93,99,86,86,75,67,53,46,40,34,42,30,16,28,24,33,32,32,20,21,16,18,17,12,11,6,7,4630
3682,RIVERSDALE_RD E OF WARRIGAL_RD,060 H02,-37.83755,145.09741,14513,1500,3,1,10/9/2006,6,6,6,2,3,0,4,5,1,0,0,1,1,4,4,2,1,5,2,5,6,13,19,22,29,60,75,113,130,221,206,298,272,267,231,237,155,115,103,71,80,85,79,86,74,94,74,89,83,98,73,101,91,99,84,65,93,71,101,84,120,118,121,136,114,109,116,130,152,187,145,135,142,146,94,96,73,52,53,52,36,34,33,35,28,34,32,24,29,23,19,11,15,10,15,14,7088
3682,RIVERSDALE_RD E OF WARRIGAL_RD,060 H02,-37.83755,145.09741,14513,1500,3,1,10/15/2006,24,21,21,16,11,16,6,16,8,5,5,7,4,8,4,5,6,11,7,9,9,3,5,9,11,10,18,15,17,18,18,31,25,32,46,54,54,73,73,84,78,101,90,95,87,66,84,102,116,91,102,109,84,96,84,100,99,98,92,84,88,98,108,108,101,109,106,108,119,114,89,100,85,69,52,54,46,42,33,38,38,30,38,31,44,20,33,11,22,19,22,16,10,12,13,12,4711
3682,RIVERSDALE_RD E OF WARRIGAL_RD,060 H02,-37.83755,145.09741,14513,1500,3,1,10/16/2006,6,10,7,4,2,2,2,1,2,2,4,4,4,4,3,4,1,0,4,3,3,11,11,20,30,34,85,120,151,223,252,268,266,304,273,233,134,156,107,83,101,90,86,86,88,85,86,71,79,84,85,76,70,86,84,86,80,87,92,117,112,148,128,131,119,128,103,132,157,183,165,133,146,136,106,106,68,72,64,56,34,49,40,56,35,24,36,47,23,30,26,20,13,9,13,8,7408
3682,RIVERSDALE_RD E OF WARRIGAL_RD,060 H02,-37.83755,145.09741,14513,1500,3,1,10/21/2006,18,15,10,11,11,5,5,13,5,6,1,3,2,2,1,3,2,3,4,2,4,4,8,12,11,14,26,28,21,26,43,58,56,75,82,95,88,112,102,114,103,107,110,106,131,117,114,113,112,114,111,127,90,106,97,117,104,82,87,101,87,81,91,86,80,83,68,122,102,97,113,105,92,93,87,95,86,76,66,48,47,46,40,38,34,31,42,37,31,28,41,36,32,31,23,20,5565
3682,RIVERSDALE_RD E OF WARRIGAL_RD,060 H02,-37.83755,145.09741,14513,1500,3,1,10/22/2006,13,36,28,22,13,13,17,3,8,8,7,3,9,6,5,8,1,1,4,3,2,2,4,9,7,10,10,15,20,21,20,34,29,23,31,9,63,77,71,95,117,77,91,119,84,100,79,86,80,93,88,115,120,119,120,109,87,109,128,114,83,113,107,117,119,93,120,95,110,114,102,100,78,69,74,62,55,46,49,36,41,23,31,33,40,35,19,28,30,18,14,24,21,11,6,3,4914
3682,RIVERSDALE_RD E OF WARRIGAL_RD,060 H02,-37.83755,145.09741,14513,1500,3,1,10/23/2006,5,11,3,5,1,6,2,3,1,0,3,1,1,1,7,1,1,3,3,6,10,9,10,29,34,46,73,114,159,213,232,301,284,198,246,232,143,121,130,125,90,89,78,79,83,102,88,78,87,88,82,81,105,97,75,89,77,91,88,91,95,132,136,100,127,111,107,116,141,193,162,137,130,138,100,92,75,73,47,50,39,42,31,44,36,25,35,40,27,18,22,17,6,8,12,8,7183
3682,RIVERSDALE_RD E OF WARRIGAL_RD,060 H02,-37.83755,145.09741,14513,1500,3,1,10/24/2006,8,4,9,2,6,1,6,2,4,2,0,2,2,3,1,4,4,1,3,3,5,8,17,20,31,68,66,125,158,224,244,275,281,271,247,240,145,137,136,119,84,117,82,70,84,94,70,94,92,81,87,88,99,101,77,76,70,72,103,108,108,118,122,111,124,123,123,143,158,178,145,147,132,118,112,92,79,86,62,35,45,39,43,46,34,45,36,34,28,21,18,25,17,19,17,12,7428
3682,RIVERSDALE_RD E OF WARRIGAL_RD,060 H02,-37.83755,145.09741,14513,1500,3,1,10/25/2006,5,8,3,5,4,3,2,1,3,3,0,1,4,5,2,3,2,3,3,4,6,10,18,19,24,36,99,129,152,235,243,247,275,257,259,245,157,139,122,108,107,89,109,78,83,64,89,103,91,96,98,75,87,89,76,88,84,103,73,102,110,113,142,109,117,137,142,148,123,178,139,140,151,125,101,97,63,82,57,54,51,46,50,41,38,35,49,41,35,34,29,27,14,9,15,8,7478
3682,RIVERSDALE_RD E OF WARRIGAL_RD,060 H02,-37.83755,145.09741,14513,1500,3,1,10/28/2006,26,24,9,11,7,10,2,6,8,6,5,4,5,2,1,3,2,2,3,2,3,9,6,10,19,19,24,22,25,38,49,54,65,71,91,80,84,89,105,90,113,124,127,140,107,134,163,152,145,151,116,134,130,124,102,121,113,108,117,115,112,92,103,116,126,91,88,104,125,125,104,122,86,102,104,85,88,74,70,45,60,62,54,50,30,47,42,38,46,33,36,42,34,39,32,26,6260
3682,RIVERSDALE_RD E OF WARRIGAL_RD,060 H02,-37.83755,145.09741,14513,1500,3,1,10/29/2006,23,25,20,18,16,14,14,0,0,0,0,7,7,9,8,10,1,5,2,8,4,8,3,5,8,7,11,18,13,11,17,20,20,29,33,35,50,45,79,74,74,80,78,100,63,84,90,103,105,105,122,111,94,95,89,110,106,100,96,125,121,111,102,123,106,87,102,112,90,114,110,105,94,108,88,69,62,42,38,53,36,63,40,32,43,41,32,31,18,17,27,10,20,14,4,8,4880
3682,RIVERSDALE_RD E OF WARRIGAL_RD,060 H02,-37.83755,145.09741,14513,1500,3,1,10/30/2006,9,10,4,5,1,4,4,1,1,0,3,2,3,5,3,3,4,1,6,4,4,11,9,17,25,51,64,94,151,217,244,264,284,267,251,248,183,125,128,106,90,87,89,86,79,94,86,89,95,71,98,89,97,86,83,84,81,93,80,98,96,125,121,105,132,132,134,147,150,182,181,147,135,132,96,101,82,71,51,50,53,45,41,48,36,34,35,41,31,23,26,21,18,9,14,9,7425
3682,RIVERSDALE_RD E OF WARRIGAL_RD,060 H02,-37.83755,145.09741,14513,1500,3,1,10/31/2006,4,4,5,3,3,3,4,3,2,2,3,3,1,2,3,3,3,0,5,4,4,12,10,18,25,50,62,110,151,203,227,274,255,253,252,248,193,139,130,127,87,94,91,116,72,99,93,81,113,81,72,81,99,80,78,77,82,95,76,87,135,109,150,133,127,138,102,118,155,176,169,154,134,119,135,108,85,79,72,48,43,33,43,49,34,39,50,45,43,30,22,16,12,5,24,11,7502
3682,RIVERSDALE_RD W OF WARRIGAL_RD,060 H02,-37.83741,145.09626,4281,1500,7,1,10/1/2006,35,37,26,30,24,33,28,24,20,18,16,15,20,15,13,13,13,9,15,6,13,8,11,13,9,15,11,18,21,18,28,24,32,32,47,57,51,65,57,78,95,96,111,115,130,121,103,122,134,133,163,153,136,124,101,116,126,101,122,123,127,126,127,103,107,119,90,86,107,116,98,97,117,97,81,79,67,54,46,53,49,44,41,40,53,68,49,52,27,31,28,28,28,19,22,16,5935
3682,RIVERSDALE_RD W OF WARRIGAL_RD,060 H02,-37.83741,145.09626,4281,1500,7,1,10/8/2006,47,52,50,43,39,28,25,24,10,23,12,14,20,18,16,8,11,11,9,6,12,9,7,11,7,13,21,19,25,30,23,33,35,35,40,69,74,71,76,88,62,89,135,93,109,115,127,124,146,170,135,130,148,133,100,110,126,127,90,96,121,114,119,113,104,115,112,110,130,117,112,110,111,96,79,81,74,48,66,48,48,40,48,50,54,47,38,30,33,27,26,32,17,35,16,6,6056
3682,RIVERSDALE_RD W OF WARRIGAL_RD,060 H02,-37.83741,145.09626,4281,1500,7,1,10/15/2006,40,54,37,32,29,30,19,27,25,23,16,14,16,11,10,14,15,15,8,13,7,10,8,11,13,20,12,16,31,25,28,19,35,40,52,68,63,76,73,83,84,84,120,126,121,123,119,146,160,170,151,137,138,129,135,102,129,125,132,126,140,139,131,132,136,135,129,125,117,140,115,112,105,93,78,95,82,74,64,67,50,54,49,51,45,53,40,37,36,47,36,27,26,27,19,20,6521
3682,RIVERSDALE_RD W OF WARRIGAL_RD,060 H02,-37.83741,145.09626,4281,1500,7,1,10/21/2006,44,33,28,32,26,18,25,25,12,8,16,21,15,8,6,8,5,11,6,11,7,8,9,17,9,15,24,30,39,28,36,57,49,86,84,101,94,113,101,126,132,139,147,130,129,137,127,140,161,137,158,144,132,145,132,149,137,150,123,148,135,119,117,146,118,152,130,125,143,126,131,132,120,113,101,106,95,90,75,70,57,66,43,54,52,63,44,49,48,55,56,85,101,71,65,42,7483
3682,RIVERSDALE_RD W OF WARRIGAL_RD,060 H02,-37.83741,145.09626,4281,1500,7,1,10/22/2006,57,46,56,44,25,23,20,30,26,14,25,7,10,10,8,15,8,10,15,7,7,12,7,10,9,20,16,21,27,29,29,28,27,42,56,23,54,64,70,65,109,80,100,91,82,125,134,123,94,179,156,154,158,146,145,123,130,120,147,115,105,113,95,105,127,111,133,132,131,112,120,119,111,118,85,94,72,70,56,55,55,54,59,57,59,52,38,31,28,34,31,46,25,22,21,14,6273
3682,RIVERSDALE_RD W OF WARRIGAL_RD,060 H02,-37.83741,145.09626,4281,1500,7,1,10/29/2006,48,43,42,35,38,32,33,0,0,0,0,27,19,17,18,16,16,15,10,14,11,15,12,13,6,10,24,22,24,26,23,29,20,32,51,61,59,56,62,70,64,82,89,100,114,109,127,146,164,162,165,188,147,153,155,142,146,148,149,162,126,146,110,132,145,117,108,111,107,134,108,93,92,91,88,118,83,83,64,55,53,66,65,44,44,47,38,55,38,36,35,29,31,23,12,17,6505
3685,HIGHBURY_RD E of WARRIGAL_RD,060 G07,-37.85489,145.09413,14574,292,3,1,10/1/2006,15,15,7,7,9,6,9,5,4,4,5,7,4,8,1,1,6,5,6,5,6,2,5,4,8,11,11,11,13,14,8,18,21,22,32,43,30,53,65,69,67,57,72,51,75,72,96,63,80,71,85,77,81,63,72,68,76,83,73,57,58,65,67,59,69,65,80,84,73,60,49,54,58,54,45,42,45,33,34,31,21,22,23,19,29,25,22,21,16,13,10,6,12,8,4,4,3394
3685,HIGHBURY_RD E of WARRIGAL_RD,060 G07,-37.85489,145.09413,14574,292,3,1,10/2/2006,2,2,3,4,1,2,2,4,5,2,2,0,0,0,2,1,1,5,7,1,8,5,12,18,25,29,63,78,132,172,219,217,268,199,229,146,132,121,121,95,93,90,91,98,80,76,105,109,123,85,99,102,103,97,95,88,83,98,83,102,124,97,153,120,133,80,120,104,133,122,145,97,121,109,88,68,50,59,37,37,29,34,28,23,21,27,16,22,19,17,15,7,4,2,7,7,6510
3685,HIGHBURY_RD E of WARRIGAL_RD,060 G07,-37.85489,145.09413,14574,292,3,1,10/3/2006,7,1,1,2,1,4,1,2,2,2,0,0,0,1,2,1,1,4,9,0,5,9,13,17,28,51,78,99,144,188,212,235,236,205,211,216,184,164,148,125,115,123,91,124,121,104,102,111,111,97,99,108,118,100,92,112,116,125,98,119,127,137,107,130,133,140,174,116,148,136,184,145,114,119,86,66,66,46,51,40,38,28,27,35,29,31,22,27,17,12,16,14,9,14,6,14,7399
3685,HIGHBURY_RD E of WARRIGAL_RD,060 G07,-37.85489,145.09413,14574,292,3,1,10/4/2006,8,4,4,1,4,5,1,3,1,0,2,2,0,2,2,3,2,3,5,3,2,16,8,15,22,51,72,110,142,173,227,217,249,196,224,167,173,141,138,125,127,136,105,132,113,111,90,113,114,99,82,120,103,116,106,107,92,111,116,133,126,116,150,135,117,109,110,114,114,176,151,154,129,115,93,80,60,55,60,16,34,39,43,42,29,23,28,19,26,18,24,14,9,6,10,15,7308
3685,HIGHBURY_RD E of WARRIGAL_RD,060 G07,-37.85489,145.09413,14574,292,3,1,10/7/2006,12,14,4,2,9,5,7,8,5,4,2,3,8,4,6,3,4,10,4,2,10,6,9,11,8,9,34,17,20,25,40,52,58,51,75,77,76,114,103,102,105,102,111,134,132,137,159,162,98,157,130,157,102,116,97,106,81,97,111,82,97,92,68,86,69,72,80,77,79,84,81,98,100,113,101,93,62,61,56,29,39,30,29,31,27,28,31,24,22,22,21,21,17,25,24,20,5398
3685,HIGHBURY_RD E of WARRIGAL_RD,060 G07,-37.85489,145.09413,14574,292,3,1,10/8/2006,22,12,15,11,15,10,13,14,5,6,2,4,2,4,5,7,4,6,5,6,3,3,6,4,6,13,18,9,13,17,18,14,27,19,41,42,46,47,69,72,61,55,79,71,74,78,54,81,83,80,97,74,75,89,63,81,90,65,68,62,66,73,70,58,60,73,69,78,65,60,73,78,60,45,43,43,43,28,30,31,24,27,24,18,35,20,20,18,15,11,13,17,7,9,11,7,3557
3685,HIGHBURY_RD E of WARRIGAL_RD,060 G07,-37.85489,145.09413,14574,292,3,1,10/9/2006,2,6,2,1,4,1,2,2,4,0,3,0,1,0,3,3,1,2,5,6,6,8,7,20,22,39,66,121,116,154,231,205,256,209,200,170,173,120,121,129,117,85,96,98,125,74,109,89,123,128,115,87,108,120,109,99,87,95,71,108,110,133,117,114,127,107,105,86,106,136,133,129,124,77,88,80,51,41,35,43,27,25,25,24,31,27,19,23,15,13,10,5,6,12,4,6,6678
3685,HIGHBURY_RD E of WARRIGAL_RD,060 G07,-37.85489,145.09413,14574,292,3,1,10/10/2006,9,3,4,2,4,2,0,3,0,0,3,1,2,1,1,2,2,4,5,3,3,10,11,15,30,35,101,105,164,168,227,231,241,193,203,159,209,155,182,133,133,109,105,121,121,114,100,85,107,91,113,116,80,112,111,103,99,104,84,101,141,136,125,128,146,136,136,121,159,149,154,138,124,105,122,83,51,79,68,54,31,31,34,28,29,29,28,20,14,16,17,15,12,7,7,5,7413
3685,HIGHBURY_RD E of WARRIGAL_RD,060 G07,-37.85489,145.09413,14574,292,3,1,10/11/2006,8,7,4,1,1,2,2,2,2,4,3,2,1,3,1,4,2,6,3,4,8,16,9,15,22,45,62,116,135,218,183,213,207,249,200,197,185,150,178,142,163,118,118,131,106,121,104,102,99,91,117,93,104,114,76,110,87,104,105,109,135,143,164,171,144,129,119,121,137,137,142,147,112,108,105,85,68,75,51,33,32,25,30,29,40,42,29,26,27,17,18,15,11,8,10,3,7472
3685,HIGHBURY_RD E of WARRIGAL_RD,060 G07,-37.85489,145.09413,14574,292,3,1,10/12/2006,1,9,7,7,4,5,0,3,3,7,3,4,1,1,0,2,4,4,4,8,3,8,12,16,25,46,86,108,153,188,239,217,246,224,219,193,184,185,158,137,126,150,105,110,81,98,123,111,116,93,108,105,124,104,109,89,101,132,108,97,120,119,109,126,165,113,119,118,122,150,160,154,125,133,108,83,64,80,50,32,43,43,34,45,18,12,21,21,25,23,15,15,13,7,15,8,7522
3685,HIGHBURY_RD E of WARRIGAL_RD,060 G07,-37.85489,145.09413,14574,292,3,1,10/14/2006,15,14,9,10,9,5,8,2,5,9,5,4,2,0,2,6,6,4,5,2,5,10,5,8,11,10,26,26,21,26,32,36,58,56,64,79,92,103,95,118,116,106,124,151,142,136,177,154,154,157,130,157,111,131,112,103,101,121,104,102,97,83,103,76,92,88,84,77,82,84,57,82,59,86,90,84,54,54,50,50,32,38,19,33,30,23,21,21,20,22,24,19,17,9,16,28,5496
3685,HIGHBURY_RD E of WARRIGAL_RD,060 G07,-37.85489,145.09413,14574,292,3,1,10/15/2006,14,13,10,18,9,12,7,6,7,4,2,5,4,4,6,7,3,7,5,4,6,10,7,6,8,9,10,13,9,12,22,20,26,26,32,38,46,52,66,69,53,77,67,85,74,93,78,91,59,109,109,86,74,80,65,67,90,60,82,76,65,69,65,66,77,89,80,97,75,62,80,68,54,57,54,41,59,35,27,28,20,18,22,21,32,19,24,20,15,12,10,10,8,15,8,4,3715
3685,HIGHBURY_RD E of WARRIGAL_RD,060 G07,-37.85489,145.09413,14574,292,3,1,10/16/2006,3,3,3,5,3,2,1,3,2,4,3,1,5,1,2,5,5,4,5,3,6,8,8,20,26,43,78,120,114,202,190,232,226,249,216,197,164,129,147,97,97,118,109,118,109,106,94,95,97,106,95,95,100,115,99,111,98,73,75,120,96,124,138,121,140,109,95,124,131,115,130,106,117,113,95,87,50,64,39,45,33,21,25,30,25,24,24,25,22,17,10,14,11,5,8,5,6903
3685,HIGHBURY_RD E of WARRIGAL_RD,060 G07,-37.85489,145.09413,14574,292,3,1,10/18/2006,4,2,4,1,2,5,3,2,3,2,2,1,2,1,4,5,3,1,5,1,5,11,10,23,21,54,76,117,130,209,205,255,238,234,212,198,193,147,133,121,142,105,131,116,104,112,104,97,120,107,122,117,109,89,102,106,89,81,116,117,112,121,135,140,148,130,109,101,128,149,127,133,126,123,96,99,74,61,60,49,42,34,39,27,47,29,28,33,24,19,23,24,13,7,9,4,7454
3685,HIGHBURY_RD E of WARRIGAL_RD,060 G07,-37.85489,145.09413,14574,292,3,1,10/19/2006,4,5,4,2,4,2,2,3,3,5,2,0,3,1,0,5,6,3,6,2,4,5,14,18,22,36,81,128,129,151,239,225,197,213,211,175,151,156,149,165,127,118,73,99,120,81,127,87,94,108,121,105,111,101,124,70,121,107,95,105,126,151,138,135,167,152,122,116,143,168,166,144,125,119,101,77,71,43,43,49,41,39,23,32,31,27,26,27,27,21,16,19,15,13,10,12,7360
3685,HIGHBURY_RD E of WARRIGAL_RD,060 G07,-37.85489,145.09413,14574,292,3,1,10/21/2006,7,10,5,10,5,7,3,6,6,5,3,5,2,0,5,0,4,7,1,2,5,10,10,7,17,16,29,17,14,26,35,53,54,55,78,98,93,93,105,114,116,146,137,144,135,142,145,179,153,157,133,137,111,107,118,92,103,123,80,115,84,92,69,70,82,73,89,71,86,82,77,78,77,86,60,71,62,63,64,38,23,30,28,21,32,19,29,17,23,21,17,23,12,26,23,20,5433
3685,HIGHBURY_RD E of WARRIGAL_RD,060 G07,-37.85489,145.09413,14574,292,3,1,10/22/2006,27,16,11,14,10,9,8,9,8,6,6,9,1,4,2,1,5,3,6,3,1,9,6,2,9,11,9,10,8,12,15,22,18,26,33,41,37,53,73,64,61,43,67,65,78,78,58,83,68,97,92,96,83,85,93,77,72,76,70,72,73,72,62,63,70,79,67,95,86,75,73,74,68,65,58,49,49,41,42,28,25,25,29,29,20,22,20,25,21,17,12,14,9,4,8,7,3707
3685,HIGHBURY_RD E of WARRIGAL_RD,060 G07,-37.85489,145.09413,14574,292,3,1,10/23/2006,5,4,1,1,3,2,2,1,3,1,1,0,1,2,1,5,2,5,4,3,4,6,15,23,20,44,77,103,126,194,206,211,232,219,214,171,184,124,127,98,127,118,94,110,118,96,97,99,96,107,104,86,93,93,99,99,83,76,111,86,90,107,116,105,110,108,114,108,129,147,116,113,124,87,87,67,73,47,39,32,32,23,27,20,21,26,29,24,13,20,13,10,11,8,7,8,6648
3685,HIGHBURY_RD E of WARRIGAL_RD,060 G07,-37.85489,145.09413,14574,292,3,1,10/24/2006,7,5,3,3,5,3,2,3,0,2,2,2,2,1,2,3,5,4,4,6,8,11,10,22,19,49,83,104,121,201,227,210,242,238,218,218,159,155,149,122,108,112,109,112,96,109,104,91,101,124,102,92,89,100,111,108,86,80,87,113,98,124,124,134,145,129,119,116,131,156,141,119,104,91,81,70,73,63,49,36,27,26,27,25,31,29,20,21,20,15,19,14,9,14,7,4,7075
3685,HIGHBURY_RD E of WARRIGAL_RD,060 G07,-37.85489,145.09413,14574,292,3,1,10/25/2006,5,3,2,1,1,4,1,3,2,5,1,3,5,2,5,3,5,6,6,1,4,13,16,22,22,45,82,124,157,195,242,211,246,209,209,221,179,131,149,154,104,121,113,127,113,90,110,114,111,100,103,80,93,110,110,90,103,98,123,107,84,122,156,138,134,94,138,100,153,119,137,132,120,115,82,61,55,62,51,53,39,38,25,34,37,21,18,41,34,20,18,17,13,11,9,6,7302
3685,HIGHBURY_RD E of WARRIGAL_RD,060 G07,-37.85489,145.09413,14574,292,3,1,10/26/2006,12,4,1,3,4,4,2,2,2,0,1,2,1,1,2,1,3,9,11,3,3,6,15,15,25,41,99,98,141,195,238,212,243,199,235,184,194,164,141,139,106,115,105,115,102,104,124,104,121,132,108,109,104,110,111,106,90,91,108,94,103,149,118,121,124,113,124,143,151,138,139,113,115,113,103,84,91,78,65,47,38,35,47,32,31,31,60,57,27,24,16,17,16,9,8,8,7502
3685,HIGHBURY_RD E of WARRIGAL_RD,060 G07,-37.85489,145.09413,14574,292,3,1,10/27/2006,5,3,4,3,1,3,1,2,2,2,2,0,2,1,4,0,5,4,5,6,5,9,18,17,20,43,80,103,141,173,239,207,206,204,223,209,176,155,155,130,97,88,101,121,108,92,97,124,131,133,108,105,126,91,142,109,107,124,108,89,116,119,133,133,147,145,123,126,137,121,136,147,128,103,122,88,69,70,58,41,27,36,23,24,24,28,19,31,16,15,17,24,20,13,20,12,7380
3685,HIGHBURY_RD E of WARRIGAL_RD,060 G07,-37.85489,145.09413,14574,292,3,1,10/28/2006,10,17,9,5,2,12,0,4,4,7,4,5,5,4,5,1,7,4,6,5,2,7,4,11,9,26,21,18,17,32,35,42,48,52,84,79,86,89,98,110,105,138,135,139,135,162,140,175,153,140,130,154,116,135,135,129,103,135,104,99,95,92,81,78,77,79,85,69,89,72,78,82,80,78,90,66,46,68,35,55,30,40,37,21,25,35,21,16,28,20,26,25,27,25,27,21,5567
3685,HIGHBURY_RD E of WARRIGAL_RD,060 G07,-37.85489,145.09413,14574,292,3,1,10/29/2006,18,15,11,13,12,11,5,0,0,0,0,8,7,9,4,4,8,6,6,3,9,4,5,6,7,11,16,9,13,17,19,14,19,21,17,31,31,47,52,62,47,47,59,64,69,66,79,66,75,81,115,88,80,87,93,61,103,84,109,90,78,102,74,106,78,88,66,82,70,74,68,70,63,85,52,53,50,34,30,36,41,30,30,26,27,33,18,24,17,13,21,12,9,10,11,8,3802
3685,HIGHBURY_RD E of WARRIGAL_RD,060 G07,-37.85489,145.09413,14574,292,3,1,10/30/2006,8,7,7,3,5,7,0,4,1,1,4,2,0,3,1,3,0,9,5,6,6,5,11,17,23,32,73,106,123,174,207,200,241,213,198,193,163,155,149,133,127,123,124,118,85,112,98,110,110,114,93,105,107,93,103,96,123,124,106,113,103,111,132,141,129,138,121,122,133,138,161,133,124,107,96,82,49,56,41,45,32,35,28,29,30,22,15,27,14,11,10,18,9,10,3,3,7140
3685,HIGHBURY_RD E of WARRIGAL_RD,060 G07,-37.85489,145.09413,14574,292,3,1,10/31/2006,5,4,5,3,3,3,2,2,2,2,3,2,1,2,3,0,2,3,4,8,8,5,9,17,20,33,74,108,151,188,203,219,256,222,203,202,185,142,122,144,105,101,109,108,112,86,104,118,101,112,113,104,100,114,121,123,85,99,105,117,126,151,116,153,137,146,113,129,148,136,139,124,121,114,91,78,64,60,53,40,38,34,37,31,30,45,27,28,23,17,17,19,9,12,8,4,7325
3804,TRAFALGAR_RD N of RIVERSDALE_RD,059 K01,-37.83331,145.06247,6816,947,1,1,10/1/2006,22,21,24,24,13,5,11,14,7,7,7,5,5,3,5,0,1,2,2,7,2,2,7,4,2,10,17,16,16,23,21,35,20,30,46,65,53,76,88,91,97,114,116,129,132,103,112,135,115,128,145,127,120,110,131,134,119,109,123,103,104,118,103,103,118,117,100,118,111,118,106,110,85,104,67,86,69,46,57,49,40,38,35,40,38,42,38,32,19,20,21,19,13,14,5,12,5526
3804,TRAFALGAR_RD N of RIVERSDALE_RD,059 K01,-37.83331,145.06247,6816,947,1,1,10/8/2006,36,36,13,30,15,14,14,7,7,8,7,6,9,2,5,7,2,5,2,5,6,2,7,9,9,12,22,26,22,15,25,25,33,34,47,78,60,79,96,117,100,108,131,124,122,169,106,139,142,126,144,136,134,136,108,108,120,111,119,107,94,105,134,133,126,106,85,107,111,121,121,109,103,96,110,74,81,55,41,35,38,43,46,34,45,49,20,28,23,29,13,13,17,19,13,5,5826
3804,TRAFALGAR_RD N of RIVERSDALE_RD,059 K01,-37.83331,145.06247,6816,947,1,1,10/15/2006,35,33,31,14,15,16,7,15,8,4,7,4,11,8,2,2,7,2,3,9,7,6,10,9,9,12,18,24,15,16,22,48,24,37,49,62,67,70,101,105,113,110,119,151,128,119,128,158,160,143,153,116,129,145,134,131,125,159,109,146,126,122,120,137,109,112,100,121,101,103,106,113,106,90,93,77,70,41,71,48,51,34,49,46,48,49,46,27,29,20,21,17,16,12,17,5,6073
3804,TRAFALGAR_RD N of RIVERSDALE_RD,059 K01,-37.83331,145.06247,6816,947,1,1,10/22/2006,27,31,22,13,19,12,9,9,7,2,10,4,4,8,1,2,1,6,2,7,3,7,2,4,8,10,16,19,12,22,21,51,35,40,56,73,65,74,91,100,124,117,126,127,109,116,133,122,142,133,122,134,150,133,126,114,108,110,111,109,101,112,118,116,130,111,88,103,122,137,100,127,92,105,85,75,69,65,44,53,39,40,50,58,46,56,34,37,32,26,24,24,9,11,6,8,5824
3804,TRAFALGAR_RD N of RIVERSDALE_RD,059 K01,-37.83331,145.06247,6816,947,1,1,10/29/2006,34,31,20,15,16,18,9,0,0,0,0,6,5,14,8,4,2,5,4,8,4,4,7,6,3,11,11,21,24,13,17,24,23,23,50,55,58,74,93,71,86,102,112,112,103,105,123,120,115,143,143,162,111,137,114,123,139,111,128,110,104,109,124,109,112,102,114,107,114,109,124,108,90,91,85,83,56,54,52,54,35,43,47,45,44,47,34,39,25,35,26,21,15,11,19,6,5583
3804,RIVERSDALE_RD E of TRAFALGAR_RD,059 K01,-37.8337,145.06275,14516,947,3,1,10/1/2006,31,59,29,34,62,32,22,38,15,6,10,12,8,12,8,15,10,8,15,12,11,18,11,18,21,36,35,30,36,34,36,59,36,52,60,80,78,133,88,126,119,121,102,143,101,117,146,115,97,151,115,95,153,121,108,126,110,128,112,116,110,125,96,120,106,127,141,98,101,111,131,93,100,115,78,89,57,64,70,45,62,45,52,30,45,51,45,29,61,21,45,15,20,35,15,34,6414
3804,RIVERSDALE_RD E of TRAFALGAR_RD,059 K01,-37.8337,145.06275,14516,947,3,1,10/8/2006,34,68,27,34,30,27,18,37,19,14,13,12,15,17,9,7,5,10,12,13,6,13,12,17,31,23,36,29,31,41,44,82,40,62,75,114,80,119,122,135,89,129,129,135,97,117,147,138,125,111,125,112,147,166,126,137,126,110,136,102,111,145,135,114,116,91,155,100,92,119,85,162,95,158,75,113,73,54,36,50,94,32,52,35,44,53,66,37,47,26,19,19,11,17,13,9,6690
3804,RIVERSDALE_RD E of TRAFALGAR_RD,059 K01,-37.8337,145.06275,14516,947,3,1,10/15/2006,46,37,33,28,30,22,19,56,19,11,15,10,14,16,13,10,14,13,19,21,26,16,12,18,31,24,27,26,41,42,32,65,46,47,75,103,70,125,86,134,117,146,128,128,115,109,127,117,131,120,130,144,126,123,142,135,137,129,112,119,130,118,133,116,143,107,175,111,90,122,88,118,96,105,146,66,90,54,50,48,65,40,54,36,78,43,26,30,52,17,39,13,29,12,14,28,6709
3804,RIVERSDALE_RD E of TRAFALGAR_RD,059 K01,-37.8337,145.06275,14516,947,3,1,10/22/2006,31,38,53,29,38,15,17,13,12,14,19,7,13,12,10,8,7,12,8,11,12,10,10,21,19,24,27,31,30,33,41,58,47,66,60,92,77,97,97,117,113,106,147,134,125,126,111,127,129,144,139,123,116,137,141,111,141,87,145,110,126,122,98,130,119,118,98,89,113,103,145,113,108,115,102,65,121,64,83,31,70,53,74,56,49,46,36,22,37,28,53,28,23,13,7,43,6549
3804,RIVERSDALE_RD E of TRAFALGAR_RD,059 K01,-37.8337,145.06275,14516,947,3,1,10/29/2006,30,34,46,20,25,30,17,0,0,0,0,21,14,12,7,17,11,11,8,14,11,12,9,10,20,20,22,31,16,28,34,53,38,61,55,91,70,86,77,123,91,101,103,144,123,89,147,120,125,156,156,124,145,144,108,122,141,119,121,109,146,125,147,126,123,122,120,89,102,107,109,151,90,107,85,68,85,70,50,57,83,45,62,36,51,51,43,37,30,28,30,30,32,20,9,14,6352
3804,TRAFALGAR_RD S of RIVERSDALE_RD,059 K01,-37.83394,145.06233,17055,947,5,1,10/1/2006,31,23,16,15,11,18,15,12,7,12,10,6,5,5,12,3,8,1,7,5,6,1,8,14,14,10,23,16,12,15,21,32,26,33,49,57,60,52,89,105,91,104,90,116,106,94,131,124,132,149,152,154,106,136,113,127,107,127,121,127,107,105,138,150,126,152,135,163,133,169,151,143,157,139,117,94,86,64,63,51,54,38,40,41,51,50,51,42,25,31,32,30,22,15,10,9,6256
3804,TRAFALGAR_RD S of RIVERSDALE_RD,059 K01,-37.83394,145.06233,17055,947,5,1,10/8/2006,47,26,42,17,15,21,22,14,8,5,8,6,10,4,7,3,3,4,5,6,6,7,9,10,8,11,15,19,8,17,21,36,31,44,51,47,46,74,98,112,94,93,106,113,107,104,143,143,152,173,164,168,120,158,147,147,120,145,123,145,137,144,117,121,117,177,146,152,152,151,152,140,104,126,115,95,83,86,67,63,35,45,52,40,39,48,34,32,25,28,25,32,15,21,11,7,6542
3804,TRAFALGAR_RD S of RIVERSDALE_RD,059 K01,-37.83394,145.06233,17055,947,5,1,10/15/2006,53,31,36,27,23,21,12,14,9,17,10,10,11,6,6,5,4,6,2,6,7,9,15,5,9,12,19,25,17,17,27,32,30,38,40,65,65,59,77,131,105,101,123,125,104,127,153,140,140,175,156,131,129,155,107,135,98,139,122,123,125,142,174,163,144,180,155,160,141,140,152,144,146,107,119,96,98,62,67,49,46,42,45,48,49,50,37,38,34,31,21,17,20,8,15,14,6675
3804,TRAFALGAR_RD S of RIVERSDALE_RD,059 K01,-37.83394,145.06233,17055,947,5,1,10/22/2006,43,40,30,23,24,18,18,16,9,12,9,3,9,5,4,6,6,6,5,11,1,7,5,8,15,17,14,20,18,19,26,34,26,34,49,62,46,69,86,90,104,130,105,111,84,129,137,132,132,138,162,152,136,112,120,112,98,116,122,136,132,149,138,135,128,145,142,148,143,156,144,139,154,126,119,120,105,71,82,59,39,58,45,41,48,45,38,36,46,38,43,26,18,15,13,8,6503
3804,TRAFALGAR_RD S of RIVERSDALE_RD,059 K01,-37.83394,145.06233,17055,947,5,1,10/29/2006,41,36,37,24,14,12,16,0,0,0,0,15,11,4,8,10,9,6,6,10,6,8,6,3,7,9,14,15,18,16,21,26,24,30,43,39,53,48,77,93,80,96,77,112,93,91,125,137,112,148,171,147,115,134,121,130,130,132,105,130,134,133,143,152,133,145,119,144,126,142,163,140,131,134,120,100,81,98,81,62,47,49,56,47,52,50,38,46,34,31,31,29,19,16,19,14,6260
3812,TRAFALGAR_RD NE of CAMBERWELL_RD,059 K02,-37.83738,145.06119,6817,950,2,1,10/1/2006,11,16,26,10,14,2,4,7,5,3,6,2,3,3,5,2,0,4,3,9,4,2,6,3,2,9,24,10,14,18,23,22,23,24,39,46,34,60,63,93,106,91,85,89,88,74,169,122,93,86,109,89,127,92,135,130,115,86,91,121,71,104,90,117,86,74,90,75,69,95,68,82,131,60,48,49,42,58,34,25,52,23,25,27,56,24,20,21,16,12,16,9,8,5,5,4,4543
3812,TRAFALGAR_RD NE of CAMBERWELL_RD,059 K02,-37.83738,145.06119,6817,950,2,1,10/2/2006,7,4,2,3,4,2,2,0,1,2,2,1,0,2,0,2,1,3,0,0,6,8,10,22,24,38,82,80,139,224,300,276,322,257,255,206,228,165,153,135,108,108,115,84,118,132,119,117,87,86,108,79,130,92,112,78,100,100,90,110,89,97,146,133,125,98,114,101,110,124,130,82,105,119,117,87,59,74,78,87,34,24,51,59,29,24,29,23,44,26,17,12,10,7,5,2,7512
3812,TRAFALGAR_RD NE of CAMBERWELL_RD,059 K02,-37.83738,145.06119,6817,950,2,1,10/7/2006,18,11,9,11,4,3,5,4,3,1,0,2,4,8,3,5,1,2,2,5,5,2,3,10,11,21,15,43,32,25,58,50,74,72,80,96,99,114,116,168,121,128,161,139,112,147,150,151,174,194,124,115,159,104,136,115,129,131,79,88,114,97,102,98,104,117,115,105,108,127,90,125,119,133,80,89,117,80,65,55,61,60,48,24,33,25,36,39,40,31,29,23,28,28,16,26,6439
3812,TRAFALGAR_RD NE of CAMBERWELL_RD,059 K02,-37.83738,145.06119,6817,950,2,1,10/8/2006,26,32,9,35,11,4,5,3,4,5,8,3,3,3,1,1,4,3,2,3,6,3,7,7,5,15,20,44,31,21,20,38,27,36,48,62,65,73,78,116,76,83,110,84,69,120,169,146,117,94,113,89,105,94,135,130,101,101,76,127,81,80,74,77,106,108,97,113,73,81,117,90,96,57,68,64,53,30,39,25,34,32,38,22,33,23,18,19,17,31,16,14,17,13,9,1,4892
3812,TRAFALGAR_RD NE of CAMBERWELL_RD,059 K02,-37.83738,145.06119,6817,950,2,1,10/9/2006,4,6,3,2,0,1,0,1,2,0,2,3,0,0,3,0,3,2,2,4,8,8,12,24,29,59,76,90,125,253,239,276,317,260,259,209,228,152,173,130,141,108,116,85,106,83,71,117,111,65,108,98,134,79,119,75,109,85,85,123,105,122,117,119,139,98,111,91,69,78,147,95,82,131,106,76,83,52,53,79,50,48,30,18,34,30,30,26,17,16,14,13,20,4,12,4,7302
3812,TRAFALGAR_RD NE of CAMBERWELL_RD,059 K02,-37.83738,145.06119,6817,950,2,1,10/14/2006,11,16,10,26,11,7,2,3,2,3,2,5,2,9,0,6,2,4,1,2,8,3,6,18,10,18,24,34,21,19,55,54,79,78,98,101,131,95,94,108,168,96,131,134,171,156,124,143,168,154,118,156,155,107,138,98,120,120,133,93,99,118,100,150,102,98,121,106,146,156,121,100,127,79,130,104,88,86,103,57,45,51,43,33,30,29,29,47,28,29,24,18,35,31,37,24,6585
3812,TRAFALGAR_RD NE of CAMBERWELL_RD,059 K02,-37.83738,145.06119,6817,950,2,1,10/15/2006,16,23,21,21,10,10,2,6,4,7,7,2,5,5,1,0,5,4,1,8,9,3,13,9,12,13,22,17,23,28,21,32,19,26,41,66,59,70,84,85,117,93,96,106,88,89,169,122,152,100,113,85,134,91,135,130,115,125,95,89,113,72,73,101,106,108,78,67,83,65,94,82,131,57,70,47,82,31,52,31,30,28,52,23,34,32,28,16,29,11,13,18,10,11,18,3,4953
3812,TRAFALGAR_RD NE of CAMBERWELL_RD,059 K02,-37.83738,145.06119,6817,950,2,1,10/17/2006,7,7,0,0,2,1,1,1,2,3,0,1,1,0,0,1,5,7,0,8,7,10,10,24,46,47,98,93,140,224,300,285,293,266,246,226,228,149,146,131,133,108,131,104,92,93,88,117,123,79,86,104,78,76,100,99,109,132,98,113,86,94,146,115,116,98,129,93,94,129,88,96,102,102,117,110,89,67,58,66,65,27,39,27,33,31,27,29,44,21,15,16,21,12,6,5,7492
3812,TRAFALGAR_RD NE of CAMBERWELL_RD,059 K02,-37.83738,145.06119,6817,950,2,1,10/21/2006,20,17,19,5,9,4,1,10,6,5,4,2,0,4,0,0,4,1,4,2,3,3,9,10,16,20,37,36,26,26,69,47,85,72,98,98,94,104,107,138,173,146,153,130,123,138,139,160,163,146,151,171,161,99,101,125,126,163,126,89,96,139,99,153,161,107,121,123,129,116,130,112,84,87,110,87,123,122,66,49,42,34,38,29,29,30,24,21,29,17,26,20,48,13,24,26,6662
3812,TRAFALGAR_RD NE of CAMBERWELL_RD,059 K02,-37.83738,145.06119,6817,950,2,1,10/22/2006,16,28,10,12,12,13,3,4,8,6,6,1,5,0,1,2,2,2,6,6,2,3,5,9,7,8,13,13,10,17,22,34,27,40,46,69,52,47,64,82,129,72,110,84,80,76,169,122,152,83,108,84,117,127,103,130,88,93,120,127,95,74,90,117,108,132,97,58,104,85,117,82,105,55,70,55,59,32,34,26,30,23,29,43,20,36,12,11,46,38,14,16,26,4,5,4,4839
3812,TRAFALGAR_RD NE of CAMBERWELL_RD,059 K02,-37.83738,145.06119,6817,950,2,1,10/23/2006,5,6,7,8,3,3,0,0,1,0,1,0,0,0,6,0,2,4,5,7,11,19,22,32,42,52,95,80,170,215,292,277,272,272,238,226,228,204,135,156,141,94,131,100,86,119,88,90,81,77,104,96,114,88,76,98,109,93,80,82,122,120,137,106,130,98,105,100,89,139,125,112,113,131,117,94,69,66,57,52,40,43,47,23,32,22,24,43,54,12,16,10,16,9,6,0,7522
3812,TRAFALGAR_RD NE of CAMBERWELL_RD,059 K02,-37.83738,145.06119,6817,950,2,1,10/24/2006,7,7,3,7,3,1,1,0,1,0,2,1,2,0,0,2,5,0,6,4,7,17,24,40,28,40,80,138,139,224,312,286,335,257,254,226,228,153,154,129,96,97,90,79,95,100,103,110,80,83,134,88,116,91,124,98,123,114,85,94,116,101,140,115,93,88,109,88,83,124,113,108,87,131,103,54,105,68,106,51,28,33,51,18,66,22,22,40,28,13,33,15,12,14,4,3,7508
3812,TRAFALGAR_RD NE of CAMBERWELL_RD,059 K02,-37.83738,145.06119,6817,950,2,1,10/28/2006,11,10,12,16,10,3,2,2,1,3,6,6,2,0,2,2,1,3,1,3,4,1,4,7,12,20,20,18,25,29,43,48,66,75,58,97,131,109,98,101,111,103,120,125,143,157,129,151,136,172,182,121,164,110,135,105,133,105,113,91,106,94,99,157,132,77,109,105,81,106,139,134,112,110,120,91,130,87,66,56,36,46,29,34,25,21,39,29,10,24,22,27,27,23,24,9,6204
3812,TRAFALGAR_RD NE of CAMBERWELL_RD,059 K02,-37.83738,145.06119,6817,950,2,1,10/29/2006,32,14,25,27,26,7,10,0,0,0,0,3,1,1,8,0,12,0,1,4,5,3,4,5,5,8,7,20,15,7,28,21,25,21,35,61,56,38,85,91,116,114,110,85,73,111,109,122,127,94,113,120,88,106,96,102,136,101,95,137,71,68,78,117,106,105,76,75,98,68,118,91,87,70,57,52,54,51,50,32,30,39,48,25,24,20,28,18,15,28,21,21,23,2,8,4,4744
3812,TRAFALGAR_RD NE of CAMBERWELL_RD,059 K02,-37.83738,145.06119,6817,950,2,1,10/30/2006,3,4,6,7,2,0,2,2,1,0,0,0,3,0,1,0,4,5,2,3,11,11,9,11,27,34,80,129,128,187,244,282,269,288,264,251,204,183,153,101,141,97,96,127,109,86,90,94,124,119,83,98,113,126,89,99,103,93,85,88,108,141,102,162,128,91,98,87,124,81,85,115,102,131,117,73,83,80,106,78,67,39,55,35,43,23,14,13,26,37,27,11,11,9,3,5,7481
3812,SEYMOUR_GV W of CAMBERWELL_RD,059 K02,-37.83756,145.06057,6814,950,7,1,10/1/2006,31,35,25,12,12,18,12,10,8,7,6,12,8,5,14,3,6,5,11,11,6,0,5,13,6,12,18,4,5,8,12,12,20,15,18,26,27,35,50,53,79,50,48,67,76,61,86,94,91,80,101,84,115,81,148,81,88,83,105,133,74,119,169,169,73,93,131,106,93,152,114,111,243,89,83,75,60,54,37,40,59,26,19,32,70,41,45,28,19,31,21,14,29,9,8,12,4895
3812,SEYMOUR_GV W of CAMBERWELL_RD,059 K02,-37.83756,145.06057,6814,950,7,1,10/7/2006,31,34,17,15,20,15,9,10,20,7,8,6,10,9,5,9,9,5,3,7,2,1,1,2,2,5,9,16,20,19,27,49,47,44,46,59,57,63,68,115,75,67,144,92,98,112,169,203,145,156,110,120,161,148,114,216,154,131,100,110,168,135,171,105,124,149,109,105,143,146,118,172,211,158,98,77,125,74,63,51,49,49,37,28,36,36,37,38,33,37,55,29,59,26,34,50,6661
3812,SEYMOUR_GV W of CAMBERWELL_RD,059 K02,-37.83756,145.06057,6814,950,7,1,10/8/2006,41,48,50,34,16,16,12,5,7,4,11,10,6,5,3,7,3,8,9,6,6,2,9,8,7,13,11,13,11,12,14,34,18,22,25,29,33,37,52,93,45,59,120,66,63,60,167,151,83,107,109,143,70,101,96,99,97,105,69,135,114,84,88,85,78,180,189,151,109,99,201,99,104,89,76,68,73,48,63,52,34,45,41,32,40,27,25,28,29,45,34,20,38,10,15,5,5213
3812,SEYMOUR_GV W of CAMBERWELL_RD,059 K02,-37.83756,145.06057,6814,950,7,1,10/14/2006,32,34,24,26,13,16,29,6,8,10,6,11,3,7,11,9,6,3,11,2,4,1,2,3,3,3,6,11,24,23,27,43,65,49,85,84,123,64,87,69,131,77,93,175,138,100,96,123,203,123,110,150,151,191,124,81,141,135,138,89,114,217,194,191,124,83,155,123,178,204,161,114,146,126,124,101,81,68,102,46,46,47,42,52,31,47,62,62,63,35,42,38,43,59,82,27,7042
3812,SEYMOUR_GV W of CAMBERWELL_RD,059 K02,-37.83756,145.06057,6814,950,7,1,10/15/2006,44,40,35,51,32,13,7,11,6,20,24,6,6,10,4,5,4,4,2,7,3,5,9,13,10,7,10,13,12,21,20,13,21,26,23,44,38,39,45,74,92,53,62,82,52,79,95,79,99,114,126,80,101,92,108,138,92,117,118,75,113,87,124,109,141,112,107,110,150,106,125,94,213,88,95,53,114,42,78,35,28,32,73,27,44,37,35,24,59,18,20,26,12,9,18,10,5199
3812,SEYMOUR_GV W of CAMBERWELL_RD,059 K02,-37.83756,145.06057,6814,950,7,1,10/21/2006,48,21,28,11,16,9,8,4,3,10,5,9,8,4,3,9,3,2,5,4,4,0,2,4,9,6,6,15,25,18,49,36,67,39,76,66,69,72,93,179,122,88,134,115,95,111,223,125,150,117,118,157,159,117,91,143,111,165,154,100,114,164,99,130,193,163,164,141,129,118,219,99,107,152,136,116,173,117,71,41,44,43,22,31,22,33,26,36,50,36,35,34,47,32,42,39,6858
3812,SEYMOUR_GV W of CAMBERWELL_RD,059 K02,-37.83756,145.06057,6814,950,7,1,10/22/2006,48,54,33,39,24,19,19,13,10,18,9,8,7,3,9,7,5,8,8,12,2,7,4,8,8,9,5,4,9,11,16,19,18,18,33,32,23,50,45,51,90,68,73,65,48,84,157,72,182,79,133,91,97,113,83,119,61,105,109,163,118,95,130,186,112,176,128,94,146,114,136,109,161,83,159,86,92,47,52,49,35,31,41,27,32,30,27,22,62,66,37,17,27,8,12,7,5471
3812,SEYMOUR_GV W of CAMBERWELL_RD,059 K02,-37.83756,145.06057,6814,950,7,1,10/28/2006,24,23,25,25,18,8,13,6,5,5,6,10,3,7,4,4,4,0,4,0,0,4,4,15,7,7,6,9,16,29,16,25,56,74,61,69,127,125,75,94,83,111,98,106,139,164,152,122,105,148,154,103,158,109,98,110,129,110,101,185,222,98,97,140,241,105,141,106,116,103,121,138,127,187,144,98,85,54,59,37,35,36,29,37,35,20,41,36,58,66,36,38,42,39,47,36,6548
3812,SEYMOUR_GV W of CAMBERWELL_RD,059 K02,-37.83756,145.06057,6814,950,7,1,10/29/2006,62,34,46,40,32,9,19,0,0,0,0,15,29,3,11,5,18,6,7,6,4,6,4,0,6,9,5,8,11,8,21,22,16,24,22,32,42,15,60,72,35,89,104,64,52,102,87,75,102,104,132,91,72,84,106,70,109,147,126,118,82,93,94,87,151,151,86,144,116,130,126,103,137,89,75,77,91,82,71,41,31,55,67,41,36,32,23,33,25,31,25,27,33,24,17,12,5136
3812,CAMBERWELL_RD NW of TRAFALGAR_RD,059 K02,-37.83725,145.06055,4262,950,8,1,10/1/2006,83,89,70,31,47,35,59,24,37,29,27,30,25,37,12,16,12,16,22,18,16,9,15,21,8,18,17,16,17,40,21,14,36,25,25,37,58,37,61,82,84,85,97,75,126,107,113,156,125,97,114,141,162,118,236,102,118,94,142,173,110,161,212,169,100,126,115,109,113,187,116,113,192,78,76,76,75,96,63,50,131,53,56,42,125,63,44,51,52,42,35,31,34,18,18,17,6906
3812,CAMBERWELL_RD NW of TRAFALGAR_RD,059 K02,-37.83725,145.06055,4262,950,8,1,10/8/2006,89,95,69,79,57,35,30,31,32,25,47,40,29,16,20,15,23,14,18,13,15,10,16,15,17,25,22,32,26,31,32,42,40,36,41,45,60,69,62,86,70,63,185,86,95,94,193,163,110,127,103,163,124,116,106,101,111,93,108,158,146,92,110,124,107,178,266,199,118,111,176,125,125,79,99,79,91,69,96,54,74,55,70,49,54,50,45,40,45,77,75,35,61,28,31,17,7118
3812,CAMBERWELL_RD NW of TRAFALGAR_RD,059 K02,-37.83725,145.06055,4262,950,8,1,10/15/2006,67,91,71,101,80,34,38,26,39,53,50,34,29,31,35,24,14,24,8,27,15,13,13,29,14,11,21,21,18,24,33,18,26,30,36,52,42,61,64,97,74,85,94,77,106,107,121,135,187,135,171,130,137,100,126,222,159,150,134,118,157,123,120,103,151,117,128,133,139,131,146,106,173,89,97,84,90,58,70,57,50,64,105,51,65,63,58,58,78,45,40,68,39,38,26,24,7226
3812,CAMBERWELL_RD NW of TRAFALGAR_RD,059 K02,-37.83725,145.06055,4262,950,8,1,10/22/2006,129,103,87,117,70,41,35,29,35,53,38,30,33,33,37,22,28,14,21,22,9,20,19,15,10,15,14,15,13,8,24,40,52,31,39,56,51,54,66,76,84,87,78,85,62,87,182,120,206,112,135,183,103,120,128,178,88,132,127,167,130,104,109,193,157,210,133,110,155,127,168,97,125,92,202,81,110,87,78,57,45,67,57,44,59,55,36,54,70,76,98,54,75,35,24,26,7468
4030,HIGH_ST SW of BURKE_RD,045 K02,-37.79567,145.06111,5486,373,6,1,10/1/2006,38,36,41,37,24,25,22,20,17,33,14,19,60,18,14,17,25,8,9,4,9,6,4,9,9,5,9,8,21,7,18,9,37,19,51,33,36,52,58,47,53,68,80,80,75,61,79,89,79,101,90,79,96,85,71,98,88,85,64,78,75,101,72,95,116,120,76,93,132,108,87,99,97,70,105,75,49,52,34,41,75,42,38,60,54,46,86,43,38,27,45,11,33,18,24,9,4873
4030,HIGH_ST SW of BURKE_RD,045 K02,-37.79567,145.06111,5486,373,6,1,10/2/2006,27,7,34,5,5,3,10,10,4,8,5,6,3,2,6,2,2,3,2,4,20,6,20,26,40,24,58,90,92,72,92,33,85,101,96,75,91,71,73,75,91,77,64,112,102,82,78,78,79,96,114,111,95,130,111,70,94,87,86,152,116,131,123,136,138,154,117,136,176,204,159,210,164,180,158,129,82,83,84,65,63,64,54,38,78,50,45,37,36,57,55,18,29,42,36,9,6753
4030,HIGH_ST SW of BURKE_RD,045 K02,-37.79567,145.06111,5486,373,6,1,10/3/2006,6,15,13,9,7,3,8,3,4,2,5,3,4,3,1,0,6,0,3,2,5,28,15,26,46,32,41,84,80,84,71,89,102,110,74,119,112,80,72,55,69,95,67,77,111,83,96,108,72,145,98,96,80,94,88,92,97,109,96,103,133,129,125,164,128,184,158,163,135,204,204,174,204,174,153,129,105,99,82,68,61,50,68,58,76,69,39,46,56,46,47,41,36,31,29,30,6996
4030,HIGH_ST SW of BURKE_RD,045 K02,-37.79567,145.06111,5486,373,6,1,10/4/2006,17,23,25,5,10,27,15,2,6,3,5,0,4,3,7,0,2,2,2,2,25,6,26,23,30,24,64,47,88,95,72,88,106,105,88,94,69,65,106,98,67,105,84,89,83,116,68,88,100,89,109,63,93,78,97,100,106,139,95,103,128,137,134,133,142,138,158,146,196,145,185,196,191,154,125,132,107,122,71,57,67,66,76,57,72,64,82,62,71,61,40,69,46,40,31,24,7076
4030,HIGH_ST SW of BURKE_RD,045 K02,-37.79567,145.06111,5486,373,6,1,10/6/2006,22,42,25,12,8,7,13,7,7,9,2,6,8,7,4,4,5,5,3,5,17,6,16,26,12,76,36,55,71,103,64,88,101,106,91,94,112,69,79,75,73,73,88,89,78,128,100,88,105,92,103,87,119,92,92,101,102,87,111,103,127,142,139,136,142,191,159,172,166,206,139,218,158,169,176,132,119,122,95,87,62,100,80,70,50,47,78,82,88,39,86,65,60,57,42,34,7444
4030,HIGH_ST SW of BURKE_RD,045 K02,-37.79567,145.06111,5486,373,6,1,10/7/2006,49,36,42,34,36,33,53,21,14,11,6,11,9,15,15,11,7,4,8,28,11,26,20,14,11,6,22,15,20,29,53,46,39,48,86,58,62,78,75,57,122,91,116,119,106,81,159,99,150,101,107,106,129,104,98,113,101,101,106,114,94,97,92,85,116,110,119,96,98,113,103,71,79,111,112,71,74,82,57,74,51,42,54,60,46,46,52,60,73,57,78,80,79,92,60,51,6277
4030,HIGH_ST SW of BURKE_RD,045 K02,-37.79567,145.06111,5486,373,6,1,10/8/2006,71,63,36,43,36,34,27,28,24,28,12,17,16,12,11,8,9,14,10,9,7,7,5,8,7,7,7,4,41,14,25,0,11,35,56,33,53,38,42,54,42,68,66,56,64,87,84,60,80,82,95,73,75,85,108,95,89,83,75,79,88,65,117,86,90,113,86,77,129,94,90,88,85,81,78,108,78,65,60,58,42,71,75,85,57,41,47,40,36,24,41,23,45,21,24,11,4927
4030,HIGH_ST SW of BURKE_RD,045 K02,-37.79567,145.06111,5486,373,6,1,10/9/2006,38,12,16,6,8,2,4,4,7,1,2,1,5,8,5,1,3,3,3,4,3,23,7,24,24,24,36,46,76,87,93,72,114,100,103,94,70,97,77,33,88,67,80,48,92,97,85,88,71,111,85,115,86,100,97,93,110,100,109,119,138,121,147,136,151,156,147,131,172,204,180,191,215,170,196,114,108,73,74,68,67,56,72,64,63,64,44,32,62,47,25,49,23,41,58,11,6847
4030,HIGH_ST SW of BURKE_RD,045 K02,-37.79567,145.06111,5486,373,6,1,10/10/2006,38,12,23,2,7,5,6,4,6,6,0,2,3,0,3,1,2,0,2,1,1,24,9,17,25,36,38,69,86,88,82,88,134,94,115,94,91,71,80,75,73,74,87,89,62,82,97,101,77,121,111,89,86,77,98,89,105,97,103,93,133,154,138,136,129,126,160,163,180,194,176,196,191,156,173,163,108,98,92,87,73,80,62,52,84,69,65,52,52,56,43,49,63,35,26,17,7082
4030,HIGH_ST SW of BURKE_RD,045 K02,-37.79567,145.06111,5486,373,6,1,10/11/2006,32,43,20,5,4,5,9,4,4,3,2,1,0,2,4,0,2,3,3,2,16,3,19,35,56,10,53,52,84,71,80,88,77,110,94,94,63,80,61,75,61,75,86,89,71,112,94,62,81,81,86,87,95,102,99,65,140,94,103,102,131,172,112,148,110,161,143,148,153,204,202,194,176,126,156,132,151,90,107,78,69,73,68,70,88,89,89,64,57,50,40,59,38,51,27,27,7007
4030,HIGH_ST SW of BURKE_RD,045 K02,-37.79567,145.06111,5486,373,6,1,10/12/2006,15,28,35,11,12,8,6,11,8,7,6,3,23,4,2,1,0,6,3,6,17,1,23,23,29,10,84,55,76,65,63,33,80,134,87,110,94,90,73,87,92,87,92,89,79,113,92,98,61,94,101,93,123,88,121,75,100,91,117,105,134,173,157,121,174,118,158,156,165,211,195,196,176,150,164,118,126,86,118,68,67,87,67,69,82,53,85,48,60,51,55,50,54,61,41,13,7247
4030,HIGH_ST SW of BURKE_RD,045 K02,-37.79567,145.06111,5486,373,6,1,10/13/2006,16,13,33,13,8,17,5,6,7,2,2,5,5,3,4,4,3,6,4,4,2,29,13,19,64,8,82,76,80,70,101,108,94,139,98,94,104,75,84,75,76,91,85,108,83,77,92,90,105,93,100,84,91,98,101,100,78,86,94,106,151,160,136,146,131,174,167,148,150,198,201,174,191,168,166,137,107,110,79,102,85,56,60,87,68,50,58,72,65,51,51,66,59,50,82,43,7412
4030,HIGH_ST SW of BURKE_RD,045 K02,-37.79567,145.06111,5486,373,6,1,10/14/2006,58,33,33,36,32,30,38,15,14,10,8,5,6,9,11,8,11,5,9,24,4,26,13,16,7,21,36,31,22,19,59,53,52,75,68,80,51,100,92,54,85,85,101,127,106,121,106,93,123,134,118,132,107,99,102,80,128,101,116,112,94,101,103,115,78,109,102,86,106,117,106,95,82,110,77,96,71,90,60,74,103,44,84,52,62,74,45,91,69,51,44,49,60,43,79,61,6333
4030,HIGH_ST SW of BURKE_RD,045 K02,-37.79567,145.06111,5486,373,6,1,10/15/2006,35,59,29,38,33,40,16,33,17,11,18,17,23,14,9,4,12,9,9,8,3,11,9,4,8,6,3,9,19,13,28,0,32,14,43,32,43,36,40,45,63,58,64,69,69,88,91,59,71,97,80,80,123,69,83,60,101,74,105,65,88,119,105,70,99,87,86,112,86,116,107,102,94,66,105,66,72,52,50,29,45,34,67,58,52,43,44,41,52,34,34,21,28,16,29,17,4727
4030,HIGH_ST SW of BURKE_RD,045 K02,-37.79567,145.06111,5486,373,6,1,10/16/2006,39,14,20,5,10,3,6,7,1,5,3,1,1,3,3,2,1,2,3,4,14,6,16,55,23,7,53,76,80,87,120,88,101,110,97,96,121,52,82,75,64,73,84,89,84,95,89,88,96,71,87,108,112,115,83,74,109,92,84,103,118,135,162,129,127,131,146,163,141,202,161,215,193,192,140,169,89,91,89,64,78,63,65,60,63,49,45,42,45,49,26,43,46,27,23,23,6896
4030,HIGH_ST SW of BURKE_RD,045 K02,-37.79567,145.06111,5486,373,6,1,10/17/2006,15,13,12,6,8,5,4,2,3,4,4,4,1,3,1,1,1,0,1,2,8,12,19,23,16,34,51,58,72,78,115,112,87,86,105,141,104,92,71,75,76,65,119,71,92,126,104,88,126,105,103,93,94,74,105,92,76,114,120,103,138,136,165,120,126,138,142,153,178,178,223,196,230,158,174,161,143,94,75,86,63,75,63,33,111,66,59,69,55,67,34,69,37,33,35,15,7293
4030,HIGH_ST SW of BURKE_RD,045 K02,-37.79567,145.06111,5486,373,6,1,10/18/2006,47,37,28,10,5,12,6,13,4,5,5,33,7,5,1,2,3,1,1,3,12,2,10,7,40,33,63,70,99,70,86,114,96,114,78,76,116,63,103,81,88,65,82,89,79,104,65,103,107,107,81,97,101,105,107,100,111,107,72,108,129,131,173,119,135,182,171,143,216,192,170,175,208,166,205,132,116,112,82,94,54,62,70,94,55,61,68,52,71,69,38,53,51,43,47,37,7415
4030,HIGH_ST SW of BURKE_RD,045 K02,-37.79567,145.06111,5486,373,6,1,10/19/2006,33,32,22,12,12,13,13,17,15,6,10,8,20,11,9,3,1,3,5,0,19,4,21,18,68,18,47,51,54,95,119,110,89,116,88,113,75,102,96,75,97,73,77,76,88,95,80,106,104,105,117,96,103,103,87,117,87,112,86,85,103,149,150,165,151,172,148,140,203,173,169,192,165,169,168,132,125,110,87,96,68,95,76,65,79,82,82,57,49,71,43,64,64,75,33,23,7510
4030,HIGH_ST SW of BURKE_RD,045 K02,-37.79567,145.06111,5486,373,6,1,10/21/2006,56,49,32,20,29,23,40,12,16,15,13,15,11,9,6,5,11,7,13,7,8,18,18,36,31,8,21,34,41,18,48,43,43,45,81,96,57,89,90,77,75,85,98,87,141,83,112,99,139,123,117,135,106,105,100,118,110,126,76,85,102,96,121,114,87,98,110,117,123,109,147,109,93,88,113,68,90,90,93,51,66,33,65,76,58,73,73,49,47,73,42,69,83,49,66,59,6411
4030,HIGH_ST SW of BURKE_RD,045 K02,-37.79567,145.06111,5486,373,6,1,10/22/2006,41,48,46,52,56,32,28,25,8,8,14,25,12,12,12,20,14,6,7,9,3,4,4,5,5,4,8,9,48,12,15,15,42,22,17,45,37,34,42,54,70,51,74,59,78,98,88,90,81,80,84,80,83,106,56,67,72,94,63,71,78,97,77,89,91,89,118,90,94,103,82,99,94,89,100,68,58,52,63,29,59,38,69,51,54,40,45,24,37,41,56,19,37,15,15,19,4724
4030,HIGH_ST SW of BURKE_RD,045 K02,-37.79567,145.06111,5486,373,6,1,10/23/2006,29,9,24,13,5,5,4,2,6,2,4,1,2,0,3,0,4,3,4,2,20,25,2,16,24,34,40,71,65,110,108,88,95,104,110,111,80,69,66,75,73,117,91,107,79,90,96,63,127,119,81,96,96,119,89,71,105,115,97,104,123,126,124,138,136,124,179,125,218,192,184,196,176,185,194,130,83,84,111,86,99,35,60,64,64,47,44,51,55,69,38,34,47,36,30,16,7073
4030,HIGH_ST SW of BURKE_RD,045 K02,-37.79567,145.06111,5486,373,6,1,10/24/2006,49,20,9,4,0,3,8,5,8,4,4,1,1,1,0,2,1,1,2,1,23,3,24,13,32,25,69,46,92,92,86,89,102,121,116,138,94,80,88,98,65,96,115,85,70,100,76,81,99,108,71,83,110,77,112,119,131,76,136,121,147,110,163,140,150,144,150,163,167,193,205,193,147,174,160,134,113,106,97,72,72,68,91,82,92,60,68,60,88,99,49,53,51,32,37,15,7431
4030,HIGH_ST SW of BURKE_RD,045 K02,-37.79567,145.06111,5486,373,6,1,10/25/2006,54,28,29,10,12,12,6,3,2,5,5,3,2,2,2,1,5,0,0,4,5,5,24,9,38,7,75,59,90,130,69,89,76,100,134,83,89,90,95,82,57,79,89,89,82,82,102,83,84,94,77,86,130,102,100,73,122,83,120,103,120,131,159,110,181,138,151,154,199,178,209,183,191,157,169,157,108,130,85,87,96,63,76,56,58,60,55,75,55,63,40,71,53,39,33,29,7290
4030,HIGH_ST SW of BURKE_RD,045 K02,-37.79567,145.06111,5486,373,6,1,10/26/2006,19,36,23,16,13,7,7,11,13,23,6,3,15,12,10,24,31,3,4,1,17,6,8,13,35,18,53,68,66,91,67,80,138,85,109,105,61,113,85,86,111,95,100,89,101,84,91,95,126,87,110,106,100,80,122,106,83,95,113,92,113,158,166,163,139,145,161,139,191,197,167,194,192,154,156,132,123,110,91,97,61,68,63,65,65,52,48,76,71,70,60,64,69,44,32,28,7491
4030,HIGH_ST SW of BURKE_RD,045 K02,-37.79567,145.06111,5486,373,6,1,10/28/2006,60,32,32,27,28,17,31,22,4,13,22,8,12,11,13,6,9,7,11,10,3,26,36,21,10,8,17,28,19,41,51,50,40,55,85,65,73,76,94,68,90,81,94,91,98,103,117,120,137,95,113,134,118,105,102,113,105,126,103,100,119,99,110,141,122,106,119,104,132,119,84,100,119,101,99,76,78,66,66,74,68,36,45,51,48,55,42,58,88,55,89,57,68,63,60,45,6348
4030,HIGH_ST SW of BURKE_RD,045 K02,-37.79567,145.06111,5486,373,6,1,10/29/2006,66,54,54,60,62,48,29,0,0,0,0,37,20,24,13,17,17,13,8,9,5,8,7,10,5,11,10,8,52,33,25,9,23,15,42,69,51,36,71,35,73,56,65,60,43,84,72,82,96,63,84,89,83,94,102,71,76,90,91,89,88,88,134,81,91,120,87,113,87,125,127,110,96,115,81,71,82,79,56,49,45,35,51,72,39,34,55,32,43,39,28,19,35,16,25,35,5102
4030,HIGH_ST SW of BURKE_RD,045 K02,-37.79567,145.06111,5486,373,6,1,10/30/2006,79,8,26,7,10,5,11,6,3,4,7,3,1,3,1,1,0,5,5,1,12,1,11,10,38,8,63,61,96,97,47,105,99,116,108,100,58,73,91,89,71,103,69,75,128,93,89,88,76,95,144,96,94,90,100,109,104,98,96,99,123,105,157,151,115,175,138,153,163,212,221,171,189,162,155,142,111,74,106,70,72,91,62,72,85,56,40,38,58,65,39,50,35,42,28,18,7130
4030,HIGH_ST SW of BURKE_RD,045 K02,-37.79567,145.06111,5486,373,6,1,10/31/2006,33,28,29,51,18,2,2,5,4,4,2,2,4,21,17,1,13,24,3,2,11,4,20,70,33,30,40,54,112,104,67,66,105,121,92,108,125,90,73,53,71,84,105,92,84,86,82,103,77,96,117,111,109,100,119,99,78,84,126,147,124,146,154,149,181,134,179,184,199,204,169,196,176,213,164,131,113,111,71,75,56,72,76,71,56,64,62,61,44,40,39,35,47,36,32,23,7500
4030,KILBY_RD W of BURKE_RD,045 K02,-37.79471,145.0612,9334,373,7,1,10/1/2006,8,4,6,5,4,3,5,4,4,0,0,3,3,0,4,0,0,5,0,0,1,1,2,0,0,2,2,5,5,2,5,3,11,7,8,13,21,17,8,18,23,19,26,26,18,24,19,29,38,34,27,23,38,27,29,26,25,19,19,33,26,32,30,32,23,28,26,26,23,31,32,28,33,18,24,12,21,14,11,11,9,11,9,13,10,7,19,8,3,5,3,2,3,3,6,1,1304
4030,KILBY_RD W of BURKE_RD,045 K02,-37.79471,145.0612,9334,373,7,1,10/2/2006,1,2,2,1,1,2,0,3,0,0,2,1,0,0,0,1,1,1,2,1,2,1,1,2,3,5,5,14,9,14,20,20,18,29,34,36,21,23,24,14,17,28,23,19,21,18,24,19,22,23,25,17,18,30,25,27,26,25,27,21,30,39,44,41,31,35,45,38,43,44,54,49,59,40,30,21,27,22,14,13,10,9,10,12,8,4,6,6,8,5,9,3,3,7,5,3,1598
4030,KILBY_RD W of BURKE_RD,045 K02,-37.79471,145.0612,9334,373,7,1,10/3/2006,5,2,3,0,0,0,0,0,0,0,2,1,0,0,0,0,0,3,1,1,0,1,1,2,5,4,12,14,10,18,17,16,22,25,28,40,30,13,23,11,18,13,17,19,26,19,17,19,24,20,19,22,26,24,22,24,27,37,18,30,26,28,48,49,39,43,51,36,41,42,61,58,63,49,21,27,19,26,18,16,16,9,12,9,8,9,6,16,9,7,9,2,5,10,1,2,1642
4030,KILBY_RD W of BURKE_RD,045 K02,-37.79471,145.0612,9334,373,7,1,10/4/2006,0,0,2,1,1,0,0,1,0,0,0,2,0,0,0,0,1,0,0,1,2,2,1,1,2,5,7,11,9,16,14,20,25,26,34,31,31,20,20,26,28,23,22,19,11,30,27,21,30,24,28,22,26,23,21,24,13,24,20,26,27,27,48,40,37,42,39,39,46,41,57,58,69,48,38,27,17,24,17,16,12,17,6,15,8,8,5,11,10,6,10,3,3,5,3,2,1655
4030,KILBY_RD W of BURKE_RD,045 K02,-37.79471,145.0612,9334,373,7,1,10/5/2006,5,1,2,1,1,1,0,0,0,0,1,1,0,0,1,1,2,1,2,1,6,1,2,3,3,5,8,9,13,13,9,18,31,30,29,35,40,14,18,16,20,20,26,19,23,15,19,21,24,21,22,12,20,18,16,36,26,28,27,26,31,45,45,40,36,40,34,34,39,55,42,58,52,46,35,34,32,19,23,23,7,19,16,13,20,10,11,19,7,8,5,1,4,2,9,3,1680
4030,KILBY_RD W of BURKE_RD,045 K02,-37.79471,145.0612,9334,373,7,1,10/6/2006,1,1,1,3,3,1,0,1,0,3,1,2,0,0,1,0,1,1,1,1,2,1,1,1,2,5,9,13,9,7,19,20,23,32,29,31,23,19,14,16,5,23,29,19,28,30,31,21,24,28,18,25,30,31,26,16,26,28,25,26,23,32,36,40,39,50,47,41,43,39,43,52,58,32,38,27,31,24,29,17,24,10,16,12,11,8,8,14,8,11,8,9,9,5,7,6,1694
4030,KILBY_RD W of BURKE_RD,045 K02,-37.79471,145.0612,9334,373,7,1,10/7/2006,3,7,7,2,1,2,2,2,2,2,2,1,1,1,1,0,1,0,2,2,1,2,2,1,3,3,7,4,6,12,9,10,14,16,18,28,24,22,22,28,27,21,21,37,38,27,35,18,36,29,47,40,35,26,25,13,31,23,18,32,23,24,26,35,24,32,26,28,22,40,34,29,28,18,23,35,18,14,14,4,9,14,13,9,5,8,7,5,7,3,8,11,11,7,6,11,1483
4030,KILBY_RD W of BURKE_RD,045 K02,-37.79471,145.0612,9334,373,7,1,10/8/2006,3,11,4,6,1,8,2,0,1,4,1,5,1,2,0,1,2,2,0,1,2,1,2,1,1,1,1,4,5,2,7,0,0,10,11,16,16,14,10,17,18,27,20,31,26,21,30,22,27,32,26,30,20,21,21,23,19,23,20,18,22,26,34,21,28,18,25,35,34,30,32,34,25,23,20,9,14,12,10,2,11,5,9,7,6,7,6,10,4,4,4,7,5,3,1,1,1195
4030,KILBY_RD W of BURKE_RD,045 K02,-37.79471,145.0612,9334,373,7,1,10/9/2006,3,2,0,0,0,0,0,0,0,0,0,0,0,0,0,0,1,0,1,2,1,1,0,2,2,4,8,8,6,15,16,16,23,33,30,31,27,18,17,13,21,22,23,19,21,23,21,24,22,30,18,20,24,22,24,17,13,20,23,26,24,41,53,40,36,40,36,34,55,56,54,67,68,48,23,19,28,15,15,13,10,14,14,12,7,6,10,7,8,5,4,2,3,2,3,0,1585
4030,KILBY_RD W of BURKE_RD,045 K02,-37.79471,145.0612,9334,373,7,1,10/10/2006,4,2,1,1,0,0,1,0,0,0,1,0,1,2,0,0,1,0,2,3,2,0,1,2,2,8,7,10,14,18,13,20,12,33,31,31,36,27,24,13,9,15,24,19,16,33,19,23,24,28,23,30,39,22,35,29,27,28,29,22,40,25,44,40,35,40,47,36,50,55,60,58,53,48,41,20,27,16,23,16,17,18,13,9,13,9,12,14,17,3,6,6,2,8,4,6,1748
4030,KILBY_RD W of BURKE_RD,045 K02,-37.79471,145.0612,9334,373,7,1,10/11/2006,0,1,3,0,0,0,2,0,0,1,1,0,1,0,0,0,0,0,1,3,1,1,1,2,1,6,6,9,16,16,16,20,27,36,29,31,32,27,12,15,18,11,15,19,24,32,24,21,30,32,27,21,31,29,31,22,19,24,24,20,30,43,44,32,30,45,32,32,46,43,48,58,48,47,27,27,26,28,17,22,13,16,9,8,18,11,10,6,8,6,11,4,3,1,5,0,1645
4030,KILBY_RD W of BURKE_RD,045 K02,-37.79471,145.0612,9334,373,7,1,10/12/2006,2,1,2,1,1,1,1,0,1,0,1,1,0,0,1,0,1,1,1,3,1,1,1,1,8,5,7,11,8,14,13,20,26,34,38,44,31,17,30,31,20,21,23,19,14,23,28,34,32,28,23,17,29,29,17,18,25,24,26,22,30,32,51,41,29,29,34,43,37,47,43,51,59,47,29,27,28,19,13,19,22,23,12,12,20,9,10,12,2,8,10,5,3,6,2,3,1699
4030,KILBY_RD W of BURKE_RD,045 K02,-37.79471,145.0612,9334,373,7,1,10/13/2006,1,3,1,1,1,1,0,0,0,0,1,1,0,1,1,0,1,1,3,3,3,1,1,2,5,5,9,11,9,13,18,27,23,28,34,31,40,34,21,13,18,24,18,24,20,30,24,27,30,30,25,21,32,31,30,13,14,19,27,20,25,32,51,49,36,32,47,36,53,48,56,68,59,49,39,30,22,22,18,16,13,10,16,7,10,10,6,12,9,11,12,7,6,9,6,7,1764
4030,KILBY_RD W of BURKE_RD,045 K02,-37.79471,145.0612,9334,373,7,1,10/14/2006,4,3,3,1,2,3,5,0,1,1,1,3,3,0,1,1,0,0,3,1,1,0,3,1,2,3,4,6,8,8,9,8,10,17,18,33,23,15,24,28,22,16,28,32,29,33,40,31,29,31,48,36,35,25,30,27,33,21,21,27,25,24,17,29,27,24,28,33,24,36,33,30,28,33,26,27,22,11,11,9,10,6,6,11,9,4,10,5,10,6,7,7,8,7,9,2,1465
4030,KILBY_RD W of BURKE_RD,045 K02,-37.79471,145.0612,9334,373,7,1,10/15/2006,10,4,7,4,6,1,3,5,3,2,2,3,1,1,0,4,1,2,0,2,0,3,1,2,0,0,4,4,4,4,7,0,12,12,14,15,18,18,27,11,20,20,29,27,24,26,25,34,30,33,29,20,25,25,19,17,25,25,25,22,31,30,38,24,24,21,33,25,21,17,23,22,15,23,19,18,14,10,7,7,10,6,6,7,8,4,10,8,3,3,3,3,1,3,4,1,1219
4030,KILBY_RD W of BURKE_RD,045 K02,-37.79471,145.0612,9334,373,7,1,10/16/2006,2,2,0,1,1,0,0,3,1,0,0,2,0,1,0,0,0,0,0,4,0,0,0,3,3,5,7,10,6,16,13,19,18,33,34,34,32,16,18,13,18,21,16,8,22,24,24,21,17,24,20,29,24,21,22,22,19,27,27,26,24,39,47,39,36,47,32,36,39,54,54,52,51,37,40,27,26,22,10,13,12,16,12,13,11,4,6,11,12,7,4,4,4,4,3,4,1581
4030,KILBY_RD W of BURKE_RD,045 K02,-37.79471,145.0612,9334,373,7,1,10/17/2006,2,0,2,0,1,1,0,0,1,0,1,2,0,0,3,0,0,0,1,3,2,0,2,2,7,4,8,10,16,19,16,21,28,21,34,31,27,20,17,13,15,21,17,22,17,15,23,21,24,16,18,17,20,17,21,16,31,15,27,26,29,36,36,28,37,34,38,27,44,45,54,58,60,54,25,40,24,24,14,18,12,12,8,18,2,10,11,7,9,7,3,2,3,2,1,7,1553
4030,KILBY_RD W of BURKE_RD,045 K02,-37.79471,145.0612,9334,373,7,1,10/18/2006,2,1,2,1,1,0,0,0,1,1,1,1,0,0,2,1,1,1,0,0,4,0,0,1,7,5,7,8,17,14,20,21,27,31,43,26,25,22,16,20,21,18,22,19,21,28,25,18,30,23,27,17,25,22,26,24,20,26,20,23,23,22,34,40,31,30,33,27,43,41,54,59,46,38,28,27,33,35,24,17,9,14,7,12,7,5,12,15,7,11,8,10,5,5,4,0,1601
4030,KILBY_RD W of BURKE_RD,045 K02,-37.79471,145.0612,9334,373,7,1,10/19/2006,3,4,2,2,3,2,1,2,0,1,2,0,1,0,1,0,2,1,2,1,4,1,0,2,3,7,10,10,12,13,18,20,31,28,32,31,20,26,18,13,25,22,26,20,16,21,29,33,18,17,29,27,28,31,24,27,30,22,31,27,25,32,37,39,38,44,29,39,41,46,41,58,62,51,32,27,33,35,15,25,17,19,26,19,11,10,8,9,8,10,6,6,3,5,4,4,1746
4030,KILBY_RD W of BURKE_RD,045 K02,-37.79471,145.0612,9334,373,7,1,10/20/2006,1,4,2,1,1,3,2,0,3,0,1,1,0,0,0,1,1,2,2,2,4,0,1,2,4,4,8,11,14,17,20,20,29,36,23,35,25,22,23,13,14,25,13,19,25,23,21,21,26,25,27,22,32,36,27,25,29,25,29,37,30,43,42,33,41,31,36,38,52,62,53,58,59,48,31,31,20,10,20,20,18,16,9,9,8,8,9,7,15,8,4,10,8,6,8,8,1748
4030,KILBY_RD W of BURKE_RD,045 K02,-37.79471,145.0612,9334,373,7,1,10/21/2006,11,6,6,2,5,3,2,0,3,1,2,1,2,0,2,0,0,0,1,2,1,0,6,1,2,2,8,1,9,7,15,13,13,20,14,22,27,20,26,26,33,26,22,30,30,27,26,24,33,38,46,42,34,27,28,30,30,35,33,19,28,27,29,26,29,21,39,23,33,24,29,29,26,23,34,26,16,17,20,10,13,6,17,6,7,10,9,11,9,15,16,13,15,11,10,5,1577
4030,KILBY_RD W of BURKE_RD,045 K02,-37.79471,145.0612,9334,373,7,1,10/22/2006,9,3,11,12,7,6,2,6,0,5,1,1,1,0,3,1,0,0,0,2,0,2,4,0,1,3,3,1,4,12,5,5,2,10,9,21,8,19,17,26,12,30,27,26,25,29,29,27,37,36,32,39,29,15,30,29,27,29,21,20,34,34,31,28,34,29,27,37,44,33,33,38,22,19,27,17,12,19,10,0,11,6,8,7,11,7,7,3,10,10,3,5,5,4,5,2,1403
4030,KILBY_RD W of BURKE_RD,045 K02,-37.79471,145.0612,9334,373,7,1,10/23/2006,2,1,1,2,4,1,0,0,0,0,1,1,0,0,1,0,1,1,1,1,3,2,1,1,3,4,9,12,11,11,13,20,24,23,28,38,25,15,16,16,18,19,17,24,22,19,24,26,22,21,18,22,19,24,23,14,15,19,19,26,35,33,34,45,28,41,29,48,47,58,46,58,42,36,28,33,22,23,8,20,11,12,12,22,12,6,7,7,10,6,7,7,2,3,5,4,1551
4030,KILBY_RD W of BURKE_RD,045 K02,-37.79471,145.0612,9334,373,7,1,10/24/2006,0,1,2,0,0,4,0,0,0,0,2,0,1,0,0,0,1,0,2,1,2,1,1,4,5,6,5,14,8,11,14,24,22,28,41,26,31,23,24,21,20,25,15,22,18,19,21,20,27,22,14,23,27,26,32,17,19,25,35,26,32,28,35,50,35,34,46,36,43,61,54,61,60,47,30,22,24,19,17,15,14,14,8,12,11,8,10,9,16,9,4,7,6,7,7,3,1672
4030,KILBY_RD W of BURKE_RD,045 K02,-37.79471,145.0612,9334,373,7,1,10/25/2006,1,4,4,3,0,1,0,0,0,0,1,0,0,0,0,1,0,1,0,0,3,0,0,0,4,6,11,6,10,22,23,23,33,31,35,31,33,16,18,16,26,19,21,19,22,18,19,19,21,23,30,29,21,32,19,31,20,24,27,26,18,32,39,42,29,44,33,33,53,52,54,54,55,35,39,24,27,23,20,5,18,14,10,7,8,7,8,12,7,6,6,6,4,5,6,1,1639
4030,KILBY_RD W of BURKE_RD,045 K02,-37.79471,145.0612,9334,373,7,1,10/26/2006,2,2,2,1,1,1,0,1,2,0,0,1,0,0,2,0,1,0,2,1,1,1,2,3,1,7,6,15,10,12,16,27,33,31,30,30,35,25,23,20,18,26,23,19,14,23,30,26,31,22,21,30,35,26,25,27,28,38,34,30,19,29,45,40,32,49,38,43,53,46,54,58,59,48,36,27,27,33,18,13,18,10,15,21,11,14,15,16,17,11,11,5,6,0,8,1,1819
4030,KILBY_RD W of BURKE_RD,045 K02,-37.79471,145.0612,9334,373,7,1,10/27/2006,3,3,1,2,2,1,0,1,0,0,2,0,0,1,0,0,0,1,1,0,2,0,2,0,5,2,9,11,14,8,15,19,21,24,38,32,24,24,14,13,19,23,14,23,19,19,18,28,25,28,27,22,20,25,24,26,29,21,20,29,29,30,44,40,32,27,38,35,41,47,51,58,45,40,38,26,29,24,15,21,17,14,7,8,17,10,9,9,12,6,7,9,8,6,2,7,1612
4030,KILBY_RD W of BURKE_RD,045 K02,-37.79471,145.0612,9334,373,7,1,10/28/2006,7,3,2,2,3,2,2,1,3,1,2,1,1,0,3,0,0,0,2,1,2,1,2,1,2,3,2,2,5,4,5,12,10,17,22,23,20,19,25,32,21,23,33,27,37,37,37,37,30,30,43,40,31,26,26,13,22,31,30,19,23,20,23,33,27,26,35,23,33,22,37,31,28,22,31,26,26,22,14,4,14,11,13,6,9,5,10,6,8,6,5,3,12,10,12,7,1481
4030,KILBY_RD W of BURKE_RD,045 K02,-37.79471,145.0612,9334,373,7,1,10/29/2006,5,4,7,2,3,1,4,2,0,3,1,3,1,0,0,1,5,3,1,2,0,1,5,2,0,1,1,3,1,3,2,6,6,13,8,11,17,20,16,15,20,21,31,34,24,21,31,34,31,39,32,44,48,39,48,38,28,42,38,38,32,37,42,33,27,30,46,25,33,28,31,29,27,30,17,21,23,24,12,13,15,12,9,7,8,13,11,6,10,5,5,7,4,4,3,5,1544
4030,KILBY_RD W of BURKE_RD,045 K02,-37.79471,145.0612,9334,373,7,1,10/30/2006,1,2,1,0,1,1,0,1,0,0,0,1,2,0,0,0,0,1,2,2,2,1,0,0,4,5,7,8,11,14,14,23,28,24,28,30,25,15,14,22,19,22,18,19,30,23,16,21,27,19,33,22,15,21,21,30,24,35,27,33,32,30,45,40,32,43,34,39,45,48,54,61,47,35,35,38,19,19,12,15,9,10,16,11,6,14,9,7,10,7,4,1,4,6,2,2,1606
4030,KILBY_RD W of BURKE_RD,045 K02,-37.79471,145.0612,9334,373,7,1,10/31/2006,1,4,3,0,0,0,1,0,0,0,0,1,0,0,0,0,0,0,2,1,1,0,1,3,4,6,4,9,10,14,24,24,19,33,38,29,28,21,12,18,18,15,22,22,16,21,23,17,28,25,29,29,25,27,17,22,26,23,19,30,33,42,44,41,36,42,41,42,44,52,59,58,57,51,33,28,27,21,18,16,15,15,14,13,13,11,9,14,13,10,5,3,1,3,6,4,1699
4032,BELMORE_RD E of BURKE_RD,045 K04,-37.80236,145.06167,16974,374,3,1,10/1/2006,28,30,13,18,8,14,11,13,4,8,8,3,0,6,8,4,7,4,2,6,7,6,7,9,16,19,26,13,25,18,38,37,44,38,46,61,51,71,91,98,84,74,95,116,115,107,106,88,92,101,105,116,83,100,112,118,112,106,95,96,109,102,103,118,99,94,97,95,93,92,101,86,85,94,84,85,62,48,44,47,51,24,43,36,52,55,36,32,41,22,25,24,21,14,13,10,5174
4032,BELMORE_RD E of BURKE_RD,045 K04,-37.80236,145.06167,16974,374,3,1,10/7/2006,18,10,8,16,7,8,11,13,12,10,6,8,7,9,8,8,3,5,8,8,11,4,13,15,28,35,51,50,41,42,51,72,61,86,104,124,123,160,135,159,130,149,164,152,141,191,164,154,204,147,149,175,146,114,135,145,107,197,139,96,129,126,96,138,97,117,141,97,118,119,113,137,144,107,117,115,89,88,67,67,73,57,50,60,45,41,43,41,44,35,34,46,22,30,31,25,7446
4032,BELMORE_RD E of BURKE_RD,045 K04,-37.80236,145.06167,16974,374,3,1,10/8/2006,28,26,13,14,9,15,9,8,11,9,9,3,3,9,5,5,4,7,7,6,3,1,10,7,14,12,28,11,21,19,41,7,33,33,61,58,86,77,82,104,86,83,92,96,107,97,120,111,112,104,108,107,126,112,98,111,127,89,80,97,88,139,124,89,113,116,124,105,106,95,114,102,84,93,81,80,85,53,48,36,45,34,53,36,37,38,41,40,27,29,28,16,15,16,11,5,5317
4032,BELMORE_RD E of BURKE_RD,045 K04,-37.80236,145.06167,16974,374,3,1,10/14/2006,17,22,11,21,10,12,12,15,6,4,0,9,5,4,5,10,7,5,3,7,9,6,12,14,26,29,42,47,39,55,73,71,65,101,107,133,119,124,137,205,145,134,187,165,156,174,160,157,180,171,148,188,136,104,166,143,97,152,121,103,136,118,108,146,123,114,139,95,106,125,111,127,111,120,105,112,71,112,70,65,63,54,46,41,54,45,46,46,51,47,31,38,29,32,28,25,7476
4032,BELMORE_RD E of BURKE_RD,045 K04,-37.80236,145.06167,16974,374,3,1,10/15/2006,31,20,24,23,12,14,7,11,14,9,15,6,11,5,9,7,8,10,7,10,8,8,6,15,9,11,25,24,19,14,24,18,37,47,52,65,81,90,93,79,99,96,102,97,103,98,107,107,121,129,136,120,99,94,89,129,131,120,95,103,96,112,128,90,109,92,101,110,112,91,96,108,82,88,67,76,71,61,45,17,45,32,54,52,48,54,36,30,39,26,31,19,11,6,12,16,5416
4032,BELMORE_RD E of BURKE_RD,045 K04,-37.80236,145.06167,16974,374,3,1,10/21/2006,26,16,11,12,9,12,6,3,6,7,5,5,4,5,7,5,5,3,6,10,14,10,18,13,29,25,48,39,40,48,73,68,51,101,109,141,117,143,140,149,154,173,168,139,147,158,151,135,191,196,148,174,147,139,161,148,124,157,123,129,137,131,123,149,101,92,128,122,116,115,120,99,122,105,108,110,89,98,74,70,55,52,41,52,48,42,40,35,29,36,28,33,50,36,30,38,7455
4032,BELMORE_RD E of BURKE_RD,045 K04,-37.80236,145.06167,16974,374,3,1,10/22/2006,18,19,17,17,15,12,9,7,4,8,7,5,5,6,2,7,5,4,5,6,4,7,9,10,12,7,21,17,18,34,23,34,37,41,62,57,67,70,93,87,94,118,86,111,101,101,102,107,112,113,102,111,105,120,102,106,108,85,112,87,129,111,108,114,117,98,88,109,93,109,99,96,107,78,78,57,72,54,51,26,40,35,35,52,49,54,40,32,30,25,21,25,13,16,9,9,5250
4032,BELMORE_RD E of BURKE_RD,045 K04,-37.80236,145.06167,16974,374,3,1,10/28/2006,17,19,14,18,10,4,11,6,4,5,10,6,3,2,4,3,9,3,16,10,11,20,14,18,14,24,54,41,43,38,53,75,57,83,94,130,117,142,138,192,126,138,194,127,174,190,159,152,212,178,154,162,152,111,165,143,131,163,105,100,125,106,97,146,130,103,126,147,96,135,142,99,120,120,101,86,89,105,69,65,65,60,40,36,52,43,59,36,31,41,33,38,38,35,31,30,7443
4032,BELMORE_RD E of BURKE_RD,045 K04,-37.80236,145.06167,16974,374,3,1,10/29/2006,28,23,15,14,16,8,9,0,0,0,0,10,9,4,12,7,9,7,7,7,9,5,6,4,11,19,22,9,29,20,29,29,28,32,39,50,62,64,84,76,85,61,77,79,94,104,106,84,126,87,108,125,105,107,109,82,116,110,101,84,101,98,111,123,95,138,110,102,100,97,111,83,78,86,101,67,73,61,50,62,44,46,59,43,60,36,31,45,25,29,25,18,19,17,7,6,5119
4032,HARP_RD W of BURKE_RD,045 K04,-37.80225,145.06081,4763,374,7,1,10/1/2006,47,32,30,23,29,15,26,15,13,14,9,6,5,8,11,9,8,12,10,7,7,7,6,5,5,18,13,22,26,22,21,32,29,33,43,64,53,50,68,64,97,72,92,77,84,66,92,92,85,90,98,77,94,96,74,96,92,87,85,91,89,82,87,81,87,102,87,97,102,103,106,105,88,81,76,83,68,56,71,57,55,51,56,51,58,70,62,46,35,45,30,39,27,17,17,32,5053
4032,HARP_RD W of BURKE_RD,045 K04,-37.80225,145.06081,4763,374,7,1,10/2/2006,11,13,6,5,10,7,5,4,0,2,3,1,5,0,3,5,4,5,4,5,5,6,12,18,20,44,36,54,49,80,73,81,106,115,125,102,99,67,75,99,95,73,81,75,86,86,84,88,93,78,72,94,77,85,88,102,100,91,99,92,119,123,182,152,127,126,149,162,136,167,193,205,146,142,139,115,100,97,87,89,66,66,58,52,58,47,47,48,49,51,29,34,23,14,15,11,6527
4032,HARP_RD W of BURKE_RD,045 K04,-37.80225,145.06081,4763,374,7,1,10/3/2006,18,9,7,6,8,3,5,2,1,5,2,5,3,3,4,2,6,3,7,10,9,10,8,16,21,39,45,55,49,69,71,85,85,100,112,105,75,82,77,77,66,78,65,63,75,65,84,82,79,85,80,77,83,89,89,84,77,88,85,119,116,149,167,164,169,135,158,131,159,164,180,211,164,152,140,122,123,91,85,95,71,87,76,76,64,59,60,70,48,50,36,46,42,25,20,15,6632
4032,HARP_RD W of BURKE_RD,045 K04,-37.80225,145.06081,4763,374,7,1,10/4/2006,16,13,6,9,7,3,2,2,4,5,2,11,1,1,6,4,2,4,4,13,6,11,15,20,26,41,48,70,49,57,85,62,99,109,101,105,108,74,90,80,65,71,81,75,83,105,99,82,92,87,110,77,93,79,70,94,85,81,107,96,120,129,171,152,117,133,157,174,139,142,203,194,173,160,151,122,102,111,99,89,85,62,65,75,61,60,70,55,69,64,40,47,49,32,30,25,6830
4032,HARP_RD W of BURKE_RD,045 K04,-37.80225,145.06081,4763,374,7,1,10/5/2006,18,24,23,11,9,14,10,8,9,6,11,12,9,4,5,6,7,7,6,17,13,8,15,14,22,29,57,55,58,69,82,85,93,100,115,81,93,105,77,91,77,80,76,75,81,89,70,82,95,102,65,65,110,98,95,94,85,102,100,96,102,135,167,151,140,157,148,167,162,185,197,177,176,166,129,149,85,116,108,87,85,71,92,92,78,62,66,62,61,45,60,56,34,36,22,24,7065
4032,HARP_RD W of BURKE_RD,045 K04,-37.80225,145.06081,4763,374,7,1,10/6/2006,19,9,11,12,3,7,2,2,8,6,8,11,6,9,4,4,2,10,5,8,6,10,15,23,19,41,58,61,63,62,82,81,118,105,103,85,67,66,82,91,76,81,69,75,99,74,99,82,87,78,95,90,73,94,80,69,87,108,102,96,124,138,177,152,129,122,136,130,138,171,174,202,157,165,157,122,127,103,85,89,82,65,84,63,65,61,60,54,58,58,46,54,55,59,34,48,6842
4032,HARP_RD W of BURKE_RD,045 K04,-37.80225,145.06081,4763,374,7,1,10/7/2006,42,32,25,32,16,19,13,11,19,17,5,13,17,8,4,8,5,9,6,8,5,4,11,6,5,21,18,35,38,40,42,60,52,74,82,113,74,100,111,108,114,105,104,131,125,117,107,134,131,112,151,109,119,101,94,75,93,118,106,110,88,86,125,113,111,111,97,103,118,97,104,81,79,81,112,89,96,75,68,37,61,65,45,55,54,60,49,45,57,43,53,69,56,59,54,56,6316
4032,HARP_RD W of BURKE_RD,045 K04,-37.80225,145.06081,4763,374,7,1,10/8/2006,35,45,37,33,26,26,20,27,16,5,13,13,16,19,4,10,10,8,6,6,9,3,7,8,10,14,21,21,21,32,22,0,41,34,54,57,52,54,50,63,78,94,113,76,95,79,80,86,97,88,98,73,93,88,83,71,76,103,95,92,90,90,100,77,100,93,69,86,92,90,106,94,96,92,80,73,73,56,76,62,47,40,39,42,40,49,47,40,34,27,37,29,19,17,18,7,4933
4032,HARP_RD W of BURKE_RD,045 K04,-37.80225,145.06081,4763,374,7,1,10/9/2006,11,17,3,8,4,5,8,2,4,4,2,5,1,3,3,2,3,2,7,6,9,14,15,20,22,39,48,55,69,54,79,70,86,94,124,105,87,70,78,91,66,58,89,75,81,71,87,79,79,87,96,94,108,103,79,103,74,88,76,105,115,138,171,152,135,148,167,131,157,201,153,193,182,143,134,109,105,95,97,89,76,48,58,60,49,52,59,29,51,49,46,48,24,19,13,9,6532
4032,HARP_RD W of BURKE_RD,045 K04,-37.80225,145.06081,4763,374,7,1,10/10/2006,7,6,7,5,5,3,7,3,5,6,1,1,0,2,0,3,3,8,5,8,3,16,10,20,26,37,53,51,51,66,83,81,91,97,125,105,100,77,80,91,94,91,67,75,59,87,109,86,79,90,86,80,110,92,89,95,84,101,111,114,118,114,167,152,148,156,142,131,144,156,200,194,192,172,145,122,122,101,84,89,79,84,76,61,67,61,66,66,43,54,42,38,37,18,18,22,6828
4032,HARP_RD W of BURKE_RD,045 K04,-37.80225,145.06081,4763,374,7,1,10/11/2006,18,11,10,5,7,3,8,4,2,2,8,1,7,3,4,3,5,10,6,5,5,13,15,26,30,42,45,46,46,65,72,81,84,91,99,105,85,85,82,91,74,66,69,75,78,78,84,82,84,87,106,93,91,99,88,85,83,100,85,91,118,140,169,179,144,149,152,141,148,153,181,201,165,163,140,122,115,98,93,84,74,78,65,72,65,80,74,61,64,48,42,39,36,31,26,15,6753
4032,HARP_RD W of BURKE_RD,045 K04,-37.80225,145.06081,4763,374,7,1,10/12/2006,20,21,11,15,10,8,7,5,7,5,7,8,10,10,7,8,9,8,7,11,7,8,19,26,30,48,51,59,69,70,82,81,98,119,125,117,94,93,87,71,73,78,55,75,93,90,70,104,98,89,91,84,86,64,95,94,100,103,85,81,107,152,150,145,147,128,164,170,155,165,160,194,166,156,133,119,116,79,89,82,94,97,76,85,79,58,72,56,70,56,51,51,40,38,25,19,7000
4032,HARP_RD W of BURKE_RD,045 K04,-37.80225,145.06081,4763,374,7,1,10/13/2006,15,18,12,6,6,8,9,6,5,5,6,5,6,1,5,4,6,5,3,11,9,12,19,18,25,37,53,48,57,69,71,92,89,108,97,105,94,77,89,91,82,79,79,98,107,86,110,80,92,97,93,110,115,82,86,94,100,93,99,102,123,153,142,175,152,150,145,131,154,146,180,196,198,153,144,139,131,91,93,87,91,69,60,81,71,62,50,65,62,51,57,39,56,53,39,33,7108
4032,HARP_RD W of BURKE_RD,045 K04,-37.80225,145.06081,4763,374,7,1,10/14/2006,33,31,43,27,20,17,16,19,11,9,9,9,10,12,5,8,8,10,4,9,2,8,4,8,17,20,33,26,28,45,49,61,66,77,85,97,88,79,107,98,98,105,126,121,143,91,142,135,135,123,140,137,116,116,122,100,110,78,103,106,105,82,109,89,123,128,88,86,117,92,90,88,95,98,65,78,59,71,69,58,68,50,44,49,42,48,51,63,60,49,53,47,40,47,40,41,6237
4032,HARP_RD W of BURKE_RD,045 K04,-37.80225,145.06081,4763,374,7,1,10/15/2006,46,33,40,24,31,19,25,19,23,17,12,17,8,8,10,7,10,14,5,12,8,7,9,7,14,21,14,24,21,27,33,12,34,36,44,65,43,51,61,62,69,90,103,88,77,93,88,77,107,95,103,97,96,93,92,84,78,91,101,112,79,100,101,83,103,81,84,84,70,100,120,100,77,71,77,78,78,47,64,29,53,55,44,45,52,52,54,43,43,32,27,21,18,21,19,16,5028
4032,HARP_RD W of BURKE_RD,045 K04,-37.80225,145.06081,4763,374,7,1,10/16/2006,14,7,7,9,5,6,6,2,6,0,4,1,3,2,4,7,1,4,10,3,6,8,12,16,17,41,57,58,54,63,77,71,88,89,135,101,110,75,90,91,94,83,82,61,85,79,101,67,83,90,70,104,67,101,71,91,102,100,101,96,121,126,154,137,126,141,141,131,128,149,174,184,159,164,118,122,102,96,81,78,67,58,62,59,57,47,73,48,59,52,53,28,37,20,19,20,6479
4032,HARP_RD W of BURKE_RD,045 K04,-37.80225,145.06081,4763,374,7,1,10/17/2006,7,13,6,6,8,5,2,2,3,3,1,0,1,5,3,3,3,4,9,15,7,12,10,22,18,40,46,59,55,76,79,92,93,114,114,107,92,79,55,91,61,73,73,85,72,88,84,82,98,74,95,77,74,97,84,96,84,88,118,96,125,120,167,152,166,128,163,131,156,161,188,194,180,122,140,147,105,102,101,90,85,86,70,67,64,53,54,53,70,45,48,43,32,36,30,16,6749
4032,HARP_RD W of BURKE_RD,045 K04,-37.80225,145.06081,4763,374,7,1,10/18/2006,21,17,7,13,6,3,8,7,2,2,6,1,4,6,1,1,7,4,6,8,8,7,17,15,32,39,34,52,45,71,86,92,96,108,116,128,78,88,58,86,53,74,81,75,80,81,74,75,88,87,86,114,95,103,84,94,96,126,126,111,120,129,142,154,143,132,121,138,159,161,162,166,178,122,139,122,131,98,112,80,101,77,56,65,58,47,69,64,51,58,45,46,38,30,33,33,6769
4032,HARP_RD W of BURKE_RD,045 K04,-37.80225,145.06081,4763,374,7,1,10/19/2006,19,24,15,7,12,5,13,12,5,8,6,5,9,6,5,4,4,3,10,9,5,9,13,23,33,37,39,60,62,55,80,79,100,98,117,130,84,89,68,91,78,76,84,62,81,88,100,106,95,87,95,77,80,89,99,86,79,90,78,119,123,126,165,157,154,146,146,143,167,171,187,198,180,141,131,122,108,104,92,76,80,76,77,80,69,63,75,66,44,63,36,45,36,37,36,35,6957
4032,HARP_RD W of BURKE_RD,045 K04,-37.80225,145.06081,4763,374,7,1,10/20/2006,28,15,13,11,13,8,2,6,10,5,4,3,6,5,3,6,8,6,6,7,12,14,14,20,26,42,48,58,52,70,70,89,93,123,95,124,92,87,76,91,90,73,105,74,74,89,60,98,99,98,87,77,104,85,82,87,92,96,118,98,127,159,194,162,156,126,164,145,173,199,149,194,162,165,155,123,96,123,115,102,76,67,81,64,69,60,53,43,47,62,42,56,48,44,33,31,7112
4032,HARP_RD W of BURKE_RD,045 K04,-37.80225,145.06081,4763,374,7,1,10/21/2006,27,36,27,27,20,13,11,28,16,4,10,8,7,8,11,8,3,9,5,10,2,4,4,12,14,26,20,30,27,55,41,59,63,60,72,105,101,94,102,109,103,106,90,141,101,99,134,133,124,133,162,128,105,130,96,110,122,80,76,118,83,87,96,101,95,119,120,90,96,89,97,79,90,113,77,89,70,84,55,50,48,48,50,53,48,38,63,59,52,38,56,49,55,69,49,51,6185
4032,HARP_RD W of BURKE_RD,045 K04,-37.80225,145.06081,4763,374,7,1,10/22/2006,38,46,27,22,33,22,21,19,19,17,5,17,9,8,6,7,7,2,6,8,6,2,9,12,13,12,19,29,18,21,33,26,38,37,42,60,70,54,68,63,95,107,81,82,74,70,69,92,86,88,83,106,108,92,100,77,86,97,81,71,83,90,97,97,94,93,87,82,98,118,92,80,103,72,95,80,75,59,79,57,32,49,56,58,54,43,59,42,29,27,26,26,24,24,24,17,5037
4032,HARP_RD W of BURKE_RD,045 K04,-37.80225,145.06081,4763,374,7,1,10/23/2006,17,10,12,7,5,4,7,4,1,7,2,5,5,3,3,5,2,2,9,5,8,7,16,16,27,33,44,50,59,50,79,81,88,112,134,108,129,76,77,91,82,78,62,73,95,86,71,82,86,90,69,69,73,57,74,89,89,72,98,106,105,112,158,173,124,158,139,166,181,182,159,196,164,140,134,109,96,111,73,87,70,70,56,52,44,53,47,63,32,51,34,43,25,15,11,10,6444
4032,HARP_RD W of BURKE_RD,045 K04,-37.80225,145.06081,4763,374,7,1,10/24/2006,11,15,6,3,8,7,3,2,3,4,4,1,2,7,4,3,5,6,4,5,11,10,15,22,32,44,55,67,55,60,85,81,117,109,120,122,91,77,96,91,83,78,69,106,98,69,82,82,81,86,86,87,103,79,102,86,99,63,101,102,125,123,149,153,165,157,147,141,153,160,199,194,165,149,153,126,118,89,87,71,82,84,79,81,62,52,62,74,73,52,53,42,31,31,23,11,6921
4032,HARP_RD W of BURKE_RD,045 K04,-37.80225,145.06081,4763,374,7,1,10/25/2006,15,12,15,12,6,8,5,3,5,11,2,0,8,1,5,8,9,3,3,9,6,14,14,18,24,38,46,53,52,71,72,74,107,97,131,131,112,78,78,85,73,74,91,75,61,100,80,78,93,102,111,107,100,82,85,84,93,115,105,96,132,112,163,172,143,140,133,148,158,164,166,189,153,143,127,128,120,116,80,89,92,68,74,63,50,50,61,61,69,48,40,46,48,36,22,24,6874
4032,HARP_RD W of BURKE_RD,045 K04,-37.80225,145.06081,4763,374,7,1,10/26/2006,18,17,21,13,12,5,7,6,6,7,7,5,12,9,6,5,6,3,7,11,8,10,13,21,28,45,35,54,60,50,51,84,108,78,110,117,103,73,82,83,73,83,79,75,70,98,93,86,107,86,102,77,77,105,84,85,95,80,107,96,139,151,136,167,154,149,140,174,173,198,200,204,212,160,140,122,116,115,104,103,80,79,71,74,75,64,87,55,57,48,56,53,38,28,24,22,7122
4032,HARP_RD W of BURKE_RD,045 K04,-37.80225,145.06081,4763,374,7,1,10/27/2006,23,11,14,9,9,6,9,5,3,6,4,2,3,2,3,4,10,6,6,11,7,13,14,23,26,43,57,57,44,66,66,94,75,128,130,99,72,66,70,80,75,68,71,97,86,63,88,73,96,88,98,77,109,108,93,77,100,90,116,121,144,123,203,154,125,123,135,163,146,162,167,194,142,152,150,123,125,91,93,74,83,70,67,46,67,67,45,57,49,49,51,57,48,46,40,42,6843
4032,HARP_RD W of BURKE_RD,045 K04,-37.80225,145.06081,4763,374,7,1,10/28/2006,27,20,31,21,15,16,21,11,13,8,13,7,4,9,7,11,7,4,14,16,7,9,4,11,10,25,24,37,29,31,49,72,66,53,73,95,90,114,104,109,119,107,101,140,125,131,127,136,148,128,160,150,125,103,101,75,119,101,104,115,94,98,127,95,95,120,101,101,107,111,109,77,104,90,89,98,91,84,71,37,69,57,55,46,43,52,44,50,60,41,51,52,42,46,35,42,6386
4032,HARP_RD W of BURKE_RD,045 K04,-37.80225,145.06081,4763,374,7,1,10/29/2006,39,37,28,22,25,24,19,19,17,11,8,13,11,15,12,16,14,10,12,6,9,9,5,12,9,11,14,20,19,23,18,25,28,28,49,40,62,46,45,64,60,81,74,60,85,73,89,111,85,71,90,67,90,108,63,78,83,61,87,94,74,62,83,88,103,85,95,90,98,86,109,95,83,95,101,92,81,65,79,58,56,47,71,33,65,53,46,49,36,39,27,37,31,22,21,25,4884
4032,HARP_RD W of BURKE_RD,045 K04,-37.80225,145.06081,4763,374,7,1,10/30/2006,27,12,13,12,14,11,8,5,5,5,2,4,2,3,5,4,7,3,4,3,6,10,9,14,18,33,44,54,47,69,67,79,84,99,111,111,104,76,77,61,68,74,84,85,87,101,91,82,88,85,94,84,81,71,84,107,83,83,94,94,117,142,143,152,125,161,130,167,164,175,184,217,169,158,131,106,95,98,91,82,81,70,62,74,66,54,54,40,52,44,43,39,32,28,19,25,6632
4032,HARP_RD W of BURKE_RD,045 K04,-37.80225,145.06081,4763,374,7,1,10/31/2006,8,12,8,10,10,15,4,2,4,5,1,1,3,5,3,1,4,1,11,9,6,13,7,21,23,41,54,74,52,60,89,68,74,108,97,104,83,71,85,92,74,94,85,64,81,78,93,104,84,85,93,77,99,104,86,94,121,87,99,96,100,133,161,147,138,157,158,150,159,180,204,196,141,159,132,122,134,97,99,77,89,79,74,61,58,71,71,54,65,49,39,43,39,25,26,21,6845
4034,WHITEHORSE_RD E OF BURKE_RD,045 K07,-37.81193,145.05982,17058,2582,3,1,10/1/2006,45,26,37,25,26,20,20,22,14,22,13,12,21,10,16,11,14,13,19,12,10,15,16,13,25,14,33,29,16,24,51,40,35,51,46,52,61,95,102,86,81,75,106,108,109,113,142,106,101,144,130,109,107,111,132,153,114,112,145,125,107,106,127,121,115,106,147,118,124,107,137,132,115,98,110,105,78,71,58,61,52,39,52,51,48,60,39,35,41,27,34,26,20,21,21,17,6261
4034,WHITEHORSE_RD E OF BURKE_RD,045 K07,-37.81193,145.05982,17058,2582,3,1,10/8/2006,41,44,41,31,37,28,24,20,21,31,13,19,14,17,10,9,15,7,7,10,12,11,13,22,16,15,38,40,28,29,29,35,39,38,57,65,71,96,93,100,72,101,74,106,113,111,134,107,97,140,123,100,120,105,107,115,116,127,103,132,104,138,147,112,114,129,127,124,115,114,121,155,101,95,98,99,113,66,66,61,56,50,53,51,57,57,53,47,27,31,29,23,18,25,20,19,6304
4034,WHITEHORSE_RD E OF BURKE_RD,045 K07,-37.81193,145.05982,17058,2582,3,1,10/15/2006,50,42,30,38,30,25,16,19,14,8,21,17,18,15,21,10,17,17,20,23,15,18,20,22,21,18,35,34,24,22,40,50,43,35,59,57,59,88,112,102,78,107,102,127,94,129,134,120,126,110,106,110,106,111,130,110,123,122,105,103,120,106,132,107,118,125,128,118,141,127,115,140,94,96,103,100,100,56,62,53,53,56,44,47,73,53,50,34,32,24,34,21,19,17,17,22,6315
4034,WHITEHORSE_RD E OF BURKE_RD,045 K07,-37.81193,145.05982,17058,2582,3,1,10/21/2006,25,30,16,23,14,17,23,7,13,15,12,9,12,7,13,15,10,12,8,9,9,10,20,16,22,35,40,51,50,46,52,69,69,80,90,124,104,130,124,134,132,137,119,144,131,149,140,154,138,122,150,138,128,139,117,149,119,136,121,124,126,104,159,106,109,94,116,103,138,119,111,114,96,104,105,129,110,99,77,70,70,91,70,77,63,59,69,43,75,55,72,66,67,45,57,48,7468
4034,WHITEHORSE_RD E OF BURKE_RD,045 K07,-37.81193,145.05982,17058,2582,3,1,10/22/2006,45,42,38,30,31,24,24,22,16,28,15,14,11,15,15,10,11,8,12,13,9,11,19,11,20,18,26,25,29,34,37,47,39,51,36,74,60,88,101,95,79,104,105,115,106,101,139,126,104,136,120,133,114,108,119,128,117,102,126,121,109,91,136,136,99,115,114,131,110,134,149,130,110,87,74,102,85,69,63,60,51,57,56,51,63,50,48,41,33,32,30,22,25,22,9,18,6269
4034,WHITEHORSE_RD E OF BURKE_RD,045 K07,-37.81193,145.05982,17058,2582,3,1,10/29/2006,37,39,35,30,31,18,23,0,0,0,0,24,19,16,19,15,18,14,20,13,19,11,13,18,9,22,24,29,28,24,35,36,33,54,40,47,72,75,88,85,69,72,78,97,110,119,86,124,102,127,117,119,110,135,109,113,111,126,106,112,124,121,138,126,136,112,140,115,135,125,147,144,106,115,117,106,88,73,91,96,53,70,71,64,69,58,44,45,44,29,36,27,38,38,23,18,6357
4034,COTHAM_RD W OF BURKE_RD,045 K07,-37.81184,145.05901,6622,2582,7,1,10/1/2006,37,25,33,30,33,35,23,11,13,17,23,19,15,9,10,14,13,9,14,11,8,10,12,10,8,11,14,20,9,20,21,16,21,40,29,53,42,48,56,63,76,74,91,79,82,76,99,96,87,103,79,116,90,109,89,96,110,99,93,96,104,104,107,110,81,96,98,102,99,96,99,107,106,93,87,55,66,71,59,59,39,38,47,53,73,69,42,58,25,31,28,38,21,24,21,21,5172
4034,COTHAM_RD W OF BURKE_RD,045 K07,-37.81184,145.05901,6622,2582,7,1,10/2/2006,10,13,8,7,6,10,5,4,5,7,6,2,5,2,3,5,5,3,4,6,5,10,10,19,21,18,25,35,44,75,77,75,66,139,130,84,99,76,90,87,72,83,84,98,66,102,53,77,59,76,73,93,97,92,108,102,92,71,118,92,117,142,146,154,175,147,163,157,164,212,211,109,161,163,115,95,80,90,73,47,74,58,48,60,62,54,37,49,59,47,36,36,32,34,17,12,6445
4034,COTHAM_RD W OF BURKE_RD,045 K07,-37.81184,145.05901,6622,2582,7,1,10/3/2006,15,9,11,3,9,1,3,2,6,2,3,2,4,5,4,1,0,0,4,5,13,9,11,8,23,21,39,35,56,71,59,84,101,131,140,88,102,95,89,77,63,89,71,81,106,90,74,85,95,112,85,95,104,101,100,92,97,99,112,138,115,146,130,177,182,154,189,143,167,225,184,204,200,139,140,143,92,95,88,67,75,75,54,66,59,64,52,52,63,32,29,39,34,29,29,18,6980
4034,COTHAM_RD W OF BURKE_RD,045 K07,-37.81184,145.05901,6622,2582,7,1,10/4/2006,17,21,10,6,7,6,9,5,9,4,3,6,4,3,4,2,3,4,4,5,5,8,8,12,26,17,30,38,63,62,52,107,91,120,152,117,83,93,81,61,90,105,79,102,83,89,64,108,94,105,109,90,69,81,100,100,103,100,98,110,133,147,135,156,186,146,146,164,188,201,208,210,165,162,158,128,83,117,83,73,103,62,70,75,65,74,76,76,56,66,37,44,35,31,25,19,7140
4034,COTHAM_RD W OF BURKE_RD,045 K07,-37.81184,145.05901,6622,2582,7,1,10/5/2006,12,12,12,16,11,12,10,7,8,6,6,6,3,2,4,3,2,1,6,4,10,8,10,15,16,23,33,46,49,48,63,83,83,110,141,115,100,78,85,92,84,92,92,103,96,109,102,99,94,103,102,97,120,117,117,118,114,91,116,114,128,144,156,139,160,165,166,186,188,175,196,194,172,162,151,131,94,111,81,97,75,83,75,74,64,79,85,68,71,56,40,52,37,37,26,28,7377
4034,COTHAM_RD W OF BURKE_RD,045 K07,-37.81184,145.05901,6622,2582,7,1,10/6/2006,24,30,15,13,12,13,9,13,15,6,9,5,9,6,7,8,4,4,8,16,9,4,12,12,21,21,24,39,48,40,79,69,106,120,143,110,100,90,77,100,68,85,90,90,80,100,105,88,123,122,109,94,94,105,102,119,96,99,84,115,141,158,137,161,172,152,148,177,164,203,188,176,172,152,137,131,105,89,95,91,83,76,66,64,51,72,55,78,75,69,53,67,51,51,33,42,7353
4034,COTHAM_RD W OF BURKE_RD,045 K07,-37.81184,145.05901,6622,2582,7,1,10/7/2006,43,38,39,33,27,25,27,25,19,13,12,9,13,11,14,6,10,12,13,11,7,7,9,9,14,8,8,25,32,15,28,34,47,66,83,97,82,85,74,104,106,119,108,138,107,112,137,127,136,126,117,134,142,136,120,113,110,114,123,115,131,121,109,104,113,113,117,113,108,102,102,108,75,87,112,84,70,86,58,62,57,53,52,58,52,58,36,55,61,49,61,70,45,60,54,78,6548
4034,COTHAM_RD W OF BURKE_RD,045 K07,-37.81184,145.05901,6622,2582,7,1,10/8/2006,56,37,42,38,34,26,24,29,28,34,24,17,32,11,12,14,13,12,6,5,8,9,5,11,7,16,19,9,15,27,31,19,29,34,34,35,48,57,55,66,59,91,85,86,79,82,73,86,99,105,84,113,94,94,83,110,87,82,83,89,110,118,105,101,112,104,113,89,101,117,102,103,99,76,88,75,81,72,52,44,41,57,49,46,72,67,55,37,42,44,33,31,25,27,12,8,5300
4034,COTHAM_RD W OF BURKE_RD,045 K07,-37.81184,145.05901,6622,2582,7,1,10/9/2006,16,14,9,8,11,3,9,2,5,2,6,5,5,1,0,2,1,1,4,3,9,8,10,17,15,28,25,36,51,72,88,74,115,141,111,128,64,73,61,90,87,93,91,75,84,117,130,113,104,103,96,104,96,76,101,78,107,95,110,130,120,166,158,159,141,148,173,147,188,200,209,194,172,141,140,128,80,101,63,77,66,70,50,58,63,48,54,58,53,29,38,33,20,25,19,10,6912
4034,COTHAM_RD W OF BURKE_RD,045 K07,-37.81184,145.05901,6622,2582,7,1,10/10/2006,10,13,7,12,6,6,8,5,3,6,7,2,2,3,3,0,4,2,3,6,7,4,6,19,28,28,29,39,44,72,80,84,100,131,126,110,106,98,92,97,79,88,92,73,83,85,81,116,97,102,88,91,93,93,103,101,87,106,114,114,123,133,135,149,154,163,162,167,201,203,182,194,157,162,140,122,96,121,94,97,80,101,84,71,64,75,76,67,67,59,43,34,30,34,26,19,7179
4034,COTHAM_RD W OF BURKE_RD,045 K07,-37.81184,145.05901,6622,2582,7,1,10/11/2006,24,19,22,14,5,6,13,6,11,7,7,2,2,5,3,4,2,3,4,9,9,4,8,11,14,25,39,28,45,54,79,85,105,125,126,116,114,106,69,89,79,80,88,82,96,104,90,86,84,111,105,97,92,95,116,97,87,110,113,111,107,140,125,172,167,139,177,164,184,178,196,194,180,164,129,126,94,124,90,84,75,76,83,66,54,70,81,68,63,61,50,37,35,41,24,23,7183
4034,COTHAM_RD W OF BURKE_RD,045 K07,-37.81184,145.05901,6622,2582,7,1,10/12/2006,25,17,18,10,5,6,7,5,1,3,4,2,3,6,2,4,2,6,4,5,11,3,11,18,28,21,32,45,61,55,76,90,80,144,139,105,91,95,70,104,90,88,94,92,104,107,88,103,103,84,112,95,95,99,112,101,96,91,128,114,120,144,140,168,147,143,172,161,205,183,209,185,195,173,140,128,125,93,107,78,74,84,93,95,63,70,73,65,62,70,42,39,40,51,27,14,7388
4034,COTHAM_RD W OF BURKE_RD,045 K07,-37.81184,145.05901,6622,2582,7,1,10/13/2006,20,18,17,13,7,16,14,5,12,14,7,13,5,3,7,5,1,2,7,5,12,8,6,17,19,21,32,42,45,59,73,86,101,118,139,120,104,73,97,90,84,100,86,97,115,103,81,83,102,105,83,115,115,117,99,113,107,105,120,106,125,147,135,169,179,162,167,168,179,195,186,194,178,181,151,128,123,96,82,80,74,66,64,61,62,83,74,66,61,62,56,59,62,59,26,48,7497
4034,COTHAM_RD W OF BURKE_RD,045 K07,-37.81184,145.05901,6622,2582,7,1,10/14/2006,45,28,24,27,23,32,24,17,17,20,15,10,15,13,16,9,13,9,7,11,7,10,9,9,14,7,22,24,22,29,38,39,51,71,68,84,84,64,79,110,95,107,98,138,82,141,145,113,124,130,151,114,147,135,132,89,88,88,116,115,140,117,143,114,96,110,86,113,108,124,98,117,100,92,99,84,75,46,57,68,52,58,27,50,43,44,38,53,64,63,77,83,70,50,62,58,6443
4034,COTHAM_RD W OF BURKE_RD,045 K07,-37.81184,145.05901,6622,2582,7,1,10/15/2006,27,42,45,44,42,22,36,23,23,22,12,17,20,13,24,11,13,14,11,7,8,18,9,9,9,13,18,8,12,12,24,24,28,43,37,35,45,63,52,64,79,90,71,100,103,85,68,103,87,113,95,106,96,116,98,75,110,91,94,95,111,97,118,112,90,104,83,94,101,91,113,90,70,73,73,76,61,60,67,58,42,51,64,82,72,53,52,29,43,40,39,31,18,18,22,16,5288
4034,COTHAM_RD W OF BURKE_RD,045 K07,-37.81184,145.05901,6622,2582,7,1,10/16/2006,14,14,16,9,10,2,4,2,8,5,4,4,3,1,1,3,4,0,5,8,12,10,9,15,15,19,25,34,47,57,53,71,100,139,144,121,100,82,94,76,89,84,81,95,75,103,91,96,106,75,84,92,95,101,97,94,111,104,103,132,130,153,135,146,167,166,158,175,186,218,199,194,172,146,161,114,94,82,76,72,75,68,70,50,66,57,55,56,73,59,35,30,15,20,18,16,6955
4034,COTHAM_RD W OF BURKE_RD,045 K07,-37.81184,145.05901,6622,2582,7,1,10/17/2006,14,9,18,7,8,13,7,5,4,2,3,2,2,7,4,3,2,2,5,4,14,4,7,17,20,33,36,49,53,47,83,84,121,129,127,111,100,100,90,101,102,82,76,100,81,93,100,91,88,100,112,112,69,102,107,109,102,107,119,123,130,144,135,171,156,150,173,186,196,210,194,195,196,159,143,135,108,117,79,61,53,75,86,72,77,60,83,63,62,56,49,55,43,29,25,26,7374
4034,COTHAM_RD W OF BURKE_RD,045 K07,-37.81184,145.05901,6622,2582,7,1,10/18/2006,30,19,21,15,12,9,12,9,8,6,6,7,10,10,2,4,3,6,9,11,10,7,12,22,17,20,38,38,55,43,80,84,81,128,148,127,99,86,95,79,87,92,88,101,98,113,105,118,100,115,110,91,96,104,108,86,103,111,98,108,106,144,129,154,156,166,161,185,165,203,218,171,190,162,147,128,110,119,93,86,60,87,83,70,77,84,70,63,54,43,49,46,50,28,25,29,7421
4034,COTHAM_RD W OF BURKE_RD,045 K07,-37.81184,145.05901,6622,2582,7,1,10/19/2006,18,21,10,8,3,9,7,7,8,3,3,6,5,4,2,6,5,1,5,7,10,5,12,17,36,22,36,43,45,51,81,88,100,126,128,131,85,71,88,94,92,103,74,63,99,118,81,100,70,96,104,121,96,113,124,96,112,112,118,116,141,146,135,161,167,150,166,164,188,222,224,221,153,162,140,119,120,119,100,91,74,77,90,75,80,73,61,55,66,47,50,43,41,45,41,32,7454
4034,COTHAM_RD W OF BURKE_RD,045 K07,-37.81184,145.05901,6622,2582,7,1,10/20/2006,16,23,21,20,11,13,11,6,8,13,9,3,6,3,10,11,8,6,7,8,7,7,8,15,29,20,36,45,41,64,76,102,113,119,121,130,79,81,61,85,101,82,88,91,93,86,79,82,94,119,105,104,105,123,117,100,85,74,95,84,112,110,147,148,169,163,161,164,173,185,208,174,199,162,151,121,118,79,90,80,58,69,51,56,50,57,53,58,67,71,54,53,59,60,43,49,7181
4034,COTHAM_RD W OF BURKE_RD,045 K07,-37.81184,145.05901,6622,2582,7,1,10/21/2006,38,37,31,31,24,22,12,4,13,15,12,7,6,6,8,7,13,3,13,8,12,8,12,7,12,10,11,22,14,33,27,44,51,55,55,89,81,92,82,100,102,107,108,126,84,113,140,145,133,136,138,145,129,128,132,121,102,84,128,115,136,127,136,104,125,124,98,126,108,109,98,112,108,80,96,97,69,65,66,60,76,52,51,47,49,44,55,56,56,56,66,65,61,58,56,55,6490
4034,COTHAM_RD W OF BURKE_RD,045 K07,-37.81184,145.05901,6622,2582,7,1,10/22/2006,57,55,50,42,41,32,35,25,23,24,23,18,13,20,18,14,7,4,12,10,7,10,7,7,9,11,11,15,19,19,26,32,29,39,43,46,46,54,41,75,104,84,100,119,84,97,90,105,104,88,114,77,96,112,112,84,96,109,79,89,97,114,97,101,93,86,109,105,128,118,92,107,111,67,87,79,83,62,64,52,51,50,43,65,72,59,56,43,54,35,29,24,27,34,16,24,5546
4034,COTHAM_RD W OF BURKE_RD,045 K07,-37.81184,145.05901,6622,2582,7,1,10/23/2006,14,14,8,11,6,8,9,4,3,3,7,4,4,7,3,3,2,4,3,5,8,11,13,19,22,30,20,55,46,54,40,63,65,124,124,122,93,112,65,87,85,61,76,87,93,82,113,108,91,102,97,115,91,74,120,101,88,116,111,118,138,125,161,153,173,183,176,171,181,203,196,194,181,171,135,111,112,85,64,83,80,67,54,57,54,53,47,44,66,40,33,31,24,21,13,3,6907
4034,COTHAM_RD W OF BURKE_RD,045 K07,-37.81184,145.05901,6622,2582,7,1,10/24/2006,13,13,12,5,7,7,3,6,3,2,3,3,1,2,1,5,3,2,7,7,10,9,5,15,20,24,35,55,54,37,80,106,91,123,99,108,95,102,90,68,104,87,80,104,84,112,85,97,111,122,85,96,107,76,112,93,82,90,108,84,117,140,115,176,157,139,165,180,193,211,197,224,177,181,119,148,107,91,99,80,110,92,83,42,63,77,61,66,71,45,44,49,27,28,28,24,7176
4034,COTHAM_RD W OF BURKE_RD,045 K07,-37.81184,145.05901,6622,2582,7,1,10/25/2006,22,26,14,10,13,12,10,7,7,5,4,4,4,2,7,5,6,1,4,6,8,7,10,15,26,24,31,41,39,81,63,66,95,94,105,123,93,79,89,70,87,101,69,104,94,106,84,91,119,106,105,95,93,116,112,101,96,104,102,105,145,118,135,132,167,150,169,164,165,203,214,165,153,162,130,116,123,114,100,97,60,79,72,63,51,56,65,69,66,70,49,40,33,27,20,26,7086
4034,COTHAM_RD W OF BURKE_RD,045 K07,-37.81184,145.05901,6622,2582,7,1,10/26/2006,12,18,11,8,12,10,6,6,4,3,2,6,4,1,4,5,1,5,8,2,6,4,12,12,24,12,25,40,43,65,76,88,94,132,140,112,86,110,82,96,68,92,93,95,75,81,81,95,81,81,79,93,99,97,127,90,84,133,95,102,98,143,135,134,182,163,196,187,181,224,206,182,172,143,165,128,94,74,91,76,71,73,64,72,75,73,73,51,59,64,52,45,39,36,25,20,7094
4034,COTHAM_RD W OF BURKE_RD,045 K07,-37.81184,145.05901,6622,2582,7,1,10/27/2006,17,14,12,15,19,7,13,10,4,8,6,5,8,4,9,3,6,2,3,10,7,5,8,16,21,20,34,45,27,83,65,99,108,111,115,117,75,89,99,111,85,95,82,110,82,97,93,107,107,117,124,109,93,95,109,106,114,107,132,119,130,154,145,146,124,162,160,171,166,179,152,187,133,165,134,132,142,112,85,84,80,40,48,40,69,53,53,62,56,49,50,48,60,52,45,44,7225
4034,COTHAM_RD W OF BURKE_RD,045 K07,-37.81184,145.05901,6622,2582,7,1,10/28/2006,52,32,28,25,20,20,24,9,18,15,15,17,10,18,9,6,4,17,4,7,9,11,8,10,6,11,14,25,21,23,37,40,41,66,70,74,80,70,108,99,99,115,98,134,126,142,134,148,118,136,134,133,138,129,118,125,88,82,112,97,115,121,136,104,106,129,93,112,127,109,92,84,92,102,68,83,68,85,84,46,48,55,51,61,57,37,51,55,48,41,39,65,64,40,44,53,6344
4034,COTHAM_RD W OF BURKE_RD,045 K07,-37.81184,145.05901,6622,2582,7,1,10/29/2006,47,42,40,30,30,43,31,0,0,0,0,16,20,23,10,20,12,13,17,13,15,13,10,16,15,10,17,13,20,27,15,29,25,33,33,39,28,26,37,60,54,92,63,74,76,80,92,110,85,102,96,94,105,107,97,92,126,91,110,106,89,104,82,106,99,105,116,94,99,119,102,103,85,86,91,106,80,72,54,71,56,53,57,61,66,35,41,48,39,31,37,27,30,18,33,18,5253
4034,COTHAM_RD W OF BURKE_RD,045 K07,-37.81184,145.05901,6622,2582,7,1,10/30/2006,12,16,16,12,8,5,9,9,5,2,3,4,2,3,2,2,3,1,6,6,8,8,8,8,19,22,32,43,45,53,67,84,111,112,140,94,95,87,59,86,76,93,87,102,79,89,105,88,88,102,78,95,95,86,112,120,87,107,111,121,120,122,134,135,162,165,170,176,184,176,183,161,172,181,133,118,94,74,80,73,58,54,74,71,52,49,60,54,51,49,30,29,46,27,22,20,6787
4034,COTHAM_RD W OF BURKE_RD,045 K07,-37.81184,145.05901,6622,2582,7,1,10/31/2006,16,13,13,8,11,4,6,4,7,6,1,9,3,6,1,6,4,4,5,9,10,8,7,13,19,14,32,51,59,50,48,76,97,136,101,110,97,65,91,69,111,97,101,77,114,79,74,95,103,126,95,103,97,97,107,103,100,103,102,120,111,144,135,141,146,180,173,155,182,203,187,166,172,162,161,140,130,108,99,78,63,78,79,71,74,60,81,59,47,41,50,45,31,32,30,11,7118
4035,MONT ALBERT_RD E of BURKE_RD,045 J09,-37.81744,145.05873,19787,376,3,1,10/1/2006,37,41,28,24,14,22,14,11,18,18,13,13,12,8,22,15,16,14,7,7,12,3,13,17,17,18,35,16,30,27,47,52,46,49,48,71,86,91,107,125,104,117,128,101,100,128,98,127,110,112,103,92,145,97,124,126,97,107,122,105,114,115,118,81,132,107,109,106,109,88,98,83,109,79,99,85,60,55,63,38,43,39,40,28,48,41,53,46,21,32,31,18,16,10,16,8,5845
4035,MONT ALBERT_RD E of BURKE_RD,045 J09,-37.81744,145.05873,19787,376,3,1,10/8/2006,49,36,23,26,29,19,17,17,13,22,24,11,10,15,13,13,7,15,11,4,19,15,14,16,22,26,18,38,30,27,38,39,46,46,65,92,98,92,94,109,98,113,122,139,109,115,112,105,107,92,117,128,107,119,145,119,113,89,84,111,104,132,104,89,103,108,96,118,100,103,123,99,92,67,102,83,79,56,57,49,39,59,58,53,37,46,59,27,35,33,30,27,24,11,9,11,5984
4035,MONT ALBERT_RD E of BURKE_RD,045 J09,-37.81744,145.05873,19787,376,3,1,10/15/2006,30,31,23,31,24,23,24,14,10,20,17,11,10,5,22,8,14,18,22,31,25,9,27,21,18,36,22,32,22,31,43,51,61,56,72,81,106,105,106,120,119,107,105,122,113,109,122,107,130,124,141,124,108,130,110,108,96,110,108,118,105,87,125,119,88,130,100,105,85,94,101,92,98,104,78,74,61,59,42,42,62,45,37,47,70,48,46,53,36,35,29,25,21,16,9,11,6122
4035,MONT ALBERT_RD E of BURKE_RD,045 J09,-37.81744,145.05873,19787,376,3,1,10/22/2006,41,34,36,36,27,19,17,2,14,19,14,12,10,10,10,8,9,16,20,10,7,9,26,14,27,24,33,41,36,38,43,52,59,70,65,100,95,110,98,107,79,120,103,109,89,120,123,137,102,120,138,109,99,97,124,138,124,112,102,118,106,98,98,143,123,121,121,119,134,108,98,122,96,109,107,73,78,64,57,51,56,50,59,46,58,39,36,38,39,29,25,28,20,24,11,17,6282
4035,MONT ALBERT_RD E of BURKE_RD,045 J09,-37.81744,145.05873,19787,376,3,1,10/29/2006,42,47,20,24,16,22,15,0,0,0,0,17,19,16,10,11,20,11,10,12,2,11,18,13,10,28,20,34,24,33,33,31,34,41,49,112,68,68,92,123,115,119,104,104,114,109,114,109,126,108,126,104,128,117,104,131,110,98,112,112,117,111,121,107,125,111,101,100,83,119,74,112,120,97,96,93,67,69,55,47,56,50,57,58,75,47,60,37,40,32,38,38,22,19,20,8,6002
4035,BARKERS_RD W of BURKE_RD,045 J09,-37.8188,145.05739,6313,376,7,1,10/1/2006,52,55,76,48,35,53,36,39,28,27,21,25,26,27,26,13,23,22,9,14,21,11,15,19,10,9,14,16,12,23,18,14,29,35,38,45,46,59,56,69,90,103,102,112,122,116,118,125,135,141,164,125,146,142,147,135,133,147,133,128,151,150,135,137,179,123,155,146,154,160,142,130,120,111,104,120,104,71,85,85,54,54,64,58,67,72,55,52,50,41,36,44,35,29,23,26,7100
4035,BARKERS_RD W of BURKE_RD,045 J09,-37.8188,145.05739,6313,376,7,1,10/8/2006,75,88,59,54,54,38,44,27,32,32,31,27,24,28,19,24,12,23,11,13,17,11,16,18,8,19,25,22,23,12,24,31,30,24,40,50,69,55,71,93,89,105,93,105,122,107,134,119,127,123,146,131,142,143,127,139,129,134,115,127,109,139,187,142,137,155,121,132,139,151,160,128,114,115,118,81,92,77,72,70,48,78,46,65,53,51,45,47,41,46,51,43,33,33,28,17,6994
4035,BARKERS_RD W of BURKE_RD,045 J09,-37.8188,145.05739,6313,376,7,1,10/15/2006,71,69,59,51,41,53,44,24,34,36,32,27,24,28,23,26,23,14,14,16,18,19,21,26,20,13,26,28,17,22,23,31,36,39,37,39,63,62,71,64,80,95,102,122,118,115,121,104,118,139,120,130,136,131,131,150,126,138,116,131,157,153,169,144,131,170,167,141,168,168,160,128,128,111,106,83,100,81,77,72,65,68,69,55,47,59,64,57,63,47,43,53,35,26,14,22,7208
4035,BARKERS_RD W of BURKE_RD,045 J09,-37.8188,145.05739,6313,376,7,1,10/22/2006,87,56,66,60,59,51,33,26,38,31,29,28,20,18,25,19,13,14,17,9,8,9,17,14,12,19,16,23,11,18,22,27,23,39,34,48,66,64,57,72,78,90,106,109,95,113,133,123,139,134,166,132,122,143,139,143,138,125,152,156,130,138,155,170,158,171,167,162,154,149,146,155,130,129,128,105,84,69,80,68,53,81,64,48,68,63,58,55,48,56,36,32,44,28,21,25,7262
4035,BARKERS_RD W of BURKE_RD,045 J09,-37.8188,145.05739,6313,376,7,1,10/29/2006,73,76,64,55,42,31,35,0,0,0,0,26,31,38,21,28,25,23,18,17,9,21,25,17,19,13,17,22,14,20,20,24,23,20,49,40,53,46,66,72,49,87,98,81,89,94,103,114,150,130,115,115,127,122,139,122,115,143,135,130,136,150,145,145,148,173,159,136,159,171,139,148,143,129,108,121,84,87,65,73,64,63,69,62,73,76,47,56,67,51,53,48,48,31,31,18,6927
4040,RIVERSDALE_RD E of BURKE_RD,059 J01,-37.83294,145.05594,14517,380,3,1,10/1/2006,30,25,33,27,24,20,23,27,18,5,10,12,9,10,8,11,14,6,17,15,9,12,11,11,14,17,22,20,34,25,34,33,35,57,47,58,61,89,100,95,111,123,98,108,105,104,93,123,127,112,144,137,151,98,101,86,86,96,101,105,87,92,86,97,67,90,120,75,96,73,77,92,78,81,64,62,65,49,39,43,41,35,44,45,31,36,49,35,38,21,23,23,24,20,16,8,5359
4040,RIVERSDALE_RD E of BURKE_RD,059 J01,-37.83294,145.05594,14517,380,3,1,10/2/2006,16,10,10,5,7,7,3,4,4,2,5,1,4,9,6,1,6,7,3,8,7,20,21,35,33,56,52,97,94,182,134,197,187,182,186,149,136,108,116,111,113,92,99,113,99,92,113,111,114,105,70,108,107,103,99,94,117,94,88,94,111,100,79,69,133,96,132,104,94,123,112,96,79,95,110,99,93,89,48,67,54,49,40,33,33,37,30,21,35,37,27,25,14,15,18,11,6654
4040,RIVERSDALE_RD E of BURKE_RD,059 J01,-37.83294,145.05594,14517,380,3,1,10/3/2006,17,7,14,7,4,4,3,0,2,4,5,9,1,1,4,3,6,10,3,11,15,37,20,31,60,66,82,88,126,169,178,183,190,204,168,167,150,146,130,116,105,120,100,107,108,94,121,96,108,101,99,98,109,110,107,123,116,132,112,137,137,106,134,96,119,112,130,134,128,135,123,124,102,95,116,86,77,76,84,53,36,60,51,47,56,41,47,44,41,40,25,21,25,23,24,16,7408
4040,RIVERSDALE_RD E of BURKE_RD,059 J01,-37.83294,145.05594,14517,380,3,1,10/4/2006,12,14,9,6,4,3,5,7,8,4,1,2,1,3,4,2,2,6,5,2,12,24,34,38,39,77,69,96,129,184,156,179,214,218,190,151,152,144,125,112,108,109,126,111,120,107,119,113,99,115,90,94,111,102,86,105,111,93,94,87,111,120,97,80,119,104,115,87,125,129,119,122,106,80,104,110,80,100,65,66,69,29,49,54,41,38,46,32,47,38,19,31,25,23,21,18,7162
4040,RIVERSDALE_RD E of BURKE_RD,059 J01,-37.83294,145.05594,14517,380,3,1,10/5/2006,15,17,7,5,5,6,2,2,3,6,2,2,4,4,3,5,1,8,7,6,5,25,27,26,53,60,89,111,105,181,162,215,189,198,204,166,146,142,125,102,100,112,102,118,114,111,113,128,123,102,101,101,117,116,100,86,89,83,106,133,122,106,109,139,140,88,105,112,122,115,128,96,122,118,94,101,83,89,67,75,65,59,53,56,61,54,31,35,54,39,34,29,31,19,15,11,7373
4040,RIVERSDALE_RD E of BURKE_RD,059 J01,-37.83294,145.05594,14517,380,3,1,10/7/2006,36,24,22,17,18,17,15,22,25,12,11,11,8,10,12,11,7,12,4,7,8,10,14,23,20,26,38,32,34,43,55,56,65,83,105,83,96,116,105,110,131,112,106,140,115,98,126,111,133,140,106,187,122,121,120,125,119,96,116,92,94,109,104,110,109,99,132,110,109,102,73,102,98,101,100,99,78,100,75,81,69,46,45,37,51,49,45,55,49,52,37,36,41,44,46,27,6553
4040,RIVERSDALE_RD E of BURKE_RD,059 J01,-37.83294,145.05594,14517,380,3,1,10/8/2006,25,29,27,31,24,25,17,14,18,18,9,15,17,14,16,7,7,11,13,10,9,14,15,15,23,28,21,19,25,27,31,51,32,41,66,72,68,112,105,112,93,78,102,114,102,89,124,109,143,115,146,129,124,153,97,84,78,95,100,78,100,74,86,88,97,114,100,88,81,90,76,99,100,86,83,59,67,53,47,44,27,37,33,36,45,43,25,31,23,22,17,10,11,15,15,12,5420
4040,RIVERSDALE_RD E of BURKE_RD,059 J01,-37.83294,145.05594,14517,380,3,1,10/9/2006,10,11,5,2,11,3,2,4,4,3,1,6,1,8,9,3,3,2,7,5,8,24,26,35,44,50,57,102,107,131,162,217,207,203,200,174,127,127,132,73,82,84,96,91,96,95,119,91,100,113,96,131,96,117,110,102,95,101,95,121,108,126,78,106,153,105,115,116,139,124,131,107,109,96,92,89,83,90,75,42,54,48,29,42,46,30,24,33,33,25,23,23,31,10,9,13,6894
4040,RIVERSDALE_RD E of BURKE_RD,059 J01,-37.83294,145.05594,14517,380,3,1,10/11/2006,17,9,7,10,9,3,3,1,2,3,2,5,4,3,4,7,5,2,13,7,13,23,34,34,46,66,79,95,155,135,190,217,165,220,188,182,163,123,129,140,107,135,123,102,101,98,128,109,121,105,100,103,110,120,110,125,88,83,91,106,119,102,82,82,132,87,118,107,122,129,146,126,99,136,114,106,79,64,68,57,67,51,49,50,42,35,39,47,45,51,41,27,24,25,18,20,7384
4040,RIVERSDALE_RD E of BURKE_RD,059 J01,-37.83294,145.05594,14517,380,3,1,10/12/2006,18,10,13,6,7,4,4,7,8,2,4,6,3,4,10,2,4,10,8,9,16,16,23,40,53,59,89,105,148,163,162,220,176,225,177,167,152,143,140,113,142,120,105,114,143,113,91,129,96,121,113,92,100,151,96,94,73,80,100,106,101,94,105,79,101,134,108,116,104,99,99,148,144,103,117,124,63,55,91,81,67,53,56,47,64,59,51,46,46,41,33,19,29,23,11,13,7429
4040,RIVERSDALE_RD E of BURKE_RD,059 J01,-37.83294,145.05594,14517,380,3,1,10/14/2006,30,27,36,14,18,28,15,27,18,19,15,10,21,7,11,6,11,11,3,4,8,17,13,32,17,23,39,42,49,38,59,52,65,72,99,105,126,85,116,104,122,140,101,136,146,122,145,109,146,136,123,108,133,129,100,125,120,102,119,145,100,117,106,101,120,126,110,124,121,144,123,88,99,124,123,113,106,103,73,75,55,60,59,57,59,49,61,50,45,39,40,43,39,29,24,28,6932
4040,RIVERSDALE_RD E of BURKE_RD,059 J01,-37.83294,145.05594,14517,380,3,1,10/15/2006,37,29,34,25,21,18,16,30,16,10,17,15,13,11,16,9,18,19,20,16,24,18,15,13,11,24,26,15,26,36,41,50,45,40,70,80,83,100,88,105,91,114,132,132,91,94,104,149,125,132,127,132,112,97,105,110,103,100,98,111,116,98,96,120,120,89,93,105,114,86,74,87,84,79,75,55,53,50,54,36,36,30,46,41,39,38,24,47,23,30,21,19,13,17,14,11,5692
4040,RIVERSDALE_RD E of BURKE_RD,059 J01,-37.83294,145.05594,14517,380,3,1,10/16/2006,9,14,14,7,4,1,7,6,2,6,2,1,6,5,4,5,3,4,8,5,7,18,26,33,48,63,74,81,119,161,165,167,218,219,202,142,139,135,125,151,89,85,116,109,109,88,104,105,104,93,88,114,112,104,97,105,97,110,82,76,128,113,114,120,124,100,113,114,135,101,118,116,100,107,112,97,79,99,74,47,58,43,43,42,35,48,37,38,33,32,26,27,27,9,22,10,7034
4040,RIVERSDALE_RD E of BURKE_RD,059 J01,-37.83294,145.05594,14517,380,3,1,10/17/2006,15,11,7,19,7,4,4,2,2,4,6,1,1,4,3,1,5,10,8,1,17,19,32,37,39,71,82,122,103,156,223,156,232,217,200,149,151,158,121,133,90,113,109,105,113,116,101,101,83,111,103,112,95,105,108,100,94,108,109,109,110,83,126,155,132,127,113,111,130,148,134,142,96,120,97,101,79,96,100,56,68,50,44,66,64,40,47,35,31,37,36,36,38,16,17,15,7514
4040,RIVERSDALE_RD E of BURKE_RD,059 J01,-37.83294,145.05594,14517,380,3,1,10/18/2006,17,12,11,11,5,3,9,4,4,4,8,1,4,4,3,1,3,2,5,5,8,31,33,28,42,63,89,99,114,142,206,159,214,241,183,196,191,134,122,127,120,123,143,109,105,111,130,121,123,69,100,92,86,88,110,88,123,108,99,115,108,94,122,128,128,118,103,99,102,129,127,117,95,109,95,149,95,93,52,92,65,55,48,31,57,41,41,52,48,51,29,17,34,22,17,11,7475
4040,RIVERSDALE_RD E of BURKE_RD,059 J01,-37.83294,145.05594,14517,380,3,1,10/21/2006,21,30,29,15,21,17,17,15,22,13,10,8,10,9,3,14,6,9,3,4,5,8,14,18,18,31,37,27,28,37,56,62,86,70,84,89,106,96,105,125,120,130,116,109,121,127,148,134,116,137,140,121,124,106,113,125,120,112,118,112,107,81,108,114,102,101,101,123,140,111,118,99,99,93,86,87,104,94,73,65,79,43,44,37,50,40,46,42,39,31,36,43,44,37,33,24,6501
4040,RIVERSDALE_RD E of BURKE_RD,059 J01,-37.83294,145.05594,14517,380,3,1,10/22/2006,27,27,28,24,21,15,21,16,12,13,15,11,9,17,14,16,6,12,11,10,12,15,10,15,9,14,16,16,20,33,34,52,52,38,44,78,80,89,98,103,87,100,113,128,112,102,116,139,119,111,147,135,132,113,101,92,78,83,96,97,58,82,85,119,94,88,83,118,97,68,82,76,74,70,63,79,71,50,57,33,40,34,43,45,38,39,38,19,21,31,19,24,21,12,6,12,5343
4040,RIVERSDALE_RD E of BURKE_RD,059 J01,-37.83294,145.05594,14517,380,3,1,10/23/2006,10,7,5,5,6,6,0,8,5,1,6,0,4,2,2,9,6,6,3,2,9,15,25,39,45,55,64,99,107,166,186,195,233,195,156,179,148,123,105,117,102,80,105,103,97,111,108,116,99,75,96,98,118,94,96,105,108,97,100,82,92,103,111,133,111,96,86,112,106,105,128,117,109,83,90,96,83,72,64,58,59,39,36,35,39,43,37,35,37,32,27,16,23,15,13,12,6797
4040,RIVERSDALE_RD E of BURKE_RD,059 J01,-37.83294,145.05594,14517,380,3,1,10/24/2006,8,12,4,11,8,2,6,4,5,3,6,3,2,3,7,5,3,6,8,4,9,25,27,31,49,63,65,89,146,156,165,190,231,198,153,183,156,156,134,139,115,105,124,107,98,94,109,119,89,103,103,98,101,83,86,101,108,102,105,117,88,121,122,115,96,108,104,104,174,148,103,140,114,89,87,117,82,98,85,61,71,51,69,48,56,49,52,35,37,30,31,30,25,26,14,20,7342
4040,RIVERSDALE_RD E of BURKE_RD,059 J01,-37.83294,145.05594,14517,380,3,1,10/25/2006,13,9,12,5,4,2,1,4,5,5,3,1,6,2,3,2,9,7,9,6,13,25,41,36,34,55,71,94,118,153,148,203,202,182,165,173,180,144,112,137,129,99,132,77,119,108,122,125,142,107,89,117,109,99,83,130,86,99,101,87,111,139,120,99,101,110,116,125,143,120,141,101,107,103,103,100,94,84,56,66,44,45,44,38,40,42,48,46,33,32,26,22,18,27,24,17,7239
4040,RIVERSDALE_RD E of BURKE_RD,059 J01,-37.83294,145.05594,14517,380,3,1,10/26/2006,12,9,12,7,7,5,7,3,3,3,1,4,4,4,2,3,6,2,7,7,12,20,24,46,35,81,62,120,124,192,148,227,185,207,167,162,147,128,121,130,105,90,106,77,112,128,123,112,117,90,122,104,97,106,117,117,113,132,101,113,90,130,85,94,98,118,91,117,111,81,140,119,127,117,121,108,111,108,101,63,58,58,38,61,53,53,51,39,41,26,31,33,35,24,29,21,7409
4040,RIVERSDALE_RD E of BURKE_RD,059 J01,-37.83294,145.05594,14517,380,3,1,10/28/2006,23,22,20,22,22,19,12,14,18,11,12,5,12,9,10,13,10,4,7,5,11,6,7,24,22,35,28,48,28,50,49,61,70,91,83,86,90,115,101,113,112,124,113,150,133,131,110,153,138,139,104,106,143,143,145,131,137,128,147,139,128,108,110,102,106,118,114,126,138,143,118,103,70,101,113,95,124,81,84,77,59,68,54,55,53,64,66,43,41,41,34,42,41,45,32,36,6947
4040,RIVERSDALE_RD E of BURKE_RD,059 J01,-37.83294,145.05594,14517,380,3,1,10/29/2006,21,37,21,19,23,24,19,27,18,10,10,16,20,17,7,13,10,15,9,10,13,14,10,8,18,19,14,22,15,34,35,38,41,51,49,67,55,64,79,97,71,84,88,96,102,102,88,71,115,109,139,128,142,115,128,98,121,100,80,97,95,84,85,84,83,84,93,83,100,92,89,109,78,91,73,72,79,40,40,46,44,37,66,40,40,63,36,34,26,21,31,25,14,15,17,9,5281
4040,RIVERSDALE_RD E of BURKE_RD,059 J01,-37.83294,145.05594,14517,380,3,1,10/30/2006,17,16,10,5,6,1,4,5,3,2,4,5,5,9,5,5,5,4,7,6,5,16,16,30,38,51,70,68,109,148,158,189,201,217,193,151,157,123,116,111,111,120,107,92,93,105,109,87,94,86,104,102,97,111,93,95,96,89,84,110,108,106,92,99,128,97,112,125,117,133,126,120,108,115,83,91,78,85,60,54,51,47,43,43,43,46,45,34,30,40,25,23,25,19,15,13,6855
4040,CAMBERWELL_RD SE of BURKE_RD,059 J01,-37.83312,145.05571,14501,380,4,1,10/1/2006,31,36,21,30,19,19,18,19,25,18,12,15,15,10,11,8,7,4,11,10,7,7,16,12,14,16,15,20,13,17,21,34,20,31,46,55,48,55,74,63,82,73,76,95,75,76,79,77,64,115,59,82,72,98,93,83,56,78,81,71,79,69,68,60,71,72,63,53,57,64,91,63,75,65,52,57,49,32,33,44,39,35,22,26,18,28,27,28,16,23,26,8,14,11,12,8,4066
4040,CAMBERWELL_RD SE of BURKE_RD,059 J01,-37.83312,145.05571,14501,380,4,1,10/2/2006,16,11,6,7,5,6,1,3,5,3,6,3,4,6,2,3,6,9,10,10,7,17,21,24,48,40,80,87,123,113,179,183,193,188,201,170,91,110,91,86,79,92,78,77,90,82,79,84,67,98,86,64,79,78,75,59,80,66,73,65,73,81,61,77,47,88,93,82,77,86,82,88,83,66,71,70,53,68,56,53,45,40,48,37,31,31,30,42,20,14,27,21,17,8,9,9,5609
4040,CAMBERWELL_RD SE of BURKE_RD,059 J01,-37.83312,145.05571,14501,380,4,1,10/3/2006,4,4,7,5,6,5,2,3,6,3,4,3,3,0,8,6,6,4,14,12,9,14,18,42,43,55,82,115,126,137,140,208,199,198,159,151,136,98,96,87,90,101,77,83,64,82,81,74,81,79,67,77,77,67,48,81,65,83,58,75,74,85,62,81,64,73,79,95,110,99,116,84,106,68,77,75,104,81,44,62,50,42,39,40,47,41,55,39,38,46,27,23,17,17,15,15,5918
4040,CAMBERWELL_RD SE of BURKE_RD,059 J01,-37.83312,145.05571,14501,380,4,1,10/4/2006,15,8,10,6,4,3,6,6,3,7,4,8,2,3,5,3,9,2,8,8,9,17,28,37,56,58,91,115,95,115,152,169,203,149,198,154,138,126,120,104,67,90,94,75,86,73,76,87,90,81,67,62,76,67,66,55,57,71,71,77,56,74,73,75,67,66,91,84,83,83,89,94,74,83,69,77,74,77,64,40,44,42,37,41,34,32,35,41,28,36,23,26,27,12,11,15,5719
4040,CAMBERWELL_RD SE of BURKE_RD,059 J01,-37.83312,145.05571,14501,380,4,1,10/5/2006,7,12,9,5,8,5,5,6,7,7,6,6,2,10,5,7,8,8,10,9,10,18,29,37,43,48,96,87,121,121,131,149,201,205,194,163,147,106,102,104,104,84,94,71,85,62,84,84,78,83,74,84,71,77,71,84,78,64,71,96,62,77,77,64,97,73,82,94,94,90,92,94,119,71,83,106,76,60,60,66,72,50,37,44,38,46,43,47,52,35,34,29,21,24,20,20,6102
4040,CAMBERWELL_RD SE of BURKE_RD,059 J01,-37.83312,145.05571,14501,380,4,1,10/6/2006,14,13,9,6,11,10,5,6,6,4,5,7,10,5,8,12,11,6,10,8,15,19,32,34,51,56,81,112,109,133,140,159,176,208,143,166,144,103,93,84,96,92,86,79,84,64,73,87,82,85,78,84,76,75,97,89,86,68,85,89,78,71,89,88,72,96,97,82,91,97,93,114,101,108,99,100,94,92,100,88,54,48,35,64,43,41,28,34,38,53,40,34,28,35,40,26,6370
4040,CAMBERWELL_RD SE of BURKE_RD,059 J01,-37.83312,145.05571,14501,380,4,1,10/7/2006,23,16,11,12,16,16,12,10,22,8,13,15,10,12,7,8,4,12,13,11,17,13,16,11,16,27,36,44,25,30,35,50,51,50,72,77,75,76,91,102,84,109,85,95,82,83,105,80,97,99,80,75,79,78,79,97,85,89,63,69,72,82,99,71,74,90,39,86,70,68,71,83,74,84,93,97,92,84,72,75,55,47,54,55,50,55,57,41,40,39,42,46,40,37,36,42,5190
4040,CAMBERWELL_RD SE of BURKE_RD,059 J01,-37.83312,145.05571,14501,380,4,1,10/8/2006,30,29,33,23,17,19,16,20,11,21,16,12,14,8,10,11,7,9,8,7,11,9,6,11,18,10,21,23,13,23,30,26,33,27,41,42,50,48,67,95,78,95,65,69,83,84,83,84,69,90,106,94,69,97,78,90,75,73,61,75,58,82,84,75,58,62,61,66,60,64,65,72,47,64,81,65,69,46,44,32,34,40,32,28,33,34,29,23,29,17,20,16,17,12,12,13,4187
4040,CAMBERWELL_RD SE of BURKE_RD,059 J01,-37.83312,145.05571,14501,380,4,1,10/9/2006,10,4,9,3,4,7,2,8,6,1,7,1,6,4,6,5,10,3,10,10,12,18,18,30,43,55,87,90,114,102,184,179,205,194,174,183,122,110,92,94,69,64,87,62,72,71,85,84,78,71,66,73,79,72,65,81,85,72,78,60,76,95,79,73,70,71,79,72,108,118,93,83,114,92,66,63,72,75,49,59,42,37,28,32,41,30,35,33,20,28,24,17,12,20,14,9,5725
4040,CAMBERWELL_RD SE of BURKE_RD,059 J01,-37.83312,145.05571,14501,380,4,1,10/10/2006,9,10,3,7,3,6,3,3,3,4,5,6,5,2,4,6,6,7,6,10,20,16,20,35,45,61,76,114,104,111,177,168,185,231,195,144,155,131,86,97,93,96,88,78,85,74,95,77,83,72,73,79,97,81,60,65,81,66,76,75,61,76,78,73,76,82,85,87,97,95,112,102,100,76,84,111,92,86,69,46,52,56,48,34,44,43,43,46,46,33,36,28,21,30,20,7,6148
4040,CAMBERWELL_RD SE of BURKE_RD,059 J01,-37.83312,145.05571,14501,380,4,1,10/11/2006,14,12,14,4,6,7,6,8,2,7,1,1,5,4,6,6,4,4,2,4,13,13,29,37,40,53,93,102,123,136,137,184,181,213,127,191,136,113,102,103,104,88,82,101,73,83,76,93,75,84,74,68,68,64,50,80,54,71,70,68,87,92,67,78,78,86,78,92,88,99,95,86,95,84,105,90,87,92,57,65,56,50,36,33,46,38,43,27,25,35,32,18,15,15,14,12,5965
4040,CAMBERWELL_RD SE of BURKE_RD,059 J01,-37.83312,145.05571,14501,380,4,1,10/12/2006,10,5,9,9,10,3,7,5,4,4,6,9,5,2,2,5,8,3,10,12,5,11,19,38,47,49,73,133,112,108,161,187,173,187,188,166,146,127,106,92,86,86,82,75,60,65,72,93,71,88,100,83,59,60,76,84,65,73,91,79,59,80,81,79,70,70,90,78,91,103,93,106,98,85,72,74,66,81,75,62,49,50,52,43,55,50,52,51,33,39,30,30,21,22,23,14,6031
4040,CAMBERWELL_RD SE of BURKE_RD,059 J01,-37.83312,145.05571,14501,380,4,1,10/13/2006,21,16,13,5,7,11,8,7,4,4,7,10,1,5,4,11,11,3,14,12,10,18,26,40,49,43,63,124,114,142,135,192,175,166,194,125,134,107,95,99,81,80,81,83,95,71,89,90,89,95,77,86,82,73,71,69,94,78,73,75,77,85,70,106,94,75,99,87,97,91,85,75,97,95,87,80,97,77,79,58,61,63,49,44,52,44,43,51,36,38,36,45,30,44,26,26,6256
4040,CAMBERWELL_RD SE of BURKE_RD,059 J01,-37.83312,145.05571,14501,380,4,1,10/14/2006,34,13,24,18,12,22,23,16,14,18,4,10,7,5,7,9,13,6,10,11,7,12,18,24,19,23,29,42,31,33,30,30,50,53,80,84,87,70,97,106,95,88,81,83,66,80,119,97,99,110,86,103,79,91,83,62,95,81,107,79,60,91,68,74,79,65,79,75,60,82,93,79,93,97,90,108,102,76,91,57,63,44,43,53,58,49,26,67,63,64,61,39,39,40,39,31,5383
4040,CAMBERWELL_RD SE of BURKE_RD,059 J01,-37.83312,145.05571,14501,380,4,1,10/15/2006,41,29,23,22,27,17,14,17,19,13,10,11,16,8,9,12,18,16,18,19,8,10,13,15,9,11,19,19,25,23,15,20,31,32,32,37,58,67,90,77,77,84,94,86,89,74,78,91,81,85,95,78,72,87,83,91,63,106,92,82,82,75,95,78,81,69,86,61,62,75,72,62,50,64,51,54,45,42,53,54,33,31,37,33,42,33,29,23,31,14,18,18,13,13,14,9,4360
4040,CAMBERWELL_RD SE of BURKE_RD,059 J01,-37.83312,145.05571,14501,380,4,1,10/16/2006,10,4,9,8,5,4,4,6,4,6,4,1,3,3,5,4,9,3,4,10,16,16,21,41,35,44,70,91,123,116,153,188,185,159,168,218,119,132,97,102,79,80,65,80,83,67,61,77,96,93,70,63,82,68,76,80,63,45,57,84,83,77,78,71,78,89,89,73,100,89,71,91,83,70,74,76,54,81,51,68,37,39,46,29,45,31,34,35,20,19,36,18,13,12,9,17,5655
4040,CAMBERWELL_RD SE of BURKE_RD,059 J01,-37.83312,145.05571,14501,380,4,1,10/17/2006,9,7,7,3,4,8,2,5,1,5,5,6,4,0,2,4,5,4,5,10,13,14,32,26,43,67,81,110,108,119,171,179,172,190,175,149,161,124,109,94,90,83,93,72,71,67,82,83,67,68,76,82,71,84,50,56,52,90,70,54,74,65,86,67,95,91,84,76,100,94,105,108,106,73,97,78,95,87,68,48,50,66,34,47,43,53,46,30,27,22,23,30,19,21,19,17,5938
4040,CAMBERWELL_RD SE of BURKE_RD,059 J01,-37.83312,145.05571,14501,380,4,1,10/18/2006,13,6,14,9,1,7,5,6,5,4,1,5,6,1,5,6,6,9,3,7,7,14,24,38,45,65,79,110,101,140,144,195,163,199,194,152,151,100,101,92,87,102,97,86,87,86,61,83,87,69,71,68,93,69,64,64,78,78,69,81,62,116,91,63,62,84,92,84,113,111,81,76,88,76,85,75,93,87,53,48,45,57,47,36,59,38,28,42,48,40,40,28,27,32,16,12,6048
4040,CAMBERWELL_RD SE of BURKE_RD,059 J01,-37.83312,145.05571,14501,380,4,1,10/19/2006,15,10,9,8,4,3,5,7,3,7,5,6,5,5,6,8,8,6,8,13,11,12,23,42,50,64,88,105,109,152,156,172,182,200,163,176,147,138,113,76,82,97,74,86,69,72,83,92,81,70,68,69,74,76,69,58,75,64,79,84,75,83,72,68,94,80,88,95,104,99,88,110,93,92,84,77,93,81,85,53,51,48,59,54,46,39,48,45,42,39,83,39,29,29,22,21,6250
4040,CAMBERWELL_RD SE of BURKE_RD,059 J01,-37.83312,145.05571,14501,380,4,1,10/20/2006,20,10,11,10,4,10,13,9,4,9,5,6,6,3,4,7,9,5,6,11,14,14,28,39,43,63,68,102,109,125,142,195,170,190,140,133,128,107,97,95,85,90,87,79,92,69,87,70,96,73,79,80,71,62,63,69,63,89,77,104,77,78,82,79,77,79,94,77,102,118,88,80,112,77,81,86,84,85,87,62,55,64,47,52,63,38,56,38,40,30,38,46,25,38,28,18,6130
4040,CAMBERWELL_RD SE of BURKE_RD,059 J01,-37.83312,145.05571,14501,380,4,1,10/21/2006,37,25,27,20,16,20,8,19,11,12,5,12,10,11,6,6,7,5,5,10,5,5,20,19,22,26,40,40,29,36,44,54,64,51,76,83,80,69,75,76,101,83,81,70,86,95,92,82,107,93,77,66,105,75,87,85,70,92,71,66,74,73,81,86,83,90,78,69,56,84,80,73,74,99,97,116,103,70,63,55,54,64,56,49,62,45,47,38,35,38,39,33,46,41,31,20,5172
4040,CAMBERWELL_RD SE of BURKE_RD,059 J01,-37.83312,145.05571,14501,380,4,1,10/22/2006,28,39,29,24,35,18,24,20,18,10,23,21,11,13,14,12,12,6,13,11,7,8,13,9,7,17,15,17,18,20,31,21,21,33,37,56,37,70,67,87,55,78,80,75,58,82,83,74,66,107,68,112,64,79,90,83,73,84,74,55,63,54,72,77,61,77,57,67,57,59,71,73,53,66,64,51,67,53,45,41,37,33,32,34,31,29,28,27,28,32,26,17,17,18,19,9,4157
4040,CAMBERWELL_RD SE of BURKE_RD,059 J01,-37.83312,145.05571,14501,380,4,1,10/23/2006,16,10,9,5,9,4,1,4,3,4,3,2,4,5,8,4,8,8,10,11,11,24,26,38,41,46,79,96,114,109,161,168,193,211,206,169,115,83,102,108,108,87,69,62,71,70,72,66,73,76,78,55,79,89,87,77,76,71,48,54,76,68,83,82,82,84,78,85,92,89,52,82,77,79,67,72,64,69,58,49,53,49,39,38,31,31,31,30,28,23,14,18,13,13,14,11,5620
4040,CAMBERWELL_RD SE of BURKE_RD,059 J01,-37.83312,145.05571,14501,380,4,1,10/24/2006,9,6,5,7,5,4,2,2,2,4,6,2,3,4,5,1,6,7,5,11,12,22,29,40,35,56,93,109,106,132,167,207,184,209,154,163,138,101,98,80,108,63,88,77,78,79,84,68,88,67,107,91,63,83,71,60,65,63,60,61,60,66,68,76,55,80,85,81,67,98,93,94,87,90,77,94,74,79,62,56,44,41,43,46,28,41,34,31,26,35,28,25,25,20,19,16,5799
4040,CAMBERWELL_RD SE of BURKE_RD,059 J01,-37.83312,145.05571,14501,380,4,1,10/25/2006,6,6,11,9,6,8,4,7,8,9,2,2,5,1,3,7,5,3,8,9,13,18,24,44,41,45,77,118,94,157,193,155,171,204,200,125,152,114,119,100,94,96,88,81,86,65,97,95,82,52,76,69,65,83,99,92,76,79,72,74,73,84,77,60,71,82,68,85,98,94,110,96,82,89,83,89,63,69,53,67,78,57,52,47,43,42,31,28,33,25,22,23,25,19,23,13,6058
4040,CAMBERWELL_RD SE of BURKE_RD,059 J01,-37.83312,145.05571,14501,380,4,1,10/26/2006,13,14,11,3,5,8,0,5,4,5,4,2,3,2,3,5,6,6,6,9,12,17,33,37,42,64,75,111,112,152,141,181,157,214,204,141,138,119,93,76,90,95,80,90,92,74,88,84,86,90,78,59,96,70,65,70,113,102,91,85,83,95,80,85,90,69,82,90,93,125,115,97,98,90,78,75,84,73,75,61,63,85,85,78,53,53,45,43,54,37,33,33,22,17,16,20,6406
4040,CAMBERWELL_RD SE of BURKE_RD,059 J01,-37.83312,145.05571,14501,380,4,1,10/27/2006,14,9,8,9,10,9,6,8,4,6,4,3,6,6,2,10,5,8,5,15,12,18,23,38,44,46,67,102,101,128,173,179,187,202,163,191,111,68,101,91,98,79,88,81,94,83,83,82,72,89,79,73,74,76,62,63,82,75,76,83,60,86,92,67,71,85,99,99,78,98,85,82,112,96,86,84,94,88,72,66,56,42,44,40,54,46,28,40,33,49,37,34,24,30,24,21,6086
4040,CAMBERWELL_RD SE of BURKE_RD,059 J01,-37.83312,145.05571,14501,380,4,1,10/28/2006,25,12,10,16,11,15,16,20,5,7,9,9,11,6,6,4,8,11,2,8,5,16,12,24,22,25,39,36,30,37,51,54,48,54,62,83,65,80,88,92,99,104,84,80,78,98,87,91,106,85,99,68,106,91,90,87,88,84,87,96,92,73,63,75,87,103,75,65,97,78,72,76,93,85,74,81,75,69,91,63,86,61,62,51,60,65,41,55,50,60,34,46,43,29,30,32,5334
4040,CAMBERWELL_RD SE of BURKE_RD,059 J01,-37.83312,145.05571,14501,380,4,1,10/29/2006,30,34,32,20,12,21,27,10,9,5,11,11,17,16,13,15,24,8,8,4,10,5,9,17,6,13,18,22,19,18,18,24,30,31,24,39,41,64,66,65,69,67,83,94,68,77,68,70,98,89,81,116,86,85,70,102,79,95,80,79,80,80,61,74,78,74,59,63,72,60,65,82,59,54,53,54,58,45,41,40,37,38,35,34,41,26,31,19,19,20,20,21,20,17,17,7,4176
4040,CAMBERWELL_RD SE of BURKE_RD,059 J01,-37.83312,145.05571,14501,380,4,1,10/30/2006,13,7,10,4,10,6,1,7,3,2,5,2,4,4,1,2,10,3,5,12,12,19,23,35,39,48,67,78,120,141,156,150,168,183,195,140,148,119,100,97,75,95,83,80,77,68,65,93,84,85,83,69,83,66,74,58,65,75,58,60,78,62,74,87,71,70,88,69,98,83,90,100,91,83,87,76,62,69,46,41,38,37,49,48,32,37,43,38,28,25,25,24,18,19,11,16,5658
4040,CAMBERWELL_RD SE of BURKE_RD,059 J01,-37.83312,145.05571,14501,380,4,1,10/31/2006,10,8,7,5,4,2,3,2,2,6,5,3,1,5,6,9,6,6,6,10,8,16,18,37,50,45,81,93,97,154,160,173,185,214,179,184,148,129,107,92,108,74,90,85,85,76,82,69,79,76,73,72,86,66,70,67,73,64,65,72,85,88,79,69,67,69,93,85,94,83,103,93,61,85,95,75,72,79,65,49,37,46,49,52,51,49,35,44,30,46,23,32,24,32,10,16,5973
4040,BURKE_RD S of RIVERSDALE_RD,059 J01,-37.83323,145.05532,16617,380,5,1,10/1/2006,57,56,54,56,35,31,29,24,30,16,16,21,15,11,25,16,12,16,17,20,17,28,38,39,57,50,56,54,63,46,66,68,52,54,74,88,87,75,107,128,128,109,140,113,120,111,116,105,111,124,105,109,108,106,112,101,37,111,101,123,87,126,115,119,106,115,104,124,137,97,138,123,126,129,127,118,101,83,83,73,83,81,47,57,72,64,74,70,58,52,48,35,45,37,20,26,7094
4040,BURKE_RD S of RIVERSDALE_RD,059 J01,-37.83323,145.05532,16617,380,5,1,10/2/2006,25,32,19,20,20,18,7,6,8,7,6,4,9,4,8,11,8,5,14,20,15,16,31,41,46,79,107,127,117,116,132,128,104,97,109,133,123,109,103,115,115,91,96,104,114,97,114,109,104,106,100,118,92,111,102,91,113,127,114,100,119,91,106,88,117,106,128,109,107,129,113,130,139,137,118,105,99,118,88,84,62,64,54,70,77,72,53,61,46,43,36,32,34,34,17,17,7220
4040,BURKE_RD S of RIVERSDALE_RD,059 J01,-37.83323,145.05532,16617,380,5,1,10/4/2006,16,26,17,14,6,8,7,8,8,6,8,12,9,4,7,4,5,11,14,18,9,30,39,42,63,91,133,109,155,130,101,141,110,97,116,151,134,116,126,107,113,103,117,132,113,83,82,127,110,104,113,115,100,87,108,98,108,97,112,103,101,108,103,105,115,86,124,111,109,93,113,131,94,135,148,137,102,114,117,75,81,65,70,71,82,94,58,74,64,51,52,62,44,35,33,30,7520
4040,BURKE_RD S of RIVERSDALE_RD,059 J01,-37.83323,145.05532,16617,380,5,1,10/9/2006,17,23,21,16,11,6,6,7,10,9,4,5,8,12,8,11,4,12,13,23,17,30,33,40,51,97,126,130,130,148,128,112,160,120,128,137,111,128,126,116,105,118,99,103,113,111,98,118,114,95,91,103,116,123,103,96,114,110,108,100,111,64,105,86,98,90,111,125,110,127,118,116,131,120,111,113,90,90,83,77,86,62,53,59,50,73,71,66,43,60,34,41,44,29,28,19,7326
4040,BURKE_RD S of RIVERSDALE_RD,059 J01,-37.83323,145.05532,16617,380,5,1,10/10/2006,21,16,11,8,8,7,4,4,8,12,5,7,8,5,8,6,8,11,10,19,19,23,40,42,73,98,132,131,109,131,129,135,142,83,111,132,121,108,134,108,123,98,113,114,101,117,95,112,88,114,117,90,73,113,123,101,92,107,116,104,96,89,86,100,82,103,133,117,103,114,118,135,135,131,139,111,122,111,98,92,82,75,74,76,64,82,51,79,64,58,42,46,44,34,29,30,7443
4040,BURKE_RD S of RIVERSDALE_RD,059 J01,-37.83323,145.05532,16617,380,5,1,10/16/2006,21,23,19,19,8,12,8,7,11,13,5,6,10,6,4,5,6,14,9,15,16,24,37,52,54,90,125,130,131,112,120,138,121,95,97,107,128,113,122,119,107,101,103,111,106,111,110,117,94,89,125,119,92,94,121,85,125,80,102,102,116,106,104,98,76,100,107,106,112,121,124,120,130,124,115,132,125,106,92,86,85,59,52,66,72,60,58,58,65,46,47,43,34,38,23,25,7277
4040,BURKE_RD S of RIVERSDALE_RD,059 J01,-37.83323,145.05532,16617,380,5,1,10/23/2006,22,27,15,21,7,2,7,2,11,8,3,8,6,11,7,11,5,10,8,16,17,27,36,61,71,100,111,121,140,115,111,135,134,108,102,105,110,112,127,126,113,109,115,118,98,94,109,99,113,110,120,125,104,109,100,128,99,102,92,117,97,103,110,93,102,119,117,98,102,106,109,133,125,103,101,118,107,115,98,87,68,56,60,66,61,52,71,59,47,48,53,39,22,36,27,21,7279
4040,BURKE_RD S of RIVERSDALE_RD,059 J01,-37.83323,145.05532,16617,380,5,1,10/25/2006,25,18,24,14,9,8,6,6,6,12,6,8,6,5,4,9,12,2,10,17,16,24,41,57,64,95,132,114,113,135,134,135,120,118,119,108,113,112,70,101,75,94,107,105,92,117,113,109,109,111,115,113,114,98,103,129,108,104,94,110,100,107,99,88,109,113,103,104,104,133,100,80,137,112,118,111,111,79,107,110,75,78,55,62,68,59,71,50,65,51,40,36,53,46,29,26,7237
4040,BURKE_RD S of RIVERSDALE_RD,059 J01,-37.83323,145.05532,16617,380,5,1,10/29/2006,59,54,61,47,31,30,42,16,16,17,11,28,19,14,27,14,23,13,15,20,17,23,31,30,36,53,44,56,60,47,55,73,59,77,72,94,61,99,84,112,98,109,106,107,127,129,107,107,125,112,97,137,101,114,122,104,101,131,116,104,133,108,128,124,126,126,118,132,125,108,128,134,123,118,113,124,82,91,92,75,72,78,66,80,66,62,57,69,62,68,41,49,34,41,35,25,7207
4040,BURKE_RD S of RIVERSDALE_RD,059 J01,-37.83323,145.05532,16617,380,5,1,10/30/2006,27,19,20,18,9,15,9,7,7,10,4,9,6,10,10,7,11,9,11,16,18,21,38,48,68,93,101,127,129,121,137,122,119,92,118,123,123,125,110,135,112,138,113,101,106,120,103,120,96,101,106,113,91,99,130,104,97,94,94,90,88,96,93,87,90,97,126,116,123,109,112,132,132,137,127,106,113,93,104,74,73,64,57,65,58,55,60,59,54,53,38,43,33,39,23,24,7283
4040,BURKE_RD S of RIVERSDALE_RD,059 J01,-37.83323,145.05532,16617,380,5,1,10/31/2006,28,11,14,11,15,10,8,4,8,9,8,8,9,6,5,14,8,10,13,12,19,30,33,50,73,108,120,145,118,143,139,116,106,95,133,128,114,93,104,121,107,126,97,118,121,114,96,109,102,117,116,102,115,104,117,105,103,109,104,123,105,93,107,97,76,88,94,85,105,121,120,120,112,124,140,132,110,117,97,70,85,74,83,62,59,65,69,73,52,72,45,47,41,40,37,29,7450
4040,RIVERSDALE_RD W of BURKE_RD,059 J01,-37.83284,145.05505,4277,380,7,1,10/1/2006,66,77,54,47,57,47,60,42,43,46,34,32,25,42,33,33,25,23,26,25,19,25,43,26,46,37,49,32,48,46,55,52,74,55,36,64,77,74,124,90,98,115,113,96,110,80,90,102,132,124,102,123,104,97,96,99,93,108,106,89,104,85,109,145,107,96,130,115,128,107,125,123,80,76,114,94,70,60,79,72,80,65,64,76,70,66,83,57,50,61,47,52,50,50,37,45,6958
4040,RIVERSDALE_RD W of BURKE_RD,059 J01,-37.83284,145.05505,4277,380,7,1,10/8/2006,88,57,82,84,52,44,47,55,22,41,46,37,31,32,32,38,25,29,38,31,35,21,34,32,46,42,47,45,52,45,56,55,41,66,69,63,66,76,79,66,82,85,98,66,82,102,90,107,117,141,131,90,105,101,105,89,135,126,111,127,124,96,113,93,101,110,111,123,122,107,107,112,95,113,95,82,94,83,76,58,73,64,68,55,76,54,47,39,40,53,36,46,36,51,34,27,6851
4040,RIVERSDALE_RD W of BURKE_RD,059 J01,-37.83284,145.05505,4277,380,7,1,10/14/2006,50,20,38,69,62,54,38,44,24,33,25,47,24,31,19,14,21,24,17,15,16,38,26,21,29,30,38,31,45,57,69,83,66,91,83,86,92,52,56,84,116,90,127,143,122,101,102,120,131,111,124,119,106,121,102,127,120,101,119,100,108,132,145,99,148,137,146,102,113,119,103,131,136,91,97,106,79,104,74,89,64,64,65,75,80,57,52,50,107,63,79,75,80,68,85,66,7453
4040,RIVERSDALE_RD W of BURKE_RD,059 J01,-37.83284,145.05505,4277,380,7,1,10/15/2006,85,71,63,69,52,52,65,45,35,35,51,35,32,44,40,27,33,43,25,36,34,41,44,38,31,51,39,51,49,46,47,53,59,51,62,65,48,65,83,81,92,85,71,111,95,77,84,87,102,86,114,109,120,86,96,124,124,109,96,129,111,124,137,141,122,115,141,122,124,107,98,107,91,113,69,125,79,101,78,80,70,66,63,55,72,55,61,70,68,73,52,51,58,44,35,38,7089
4040,RIVERSDALE_RD W of BURKE_RD,059 J01,-37.83284,145.05505,4277,380,7,1,10/22/2006,79,85,68,82,62,56,52,63,47,40,23,34,33,28,34,30,22,28,32,41,20,40,42,30,52,55,49,34,47,79,54,50,52,60,70,66,59,65,77,35,57,92,94,109,103,121,124,137,100,106,98,123,104,134,87,87,111,128,104,107,110,129,106,114,91,108,126,135,107,114,111,96,133,117,113,82,90,55,52,62,84,90,72,77,83,51,51,44,39,55,59,47,45,39,68,42,7098
4040,RIVERSDALE_RD W of BURKE_RD,059 J01,-37.83284,145.05505,4277,380,7,1,10/29/2006,100,67,57,63,65,74,49,31,23,20,11,52,37,20,40,22,42,37,27,32,16,35,42,36,30,47,40,43,49,55,52,55,47,44,37,55,53,69,70,89,67,103,78,93,80,82,95,93,92,92,118,81,127,106,97,90,126,96,88,129,101,123,112,109,93,102,139,106,104,86,114,98,75,100,108,85,117,72,63,36,66,71,70,75,68,63,74,75,64,51,52,48,47,60,43,39,6675
4040,CAMBERWELL_RD NW of BURKE_RD,059 J01,-37.83254,145.05507,4261,380,8,1,10/1/2006,53,38,28,31,31,28,39,17,17,16,17,11,17,20,13,21,11,15,9,12,12,11,14,22,11,10,7,17,15,20,9,16,18,23,29,23,27,45,56,56,56,59,70,73,82,88,98,81,104,112,96,91,106,101,101,93,81,85,94,97,76,93,93,68,88,94,71,88,79,91,82,88,58,58,60,56,53,39,60,56,50,45,40,44,41,45,32,36,44,40,37,20,28,17,12,9,4644
4040,CAMBERWELL_RD NW of BURKE_RD,059 J01,-37.83254,145.05507,4261,380,8,1,10/2/2006,17,11,12,14,12,9,3,5,4,4,2,6,2,7,2,5,1,2,4,3,3,5,3,6,11,8,23,26,57,47,64,52,91,101,104,104,61,71,53,64,61,70,67,80,100,71,82,88,108,96,81,74,99,80,78,94,98,90,105,98,98,88,105,114,81,106,131,109,146,157,139,159,159,118,88,86,101,78,84,74,68,58,58,52,61,38,53,50,42,45,32,31,34,26,25,12,5705
4040,CAMBERWELL_RD NW of BURKE_RD,059 J01,-37.83254,145.05507,4261,380,8,1,10/3/2006,7,12,10,4,11,7,3,1,5,6,5,4,2,4,2,1,3,1,4,5,4,11,4,12,7,13,20,24,38,49,61,70,88,102,87,91,73,75,65,73,87,73,73,74,72,70,89,80,94,79,90,101,61,67,76,89,86,104,104,75,97,98,94,92,135,113,119,119,144,128,161,113,152,103,112,107,96,96,75,71,74,87,65,97,82,82,51,75,66,60,63,28,27,45,39,27,5901
4040,CAMBERWELL_RD NW of BURKE_RD,059 J01,-37.83254,145.05507,4261,380,8,1,10/4/2006,21,16,13,5,12,13,8,6,9,3,4,8,2,7,5,9,1,3,5,8,1,6,5,8,6,13,27,20,28,53,70,65,81,87,86,85,56,69,76,80,60,83,98,94,89,87,72,74,82,87,70,82,98,80,102,94,78,101,90,90,96,106,95,111,81,114,131,142,140,138,124,129,141,136,85,65,89,82,100,71,81,85,59,56,83,60,70,70,37,68,51,44,44,36,29,24,5864
4040,CAMBERWELL_RD NW of BURKE_RD,059 J01,-37.83254,145.05507,4261,380,8,1,10/5/2006,26,14,9,17,8,7,4,8,5,7,8,5,6,5,5,4,4,6,6,5,4,5,11,6,7,19,22,23,31,55,58,67,73,101,93,85,61,63,76,74,67,88,82,77,89,89,82,94,88,113,88,93,95,96,108,102,85,85,91,87,98,98,103,92,113,108,150,137,165,124,171,152,127,112,125,108,95,77,87,90,97,79,87,75,66,67,67,54,72,58,49,54,54,41,23,21,6188
4040,CAMBERWELL_RD NW of BURKE_RD,059 J01,-37.83254,145.05507,4261,380,8,1,10/6/2006,26,14,18,23,16,10,8,9,13,12,10,11,12,4,7,7,5,1,7,7,3,6,4,14,10,13,20,30,43,51,56,68,73,95,82,88,65,63,78,72,68,93,98,82,95,92,100,68,65,91,90,79,102,104,101,103,96,90,91,87,91,77,109,93,93,98,99,121,133,101,124,159,135,134,94,99,108,85,72,75,67,69,57,61,81,65,56,52,64,59,76,70,57,89,48,43,6063
4040,CAMBERWELL_RD NW of BURKE_RD,059 J01,-37.83254,145.05507,4261,380,8,1,10/7/2006,37,31,16,23,26,22,18,27,25,23,19,16,22,15,8,11,8,14,11,11,7,8,11,13,5,13,13,14,25,19,25,30,34,49,50,73,73,63,78,66,76,85,91,92,98,115,100,108,113,112,85,92,99,101,88,108,102,111,89,99,91,91,105,98,104,98,103,83,116,102,99,58,74,91,64,82,77,69,53,54,57,60,47,44,70,51,52,35,45,43,65,73,69,83,92,47,5661
4040,CAMBERWELL_RD NW of BURKE_RD,059 J01,-37.83254,145.05507,4261,380,8,1,10/8/2006,67,41,51,33,40,30,34,26,27,10,16,18,36,13,13,18,17,16,13,6,11,10,10,9,20,11,12,13,17,14,20,19,33,27,29,41,44,55,43,48,65,67,67,54,82,91,66,83,71,90,85,101,109,85,84,102,82,83,99,87,106,70,99,81,88,82,113,88,101,83,73,99,51,71,62,66,64,53,54,32,49,58,34,32,50,40,41,39,35,36,29,32,24,23,24,12,4758
4040,CAMBERWELL_RD NW of BURKE_RD,059 J01,-37.83254,145.05507,4261,380,8,1,10/9/2006,14,13,13,4,9,7,7,6,2,5,2,5,1,6,2,3,6,3,5,5,3,6,7,8,7,12,18,24,29,45,57,63,86,94,98,101,65,68,84,74,80,69,84,69,66,90,84,96,76,84,90,93,96,79,81,89,86,85,113,75,97,120,100,88,107,118,120,140,152,181,150,137,164,140,81,90,101,77,75,72,62,65,46,67,70,52,45,46,44,37,47,35,25,24,19,23,5769
4040,CAMBERWELL_RD NW of BURKE_RD,059 J01,-37.83254,145.05507,4261,380,8,1,10/10/2006,12,11,6,9,8,8,2,5,6,1,4,6,3,3,1,2,3,4,4,3,8,2,5,12,9,16,21,22,33,50,56,73,60,91,87,86,81,43,78,69,66,62,83,82,73,85,91,74,86,98,73,93,85,97,92,70,91,91,93,89,85,114,97,91,121,97,122,127,146,143,157,175,183,116,113,109,107,100,99,71,62,89,71,76,84,70,68,64,69,50,71,68,47,42,40,17,6038
4040,CAMBERWELL_RD NW of BURKE_RD,059 J01,-37.83254,145.05507,4261,380,8,1,10/11/2006,18,19,10,14,17,17,9,6,11,6,1,2,5,6,3,5,9,5,3,1,9,6,4,6,11,8,25,15,33,56,53,89,90,82,94,90,64,48,64,77,66,69,83,61,66,85,83,78,84,96,76,100,92,81,85,74,98,90,76,88,112,96,88,106,87,110,129,117,142,148,150,143,161,132,94,115,100,107,94,86,74,56,75,72,86,59,70,72,60,58,57,51,44,50,26,26,5975
4040,CAMBERWELL_RD NW of BURKE_RD,059 J01,-37.83254,145.05507,4261,380,8,1,10/12/2006,13,14,8,10,11,6,5,6,3,3,5,7,3,6,0,1,3,4,4,3,4,6,5,14,13,10,26,23,33,34,56,90,72,104,100,83,56,83,79,90,82,80,89,85,95,84,86,104,75,91,85,78,70,76,93,70,90,85,100,108,90,109,101,102,98,118,139,126,125,170,149,163,147,139,90,99,111,98,79,77,70,58,79,55,75,57,85,48,75,52,54,51,43,31,30,30,6045
4040,CAMBERWELL_RD NW of BURKE_RD,059 J01,-37.83254,145.05507,4261,380,8,1,10/13/2006,38,24,15,14,18,15,11,8,11,6,5,6,6,4,9,6,9,3,6,6,8,8,7,14,18,18,22,16,34,48,62,74,71,102,101,103,59,77,78,80,93,78,88,95,100,84,95,107,69,85,88,98,92,92,86,94,96,86,87,85,96,98,82,109,97,90,114,129,138,147,110,86,162,126,92,98,103,86,87,89,71,63,52,56,58,61,56,58,72,62,69,54,65,53,56,48,6111
4040,CAMBERWELL_RD NW of BURKE_RD,059 J01,-37.83254,145.05507,4261,380,8,1,10/14/2006,57,45,29,26,35,20,31,17,22,15,22,12,12,11,16,7,8,9,8,8,13,10,10,6,7,14,10,20,29,23,19,32,23,43,53,55,65,63,79,79,96,90,94,86,90,94,90,93,92,98,96,95,94,101,133,82,100,105,98,83,106,100,90,95,89,103,101,79,90,94,103,101,85,99,87,91,94,90,76,71,68,59,47,68,73,44,47,54,65,50,75,68,69,64,69,56,5793
4040,CAMBERWELL_RD NW of BURKE_RD,059 J01,-37.83254,145.05507,4261,380,8,1,10/15/2006,71,48,35,37,29,28,30,35,26,17,18,27,31,15,25,17,13,19,9,28,20,16,12,10,9,14,10,15,15,15,27,12,19,30,33,49,32,50,54,56,57,60,68,68,88,79,88,84,104,104,108,75,80,84,87,99,90,94,101,88,91,101,101,92,97,100,101,79,96,85,68,86,65,60,46,63,51,34,51,45,37,42,38,47,56,31,28,43,34,30,34,32,20,24,11,22,4803
4040,CAMBERWELL_RD NW of BURKE_RD,059 J01,-37.83254,145.05507,4261,380,8,1,10/16/2006,24,22,10,3,8,6,8,4,7,1,4,3,2,4,4,5,1,4,7,3,6,7,9,12,11,19,15,28,42,54,56,82,73,84,77,95,51,73,61,66,53,60,73,83,69,91,78,72,80,88,99,82,94,68,87,94,89,89,99,92,109,106,108,91,107,124,114,116,150,178,146,165,152,120,98,111,77,83,67,58,60,69,47,60,88,62,59,51,67,40,44,34,35,20,27,15,5749
4040,CAMBERWELL_RD NW of BURKE_RD,059 J01,-37.83254,145.05507,4261,380,8,1,10/17/2006,21,16,12,7,7,6,6,8,5,7,2,3,0,2,5,7,4,3,6,3,5,5,6,7,15,11,16,22,40,48,67,80,72,96,87,87,82,59,101,63,53,69,82,88,77,72,106,83,83,78,77,85,86,72,83,61,76,89,95,97,97,94,109,95,90,99,108,126,148,155,147,139,156,110,111,98,104,87,72,63,69,66,59,61,85,71,73,75,63,62,54,47,37,29,27,30,5827
4040,CAMBERWELL_RD NW of BURKE_RD,059 J01,-37.83254,145.05507,4261,380,8,1,10/18/2006,37,29,10,11,15,9,13,7,8,9,8,5,5,6,5,11,5,3,8,6,2,5,8,7,12,12,27,28,33,50,59,74,77,89,106,82,75,56,83,73,70,83,85,95,82,76,81,72,89,88,78,86,70,81,81,94,92,108,93,91,96,109,95,92,95,123,133,104,173,136,148,157,160,104,92,108,86,95,101,89,88,75,68,77,81,84,70,70,66,64,48,53,34,46,34,30,6147
4040,CAMBERWELL_RD NW of BURKE_RD,059 J01,-37.83254,145.05507,4261,380,8,1,10/19/2006,28,17,13,12,7,7,7,0,4,5,5,3,1,4,4,2,4,0,4,6,9,8,8,7,9,16,22,25,48,46,57,65,90,77,109,93,73,56,76,78,75,71,78,83,72,78,114,97,86,84,72,97,77,73,93,98,99,105,80,97,102,133,92,96,105,138,129,163,157,151,150,156,131,140,105,92,101,92,84,89,88,65,79,83,80,77,56,78,66,60,64,43,33,51,43,35,6241
4040,CAMBERWELL_RD NW of BURKE_RD,059 J01,-37.83254,145.05507,4261,380,8,1,10/20/2006,23,18,19,26,21,13,16,10,13,12,12,10,9,9,5,6,5,1,5,6,7,10,4,11,9,11,28,30,35,53,70,81,69,115,80,105,86,56,68,74,75,79,94,90,103,79,86,95,74,73,81,84,74,91,80,83,96,87,81,93,77,101,86,88,88,96,115,167,151,180,157,144,138,120,119,86,85,79,98,84,60,54,62,66,87,57,79,41,53,54,58,58,46,56,59,54,6142
4040,CAMBERWELL_RD NW of BURKE_RD,059 J01,-37.83254,145.05507,4261,380,8,1,10/21/2006,24,37,38,32,34,22,20,11,16,9,17,18,16,5,16,7,8,12,7,8,15,5,8,9,4,11,14,18,27,20,28,32,29,32,52,45,85,71,68,75,91,77,77,95,104,120,108,87,121,107,89,81,90,106,105,95,88,101,109,101,103,102,100,99,105,104,85,93,92,82,79,87,86,88,74,86,101,72,66,67,62,43,57,69,72,62,55,55,55,38,60,82,88,81,90,58,5755
4040,CAMBERWELL_RD NW of BURKE_RD,059 J01,-37.83254,145.05507,4261,380,8,1,10/22/2006,72,42,46,37,39,12,20,26,24,21,26,22,23,23,20,18,15,14,14,15,17,17,8,11,15,13,9,22,20,14,20,30,25,21,37,53,51,48,50,61,60,51,68,69,59,65,78,85,84,88,67,86,89,75,98,92,80,73,84,77,94,74,77,76,79,83,81,89,104,88,103,81,75,83,84,57,69,53,50,50,48,49,46,45,61,46,37,32,29,49,45,39,24,24,20,32,4775
4040,CAMBERWELL_RD NW of BURKE_RD,059 J01,-37.83254,145.05507,4261,380,8,1,10/23/2006,22,9,13,14,3,5,3,5,4,4,4,4,3,1,6,5,2,3,4,2,3,6,7,8,7,15,18,26,32,49,69,74,75,100,96,87,68,88,75,80,85,78,68,68,88,67,74,94,83,93,83,79,99,66,89,88,90,78,87,89,101,108,89,97,91,98,127,111,169,153,122,154,164,106,89,98,97,82,77,75,70,46,56,69,61,45,51,40,52,59,41,27,24,19,16,18,5647
4040,CAMBERWELL_RD NW of BURKE_RD,059 J01,-37.83254,145.05507,4261,380,8,1,10/24/2006,18,8,8,13,4,4,7,7,2,7,4,3,3,6,3,0,2,5,8,1,5,10,2,8,11,18,24,23,37,45,60,82,77,92,85,86,64,72,69,69,84,80,83,75,75,97,76,71,97,104,84,84,84,73,85,90,81,83,92,93,99,80,99,91,121,129,133,137,131,153,193,142,138,124,95,92,87,81,83,65,77,73,79,56,70,75,69,59,55,62,74,33,23,35,30,26,5912
4040,CAMBERWELL_RD NW of BURKE_RD,059 J01,-37.83254,145.05507,4261,380,8,1,10/25/2006,18,19,17,9,10,8,10,5,9,7,5,5,3,1,7,1,10,8,6,5,6,3,13,9,9,10,16,25,31,48,60,63,83,97,106,81,61,62,78,62,73,82,74,93,90,89,86,107,72,82,87,78,90,91,103,81,103,91,85,97,107,99,103,108,120,101,118,156,155,149,132,153,147,141,125,87,94,77,81,75,96,74,61,56,72,68,80,62,69,59,63,44,28,23,29,32,6084
4040,CAMBERWELL_RD NW of BURKE_RD,059 J01,-37.83254,145.05507,4261,380,8,1,10/26/2006,19,19,14,6,12,5,7,1,7,4,4,1,6,2,2,2,1,9,3,8,3,10,6,12,13,12,13,31,44,38,65,81,75,97,104,76,71,76,73,73,64,78,78,83,88,100,96,107,74,90,85,91,100,102,86,84,106,86,72,104,120,111,74,124,106,88,150,123,146,190,138,141,182,120,102,108,101,111,88,84,70,92,76,61,67,76,74,69,63,65,61,58,36,40,27,30,6251
4040,CAMBERWELL_RD NW of BURKE_RD,059 J01,-37.83254,145.05507,4261,380,8,1,10/27/2006,28,15,15,21,8,11,10,3,12,13,7,8,6,8,7,7,4,8,4,11,3,8,3,11,10,21,11,33,37,27,50,85,67,93,93,92,65,70,60,85,75,77,69,79,107,92,78,78,76,88,81,108,79,76,102,80,92,101,74,88,96,95,97,95,78,106,125,133,138,170,111,153,146,121,112,115,98,87,71,78,71,55,62,55,64,84,61,50,39,69,57,66,47,53,50,42,5980
4040,CAMBERWELL_RD NW of BURKE_RD,059 J01,-37.83254,145.05507,4261,380,8,1,10/28/2006,41,35,26,25,13,22,13,26,20,11,15,12,16,10,12,9,8,8,6,7,7,7,9,10,8,6,9,14,20,20,34,38,45,50,46,75,63,74,73,65,88,89,97,74,98,105,101,89,104,109,103,90,94,100,80,99,93,97,77,104,102,97,100,102,102,94,112,89,104,122,100,100,90,101,100,57,69,66,70,57,66,53,52,49,66,69,53,60,54,59,52,65,55,66,47,60,5659
4040,CAMBERWELL_RD NW of BURKE_RD,059 J01,-37.83254,145.05507,4261,380,8,1,10/29/2006,79,45,39,40,51,40,30,26,25,16,17,38,35,22,26,27,21,22,11,20,12,13,11,15,9,13,12,18,15,17,19,19,15,18,25,40,37,28,44,44,61,63,68,67,73,69,77,82,75,100,84,100,92,100,104,86,81,91,101,84,95,104,91,93,102,104,94,81,91,85,88,88,82,65,53,49,64,36,44,41,44,53,53,38,58,51,38,37,49,36,31,37,19,26,24,14,4870
4040,CAMBERWELL_RD NW of BURKE_RD,059 J01,-37.83254,145.05507,4261,380,8,1,10/30/2006,17,14,13,8,10,9,9,3,3,4,2,3,2,3,5,0,0,3,9,6,2,3,4,10,11,14,22,28,36,46,70,78,80,96,102,69,57,47,69,81,63,61,70,83,91,79,81,98,86,77,76,65,95,74,82,74,76,99,81,79,103,102,92,100,98,124,123,98,167,160,146,145,159,152,106,104,78,94,72,54,44,53,53,50,55,68,62,74,44,37,44,46,23,25,20,17,5630
4040,CAMBERWELL_RD NW of BURKE_RD,059 J01,-37.83254,145.05507,4261,380,8,1,10/31/2006,21,13,10,7,8,6,4,6,4,4,3,7,1,5,2,4,4,2,4,2,3,4,7,7,11,8,17,23,45,51,76,76,104,110,85,102,78,72,86,86,65,71,78,79,101,73,86,104,89,92,78,97,113,82,83,86,94,104,93,83,99,104,84,83,94,80,126,127,162,128,157,175,110,82,112,112,89,88,81,72,59,65,54,63,70,72,50,48,54,45,50,38,37,35,23,20,5867
4051,DONCASTER_RD E of BULLEEN_RD,046 B02,-37.79419,145.0696,16200,389,3,1,10/1/2006,23,42,34,22,28,19,14,10,18,14,12,8,14,14,4,6,11,3,10,3,8,7,12,13,11,18,22,23,27,37,26,36,41,45,38,51,54,73,88,80,91,93,98,123,94,94,103,128,123,135,119,105,100,104,109,119,120,96,110,79,96,91,92,87,102,80,99,110,97,130,101,88,97,78,76,76,64,52,53,42,44,39,48,44,49,45,47,39,29,23,24,21,9,14,13,7,5368
4051,DONCASTER_RD E of BULLEEN_RD,046 B02,-37.79419,145.0696,16200,389,3,1,10/2/2006,6,7,11,4,4,7,1,2,4,6,1,2,2,1,3,3,1,3,5,6,9,17,17,26,29,52,56,84,123,168,194,229,221,192,211,208,173,145,135,131,125,111,145,110,125,97,124,115,102,131,116,109,98,91,81,97,90,103,110,129,144,121,131,115,129,116,111,108,106,107,104,101,103,79,91,98,79,69,52,57,46,63,53,55,47,34,42,29,30,41,33,26,15,20,16,10,7289
4051,DONCASTER_RD E of BULLEEN_RD,046 B02,-37.79419,145.0696,16200,389,3,1,10/7/2006,19,26,25,16,10,14,19,8,8,15,10,10,3,7,3,2,10,11,7,9,16,13,10,15,24,28,46,45,32,56,48,68,68,60,83,130,139,141,165,113,156,150,156,136,154,160,122,119,145,159,137,111,121,140,135,125,107,144,114,124,139,126,114,101,130,119,130,109,118,106,110,130,125,119,125,126,119,84,102,75,88,70,57,53,61,50,48,43,46,55,42,31,39,40,28,39,7344
4051,DONCASTER_RD E of BULLEEN_RD,046 B02,-37.79419,145.0696,16200,389,3,1,10/8/2006,45,38,34,28,17,21,18,19,15,18,12,12,11,11,10,8,9,3,8,5,3,8,7,7,16,17,25,24,23,29,32,39,52,46,49,72,67,66,94,94,80,101,82,96,122,109,156,129,107,99,115,119,87,101,98,100,75,110,83,60,92,97,115,81,73,93,101,103,109,112,94,101,103,103,72,82,73,63,43,52,45,46,49,39,27,53,35,16,34,27,24,17,28,24,13,5,5385
4051,DONCASTER_RD E of BULLEEN_RD,046 B02,-37.79419,145.0696,16200,389,3,1,10/9/2006,8,2,10,9,5,3,7,2,6,4,2,1,5,0,4,4,1,6,4,7,9,19,22,35,43,62,68,85,113,173,236,242,212,183,178,210,203,148,114,111,99,109,111,81,111,111,129,122,112,115,119,103,109,126,93,126,106,125,127,144,137,157,122,115,118,101,94,102,118,119,106,109,91,111,76,101,100,75,51,62,56,47,54,63,48,32,47,38,32,34,18,24,21,16,10,7,7446
4051,DONCASTER_RD E of BULLEEN_RD,046 B02,-37.79419,145.0696,16200,389,3,1,10/14/2006,24,23,31,20,17,14,8,8,7,8,4,4,8,5,8,7,9,10,5,7,15,13,16,20,21,38,37,44,35,53,69,83,69,79,68,137,113,145,120,155,136,136,131,162,148,149,137,164,119,139,120,123,124,134,115,126,127,130,113,122,100,122,109,117,119,118,102,105,123,115,119,118,96,124,132,128,133,106,79,87,66,60,65,60,63,53,44,53,36,46,65,38,43,36,34,30,7256
4051,DONCASTER_RD E of BULLEEN_RD,046 B02,-37.79419,145.0696,16200,389,3,1,10/15/2006,27,28,31,19,22,21,28,8,12,12,10,14,9,13,11,5,6,17,9,7,9,9,9,19,11,21,24,25,17,37,35,39,28,35,42,62,55,64,81,94,80,85,104,114,118,114,151,132,145,121,114,108,118,107,96,110,106,93,77,102,102,100,109,74,112,99,81,84,115,106,99,91,82,68,95,79,68,46,57,42,62,45,43,42,42,59,51,30,31,28,27,15,22,14,14,11,5465
4051,DONCASTER_RD E of BULLEEN_RD,046 B02,-37.79419,145.0696,16200,389,3,1,10/16/2006,9,12,10,3,4,5,3,2,3,4,1,3,2,0,4,2,4,3,4,5,6,22,16,30,41,50,68,80,105,170,186,224,203,216,201,206,180,156,134,111,103,112,136,84,135,95,105,112,91,129,104,127,111,103,91,112,118,113,126,122,134,147,167,123,100,115,97,106,129,106,102,81,102,109,83,99,78,77,57,47,64,41,75,60,45,48,35,32,38,38,30,15,16,24,19,12,7368
4051,DONCASTER_RD E of BULLEEN_RD,046 B02,-37.79419,145.0696,16200,389,3,1,10/21/2006,24,22,22,15,18,13,13,11,12,5,4,4,9,6,4,8,7,9,8,16,20,16,15,15,23,34,43,44,38,51,63,73,73,89,103,110,98,152,133,137,140,160,111,133,173,137,139,119,125,154,115,128,118,126,139,124,137,155,121,122,126,138,138,125,104,110,113,118,146,106,115,136,103,110,152,129,96,94,94,64,82,67,63,64,53,63,59,57,47,38,43,41,37,37,38,32,7374
4051,DONCASTER_RD E of BULLEEN_RD,046 B02,-37.79419,145.0696,16200,389,3,1,10/22/2006,41,33,16,25,19,27,19,19,6,9,12,9,10,9,5,8,6,9,11,7,1,6,8,12,10,17,25,16,29,34,34,41,39,62,42,57,64,80,88,88,108,128,109,115,118,118,149,134,122,116,153,133,117,94,94,105,80,97,97,106,93,85,121,104,119,108,89,78,126,102,114,85,83,100,76,77,87,75,50,42,52,53,48,57,33,52,51,32,33,18,21,13,19,21,16,7,5686
4051,DONCASTER_RD E of BULLEEN_RD,046 B02,-37.79419,145.0696,16200,389,3,1,10/23/2006,11,11,8,10,8,3,3,4,4,2,3,3,2,1,2,5,3,0,6,7,6,15,22,43,37,45,75,76,122,183,238,229,237,218,211,214,162,132,128,111,122,123,120,123,119,126,101,132,124,122,107,102,119,120,99,91,114,110,101,91,129,133,117,97,127,112,86,115,110,112,103,96,104,89,77,95,83,74,66,58,70,45,54,63,39,42,47,40,33,35,24,33,21,13,10,14,7432
4051,DONCASTER_RD E of BULLEEN_RD,046 B02,-37.79419,145.0696,16200,389,3,1,10/28/2006,31,18,22,21,12,7,5,10,12,7,7,8,7,7,6,8,7,8,9,10,17,10,14,26,20,38,43,61,30,33,58,64,71,82,99,105,147,143,136,121,150,108,142,156,121,146,176,150,146,149,127,157,131,171,147,125,147,132,129,133,93,153,123,131,130,114,123,113,100,106,112,123,91,106,102,118,98,113,104,75,95,73,50,66,58,61,45,43,45,51,39,46,43,31,46,45,7448
4051,DONCASTER_RD E of BULLEEN_RD,046 B02,-37.79419,145.0696,16200,389,3,1,10/29/2006,44,33,28,25,22,17,16,0,0,0,0,17,12,7,5,9,12,9,10,9,5,10,11,16,10,18,13,26,21,33,15,39,28,38,45,51,59,60,83,114,89,90,102,89,99,102,113,136,141,122,90,120,111,132,92,105,127,81,102,100,116,111,95,98,106,109,119,90,93,104,87,98,101,99,99,77,81,67,63,67,47,55,59,63,60,47,47,30,42,34,18,27,16,22,17,9,5586
4051,DONCASTER_RD E of BULLEEN_RD,046 B02,-37.79419,145.0696,16200,389,3,1,10/30/2006,8,7,13,4,10,4,3,2,4,0,2,3,3,3,3,2,2,3,2,7,13,11,16,29,44,34,61,92,135,184,192,232,226,213,235,225,155,139,114,158,94,127,118,133,101,112,113,112,98,114,110,102,112,104,103,103,96,115,133,103,105,153,108,115,138,127,117,117,123,126,71,106,125,94,97,122,78,55,78,58,68,50,54,71,48,40,41,48,35,29,40,18,23,10,17,11,7512
4051,SEVERN_ST S of DONCASTER_RD,046 B02,-37.79418,145.06955,-1,389,5,1,10/1/2006,3,3,2,1,1,1,2,1,2,0,2,4,0,1,1,0,0,1,1,2,0,2,1,3,1,1,3,4,2,3,3,2,2,5,4,8,12,15,16,12,11,22,22,14,12,14,25,29,18,19,15,20,18,17,12,17,13,19,11,15,14,17,20,14,22,16,11,9,16,15,18,17,14,15,10,18,8,4,9,7,5,6,8,3,4,6,9,3,3,2,2,2,2,0,1,1,801
4051,SEVERN_ST S of DONCASTER_RD,046 B02,-37.79418,145.06955,-1,389,5,1,10/2/2006,2,0,0,0,0,0,0,0,4,0,1,0,1,0,0,1,0,0,0,5,0,1,0,1,4,5,7,6,13,18,26,28,33,37,42,40,25,23,17,19,15,12,19,20,16,10,14,13,21,17,17,10,22,26,18,24,21,23,22,16,26,45,44,46,49,39,34,47,37,53,52,43,32,39,20,22,13,18,13,6,12,6,10,10,10,7,6,4,4,1,3,2,3,2,0,1,1474
4051,SEVERN_ST S of DONCASTER_RD,046 B02,-37.79418,145.06955,-1,389,5,1,10/3/2006,1,0,0,0,0,0,0,0,0,0,0,0,0,0,0,0,0,0,0,4,0,1,0,2,5,8,4,9,9,19,22,32,39,40,44,41,25,21,18,14,10,21,10,16,13,15,17,18,17,22,13,17,17,19,21,21,14,14,17,20,24,41,44,46,43,35,39,41,52,47,50,43,40,33,25,22,22,19,16,9,10,11,8,9,10,5,2,8,5,5,2,4,2,1,3,0,1466
4051,SEVERN_ST S of DONCASTER_RD,046 B02,-37.79418,145.06955,-1,389,5,1,10/4/2006,1,0,0,0,1,1,0,0,0,1,0,0,0,0,0,1,0,0,0,1,1,0,3,1,3,7,6,9,6,17,19,28,33,45,43,41,31,20,19,21,17,20,16,16,17,17,17,18,17,20,17,17,20,17,14,17,15,13,24,19,19,45,46,46,43,39,35,41,45,51,46,43,37,35,25,22,18,19,11,9,14,8,10,5,8,6,8,6,6,4,2,3,3,5,3,2,1475
4051,SEVERN_ST S of DONCASTER_RD,046 B02,-37.79418,145.06955,-1,389,5,1,10/5/2006,0,4,0,1,0,1,2,1,3,0,1,0,0,1,0,0,0,0,0,3,2,0,0,1,5,6,5,8,15,10,26,22,39,38,45,41,37,31,18,19,12,23,21,16,25,13,13,18,20,18,21,17,16,15,19,17,12,16,17,19,22,45,45,52,50,39,35,41,47,47,53,50,39,37,20,27,17,22,11,16,8,6,10,8,6,15,10,4,6,5,8,3,3,5,0,0,1545
4051,SEVERN_ST S of DONCASTER_RD,046 B02,-37.79418,145.06955,-1,389,5,1,10/6/2006,1,1,1,1,1,0,0,1,0,1,1,0,0,0,1,1,1,0,2,3,1,1,2,1,7,3,8,12,10,14,16,25,32,43,51,41,25,15,17,19,17,20,17,16,23,14,25,18,15,17,18,17,26,18,23,19,14,21,17,19,32,48,57,46,43,48,39,28,43,37,39,43,37,39,34,22,18,19,22,10,10,18,4,7,8,7,8,8,4,8,6,10,2,7,3,3,1550
4051,SEVERN_ST S of DONCASTER_RD,046 B02,-37.79418,145.06955,-1,389,5,1,10/7/2006,3,2,2,1,1,1,0,0,1,2,2,4,0,0,1,1,1,2,2,7,1,0,1,0,2,1,5,5,6,2,7,10,8,14,16,20,20,15,17,10,15,16,23,28,28,28,27,27,28,22,27,34,26,19,18,19,16,28,30,21,15,27,22,18,22,26,15,13,20,26,25,22,17,21,16,24,21,15,7,3,13,8,5,6,8,11,7,8,1,7,3,3,6,4,5,4,1147
4051,SEVERN_ST S of DONCASTER_RD,046 B02,-37.79418,145.06955,-1,389,5,1,10/8/2006,4,5,3,0,2,3,0,0,0,2,0,1,2,0,0,0,1,1,0,0,1,1,0,0,0,0,4,2,0,1,3,0,5,6,9,21,13,11,20,9,8,17,15,11,21,17,23,24,16,12,15,21,21,15,26,21,16,15,16,17,16,12,14,10,15,13,21,7,16,15,15,11,13,16,17,12,6,5,6,7,5,5,8,5,6,5,1,0,5,3,5,2,1,0,0,0,775
4051,SEVERN_ST S of DONCASTER_RD,046 B02,-37.79418,145.06955,-1,389,5,1,10/9/2006,0,1,2,0,1,0,0,0,1,1,0,0,0,0,1,0,1,0,0,5,1,2,2,3,3,6,7,11,11,17,21,30,33,41,41,41,29,24,23,19,19,20,18,16,16,13,16,18,14,20,22,14,17,18,25,22,15,18,18,19,24,37,44,46,41,39,35,35,49,45,50,43,40,33,24,17,21,16,16,9,7,12,4,8,10,3,4,4,2,1,5,1,2,3,0,0,1466
4051,SEVERN_ST S of DONCASTER_RD,046 B02,-37.79418,145.06955,-1,389,5,1,10/10/2006,1,1,2,0,0,1,1,1,0,1,0,0,1,0,0,1,0,1,1,3,1,1,2,3,3,3,7,5,16,14,25,28,31,51,43,47,24,19,20,19,11,20,25,16,17,21,17,19,17,15,23,13,13,27,22,29,17,25,22,20,25,42,44,46,32,29,38,41,50,55,50,43,43,36,31,21,24,21,16,10,11,3,6,8,12,8,8,4,6,3,5,4,3,7,1,3,1555
4051,SEVERN_ST S of DONCASTER_RD,046 B02,-37.79418,145.06955,-1,389,5,1,10/11/2006,1,0,1,0,2,2,0,0,1,0,0,0,0,0,0,1,0,0,0,3,0,1,2,2,3,4,5,8,8,11,24,28,35,39,40,41,28,22,14,19,16,18,15,16,17,15,18,18,18,22,26,13,19,18,19,15,17,19,15,24,23,40,41,43,50,32,42,44,43,47,43,43,40,35,25,22,23,8,16,11,10,5,9,10,8,6,6,4,6,7,3,2,5,3,2,0,1460
4051,SEVERN_ST S of DONCASTER_RD,046 B02,-37.79418,145.06955,-1,389,5,1,10/12/2006,0,1,0,0,0,1,0,1,0,0,0,1,0,1,0,1,0,0,1,1,3,1,0,2,4,6,11,7,6,12,20,33,31,41,48,45,33,23,19,20,16,25,16,16,19,16,12,18,14,13,21,23,16,20,20,13,21,16,16,21,22,42,38,46,36,34,36,36,41,46,50,43,39,29,25,25,17,21,15,4,11,8,9,9,5,10,7,9,6,8,7,4,6,0,2,1,1472
4051,SEVERN_ST S of DONCASTER_RD,046 B02,-37.79418,145.06955,-1,389,5,1,10/13/2006,1,0,0,0,0,0,4,1,1,2,2,1,1,0,1,2,0,0,0,3,3,1,0,1,5,5,6,10,8,11,15,21,37,32,37,41,26,27,26,19,17,22,21,16,16,25,14,12,23,20,17,19,16,16,18,17,15,16,25,23,22,49,44,53,36,29,30,41,45,38,47,40,33,35,35,25,16,14,17,10,11,7,5,3,5,5,9,5,7,3,5,6,3,5,2,1,1459
4051,SEVERN_ST S of DONCASTER_RD,046 B02,-37.79418,145.06955,-1,389,5,1,10/14/2006,3,1,1,4,3,1,0,0,2,1,1,0,0,0,1,0,1,0,1,5,2,0,1,1,0,2,3,6,4,4,5,12,14,13,15,17,17,23,20,16,24,21,22,21,28,21,29,29,26,29,26,28,27,21,25,19,27,26,19,20,22,27,27,19,19,17,22,15,19,23,20,18,17,21,21,24,20,20,10,2,5,9,9,5,5,4,4,2,4,7,6,6,3,6,4,3,1153
4051,SEVERN_ST S of DONCASTER_RD,046 B02,-37.79418,145.06955,-1,389,5,1,10/15/2006,6,7,7,3,1,3,3,0,3,2,1,0,1,1,2,0,0,0,1,0,2,2,1,0,1,0,1,6,3,2,6,0,0,6,5,15,10,15,13,17,14,22,23,22,14,16,18,19,16,17,16,12,21,7,22,20,18,12,22,11,16,12,15,22,12,21,8,20,16,19,16,13,19,15,12,15,10,5,8,0,9,3,6,7,6,4,7,3,2,5,2,1,0,2,2,2,823
4051,SEVERN_ST S of DONCASTER_RD,046 B02,-37.79418,145.06955,-1,389,5,1,10/16/2006,2,0,1,2,0,1,0,1,2,0,0,1,0,0,0,1,0,0,0,2,0,1,3,2,2,7,11,4,11,13,25,26,34,34,50,40,28,20,15,19,14,23,9,16,19,19,18,18,14,22,16,17,18,13,18,7,14,17,24,19,28,47,39,46,37,44,26,41,45,43,56,48,35,41,19,22,11,14,21,8,9,9,3,4,10,5,3,5,5,4,4,0,1,1,0,0,1427
4051,SEVERN_ST S of DONCASTER_RD,046 B02,-37.79418,145.06955,-1,389,5,1,10/17/2006,0,2,0,2,0,0,1,0,0,0,0,1,0,1,0,0,2,0,1,3,1,0,1,2,4,3,7,4,14,13,17,36,37,41,39,42,27,26,18,19,19,16,24,14,17,18,17,22,15,20,15,16,23,17,12,13,19,11,11,15,26,45,51,46,43,34,40,41,38,55,50,43,40,35,31,19,18,19,17,14,12,8,6,2,11,7,3,4,5,7,4,3,1,3,1,0,1480
4051,SEVERN_ST S of DONCASTER_RD,046 B02,-37.79418,145.06955,-1,389,5,1,10/18/2006,1,1,0,0,1,0,1,0,0,0,1,1,0,1,2,2,0,0,0,1,0,1,1,2,4,5,9,4,13,13,23,30,39,44,44,40,28,17,15,24,15,25,15,16,18,15,17,20,20,10,18,12,19,22,24,17,15,13,24,15,27,45,42,49,42,46,34,47,51,45,50,43,47,42,18,22,15,18,11,15,6,10,3,5,13,10,11,1,4,4,7,5,0,5,1,4,1516
4051,SEVERN_ST S of DONCASTER_RD,046 B02,-37.79418,145.06955,-1,389,5,1,10/19/2006,3,0,0,0,0,0,0,0,1,1,0,1,0,2,1,0,0,0,0,2,1,1,2,1,3,6,6,5,5,12,14,24,39,41,35,38,28,20,16,19,22,19,17,11,10,19,20,18,17,23,19,17,18,20,17,21,13,17,18,19,24,43,43,46,43,39,33,41,45,47,51,43,45,35,27,22,18,19,14,11,6,11,10,8,8,4,12,7,7,3,7,5,2,1,3,2,1467
4051,SEVERN_ST S of DONCASTER_RD,046 B02,-37.79418,145.06955,-1,389,5,1,10/20/2006,2,0,1,3,0,1,2,0,0,0,1,1,0,0,1,0,1,0,0,6,2,1,1,1,2,7,6,9,12,12,17,23,27,41,45,40,25,14,14,19,21,21,16,17,19,18,20,21,21,24,20,17,25,18,24,16,16,14,26,22,21,47,49,44,50,39,39,31,45,45,50,43,38,33,22,24,20,23,13,11,6,5,3,6,4,3,5,2,3,4,5,7,7,4,2,2,1488
4051,SEVERN_ST S of DONCASTER_RD,046 B02,-37.79418,145.06955,-1,389,5,1,10/21/2006,1,3,3,1,1,1,0,1,1,1,0,1,1,0,3,1,1,0,2,2,1,1,0,0,1,2,3,4,1,1,7,9,10,11,14,25,20,17,21,18,22,12,20,29,24,25,18,31,31,19,30,31,23,19,28,19,14,24,22,21,27,15,22,17,20,21,15,14,21,27,23,18,18,21,13,24,21,8,11,5,6,10,8,6,8,4,3,2,5,2,3,5,7,7,3,2,1094
4051,SEVERN_ST S of DONCASTER_RD,046 B02,-37.79418,145.06955,-1,389,5,1,10/22/2006,4,3,3,4,2,1,2,3,2,0,1,2,0,0,0,2,2,2,0,0,0,0,0,1,3,3,4,6,3,2,4,5,5,6,8,9,11,15,13,17,11,24,13,19,18,17,20,27,22,14,18,16,25,15,15,10,20,14,23,23,16,15,12,20,16,16,16,10,11,12,14,18,19,11,15,7,7,8,7,0,5,3,10,7,7,5,2,3,2,6,0,5,3,0,2,1,823
4051,SEVERN_ST S of DONCASTER_RD,046 B02,-37.79418,145.06955,-1,389,5,1,10/23/2006,0,0,1,0,1,0,0,0,0,0,0,0,1,0,0,0,0,0,0,3,2,1,1,3,6,6,5,5,11,11,14,28,37,41,43,42,28,16,21,19,14,15,25,16,15,17,17,17,18,17,17,17,23,21,13,14,17,16,19,19,24,39,47,48,43,30,35,41,50,48,55,43,40,35,20,15,18,11,11,12,10,6,10,14,11,10,5,6,5,4,4,4,1,1,2,0,1451
4051,SEVERN_ST S of DONCASTER_RD,046 B02,-37.79418,145.06955,-1,389,5,1,10/24/2006,2,2,1,0,0,1,0,0,0,1,2,0,0,0,0,0,0,0,0,5,1,0,2,5,4,8,4,10,11,20,15,20,41,45,52,41,23,20,18,18,16,23,23,24,16,17,14,18,17,13,16,18,16,14,22,20,15,15,18,21,28,48,39,52,51,39,28,41,50,47,57,52,40,35,29,25,15,18,10,11,8,11,9,9,5,7,8,3,1,6,3,1,5,2,3,2,1526
4051,SEVERN_ST S of DONCASTER_RD,046 B02,-37.79418,145.06955,-1,389,5,1,10/25/2006,4,1,2,1,0,0,1,1,0,2,2,0,0,0,0,1,1,0,1,1,6,0,1,1,6,4,7,7,9,15,22,28,39,37,43,41,27,20,23,25,11,24,13,12,19,22,12,20,16,14,23,20,11,20,15,17,11,11,14,18,27,46,39,46,37,36,34,41,40,51,50,48,40,31,25,23,15,19,17,9,10,6,8,6,9,5,6,4,9,3,7,2,3,0,2,3,1459
4051,SEVERN_ST S of DONCASTER_RD,046 B02,-37.79418,145.06955,-1,389,5,1,10/26/2006,0,0,0,0,2,1,1,0,1,0,1,0,0,1,1,0,1,0,1,3,2,1,2,5,3,3,8,3,7,10,22,22,27,32,37,44,28,22,17,14,21,20,19,17,17,22,17,26,18,15,17,16,20,19,23,24,17,17,16,19,23,47,48,48,40,33,40,35,39,47,58,34,39,43,32,32,24,22,10,6,12,10,10,8,11,10,8,5,9,5,8,8,5,0,3,2,1516
4051,SEVERN_ST S of DONCASTER_RD,046 B02,-37.79418,145.06955,-1,389,5,1,10/27/2006,0,0,2,1,1,1,0,0,1,0,0,0,0,0,1,1,0,0,0,3,2,2,0,6,5,6,6,10,15,7,18,28,42,36,48,40,31,22,20,19,17,14,12,15,21,17,19,10,21,20,18,17,23,19,20,13,19,17,21,22,30,45,44,50,43,40,37,44,46,47,49,43,41,34,27,20,18,18,14,10,10,7,5,6,4,7,7,3,4,5,4,6,6,5,5,3,1516
4051,SEVERN_ST S of DONCASTER_RD,046 B02,-37.79418,145.06955,-1,389,5,1,10/28/2006,6,5,2,3,1,1,2,0,2,1,0,1,1,0,2,1,1,0,1,2,3,0,1,1,1,2,3,2,7,3,3,6,9,9,10,21,17,17,20,15,18,23,18,27,22,30,21,25,24,25,27,25,20,24,21,20,21,17,20,20,21,19,22,21,19,21,10,17,16,20,18,15,22,20,19,24,22,13,10,3,5,6,4,9,7,8,9,8,7,4,8,2,4,6,5,5,1079
4051,SEVERN_ST S of DONCASTER_RD,046 B02,-37.79418,145.06955,-1,389,5,1,10/29/2006,4,5,5,1,1,1,1,0,0,0,0,0,1,1,0,2,0,2,0,0,0,1,1,1,1,0,1,2,2,4,2,3,5,5,5,8,11,9,11,10,15,22,20,23,12,10,19,22,18,17,12,12,17,14,14,15,18,15,13,13,20,18,14,22,23,12,16,15,14,17,13,15,11,8,12,15,12,7,6,6,8,10,9,8,7,8,5,2,2,3,2,2,2,0,2,1,774
4051,SEVERN_ST S of DONCASTER_RD,046 B02,-37.79418,145.06955,-1,389,5,1,10/30/2006,0,0,0,0,0,1,0,0,2,0,0,0,0,1,1,1,0,0,1,2,1,1,0,3,4,3,8,4,5,15,22,25,27,41,43,42,21,20,15,15,18,17,19,16,17,17,19,18,22,16,16,17,27,22,17,23,15,17,22,16,33,36,43,46,36,30,35,43,39,53,46,43,33,32,32,18,18,13,16,10,10,7,3,8,13,7,6,4,3,1,7,2,1,1,2,1,1426
4051,SEVERN_ST S of DONCASTER_RD,046 B02,-37.79418,145.06955,-1,389,5,1,10/31/2006,2,1,0,0,0,0,1,0,0,0,0,0,0,1,0,0,0,1,0,6,2,1,0,0,5,1,7,10,9,13,17,28,41,35,36,40,34,18,18,22,15,13,12,10,17,21,15,15,17,13,16,17,23,23,23,17,15,14,13,22,24,45,46,46,46,33,34,42,49,47,46,43,33,32,30,23,16,21,9,12,14,6,12,12,7,8,5,7,4,3,5,3,1,0,2,3,1449
4051,DONCASTER_RD SW of SEVERN_ST,046 B02,-37.79406,145.06885,5949,389,6,1,10/1/2006,36,45,46,27,25,22,19,21,11,20,16,19,11,13,15,16,5,9,5,5,6,9,3,9,5,5,4,6,12,12,8,13,19,34,41,48,35,49,57,46,55,60,62,62,65,68,74,83,62,97,78,86,69,66,73,74,69,74,59,86,76,86,74,94,65,77,86,80,81,90,84,81,80,60,59,59,58,55,41,32,38,39,40,35,42,49,55,31,30,34,35,17,16,24,21,6,4159
4051,DONCASTER_RD SW of SEVERN_ST,046 B02,-37.79406,145.06885,5949,389,6,1,10/2/2006,5,5,8,7,2,9,11,3,4,5,2,6,4,2,4,3,3,1,5,6,8,5,2,6,5,13,15,31,39,32,41,48,54,69,59,58,65,51,60,75,60,67,66,72,78,84,71,69,88,77,79,76,70,91,85,73,86,79,70,73,90,89,99,122,112,124,116,105,108,148,131,120,135,121,104,87,70,75,56,43,70,43,46,32,36,32,42,34,31,37,39,26,17,21,17,11,4934
4051,DONCASTER_RD SW of SEVERN_ST,046 B02,-37.79406,145.06885,5949,389,6,1,10/3/2006,12,10,8,7,5,1,6,2,3,2,4,3,3,5,1,1,3,3,4,2,3,7,4,7,9,17,17,32,33,34,56,41,66,66,63,89,78,46,75,58,67,66,68,75,77,76,75,74,66,88,91,102,71,71,85,85,69,87,74,84,85,107,116,120,107,112,125,125,134,145,127,137,147,133,96,112,82,81,73,52,46,43,52,48,46,61,49,52,42,35,36,37,27,17,18,19,5281
4051,DONCASTER_RD SW of SEVERN_ST,046 B02,-37.79406,145.06885,5949,389,6,1,10/4/2006,13,10,13,3,9,6,7,4,7,1,5,1,4,5,5,2,3,7,2,4,3,5,4,4,9,9,17,22,22,42,39,48,46,63,69,80,75,71,74,68,79,73,78,75,76,89,71,64,77,71,88,102,77,71,77,90,81,83,79,94,101,89,116,110,98,127,106,120,141,138,135,153,141,142,117,112,83,100,78,76,54,68,55,44,48,56,42,54,52,46,45,46,30,24,27,19,5469
4051,DONCASTER_RD SW of SEVERN_ST,046 B02,-37.79406,145.06885,5949,389,6,1,10/5/2006,21,5,9,6,6,3,3,4,4,5,5,5,6,5,4,7,2,4,1,4,4,5,8,7,7,12,20,26,31,41,44,43,62,71,57,79,81,61,78,68,68,68,81,75,62,80,85,84,83,76,85,102,83,84,69,90,83,108,86,94,102,87,105,94,136,109,123,128,115,145,126,133,121,117,108,110,100,94,80,82,61,72,56,57,53,57,64,61,41,45,36,42,22,26,33,11,5512
4051,DONCASTER_RD SW of SEVERN_ST,046 B02,-37.79406,145.06885,5949,389,6,1,10/6/2006,17,16,10,14,8,5,5,7,4,8,8,4,3,4,5,4,6,6,2,6,3,5,8,9,6,9,16,27,31,30,44,48,59,71,65,80,68,62,72,68,74,61,76,57,59,86,72,84,70,90,96,70,93,81,81,69,70,81,79,60,103,85,118,122,128,117,146,132,110,126,109,143,142,94,145,112,97,102,87,76,63,60,59,58,44,49,54,62,57,52,48,59,35,48,50,30,5554
4051,DONCASTER_RD SW of SEVERN_ST,046 B02,-37.79406,145.06885,5949,389,6,1,10/7/2006,37,32,37,27,21,13,26,18,13,14,8,11,11,9,14,8,6,7,4,11,6,13,16,2,4,7,18,17,23,21,26,39,34,48,58,62,65,60,69,83,84,76,91,105,101,92,106,75,90,105,117,104,99,93,93,83,88,90,91,111,94,86,81,95,103,81,79,104,96,97,84,76,81,78,82,74,75,65,61,56,50,50,51,51,34,43,46,48,56,48,43,47,54,49,67,46,5323
4051,DONCASTER_RD SW of SEVERN_ST,046 B02,-37.79406,145.06885,5949,389,6,1,10/8/2006,35,44,22,34,32,28,18,21,23,22,14,15,16,11,12,10,4,17,6,8,7,8,7,8,6,8,10,9,18,20,18,0,26,35,33,37,36,39,49,55,53,60,59,68,80,67,93,62,59,72,80,69,80,80,72,66,79,65,58,68,80,72,60,80,69,68,82,88,103,86,79,90,87,60,62,69,48,61,53,42,48,60,37,35,36,46,21,33,25,23,26,21,24,20,16,15,4136
4051,DONCASTER_RD SW of SEVERN_ST,046 B02,-37.79406,145.06885,5949,389,6,1,10/9/2006,17,13,9,5,8,1,3,6,2,3,2,1,4,6,3,1,2,2,4,3,5,8,4,5,10,9,24,20,35,36,43,39,59,61,71,80,70,63,64,68,67,74,70,75,63,71,66,99,87,94,73,102,76,90,82,90,79,74,77,88,85,117,110,122,98,136,114,108,130,144,136,132,151,131,104,84,77,75,80,76,59,55,49,56,52,53,46,31,31,31,25,37,19,22,45,47,5334
4051,DONCASTER_RD SW of SEVERN_ST,046 B02,-37.79406,145.06885,5949,389,6,1,10/10/2006,13,11,6,3,5,5,3,3,3,7,1,1,4,2,4,5,4,3,3,4,3,6,4,8,8,14,23,28,36,27,56,48,54,66,69,89,98,77,75,68,68,62,74,75,57,76,78,86,79,87,76,77,100,91,95,96,90,101,88,74,82,106,108,122,118,98,102,125,138,128,127,153,128,137,109,100,99,60,67,76,55,65,46,50,57,70,40,47,52,52,31,23,39,27,28,22,5464
4051,DONCASTER_RD SW of SEVERN_ST,046 B02,-37.79406,145.06885,5949,389,6,1,10/11/2006,19,16,15,3,4,4,3,6,5,4,2,1,6,3,2,3,3,3,3,6,5,4,4,7,8,9,17,31,21,37,39,48,51,71,55,71,67,49,61,68,61,68,70,75,62,79,76,84,88,82,79,86,85,77,88,65,86,85,89,84,105,88,103,118,113,111,111,111,125,137,114,136,123,151,130,112,90,75,73,58,63,56,39,47,63,64,62,50,38,46,52,29,34,31,24,26,5311
4051,DONCASTER_RD SW of SEVERN_ST,046 B02,-37.79406,145.06885,5949,389,6,1,10/12/2006,22,18,8,8,4,7,6,5,6,2,2,3,10,2,5,2,2,2,6,3,4,6,4,4,11,13,27,35,35,37,41,48,71,73,74,91,81,66,70,78,68,77,73,75,74,84,75,83,84,81,83,84,70,68,92,71,94,81,75,106,99,106,97,105,112,129,126,128,101,145,110,153,148,114,112,83,91,68,71,64,67,55,86,54,54,53,54,41,54,43,31,37,37,31,28,17,5494
4051,DONCASTER_RD SW of SEVERN_ST,046 B02,-37.79406,145.06885,5949,389,6,1,10/13/2006,19,17,11,13,7,9,3,2,12,3,4,4,6,4,7,8,2,2,4,3,3,6,4,10,6,12,23,29,34,36,44,50,61,72,62,57,83,73,66,68,77,81,76,90,79,69,75,85,96,87,86,95,78,91,72,90,72,74,82,87,92,103,112,120,117,127,125,125,114,132,149,138,167,156,117,108,95,79,71,79,58,53,60,53,40,40,47,51,40,48,43,63,38,36,58,36,5671
4051,DONCASTER_RD SW of SEVERN_ST,046 B02,-37.79406,145.06885,5949,389,6,1,10/14/2006,30,27,27,28,22,18,20,17,8,18,14,4,11,7,13,12,7,6,8,10,2,8,10,6,7,12,14,19,22,15,27,39,59,49,62,77,67,86,69,83,69,85,92,113,116,123,91,103,102,90,123,105,87,77,91,86,89,104,72,90,89,68,93,106,77,95,82,97,88,121,96,96,83,90,85,96,75,41,54,64,47,44,38,49,47,32,54,45,44,46,46,47,40,41,40,58,5362
4051,DONCASTER_RD SW of SEVERN_ST,046 B02,-37.79406,145.06885,5949,389,6,1,10/15/2006,38,45,21,31,19,21,20,19,10,15,11,22,26,14,9,7,9,10,9,8,6,10,9,6,5,6,7,7,8,16,18,9,29,25,27,39,37,38,52,43,55,58,68,74,69,83,90,85,76,93,88,66,81,81,76,55,88,70,79,69,81,77,72,68,70,86,82,70,80,95,68,63,71,72,66,67,60,47,38,34,31,37,36,39,40,29,37,33,41,20,26,33,19,18,13,24,4108
4051,DONCASTER_RD SW of SEVERN_ST,046 B02,-37.79406,145.06885,5949,389,6,1,10/16/2006,11,17,9,10,7,7,5,5,2,4,4,2,0,3,5,0,1,1,3,8,4,2,5,4,12,11,21,19,35,35,40,40,43,69,74,58,77,65,62,68,79,66,85,75,70,97,71,84,70,76,85,89,96,70,79,77,80,82,70,94,90,113,98,102,108,114,119,125,144,126,118,128,138,138,123,112,78,66,60,60,61,52,48,31,57,41,41,40,40,42,31,29,21,13,17,15,5182
4051,DONCASTER_RD SW of SEVERN_ST,046 B02,-37.79406,145.06885,5949,389,6,1,10/17/2006,18,12,4,5,7,4,2,3,2,4,2,1,2,2,5,1,6,1,1,2,2,4,4,4,13,11,17,24,44,29,47,33,66,83,65,90,78,67,81,68,78,68,63,55,80,76,79,75,93,80,84,76,80,88,77,83,67,67,86,94,87,93,120,107,112,105,98,122,134,122,137,142,138,138,125,112,87,76,72,71,53,58,37,42,56,55,56,47,40,56,41,40,32,19,23,17,5333
4051,DONCASTER_RD SW of SEVERN_ST,046 B02,-37.79406,145.06885,5949,389,6,1,10/18/2006,24,22,10,13,8,8,4,13,10,2,7,5,1,4,5,1,2,2,4,4,4,5,7,4,7,12,19,21,47,51,48,44,64,67,85,88,61,65,69,70,68,59,78,75,90,83,81,84,94,78,82,89,92,85,65,90,87,79,74,84,122,104,99,103,118,106,128,123,118,140,129,150,123,108,130,112,95,97,87,63,51,58,56,69,56,50,48,44,50,50,32,48,32,31,22,29,5585
4051,DONCASTER_RD SW of SEVERN_ST,046 B02,-37.79406,145.06885,5949,389,6,1,10/19/2006,33,17,12,6,13,6,13,7,7,5,4,2,12,2,8,2,2,3,2,2,7,5,2,8,10,14,26,18,44,28,39,51,64,72,76,78,74,66,59,46,77,74,77,76,67,79,77,97,82,97,88,61,92,84,80,86,75,100,86,99,96,122,123,103,109,119,104,148,118,126,151,155,127,144,149,112,78,91,67,73,57,52,66,48,63,80,60,41,50,44,45,48,37,50,36,28,5719
4051,DONCASTER_RD SW of SEVERN_ST,046 B02,-37.79406,145.06885,5949,389,6,1,10/20/2006,21,17,17,13,4,5,10,9,2,6,4,6,2,5,7,4,5,6,6,11,2,5,5,5,5,18,20,32,43,35,34,49,57,78,69,84,67,69,71,68,83,87,83,76,89,85,85,90,78,109,107,64,90,95,91,93,106,102,98,89,112,97,125,130,138,107,123,130,125,147,145,153,144,123,119,95,83,75,69,83,60,69,54,46,53,52,43,48,54,45,40,44,50,44,42,45,5888
4051,DONCASTER_RD SW of SEVERN_ST,046 B02,-37.79406,145.06885,5949,389,6,1,10/21/2006,34,36,41,18,18,11,20,14,12,10,8,15,6,7,11,5,9,7,8,4,5,6,12,8,6,11,10,11,30,23,35,39,43,37,43,75,71,76,73,67,88,72,77,99,98,89,101,75,99,125,120,113,109,86,101,81,100,106,94,100,97,89,98,83,90,91,80,91,93,107,95,85,89,88,97,61,75,52,59,48,50,42,37,51,41,34,66,46,44,51,37,45,56,62,46,52,5336
4051,DONCASTER_RD SW of SEVERN_ST,046 B02,-37.79406,145.06885,5949,389,6,1,10/22/2006,40,41,35,34,34,27,23,24,11,11,17,24,9,11,14,22,9,10,8,11,3,8,8,3,6,7,8,9,10,18,12,21,15,22,21,45,34,43,47,66,45,71,84,65,70,72,75,89,82,90,116,74,91,91,71,72,72,90,59,58,68,76,84,79,85,74,99,81,105,92,96,88,93,76,73,64,65,57,44,34,48,33,46,32,38,49,26,28,39,32,26,17,22,22,13,13,4375
4051,DONCASTER_RD SW of SEVERN_ST,046 B02,-37.79406,145.06885,5949,389,6,1,10/23/2006,12,6,15,13,4,5,5,1,3,1,4,2,2,0,3,2,3,3,2,4,4,5,5,4,3,8,12,33,33,45,40,48,65,82,54,67,67,49,52,68,83,64,75,80,76,72,87,72,78,83,88,102,75,90,72,70,73,71,66,91,91,106,101,107,103,108,107,127,149,149,143,153,120,134,95,96,70,54,67,60,53,52,52,45,40,40,35,45,37,43,32,32,21,18,20,14,5121
4051,DONCASTER_RD SW of SEVERN_ST,046 B02,-37.79406,145.06885,5949,389,6,1,10/24/2006,16,14,12,6,1,8,2,4,5,2,4,0,3,0,2,1,2,1,1,1,3,6,6,8,5,10,20,31,34,35,44,40,57,74,68,91,86,69,74,66,61,69,68,57,65,61,56,81,81,81,75,64,72,81,94,76,72,77,96,93,107,79,112,125,101,117,127,125,130,144,148,150,159,116,112,85,101,69,70,63,60,52,52,47,57,56,42,58,47,57,31,30,29,23,26,20,5319
4051,DONCASTER_RD SW of SEVERN_ST,046 B02,-37.79406,145.06885,5949,389,6,1,10/25/2006,24,11,16,7,9,14,6,2,3,2,2,6,2,3,2,6,3,2,4,3,4,5,5,7,7,5,16,31,31,49,41,41,52,81,70,76,72,74,70,67,62,57,88,75,68,79,75,83,87,76,80,66,94,104,97,86,88,80,88,94,99,90,126,117,121,109,104,128,132,127,170,134,140,119,123,98,91,77,77,76,55,61,45,43,42,57,48,37,40,36,42,52,40,22,25,16,5477
4051,DONCASTER_RD SW of SEVERN_ST,046 B02,-37.79406,145.06885,5949,389,6,1,10/26/2006,14,11,18,14,6,8,6,7,5,8,4,2,3,11,8,0,4,1,7,1,5,10,4,12,5,15,17,27,34,30,43,48,66,65,82,92,84,90,73,56,85,74,88,57,60,86,77,73,86,93,97,81,87,102,98,101,72,101,78,84,99,105,115,120,112,111,109,127,139,148,137,179,159,151,125,112,88,90,91,87,77,63,44,48,47,51,47,63,41,50,47,37,37,20,32,12,5796
4051,DONCASTER_RD SW of SEVERN_ST,046 B02,-37.79406,145.06885,5949,389,6,1,10/27/2006,14,14,15,8,9,8,2,5,6,7,4,3,3,6,7,1,6,2,4,1,4,2,4,5,8,4,13,28,31,29,38,50,57,68,88,81,59,71,57,68,63,78,83,65,70,65,75,81,97,87,105,102,72,72,98,97,95,73,96,87,101,142,118,105,115,109,119,129,132,147,151,153,146,119,111,120,100,88,91,70,68,61,61,54,51,57,62,67,53,49,36,53,40,45,43,28,5745
4051,DONCASTER_RD SW of SEVERN_ST,046 B02,-37.79406,145.06885,5949,389,6,1,10/28/2006,31,25,21,25,21,13,16,22,12,12,14,11,10,4,14,8,4,5,8,8,1,5,11,5,5,15,6,9,17,23,20,43,33,38,56,59,62,70,93,90,75,93,83,103,104,112,111,97,104,89,110,126,102,103,95,83,94,98,99,96,103,95,108,95,90,92,80,95,94,114,81,94,85,82,88,73,85,59,60,56,57,52,37,38,41,32,49,45,59,52,46,47,62,44,50,42,5404
4051,DONCASTER_RD SW of SEVERN_ST,046 B02,-37.79406,145.06885,5949,389,6,1,10/29/2006,43,47,36,34,26,25,21,21,11,14,15,19,21,15,12,13,14,13,9,14,6,9,8,13,7,5,6,2,7,16,13,8,16,20,16,31,25,44,55,65,50,53,61,66,60,48,82,86,102,72,85,84,87,75,104,88,87,86,73,72,73,92,91,94,90,84,89,85,86,100,89,106,69,75,74,68,49,58,54,43,51,35,41,54,38,46,37,34,34,30,27,27,18,13,19,16,4405
4051,DONCASTER_RD SW of SEVERN_ST,046 B02,-37.79406,145.06885,5949,389,6,1,10/30/2006,12,15,7,7,7,5,8,5,3,2,6,5,2,3,0,5,0,7,5,1,8,4,6,3,3,8,11,22,33,32,36,44,48,69,65,58,64,56,57,51,64,55,76,69,68,69,75,84,99,63,102,102,75,68,99,74,78,86,81,91,106,100,109,122,105,133,116,103,119,149,141,125,159,151,121,102,80,73,52,51,43,48,56,53,48,49,45,24,44,43,37,30,24,24,12,17,5175
4051,DONCASTER_RD SW of SEVERN_ST,046 B02,-37.79406,145.06885,5949,389,6,1,10/31/2006,20,11,10,6,5,5,0,4,7,0,3,0,1,1,5,0,3,4,4,3,5,1,2,6,4,15,15,23,35,42,49,47,40,80,71,70,81,64,54,49,49,67,78,65,86,90,80,84,104,77,88,93,82,94,84,91,91,96,88,91,99,107,133,115,107,107,115,126,118,147,140,153,138,118,110,102,98,93,80,86,53,41,71,40,46,51,57,59,41,33,29,36,31,21,21,19,5464
4057,BALWYN_RD N OF BELMORE_RD,046 E05,-37.80431,145.08197,6810,2008,1,1,10/1/2006,25,35,19,20,14,11,7,12,12,4,8,7,5,5,7,0,3,6,5,6,3,10,5,6,9,12,11,14,15,22,30,33,24,41,57,63,63,69,73,77,85,79,81,102,93,112,93,130,144,125,107,125,113,90,109,105,96,94,94,92,116,87,97,93,102,112,108,101,94,108,88,93,101,85,70,82,70,43,61,49,42,34,38,45,53,46,33,40,32,27,24,19,21,16,12,12,5171
4057,BALWYN_RD N OF BELMORE_RD,046 E05,-37.80431,145.08197,6810,2008,1,1,10/8/2006,42,34,26,24,28,19,11,13,5,7,5,11,12,8,7,7,2,4,3,2,4,3,8,8,12,15,25,21,7,26,27,27,41,41,57,64,61,90,74,100,103,97,114,93,121,92,127,122,124,99,110,125,101,122,100,121,102,104,84,91,125,124,108,94,96,99,112,109,124,105,106,122,87,102,106,74,65,58,49,46,46,52,37,37,40,42,23,39,47,27,23,21,20,21,8,6,5533
4057,BALWYN_RD N OF BELMORE_RD,046 E05,-37.80431,145.08197,6810,2008,1,1,10/14/2006,30,29,20,15,8,16,9,9,9,5,0,6,5,3,7,5,9,3,5,3,8,9,11,19,8,18,28,36,27,36,61,62,91,72,101,123,140,130,137,148,164,143,156,141,173,161,146,140,148,175,132,161,158,150,145,111,108,121,148,104,131,120,129,105,134,128,127,143,108,131,133,127,135,137,132,132,117,103,80,90,50,54,65,59,54,57,54,39,40,40,34,41,40,41,31,32,7519
4057,BALWYN_RD N OF BELMORE_RD,046 E05,-37.80431,145.08197,6810,2008,1,1,10/15/2006,30,37,26,23,18,17,11,9,21,3,16,29,3,10,6,7,6,11,6,7,9,11,18,15,14,33,18,35,17,19,30,39,38,41,57,57,69,76,94,93,97,111,115,110,117,96,107,142,139,139,123,113,100,117,120,109,131,113,108,99,113,123,122,123,114,104,110,111,113,100,87,91,113,103,95,90,68,66,47,46,46,48,45,51,41,38,35,39,39,29,16,21,13,15,8,11,5819
4057,BALWYN_RD N OF BELMORE_RD,046 E05,-37.80431,145.08197,6810,2008,1,1,10/21/2006,16,15,17,17,11,13,9,8,6,5,4,5,4,3,1,3,4,4,5,6,11,8,7,11,12,15,17,34,29,52,54,80,72,76,126,127,115,155,170,150,137,147,131,149,169,161,170,120,160,167,146,166,123,144,156,125,120,129,127,131,126,125,131,142,92,119,102,134,145,112,117,75,148,135,97,131,107,92,99,69,53,68,44,46,43,33,40,43,33,47,42,36,33,50,29,44,7337
4057,BALWYN_RD N OF BELMORE_RD,046 E05,-37.80431,145.08197,6810,2008,1,1,10/22/2006,30,31,26,21,21,18,15,12,9,7,5,5,5,4,1,6,2,3,6,8,4,4,12,8,11,12,17,15,16,10,26,37,35,31,55,62,56,68,85,92,93,124,111,122,94,112,113,143,148,119,120,116,116,113,127,103,126,138,96,93,110,129,123,129,91,121,103,127,126,107,94,98,106,118,110,72,70,64,55,46,48,51,49,47,43,35,38,38,28,28,25,19,21,18,5,8,5718
4057,BALWYN_RD N OF BELMORE_RD,046 E05,-37.80431,145.08197,6810,2008,1,1,10/28/2006,21,11,17,14,10,14,9,6,13,3,6,3,3,4,2,6,5,8,4,6,8,5,7,11,7,16,23,35,37,30,64,75,76,73,111,133,112,169,141,145,150,145,154,150,150,150,171,160,169,155,142,143,122,145,150,118,133,143,145,112,104,127,123,127,133,120,149,149,120,144,110,123,128,151,110,125,122,87,89,60,62,59,61,61,52,50,38,37,28,44,39,37,34,33,30,37,7453
4057,BALWYN_RD N OF BELMORE_RD,046 E05,-37.80431,145.08197,6810,2008,1,1,10/29/2006,22,21,16,32,18,11,8,0,0,0,0,8,8,8,8,10,4,11,3,9,9,9,5,12,4,16,11,18,13,12,23,18,25,38,53,56,46,76,69,97,89,106,107,105,80,106,92,94,120,95,125,131,121,105,92,109,115,123,100,94,92,114,113,133,91,114,128,111,123,118,103,114,95,100,103,97,72,55,57,50,53,60,62,54,57,48,40,36,38,28,32,20,17,15,15,9,5483
4057,BELMORE_RD E OF BALWYN_RD,046 E05,-37.80508,145.08246,16973,2008,3,1,10/1/2006,21,22,9,18,14,14,11,8,5,12,9,2,4,6,4,4,8,0,3,2,4,6,2,5,12,9,16,8,16,16,17,21,30,23,46,57,56,72,60,71,71,90,72,100,86,104,88,104,104,101,76,111,65,118,67,118,111,104,74,105,108,101,110,83,105,94,88,100,99,64,93,89,79,84,73,83,56,51,48,40,37,36,37,31,47,46,33,28,31,21,17,19,15,10,5,12,4665
4057,BELMORE_RD E OF BALWYN_RD,046 E05,-37.80508,145.08246,16973,2008,3,1,10/2/2006,6,5,5,0,0,2,2,1,3,1,0,1,0,2,0,4,0,3,4,5,2,7,16,15,23,44,57,76,145,202,245,251,260,240,258,228,135,134,113,105,100,90,103,95,89,94,85,80,90,100,82,89,83,50,59,61,61,88,100,114,150,148,140,148,114,118,131,137,127,112,115,120,107,101,102,93,86,64,59,71,56,55,46,43,61,22,35,32,24,27,17,12,15,5,8,4,7018
4057,BELMORE_RD E OF BALWYN_RD,046 E05,-37.80508,145.08246,16973,2008,3,1,10/3/2006,3,0,5,3,3,2,1,1,1,0,0,2,0,2,1,3,2,2,4,5,6,7,15,20,23,60,80,63,144,180,242,251,278,254,248,212,127,118,103,118,98,97,94,93,100,105,99,85,91,90,88,75,46,45,54,65,60,120,116,114,123,166,170,143,100,91,103,108,119,114,134,128,115,111,97,41,72,71,32,48,67,54,27,32,35,33,42,35,35,37,28,33,15,8,6,3,6900
4057,BELMORE_RD E OF BALWYN_RD,046 E05,-37.80508,145.08246,16973,2008,3,1,10/4/2006,4,4,3,1,3,8,2,2,1,2,3,1,1,2,2,4,4,4,6,2,8,3,14,21,22,28,43,50,106,120,222,251,199,254,167,228,102,97,93,93,90,117,81,93,100,77,60,91,77,71,58,75,39,92,75,89,90,91,78,113,106,108,115,148,81,109,106,89,89,83,107,120,99,72,108,62,76,51,47,32,31,36,33,36,53,52,32,17,27,39,32,27,11,95,11,4,6181
4057,BELMORE_RD E OF BALWYN_RD,046 E05,-37.80508,145.08246,16973,2008,3,1,10/5/2006,3,6,4,12,2,8,2,2,2,2,2,1,0,1,1,4,0,2,4,18,18,13,12,19,27,36,69,55,82,125,167,211,278,287,217,239,139,122,97,59,108,88,77,93,67,71,57,91,69,164,160,75,74,86,90,52,66,68,68,52,138,145,155,152,127,101,73,88,111,110,156,185,150,180,153,93,99,67,54,55,50,33,40,29,21,45,65,39,32,54,24,19,13,10,14,5,6909
4057,BELMORE_RD E OF BALWYN_RD,046 E05,-37.80508,145.08246,16973,2008,3,1,10/6/2006,6,1,2,3,6,3,4,9,15,46,16,6,3,3,2,6,5,21,27,5,7,6,11,11,22,61,41,54,144,180,199,251,291,225,241,228,147,128,74,42,82,87,55,93,70,84,75,39,100,85,98,93,92,92,90,107,101,98,100,113,129,152,125,148,91,85,69,124,136,95,120,126,138,111,125,93,126,119,101,71,59,71,68,73,87,49,52,24,31,37,66,59,25,19,23,19,7352
4057,BELMORE_RD E OF BALWYN_RD,046 E05,-37.80508,145.08246,16973,2008,3,1,10/7/2006,12,14,4,16,2,14,8,6,5,8,6,3,1,6,4,6,5,5,2,7,9,3,5,7,14,28,33,63,31,73,51,36,56,75,77,90,84,143,120,120,141,131,104,100,89,94,132,118,193,138,143,168,101,86,99,69,142,172,118,111,154,97,101,116,75,81,82,96,109,145,96,72,93,73,63,59,60,112,59,44,103,77,60,55,61,45,44,48,41,22,26,41,23,31,31,18,6214
4057,BELMORE_RD E OF BALWYN_RD,046 E05,-37.80508,145.08246,16973,2008,3,1,10/9/2006,5,33,14,5,7,0,27,10,19,10,20,18,8,5,4,59,16,26,47,52,35,22,33,27,28,84,37,66,101,178,218,297,264,245,215,228,100,105,111,59,116,122,102,70,52,56,63,54,153,74,63,69,61,53,63,54,61,74,84,76,104,108,114,148,97,170,106,92,93,82,120,138,116,93,118,112,83,73,76,71,43,45,61,31,35,24,25,15,26,13,17,11,8,8,7,4,6845
4057,BELMORE_RD E OF BALWYN_RD,046 E05,-37.80508,145.08246,16973,2008,3,1,10/10/2006,7,1,2,4,2,1,4,3,2,1,1,6,4,3,7,11,8,6,13,21,23,17,36,46,30,26,60,71,87,124,156,251,278,254,248,228,150,123,79,59,63,64,59,93,98,99,75,77,73,85,64,76,75,87,66,66,54,65,71,65,85,111,126,148,155,69,88,108,102,107,155,62,107,70,67,71,112,85,68,67,67,66,50,60,58,40,52,51,41,43,20,28,29,17,13,11,6537
4057,BELMORE_RD E OF BALWYN_RD,046 E05,-37.80508,145.08246,16973,2008,3,1,10/11/2006,9,7,6,3,4,0,3,1,1,1,2,0,0,4,0,6,5,1,3,2,11,10,12,20,32,50,84,92,126,180,263,257,281,301,251,228,141,105,110,106,106,108,94,87,64,66,66,91,69,74,64,135,71,67,57,49,78,94,83,123,100,107,121,154,98,81,109,96,87,83,92,106,187,114,86,93,89,58,44,51,76,51,52,51,43,36,50,64,34,28,18,24,17,7,18,8,6897
4057,BELMORE_RD E OF BALWYN_RD,046 E05,-37.80508,145.08246,16973,2008,3,1,10/12/2006,6,3,4,0,1,5,8,12,0,2,0,2,7,4,0,2,2,5,1,6,4,15,14,10,24,33,42,45,84,226,180,251,278,254,248,177,147,85,65,83,56,64,70,93,60,53,67,61,73,93,89,85,94,153,90,66,61,72,64,66,86,94,162,107,99,122,83,82,92,92,109,120,126,127,99,103,77,78,83,67,71,73,56,33,31,53,33,45,62,23,34,18,15,8,4,13,6445
4057,BELMORE_RD E OF BALWYN_RD,046 E05,-37.80508,145.08246,16973,2008,3,1,10/14/2006,10,14,15,10,8,4,14,2,4,2,3,5,3,3,6,4,2,4,4,5,4,6,8,7,17,21,25,21,34,37,55,60,55,75,115,121,97,111,126,126,138,139,153,162,146,178,167,159,190,177,145,178,119,127,136,125,117,154,114,119,154,102,112,150,107,106,154,102,115,155,93,116,144,116,81,86,94,121,58,59,76,72,45,43,56,32,43,37,30,53,31,35,28,25,19,18,7054
4057,BELMORE_RD E OF BALWYN_RD,046 E05,-37.80508,145.08246,16973,2008,3,1,10/15/2006,28,21,13,16,10,10,6,8,7,7,4,8,7,3,8,6,5,5,3,3,4,3,7,13,5,4,15,20,17,17,24,23,23,28,39,60,65,54,73,74,98,90,91,98,112,79,88,105,104,112,136,111,93,88,88,131,105,115,97,109,108,80,134,87,94,71,88,100,90,90,105,83,91,86,61,78,68,54,47,34,41,36,49,42,41,55,43,22,36,28,33,9,8,8,3,11,4910
4057,BELMORE_RD E OF BALWYN_RD,046 E05,-37.80508,145.08246,16973,2008,3,1,10/16/2006,5,7,3,1,1,3,1,0,1,1,1,2,1,2,2,1,2,3,2,5,5,10,17,15,27,42,59,80,144,193,239,258,273,261,270,231,129,128,119,59,108,83,75,93,99,78,72,72,89,93,84,75,78,85,90,75,90,100,111,108,147,165,159,138,104,119,122,108,130,133,110,111,105,87,104,93,92,79,68,72,54,61,36,44,57,38,25,47,30,31,15,10,11,8,6,12,7092
4057,BELMORE_RD E OF BALWYN_RD,046 E05,-37.80508,145.08246,16973,2008,3,1,10/17/2006,2,3,0,2,4,2,2,6,0,2,2,3,0,2,2,1,1,3,6,7,4,11,17,24,31,42,74,92,145,192,244,251,280,281,257,221,166,129,90,59,90,110,91,118,102,80,100,91,88,96,82,92,83,86,98,102,92,86,114,113,118,150,160,150,130,126,117,147,120,119,130,120,105,104,82,106,96,85,63,56,62,44,61,51,47,49,45,35,35,41,25,34,18,18,11,15,7449
4057,BELMORE_RD E OF BALWYN_RD,046 E05,-37.80508,145.08246,16973,2008,3,1,10/21/2006,13,11,8,3,11,7,11,4,5,8,3,6,3,3,4,4,0,1,2,6,10,7,10,11,18,14,26,24,28,34,47,68,66,87,102,118,99,137,122,121,121,141,127,160,138,162,158,118,175,181,159,172,147,138,145,97,112,149,121,109,142,111,118,135,92,82,132,100,104,136,113,82,140,111,107,96,98,88,60,70,59,46,47,49,64,42,33,29,34,28,30,29,36,27,17,23,6802
4057,BELMORE_RD E OF BALWYN_RD,046 E05,-37.80508,145.08246,16973,2008,3,1,10/22/2006,13,13,20,12,10,5,8,5,4,6,1,8,2,2,2,4,5,2,2,0,2,7,7,5,5,9,9,9,17,17,15,28,25,36,48,49,54,53,60,89,93,103,93,88,83,84,96,104,108,101,103,112,103,145,112,118,112,104,123,105,129,123,110,103,105,94,88,127,114,110,91,88,87,74,86,63,70,58,46,20,39,37,55,51,50,42,43,37,24,24,28,24,11,6,7,4,5026
4057,BELMORE_RD E OF BALWYN_RD,046 E05,-37.80508,145.08246,16973,2008,3,1,10/23/2006,5,3,7,4,4,4,2,0,1,2,1,1,0,4,1,5,2,3,5,5,9,9,16,22,22,36,69,77,128,169,253,251,264,254,215,226,147,122,99,59,94,106,82,93,82,88,89,91,126,85,95,75,103,89,83,82,84,87,100,122,139,152,147,156,121,118,80,82,132,108,142,120,110,97,77,87,90,82,65,71,59,55,43,45,59,37,26,43,35,20,19,20,7,6,9,8,7029
4057,BELMORE_RD E OF BALWYN_RD,046 E05,-37.80508,145.08246,16973,2008,3,1,10/24/2006,10,4,5,1,0,2,3,2,0,4,1,2,2,1,3,3,1,0,3,5,10,8,18,20,31,50,72,87,145,196,251,267,315,233,271,224,141,125,134,95,115,101,78,81,59,73,63,55,78,83,64,79,74,55,70,93,75,65,72,64,139,137,154,148,128,97,117,108,129,76,97,113,109,90,107,82,73,48,47,59,47,38,30,53,48,49,43,45,50,32,22,30,13,9,15,7,6831
4057,BELMORE_RD E OF BALWYN_RD,046 E05,-37.80508,145.08246,16973,2008,3,1,10/28/2006,14,11,14,10,4,7,10,4,6,2,3,4,1,1,2,4,5,7,2,6,5,13,6,13,5,13,23,19,25,35,41,58,70,60,86,108,90,113,131,115,101,106,131,139,84,127,128,158,160,125,144,106,98,85,132,97,78,96,79,80,96,98,106,157,99,78,109,83,67,103,92,93,120,59,58,57,62,110,57,29,59,43,45,41,51,37,45,34,41,36,20,15,23,21,21,20,5685
4057,BELMORE_RD E OF BALWYN_RD,046 E05,-37.80508,145.08246,16973,2008,3,1,10/29/2006,28,19,9,9,11,9,4,0,0,0,0,2,7,4,10,6,8,3,4,4,12,7,14,3,4,7,18,6,12,9,13,19,22,24,46,54,44,39,32,47,93,90,88,71,82,78,79,95,74,81,95,105,87,78,88,85,111,90,89,86,101,101,87,93,108,114,95,81,99,89,104,89,94,100,69,80,69,55,60,49,48,58,64,43,58,30,36,39,23,35,24,17,18,14,4,3,4565
4057,BELMORE_RD E OF BALWYN_RD,046 E05,-37.80508,145.08246,16973,2008,3,1,10/30/2006,4,6,2,4,4,5,3,5,0,2,2,1,2,5,0,3,1,4,4,7,9,6,12,19,26,35,65,65,102,179,209,286,274,241,248,223,166,131,99,96,110,99,98,115,97,91,83,78,89,70,76,75,86,82,84,68,70,61,104,115,142,131,163,148,128,95,116,133,109,104,149,123,94,107,109,90,83,72,80,54,63,56,40,56,55,55,31,37,47,38,34,16,15,10,6,11,7106
4057,BELMORE_RD E OF BALWYN_RD,046 E05,-37.80508,145.08246,16973,2008,3,1,10/31/2006,8,8,6,5,4,1,1,1,1,1,0,3,3,0,1,3,3,1,3,10,5,9,16,19,20,34,61,82,129,192,255,278,278,259,259,232,153,120,124,93,102,109,89,97,95,92,86,89,81,87,90,86,85,99,83,87,98,86,113,96,133,160,164,126,139,120,130,108,145,123,113,120,125,111,103,118,111,94,68,62,70,53,49,48,56,47,46,42,41,30,23,33,17,11,5,6,7481
4057,BALWYN_RD S OF BELMORE_RD,046 E05,-37.80564,145.08171,17051,2008,5,1,10/1/2006,34,28,38,30,21,11,19,7,11,9,8,7,5,7,6,5,9,9,12,7,10,5,8,17,4,7,17,16,12,25,24,20,29,22,46,58,54,76,76,104,83,72,86,125,120,112,132,146,105,108,136,148,143,115,126,136,127,130,115,118,118,121,136,123,144,142,103,135,142,155,138,124,136,104,113,87,85,70,65,63,54,49,51,56,68,68,61,44,38,31,31,20,24,21,17,12,6245
4057,BALWYN_RD S OF BELMORE_RD,046 E05,-37.80564,145.08171,17051,2008,5,1,10/8/2006,65,50,47,31,23,23,23,14,5,9,9,11,9,2,9,6,9,6,12,6,5,6,2,11,6,10,13,16,12,24,25,0,21,38,57,80,67,81,83,104,100,109,90,116,79,97,130,129,124,141,150,149,148,110,136,128,143,157,145,132,138,142,122,134,143,145,123,136,146,151,142,135,118,130,116,77,105,72,69,61,68,51,69,48,52,73,41,39,37,41,42,34,23,22,19,9,6616
4057,BALWYN_RD S OF BELMORE_RD,046 E05,-37.80564,145.08171,17051,2008,5,1,10/15/2006,60,46,35,22,26,20,10,19,21,11,16,11,12,8,14,9,4,5,4,8,10,8,7,18,8,7,16,21,14,20,24,0,23,34,48,69,60,77,97,78,93,117,128,127,96,90,114,148,149,162,121,152,139,141,116,144,137,120,108,143,118,132,134,147,162,117,150,138,153,138,159,132,125,104,115,100,83,70,70,62,69,59,63,62,65,73,56,38,45,32,32,23,23,15,15,18,6642
4057,BALWYN_RD S OF BELMORE_RD,046 E05,-37.80564,145.08171,17051,2008,5,1,10/22/2006,51,49,36,24,28,30,17,17,13,14,16,6,8,7,10,4,10,6,5,11,5,3,7,11,10,8,16,17,12,21,21,18,40,49,42,52,55,73,84,108,103,108,131,108,103,130,135,144,138,146,137,139,126,147,134,131,128,133,118,135,141,127,143,156,152,163,114,122,149,147,117,143,139,132,92,87,93,81,70,62,55,75,60,63,72,64,39,34,36,33,29,28,34,13,11,16,6680
4057,BALWYN_RD S OF BELMORE_RD,046 E05,-37.80564,145.08171,17051,2008,5,1,10/29/2006,40,62,33,31,26,13,18,0,0,0,0,12,8,15,22,11,6,13,7,7,8,2,7,8,3,8,13,14,20,19,15,24,19,40,50,66,52,61,68,91,79,104,89,91,113,107,124,140,128,134,136,147,156,168,118,123,147,138,129,141,147,152,155,139,142,144,119,152,159,151,138,127,132,145,115,74,98,90,65,74,67,64,80,60,59,69,47,43,50,46,35,33,25,35,25,23,6703
4057,BELMORE_RD W OF BALWYN_RD,046 E05,-37.80487,145.08092,6732,2008,7,1,10/1/2006,39,30,22,16,30,14,23,15,8,14,11,5,6,4,6,9,8,4,6,4,2,2,10,3,4,12,12,15,22,17,15,15,24,17,37,70,53,39,67,39,55,37,88,85,93,79,81,107,108,114,96,90,100,111,98,116,108,95,87,81,113,106,96,88,115,114,90,99,105,117,125,110,99,91,100,90,65,67,54,32,49,41,45,48,52,51,49,31,41,33,22,26,20,15,17,18,5012
4057,BELMORE_RD W OF BALWYN_RD,046 E05,-37.80487,145.08092,6732,2008,7,1,10/2/2006,7,10,7,9,7,4,3,2,1,1,5,1,2,2,1,1,1,4,2,1,2,7,3,8,14,26,35,36,48,89,91,90,129,149,178,175,109,99,103,95,109,99,85,86,86,114,88,77,68,87,94,112,89,102,92,98,102,101,91,101,123,148,197,211,175,176,165,216,183,185,200,228,187,160,139,141,96,114,95,92,63,55,57,61,66,30,32,44,46,29,31,21,21,13,16,9,7263
4057,BELMORE_RD W OF BALWYN_RD,046 E05,-37.80487,145.08092,6732,2008,7,1,10/7/2006,37,20,23,24,10,21,12,10,19,18,5,7,8,8,6,2,6,8,3,4,3,3,4,6,3,22,22,29,28,26,39,43,47,69,83,121,91,101,115,137,131,124,186,150,169,201,151,127,206,133,176,180,136,158,152,146,138,164,136,136,157,111,123,122,136,135,153,125,128,120,126,101,123,123,111,114,115,89,76,46,55,57,48,47,52,41,49,47,53,38,45,54,42,42,23,43,7413
4057,BELMORE_RD W OF BALWYN_RD,046 E05,-37.80487,145.08092,6732,2008,7,1,10/8/2006,41,31,26,26,17,18,16,22,13,10,12,21,19,7,7,4,5,4,4,3,5,0,5,5,4,10,11,18,13,23,10,0,18,24,43,58,56,64,52,58,62,84,119,110,92,84,100,104,120,125,124,97,111,111,101,116,83,95,72,84,94,116,114,115,98,92,104,109,98,106,133,109,111,115,93,95,85,63,61,44,47,46,42,37,40,46,37,29,36,27,32,22,20,9,21,13,5236
4057,BELMORE_RD W OF BALWYN_RD,046 E05,-37.80487,145.08092,6732,2008,7,1,10/15/2006,34,28,26,18,16,10,13,12,15,18,11,15,7,3,9,5,12,3,6,2,2,4,4,5,11,13,10,17,13,21,20,0,22,20,45,64,59,58,35,43,53,82,131,122,96,87,109,98,125,132,116,95,102,105,104,121,99,103,100,114,95,133,114,96,110,91,103,109,96,116,89,95,86,84,76,80,73,68,69,43,32,33,42,30,57,58,36,29,32,30,30,19,8,13,12,10,5120
4057,BELMORE_RD W OF BALWYN_RD,046 E05,-37.80487,145.08092,6732,2008,7,1,10/16/2006,8,8,9,6,7,5,0,3,3,0,7,3,2,2,3,2,2,1,4,1,1,5,7,10,12,20,47,47,55,75,87,79,86,146,133,138,130,102,118,95,110,102,100,97,94,101,94,104,107,98,103,92,108,106,87,101,104,91,131,73,116,159,185,235,187,176,190,145,213,186,209,223,209,160,192,160,122,96,73,64,70,54,57,48,68,49,51,48,54,40,36,26,31,21,16,12,7453
4057,BELMORE_RD W OF BALWYN_RD,046 E05,-37.80487,145.08092,6732,2008,7,1,10/21/2006,32,18,20,20,18,10,12,14,11,5,6,10,3,4,7,3,0,5,4,6,8,4,4,6,12,11,27,18,28,24,24,45,56,78,69,97,82,105,105,159,149,131,141,140,167,178,193,116,201,198,149,202,161,149,171,131,129,169,119,134,168,126,130,142,139,107,141,132,128,115,120,70,116,102,114,117,88,70,46,45,40,43,38,47,38,27,43,59,50,48,36,45,41,50,40,39,7198
4057,BELMORE_RD W OF BALWYN_RD,046 E05,-37.80487,145.08092,6732,2008,7,1,10/22/2006,32,26,35,17,22,15,14,17,12,13,13,12,6,8,8,4,6,4,2,0,1,1,4,2,4,13,11,18,19,37,12,11,23,26,39,44,35,47,57,73,92,113,108,124,117,91,107,121,122,114,111,109,124,120,118,126,113,124,92,99,111,134,129,104,99,107,98,107,123,97,102,128,84,80,99,78,91,70,77,43,42,62,57,57,50,46,54,41,32,22,22,17,22,20,19,10,5522
4057,BELMORE_RD W OF BALWYN_RD,046 E05,-37.80487,145.08092,6732,2008,7,1,10/23/2006,7,10,6,4,15,5,3,3,2,2,2,1,2,1,1,5,3,1,1,5,2,4,3,13,10,26,30,45,53,64,74,90,120,133,186,191,130,101,98,95,92,94,88,106,96,104,104,93,107,100,89,112,81,80,98,86,98,103,112,130,135,149,178,211,185,166,159,204,209,197,232,220,197,157,146,146,127,94,69,84,78,67,38,66,42,52,34,57,41,38,26,29,35,20,8,6,7422
4057,BELMORE_RD W OF BALWYN_RD,046 E05,-37.80487,145.08092,6732,2008,7,1,10/28/2006,24,27,18,16,12,15,14,7,11,7,12,8,4,3,4,5,2,3,5,5,5,8,4,7,11,17,18,24,25,18,37,66,62,55,67,77,75,101,129,170,130,141,164,186,163,183,169,116,193,165,179,201,168,143,191,146,122,181,142,135,155,135,134,142,130,133,126,167,124,142,124,110,127,124,102,88,86,100,65,35,73,59,52,46,43,42,39,48,56,46,46,46,35,44,29,42,7491
4057,BELMORE_RD W OF BALWYN_RD,046 E05,-37.80487,145.08092,6732,2008,7,1,10/29/2006,34,25,29,23,19,22,16,0,0,0,0,7,6,13,12,14,14,10,4,8,4,3,6,7,3,4,17,7,13,17,18,21,16,22,37,58,61,52,50,71,67,90,103,92,105,94,103,90,90,108,116,94,106,116,99,95,105,89,102,91,118,124,92,104,80,106,108,111,115,98,131,120,121,113,110,86,83,69,69,55,65,53,62,44,50,54,52,32,31,43,27,21,31,19,19,17,5331
4057,BELMORE_RD W OF BALWYN_RD,046 E05,-37.80487,145.08092,6732,2008,7,1,10/30/2006,14,12,10,10,9,6,0,5,4,4,1,1,1,2,6,0,4,1,5,4,4,6,7,11,14,20,35,39,46,53,74,60,82,120,155,192,132,105,88,90,98,105,106,92,96,95,104,96,105,97,64,112,85,80,102,111,114,96,111,124,123,143,180,211,173,184,177,182,196,201,216,243,194,191,171,138,121,90,96,75,78,51,50,68,72,58,54,47,40,44,39,36,25,20,15,15,7442
4063,BALWYN_RD N OF WHITEHORSE_RD,046 D08,-37.81404,145.0801,6811,1514,1,1,10/1/2006,22,38,32,22,18,17,11,20,9,8,5,9,9,2,8,7,9,8,5,5,3,9,9,9,11,11,17,18,19,26,32,39,36,41,53,76,80,97,77,92,109,127,115,115,122,112,118,135,125,133,122,128,118,123,118,120,150,111,115,109,116,111,107,116,110,118,116,105,134,131,109,124,106,90,84,80,76,60,59,66,53,45,39,52,52,52,60,42,24,34,28,21,20,17,15,14,6030
4063,BALWYN_RD N OF WHITEHORSE_RD,046 D08,-37.81404,145.0801,6811,1514,1,1,10/8/2006,61,38,32,19,28,27,14,13,9,8,6,10,18,8,4,7,6,4,2,4,5,3,7,13,11,21,23,21,15,27,37,30,36,49,68,64,94,104,99,122,121,109,148,124,135,109,129,138,141,116,148,133,131,114,147,121,146,111,109,111,143,162,168,136,103,105,122,131,148,119,127,127,109,126,127,94,79,59,64,37,57,45,59,45,40,51,42,38,44,45,32,22,20,24,9,10,6577
4063,BALWYN_RD N OF WHITEHORSE_RD,046 D08,-37.81404,145.0801,6811,1514,1,1,10/15/2006,40,30,27,27,25,19,14,14,20,10,9,12,7,11,7,5,5,9,5,5,4,11,7,16,10,14,28,20,31,29,27,30,60,50,64,77,91,100,100,120,113,123,104,142,124,130,105,140,135,139,139,131,135,123,124,158,144,120,126,125,129,146,136,136,116,112,108,141,108,120,100,101,126,100,102,88,68,70,68,46,49,47,41,58,55,45,34,35,36,39,28,18,12,13,18,13,6432
4063,BALWYN_RD N OF WHITEHORSE_RD,046 D08,-37.81404,145.0801,6811,1514,1,1,10/22/2006,30,29,37,22,20,22,12,15,11,9,12,8,4,3,5,3,2,5,4,8,2,6,12,6,10,15,21,23,11,18,25,37,37,43,64,65,73,85,104,130,125,115,137,121,86,122,127,139,153,130,145,125,106,145,159,144,135,125,106,132,119,138,136,140,111,121,103,142,140,122,118,114,117,104,109,100,70,67,62,46,47,46,62,58,53,40,48,47,38,27,26,22,26,18,5,15,6382
4063,BALWYN_RD N OF WHITEHORSE_RD,046 D08,-37.81404,145.0801,6811,1514,1,1,10/29/2006,23,31,21,29,21,14,8,0,0,0,0,8,8,10,13,9,6,10,4,6,12,9,5,11,5,19,18,18,16,19,24,27,31,45,59,64,57,64,101,112,97,123,130,119,138,98,124,128,138,136,131,136,139,110,119,109,120,142,122,97,116,142,119,129,99,143,129,111,128,124,117,120,130,117,97,107,86,74,60,56,59,60,78,57,52,60,64,45,35,28,32,22,28,18,20,14,6269
4063,WHITEHORSE_RD E OF BALWYN_RD,046 D08,-37.8144,145.08045,17057,1514,3,1,10/1/2006,43,36,43,26,32,18,27,24,16,15,10,17,18,14,14,9,9,11,21,14,7,14,15,18,18,18,30,31,16,32,35,44,42,56,43,67,56,65,87,99,96,100,99,124,118,116,122,129,107,144,116,124,122,129,142,133,119,132,143,146,127,145,160,134,162,128,137,130,161,152,124,125,136,137,117,98,101,95,76,58,61,54,59,57,70,63,49,48,50,33,26,25,28,29,20,17,6863
4063,WHITEHORSE_RD E OF BALWYN_RD,046 D08,-37.8144,145.08045,17057,1514,3,1,10/8/2006,37,45,40,24,37,21,22,16,21,22,17,15,12,20,12,8,11,5,11,12,12,9,21,14,15,20,29,29,35,34,34,0,42,51,62,57,68,70,85,93,91,115,97,94,111,120,104,116,146,155,128,153,179,153,109,131,138,183,127,175,135,158,153,133,157,181,150,156,131,128,137,113,129,130,122,107,115,148,81,93,84,74,68,47,57,64,60,57,43,39,33,19,26,25,26,18,7210
4063,WHITEHORSE_RD E OF BALWYN_RD,046 D08,-37.8144,145.08045,17057,1514,3,1,10/15/2006,53,40,35,23,30,20,20,20,16,14,18,28,11,13,16,12,14,16,12,21,20,16,13,19,19,13,30,33,18,37,45,41,46,47,54,74,65,98,72,97,100,98,113,112,117,124,117,115,143,114,128,138,147,146,146,134,149,134,130,122,131,135,153,145,132,144,142,160,153,140,126,134,128,131,121,112,97,75,87,58,67,59,70,44,62,51,68,41,49,25,34,26,31,18,22,24,7011
4063,WHITEHORSE_RD E OF BALWYN_RD,046 D08,-37.8144,145.08045,17057,1514,3,1,10/22/2006,58,39,54,30,29,21,23,17,28,17,18,11,16,9,15,7,12,6,12,13,12,18,13,18,20,14,22,25,34,43,42,41,45,59,45,71,70,80,104,95,102,114,112,127,119,123,132,145,128,126,156,153,149,127,161,118,136,119,139,137,139,160,134,148,126,139,137,132,138,157,155,135,130,131,115,100,103,119,78,58,58,94,56,68,61,54,49,59,44,46,26,33,34,21,22,16,7204
4063,WHITEHORSE_RD E OF BALWYN_RD,046 D08,-37.8144,145.08045,17057,1514,3,1,10/29/2006,41,55,45,24,28,24,23,0,0,0,0,25,24,19,19,19,12,15,16,16,11,12,13,23,14,19,28,24,31,32,28,41,39,46,55,51,65,73,71,101,80,81,72,77,118,116,103,129,131,134,125,122,162,149,134,141,162,145,127,130,126,130,144,151,158,139,154,160,153,156,142,167,135,143,130,115,81,97,97,92,84,89,91,62,80,61,58,41,56,40,40,31,35,29,25,27,7139
4063,BALWYN_RD S OF WHITEHORSE_RD,046 D08,-37.81476,145.07996,17050,1514,5,1,10/1/2006,31,23,28,21,13,12,11,6,7,9,5,8,6,7,5,5,3,11,6,2,4,7,9,6,7,2,12,13,14,16,24,14,29,31,38,64,49,70,66,77,75,75,103,105,90,84,108,114,139,106,115,122,100,93,106,92,109,120,101,104,101,110,104,107,115,122,106,108,135,147,112,125,101,97,92,67,65,53,56,63,48,39,50,41,54,71,47,43,30,25,34,20,32,26,16,7,5401
4063,BALWYN_RD S OF WHITEHORSE_RD,046 D08,-37.81476,145.07996,17050,1514,5,1,10/2/2006,7,7,1,7,2,3,1,1,2,2,1,1,3,2,0,1,2,0,5,5,7,9,10,13,17,25,37,52,73,74,95,127,127,109,120,111,105,97,88,98,90,79,95,101,104,104,104,100,101,105,109,100,113,102,101,113,108,120,93,105,115,132,159,160,167,158,185,159,203,183,223,200,184,170,167,128,109,115,92,87,71,70,63,55,37,45,48,50,44,40,36,37,29,19,14,8,7256
4063,BALWYN_RD S OF WHITEHORSE_RD,046 D08,-37.81476,145.07996,17050,1514,5,1,10/7/2006,29,22,21,16,7,18,9,12,11,8,9,8,9,5,7,3,0,4,6,6,8,3,6,5,10,22,18,32,30,38,40,71,59,54,82,98,89,120,121,118,147,142,124,147,149,122,142,168,131,147,167,162,149,148,138,127,148,144,155,161,137,119,137,137,126,154,144,146,149,142,137,138,134,141,109,100,100,100,79,58,63,74,51,56,57,44,45,48,52,50,52,58,55,49,78,48,7519
4063,BALWYN_RD S OF WHITEHORSE_RD,046 D08,-37.81476,145.07996,17050,1514,5,1,10/8/2006,59,42,49,34,14,20,16,11,5,9,8,8,8,5,5,5,8,9,8,1,1,4,5,5,3,6,13,18,13,23,15,0,16,47,45,73,56,62,56,92,106,87,95,119,91,90,106,144,129,140,160,132,121,107,113,131,135,147,109,107,129,122,109,112,132,108,106,125,119,127,124,126,105,99,90,68,82,68,68,51,46,48,60,50,41,67,41,50,30,31,24,37,27,16,27,13,5924
4063,BALWYN_RD S OF WHITEHORSE_RD,046 D08,-37.81476,145.07996,17050,1514,5,1,10/9/2006,11,11,3,4,4,4,4,1,2,1,1,3,0,0,1,4,3,2,1,4,4,12,10,13,18,20,42,58,59,78,113,114,139,159,125,134,119,105,72,113,94,93,101,102,103,78,99,106,80,94,105,116,96,89,103,100,105,108,113,138,112,123,161,160,174,178,183,200,183,189,231,185,201,177,196,166,130,98,75,108,67,61,48,64,69,47,51,37,44,26,36,21,26,22,13,15,7471
4063,BALWYN_RD S OF WHITEHORSE_RD,046 D08,-37.81476,145.07996,17050,1514,5,1,10/14/2006,39,40,31,18,16,14,6,9,2,4,4,4,4,2,3,4,3,6,9,4,3,5,4,9,11,13,18,26,23,37,48,71,63,74,75,105,73,105,123,121,132,122,110,154,136,110,136,168,147,142,157,154,133,142,144,127,152,129,111,123,114,138,137,137,139,125,143,160,135,178,154,136,140,144,114,130,92,86,79,76,54,60,60,56,59,56,51,44,50,53,56,72,61,55,37,46,7385
4063,BALWYN_RD S OF WHITEHORSE_RD,046 D08,-37.81476,145.07996,17050,1514,5,1,10/15/2006,40,41,35,20,22,19,8,15,14,15,14,4,9,5,7,8,1,6,2,6,7,8,11,7,2,7,13,18,14,17,27,0,26,29,40,55,53,54,72,60,102,107,107,105,100,93,107,122,118,130,128,137,112,115,109,120,126,118,102,118,110,104,122,120,126,108,126,121,127,127,115,91,104,97,85,86,77,62,49,51,56,43,40,53,62,53,50,38,37,24,30,21,24,11,11,13,5661
4063,BALWYN_RD S OF WHITEHORSE_RD,046 D08,-37.81476,145.07996,17050,1514,5,1,10/21/2006,26,25,12,16,13,15,8,12,9,9,6,7,5,8,6,7,2,4,4,6,5,9,7,11,16,11,20,20,24,33,38,57,80,69,81,101,92,102,114,121,140,135,112,144,131,114,162,147,157,142,167,174,142,169,131,156,137,128,154,157,122,135,133,121,158,113,135,148,140,131,143,124,129,144,116,108,99,94,93,58,61,53,54,59,52,46,45,54,39,54,57,60,66,60,52,46,7412
4063,BALWYN_RD S OF WHITEHORSE_RD,046 D08,-37.81476,145.07996,17050,1514,5,1,10/22/2006,45,29,34,31,23,29,14,8,8,13,12,5,4,6,6,3,5,9,4,2,4,4,10,7,5,6,13,17,18,18,16,23,28,42,42,43,58,62,66,73,96,92,92,74,110,117,124,108,141,118,126,132,119,127,94,114,119,111,111,123,104,102,125,134,126,131,103,102,100,125,107,105,126,118,81,85,61,77,48,51,45,52,48,48,56,50,46,39,46,39,21,31,28,19,11,10,5693
4063,BALWYN_RD S OF WHITEHORSE_RD,046 D08,-37.81476,145.07996,17050,1514,5,1,10/29/2006,38,45,32,39,18,12,15,0,0,0,0,12,16,7,19,14,5,11,6,7,1,1,9,4,9,5,6,13,18,16,16,18,25,30,43,44,51,50,59,71,64,103,75,86,94,99,114,117,106,130,118,150,137,141,107,112,125,115,118,120,112,137,129,115,126,124,130,125,131,139,130,108,99,127,83,87,84,66,67,67,55,58,63,58,47,62,42,45,36,44,33,33,17,22,21,16,5854
4063,BALWYN_RD S OF WHITEHORSE_RD,046 D08,-37.81476,145.07996,17050,1514,5,1,10/30/2006,12,8,8,6,6,8,7,4,4,3,2,3,1,1,4,1,5,2,4,7,3,15,9,14,15,29,36,52,67,79,97,108,152,140,147,140,116,121,95,94,90,112,98,85,104,85,101,112,100,101,110,121,122,120,93,121,98,140,98,114,102,128,165,106,171,143,171,204,183,207,185,197,202,188,158,154,127,101,84,85,81,60,62,59,54,40,47,53,49,49,40,29,22,17,19,16,7508
4063,WHITEHORSE_RD W OF BALWYN_RD,046 D08,-37.81429,145.07951,6818,1514,7,1,10/1/2006,42,26,36,36,34,30,26,22,15,15,17,16,14,14,19,12,13,11,13,7,15,14,6,15,3,10,16,19,24,28,24,24,22,36,27,61,54,83,83,77,100,92,94,99,98,102,124,146,125,144,87,116,102,119,117,110,122,109,105,109,97,128,95,116,109,95,114,102,114,122,103,113,111,106,107,102,81,78,56,70,48,45,55,65,45,68,46,47,34,45,28,34,25,19,15,23,5940
4063,WHITEHORSE_RD W OF BALWYN_RD,046 D08,-37.81429,145.07951,6818,1514,7,1,10/8/2006,44,46,33,42,34,34,15,26,32,32,24,12,24,13,10,11,7,15,11,4,8,6,5,11,9,11,21,11,20,21,31,0,33,38,49,66,59,87,83,90,86,95,113,110,101,107,138,122,157,150,115,141,121,177,122,119,125,118,114,113,134,131,115,116,144,116,127,92,109,122,108,112,107,101,113,121,100,82,74,63,70,65,50,41,63,48,51,47,39,50,32,40,22,23,19,6,6425
4063,WHITEHORSE_RD W OF BALWYN_RD,046 D08,-37.81429,145.07951,6818,1514,7,1,10/15/2006,44,53,51,44,29,27,27,22,24,22,15,21,15,10,21,12,14,11,13,7,13,10,9,17,5,13,17,18,24,31,24,0,42,55,33,43,63,75,79,71,70,86,119,98,122,118,154,143,139,122,115,109,132,124,136,119,117,132,117,124,102,134,124,125,99,121,110,122,114,131,133,114,115,85,104,86,85,63,66,63,46,60,40,55,83,63,56,47,50,35,45,29,31,22,20,18,6316
4063,WHITEHORSE_RD W OF BALWYN_RD,046 D08,-37.81429,145.07951,6818,1514,7,1,10/22/2006,58,55,43,42,39,26,30,30,27,28,26,16,15,13,17,12,9,5,10,8,6,6,8,7,5,7,12,15,20,28,28,28,37,53,51,60,67,90,94,85,104,88,130,125,118,143,132,145,107,117,120,149,149,128,124,118,130,128,111,98,120,129,129,112,126,99,111,115,130,122,117,131,89,107,96,105,76,72,55,51,40,53,54,72,81,74,45,52,38,45,42,21,35,24,19,18,6485
4063,WHITEHORSE_RD W OF BALWYN_RD,046 D08,-37.81429,145.07951,6818,1514,7,1,10/29/2006,38,37,39,37,31,37,24,0,0,0,0,15,22,25,7,22,9,13,14,14,17,13,8,13,14,10,10,17,20,21,22,31,23,40,46,51,50,63,55,52,61,77,101,89,97,105,111,139,125,120,134,129,124,118,161,123,138,106,118,125,102,107,114,94,133,138,113,107,112,134,110,111,104,116,109,107,97,81,71,80,60,62,66,89,58,62,43,58,41,52,37,33,43,33,30,25,6193
4263,BURWOOD_RD W of POWER_ST,045 B10,-37.82295,145.02402,4241,650,7,1,10/1/2006,83,58,60,70,57,76,70,50,39,38,47,36,36,47,36,37,38,24,22,26,27,35,29,31,23,31,25,28,19,39,35,33,47,47,55,59,72,67,91,74,91,97,88,107,109,132,124,132,130,119,122,128,149,109,143,141,138,135,130,134,116,125,138,125,131,116,124,134,118,152,136,110,95,101,102,85,63,80,88,78,70,58,55,57,77,69,83,48,56,58,57,48,36,31,29,26,7350
4263,BURWOOD_RD W of POWER_ST,045 B10,-37.82295,145.02402,4241,650,7,1,10/22/2006,79,67,71,57,57,50,44,41,38,50,44,40,42,38,29,30,27,28,32,31,36,36,29,26,28,25,40,25,29,28,37,39,37,34,50,60,64,65,73,102,87,96,101,80,95,92,120,129,134,157,147,125,127,165,146,122,126,117,131,146,122,140,131,129,134,131,117,138,144,143,125,113,106,118,81,101,85,79,79,71,63,97,73,79,65,66,57,67,65,61,58,38,54,50,34,34,7449
4263,BURWOOD_RD W of POWER_ST,045 B10,-37.82295,145.02402,4241,650,7,1,10/29/2006,76,78,74,77,58,63,53,45,40,44,44,52,55,41,65,33,43,40,29,51,28,25,34,32,21,22,34,31,28,26,30,35,25,35,25,47,40,62,57,69,64,71,80,98,94,90,106,110,107,127,136,126,185,153,132,129,125,132,128,107,166,131,141,122,143,139,131,112,150,165,146,135,153,110,104,116,83,86,82,91,81,85,63,77,79,57,57,60,55,51,67,45,45,50,46,25,7516
4264,GLENFERRIE_RD N of BURWOOD_RD,045 D10,-37.82389,145.03409,4401,651,1,1,10/1/2006,51,55,75,39,45,41,59,59,47,47,34,40,48,30,34,34,35,35,27,35,28,29,22,18,21,29,22,18,33,28,29,33,33,40,46,56,54,68,78,57,86,77,93,120,102,119,110,108,111,110,115,136,107,99,115,104,131,111,121,88,94,111,119,105,113,97,129,118,123,113,113,110,91,85,92,109,78,101,78,70,88,73,59,76,69,91,67,59,51,44,41,50,36,35,26,26,6715
4264,GLENFERRIE_RD N of BURWOOD_RD,045 D10,-37.82389,145.03409,4401,651,1,1,10/8/2006,55,62,60,57,58,51,46,46,39,45,48,38,26,36,46,39,34,36,25,28,21,27,13,27,27,32,28,27,30,33,38,42,42,45,35,56,60,53,63,83,73,99,86,66,101,119,120,119,110,133,102,118,118,134,145,107,118,111,135,123,123,133,140,127,113,128,111,104,127,130,107,108,97,100,86,96,100,76,119,62,70,80,89,72,81,58,52,53,55,45,38,40,32,31,34,19,6930
4264,GLENFERRIE_RD N of BURWOOD_RD,045 D10,-37.82389,145.03409,4401,651,1,1,10/15/2006,52,44,55,46,39,48,55,34,52,51,44,33,36,25,39,25,30,31,42,34,24,26,25,27,28,21,25,29,24,29,39,36,35,44,40,44,47,73,79,93,88,73,110,113,102,97,113,137,136,123,136,130,126,127,126,116,109,107,117,112,123,155,119,119,150,125,123,134,130,115,116,130,111,109,114,91,110,70,86,93,71,75,77,59,76,74,55,62,68,59,37,33,31,29,27,19,7076
4264,GLENFERRIE_RD N of BURWOOD_RD,045 D10,-37.82389,145.03409,4401,651,1,1,10/22/2006,68,59,49,43,32,41,54,39,46,36,40,31,31,38,25,26,37,31,31,32,21,22,21,19,24,14,22,32,26,29,27,33,38,48,52,62,54,59,83,85,92,101,101,110,102,110,93,112,120,138,105,133,120,129,129,110,121,125,98,148,120,122,132,90,112,137,94,133,121,117,123,128,126,102,115,122,95,81,96,83,86,92,65,69,53,69,67,47,47,45,34,36,26,32,28,23,6925
4264,GLENFERRIE_RD N of BURWOOD_RD,045 D10,-37.82389,145.03409,4401,651,1,1,10/29/2006,59,72,56,58,47,49,38,0,0,0,0,41,45,30,43,41,40,52,38,38,28,26,33,34,38,28,26,30,20,23,34,42,35,34,43,44,53,68,65,72,71,93,93,94,96,120,105,128,107,111,125,116,133,122,146,131,121,101,108,120,114,103,111,99,114,133,122,130,95,160,116,99,117,108,123,106,100,88,82,72,65,81,91,81,77,78,69,53,66,53,36,49,38,37,25,32,6887
4264,GLENFERRIE_RD N of BURWOOD_RD,045 D10,-37.82389,145.03409,4401,651,1,1,10/30/2006,20,25,15,14,11,9,9,7,14,8,13,4,7,2,11,14,9,7,6,7,7,17,15,21,29,42,54,71,80,129,118,124,147,134,160,101,118,111,103,92,105,96,95,98,98,103,102,128,119,112,100,144,117,118,106,155,113,138,117,115,131,131,114,119,151,126,111,100,115,109,111,109,99,104,141,102,110,113,92,91,96,100,122,82,84,76,88,74,78,54,41,34,52,25,26,26,7501
4264,GLENFERRIE_RD S of BURWOOD_RD,045 D10,-37.82441,145.03399,14643,651,5,1,10/1/2006,61,51,65,49,31,32,44,42,23,28,20,39,38,22,27,25,19,26,9,22,15,12,16,12,13,15,11,16,20,28,26,39,25,43,46,47,63,73,69,78,104,89,98,95,121,114,100,118,127,137,146,147,104,124,119,123,117,129,118,126,107,102,143,127,128,119,130,144,113,139,127,116,140,110,136,131,102,71,74,71,62,48,62,42,65,89,52,62,67,40,51,26,23,34,30,22,6801
4264,GLENFERRIE_RD S of BURWOOD_RD,045 D10,-37.82441,145.03399,14643,651,5,1,10/2/2006,17,13,17,12,9,13,11,9,11,9,6,6,6,3,8,6,9,4,6,9,4,13,18,34,39,43,57,73,83,100,94,114,126,112,105,104,124,103,113,120,91,119,106,134,94,131,127,116,132,119,101,114,110,112,114,104,125,110,129,101,101,120,122,119,97,143,125,132,104,146,113,125,137,150,120,112,112,124,102,86,84,72,82,65,70,74,65,50,69,55,34,33,39,29,25,12,7300
4264,GLENFERRIE_RD S of BURWOOD_RD,045 D10,-37.82441,145.03399,14643,651,5,1,10/8/2006,68,79,58,54,59,40,41,45,33,34,29,28,30,35,23,20,18,20,11,16,8,14,16,16,20,20,18,13,21,31,35,30,43,30,40,60,56,76,74,91,92,65,98,110,93,113,101,103,135,132,122,114,126,112,122,130,135,115,131,121,123,115,127,118,105,124,127,100,114,132,130,104,120,126,99,108,99,80,89,67,57,67,64,54,59,66,51,45,35,53,44,35,24,29,20,23,6656
4264,GLENFERRIE_RD S of BURWOOD_RD,045 D10,-37.82441,145.03399,14643,651,5,1,10/9/2006,17,14,15,17,9,11,5,7,11,5,2,10,9,7,3,10,5,2,9,15,16,12,23,33,26,40,66,56,64,92,102,127,110,142,105,129,150,116,114,106,103,106,109,115,108,106,131,149,105,112,121,103,106,97,110,103,127,111,115,132,112,129,146,130,135,134,126,151,126,147,137,161,135,126,140,101,128,111,100,98,89,104,60,73,59,65,60,52,62,50,42,40,36,34,30,13,7523
4264,GLENFERRIE_RD S of BURWOOD_RD,045 D10,-37.82441,145.03399,14643,651,5,1,10/15/2006,70,60,59,49,50,45,41,36,33,24,30,24,23,26,23,26,23,21,22,18,9,14,17,11,16,14,19,10,20,22,26,44,23,34,41,65,61,63,76,89,86,94,92,122,81,98,104,96,139,128,151,101,114,123,94,122,121,117,113,101,144,117,103,106,122,118,120,137,142,111,147,122,124,98,95,119,102,89,76,71,60,65,67,60,67,61,45,58,57,44,44,38,30,31,24,24,6612
4264,GLENFERRIE_RD S of BURWOOD_RD,045 D10,-37.82441,145.03399,14643,651,5,1,10/16/2006,23,14,13,15,5,11,7,10,7,12,5,10,5,5,7,7,4,4,7,10,10,11,18,29,35,38,63,67,77,97,119,99,97,138,123,109,123,131,102,110,92,117,110,74,119,115,107,114,120,138,125,117,104,134,107,103,111,126,98,91,127,104,120,100,103,124,112,136,114,123,135,142,138,136,146,139,115,118,128,89,74,74,68,78,71,80,63,78,97,64,44,41,37,37,21,25,7400
4264,GLENFERRIE_RD S of BURWOOD_RD,045 D10,-37.82441,145.03399,14643,651,5,1,10/22/2006,75,64,62,60,46,35,35,32,38,26,33,22,24,21,17,16,22,16,15,13,17,9,11,6,16,11,21,22,17,15,35,28,40,36,44,71,63,72,91,84,79,80,110,101,94,92,101,137,105,101,130,108,115,102,129,124,110,131,118,108,117,116,114,118,124,113,144,136,153,143,109,111,128,126,105,112,92,75,72,51,71,70,57,56,62,51,48,40,43,40,44,28,34,39,20,24,6542
4266,AUBURN_RD S of BURWOOD_RD,045 F11,-37.82542,145.04346,14635,653,5,1,10/1/2006,37,36,26,34,30,17,13,21,15,16,14,14,8,9,9,13,10,7,9,9,6,5,15,14,21,10,21,25,17,25,29,29,22,35,34,55,47,49,73,95,73,110,117,128,109,92,114,133,143,121,133,115,118,126,104,117,121,111,119,135,125,139,117,146,126,141,137,140,142,138,154,151,154,143,118,101,88,98,97,67,74,68,65,58,61,75,46,41,65,36,37,27,20,22,27,22,6579
4266,AUBURN_RD S of BURWOOD_RD,045 F11,-37.82542,145.04346,14635,653,5,1,10/8/2006,54,57,40,37,21,25,24,13,21,14,16,15,18,11,12,10,7,7,15,5,9,8,10,10,11,13,17,20,16,22,24,34,28,44,48,59,65,64,93,95,85,108,95,113,108,107,109,123,136,155,144,138,126,133,142,147,103,130,131,137,140,129,140,138,141,142,136,154,141,137,157,139,136,149,119,113,98,77,71,73,52,46,66,54,53,50,45,60,47,50,34,35,27,27,14,14,6786
4266,AUBURN_RD S of BURWOOD_RD,045 F11,-37.82542,145.04346,14635,653,5,1,10/15/2006,42,43,38,24,23,19,12,16,18,16,14,12,14,15,12,11,9,8,13,13,9,9,15,8,11,15,13,18,15,19,21,35,28,28,55,68,83,72,82,107,85,106,108,122,123,104,106,140,138,141,150,157,118,142,115,119,140,111,138,119,138,144,133,154,122,142,147,145,135,159,136,144,124,132,138,110,91,102,77,80,62,48,71,68,50,56,44,42,55,49,37,41,26,18,25,13,6823
4266,AUBURN_RD S of BURWOOD_RD,045 F11,-37.82542,145.04346,14635,653,5,1,10/22/2006,49,43,34,34,32,21,23,15,20,18,13,3,12,12,19,10,8,6,11,7,6,11,20,8,6,10,21,33,25,18,23,34,24,33,49,65,66,73,81,96,105,95,92,108,109,107,113,124,135,147,146,147,140,112,152,126,127,121,126,138,150,146,156,148,135,132,146,168,148,142,144,177,167,137,115,101,103,95,85,74,59,73,66,63,68,72,61,51,39,40,36,26,27,33,28,21,6994
4266,AUBURN_RD S of BURWOOD_RD,045 F11,-37.82542,145.04346,14635,653,5,1,10/29/2006,37,32,32,33,30,20,10,0,0,0,0,15,23,22,9,20,24,17,12,11,11,4,15,14,11,17,15,16,18,21,24,30,24,35,45,64,70,69,63,91,74,105,76,103,109,94,95,139,133,144,147,126,129,120,104,90,138,135,132,116,133,126,143,143,139,147,137,127,148,158,150,150,156,155,128,136,112,84,100,91,68,71,63,67,70,67,65,63,51,58,44,40,36,30,23,23,6815
4270,GLENFERRIE_RD N of RIVERSDALE_RD,045 D12,-37.82951,145.03304,4402,657,1,1,10/1/2006,47,47,44,36,27,28,37,25,29,27,18,18,22,22,15,21,27,19,16,18,13,15,17,16,15,12,16,14,19,25,21,29,32,35,32,53,50,38,66,48,87,88,62,84,88,96,101,98,105,109,93,105,108,88,116,102,112,104,100,101,79,109,103,96,104,116,86,86,102,92,94,104,70,75,84,70,71,55,49,39,56,50,40,67,42,78,47,37,46,32,24,32,22,26,15,27,5381
4270,GLENFERRIE_RD N of RIVERSDALE_RD,045 D12,-37.82951,145.03304,4402,657,1,1,10/2/2006,20,12,8,6,7,4,6,9,10,10,7,4,2,4,4,7,4,5,11,7,7,9,19,18,22,29,46,52,88,112,139,124,118,102,119,120,100,100,92,80,88,111,82,73,101,92,129,88,117,121,82,93,107,89,119,97,92,121,125,105,84,122,103,88,101,99,115,104,141,141,147,139,117,101,138,102,98,92,92,80,78,83,76,62,78,46,62,59,63,55,22,29,25,22,25,19,6683
4270,GLENFERRIE_RD N of RIVERSDALE_RD,045 D12,-37.82951,145.03304,4402,657,1,1,10/3/2006,12,15,11,9,10,7,5,5,5,4,8,3,2,6,6,4,5,3,6,15,13,11,20,22,24,48,63,80,81,114,131,132,162,159,145,113,117,124,89,91,98,94,107,93,106,101,106,93,116,85,104,91,121,94,91,109,124,177,116,103,131,120,128,127,141,126,143,109,146,127,152,133,143,104,135,99,95,97,70,110,96,85,115,86,73,70,63,63,59,45,52,44,40,29,28,26,7419
4270,GLENFERRIE_RD N of RIVERSDALE_RD,045 D12,-37.82951,145.03304,4402,657,1,1,10/7/2006,33,33,37,29,44,26,38,26,21,13,19,26,10,12,11,11,11,17,9,10,15,19,20,23,20,34,31,33,41,39,38,55,55,78,81,98,96,92,107,138,100,114,98,95,110,120,141,111,147,147,151,136,157,159,131,135,142,98,130,111,122,115,89,80,123,109,104,112,129,125,88,108,99,120,122,113,70,112,85,59,78,68,51,60,55,65,73,54,73,47,44,56,52,73,66,60,7141
4270,GLENFERRIE_RD N of RIVERSDALE_RD,045 D12,-37.82951,145.03304,4402,657,1,1,10/8/2006,36,50,56,36,35,36,30,33,22,31,26,33,25,19,20,19,14,15,15,10,15,14,13,19,14,17,24,15,20,25,30,33,33,39,40,61,42,61,59,81,57,77,88,67,91,87,96,111,79,124,99,133,98,96,122,102,100,94,100,104,96,105,88,102,90,105,85,97,102,102,84,110,69,77,77,71,74,65,75,67,66,53,71,56,54,44,34,35,53,27,29,36,30,30,25,11,5536
4270,GLENFERRIE_RD N of RIVERSDALE_RD,045 D12,-37.82951,145.03304,4402,657,1,1,10/9/2006,18,9,8,15,10,9,7,8,7,4,3,1,5,5,7,4,4,1,4,13,9,12,26,23,19,51,54,64,87,96,115,145,157,124,124,129,104,103,113,92,76,92,110,81,89,94,126,113,119,110,101,105,86,112,108,108,115,97,111,106,113,116,116,137,134,100,121,127,132,136,137,136,135,124,98,127,100,101,82,80,70,55,61,67,86,70,55,59,52,46,36,28,21,17,21,17,6961
4270,GLENFERRIE_RD N of RIVERSDALE_RD,045 D12,-37.82951,145.03304,4402,657,1,1,10/10/2006,15,10,13,11,8,8,5,8,7,4,2,6,4,1,4,1,6,6,8,12,8,12,16,23,34,41,64,72,109,107,126,121,154,147,134,95,85,99,105,77,91,111,106,132,116,100,103,103,113,108,115,93,113,122,114,111,120,89,139,90,138,126,130,131,105,111,132,169,152,144,149,164,168,128,127,107,94,117,96,80,93,91,99,83,90,72,78,70,62,42,51,38,43,37,31,18,7523
4270,GLENFERRIE_RD N of RIVERSDALE_RD,045 D12,-37.82951,145.03304,4402,657,1,1,10/14/2006,37,29,33,25,25,26,33,21,31,11,21,16,34,11,16,26,16,30,25,15,11,17,11,24,17,14,31,33,29,35,46,58,59,69,98,85,74,76,95,86,87,104,131,151,136,119,119,136,163,127,155,126,136,148,122,131,140,126,129,117,125,122,106,131,105,119,123,119,98,101,113,93,90,132,107,117,91,108,78,85,80,60,69,55,62,52,45,64,49,66,60,59,65,43,68,67,7179
4270,GLENFERRIE_RD N of RIVERSDALE_RD,045 D12,-37.82951,145.03304,4402,657,1,1,10/15/2006,53,59,52,47,40,30,38,22,42,34,27,22,17,21,27,16,14,21,13,9,12,19,21,19,19,19,22,15,12,15,21,31,23,35,23,55,39,55,61,74,66,82,71,93,88,86,81,102,121,136,117,104,103,119,109,116,96,81,94,103,96,99,114,117,112,116,128,107,115,88,102,86,107,92,78,91,81,60,78,53,59,45,43,46,53,44,47,55,40,37,21,15,24,16,28,20,5675
4270,GLENFERRIE_RD N of RIVERSDALE_RD,045 D12,-37.82951,145.03304,4402,657,1,1,10/16/2006,14,9,12,8,13,9,6,5,6,3,2,9,8,3,10,2,2,11,7,14,9,9,15,19,21,38,42,69,87,123,112,163,160,125,146,140,96,97,96,83,95,90,113,94,98,95,94,86,99,87,106,111,93,111,115,95,123,96,114,107,107,99,134,96,108,130,132,124,123,141,169,120,110,150,113,103,86,89,99,88,84,80,80,84,60,66,50,63,88,51,29,32,31,21,22,22,7009
4270,GLENFERRIE_RD N of RIVERSDALE_RD,045 D12,-37.82951,145.03304,4402,657,1,1,10/21/2006,44,31,33,31,37,19,19,22,18,17,14,11,13,10,11,9,5,9,9,10,13,17,14,17,15,20,32,36,24,29,47,58,50,59,78,86,77,68,81,94,123,126,116,118,119,116,146,135,165,141,139,130,142,122,139,133,118,125,118,112,126,137,109,104,99,111,110,98,131,126,111,109,88,101,88,118,94,88,90,65,60,53,64,57,57,61,59,55,69,62,40,59,60,68,60,74,6931
4270,GLENFERRIE_RD N of RIVERSDALE_RD,045 D12,-37.82951,145.03304,4402,657,1,1,10/22/2006,63,54,42,35,27,26,39,30,23,15,18,19,21,20,16,15,18,22,14,18,13,13,12,14,9,15,17,17,13,19,25,24,25,39,40,53,33,46,74,72,73,88,78,86,86,68,103,104,104,105,104,99,119,124,97,86,102,107,82,118,99,104,109,93,107,90,81,107,149,97,99,120,95,63,76,79,71,52,61,55,49,57,57,45,54,52,43,46,34,28,29,25,27,22,15,14,5445
4270,GLENFERRIE_RD N of RIVERSDALE_RD,045 D12,-37.82951,145.03304,4402,657,1,1,10/23/2006,15,13,13,12,9,9,7,4,7,1,3,3,4,2,11,1,4,4,4,12,6,16,19,14,20,38,46,76,81,92,120,119,176,146,123,120,110,102,84,89,104,98,101,115,100,87,96,106,108,117,95,108,83,96,114,115,109,113,102,99,116,103,122,118,125,119,102,116,137,122,149,150,116,114,104,101,114,95,93,90,93,62,75,93,60,55,50,42,73,46,33,33,30,27,23,20,6922
4270,GLENFERRIE_RD N of RIVERSDALE_RD,045 D12,-37.82951,145.03304,4402,657,1,1,10/28/2006,47,34,34,32,20,28,24,25,18,27,15,10,15,17,17,9,8,10,11,15,5,19,15,19,23,26,36,30,26,41,43,35,47,61,91,102,87,77,66,109,80,89,121,101,124,123,136,111,144,137,125,135,103,136,105,120,128,109,96,109,139,119,123,127,102,99,106,112,123,107,117,93,122,113,101,99,75,77,87,87,82,48,58,67,55,43,39,59,44,37,58,45,70,68,68,55,6730
4270,GLENFERRIE_RD N of RIVERSDALE_RD,045 D12,-37.82951,145.03304,4402,657,1,1,10/29/2006,53,60,43,39,24,31,28,0,0,0,0,33,25,23,25,20,24,17,19,18,18,20,22,18,22,18,20,23,16,15,21,31,20,28,39,37,40,54,40,59,53,60,56,59,81,94,71,100,95,99,94,115,115,99,113,103,100,91,82,85,96,88,117,104,112,107,106,100,105,106,132,97,126,84,88,75,65,75,56,47,55,65,53,90,61,54,66,38,36,39,32,33,33,25,18,18,5410
4270,GLENFERRIE_RD N of RIVERSDALE_RD,045 D12,-37.82951,145.03304,4402,657,1,1,10/30/2006,18,18,11,4,9,7,5,11,10,2,5,4,6,2,6,11,3,4,7,8,11,10,19,15,28,28,47,55,97,110,139,154,170,138,157,114,110,121,81,95,78,84,94,95,96,91,117,114,97,107,92,57,98,100,109,120,115,93,128,92,119,113,117,120,145,118,130,107,157,132,167,142,128,91,131,106,95,108,86,85,78,68,89,72,71,59,50,54,58,50,33,30,29,25,22,25,7037
4270,GLENFERRIE_RD S of RIVERSDALE_RD,045 D12,-37.83095,145.03278,14642,657,5,1,10/1/2006,77,66,62,57,46,35,44,30,20,25,26,35,32,23,23,19,12,27,14,14,15,18,22,17,21,16,19,20,19,32,23,48,33,40,47,59,52,59,68,78,101,85,112,90,106,103,89,146,135,154,137,128,91,130,124,114,121,134,110,116,107,117,116,122,113,154,113,128,128,122,132,111,169,86,123,92,84,117,70,58,75,53,59,49,69,85,55,49,65,51,44,28,35,33,30,27,6788
4270,GLENFERRIE_RD S of RIVERSDALE_RD,045 D12,-37.83095,145.03278,14642,657,5,1,10/8/2006,72,99,68,53,63,51,47,52,31,30,24,23,30,27,20,20,15,11,17,14,12,13,12,23,23,20,21,27,16,35,35,30,44,45,45,66,52,66,82,103,102,86,105,124,93,100,105,119,145,133,132,132,159,154,135,154,104,136,125,120,112,130,100,116,151,139,113,125,138,131,144,123,135,127,112,106,93,86,88,65,66,58,71,60,77,73,67,36,47,62,57,42,28,32,24,23,7157
4270,GLENFERRIE_RD S of RIVERSDALE_RD,045 D12,-37.83095,145.03278,14642,657,5,1,10/15/2006,83,63,67,54,53,53,43,35,24,30,28,17,22,24,22,24,16,17,25,19,9,17,17,17,13,21,27,18,26,23,27,41,34,32,50,59,51,74,80,93,106,99,88,127,104,118,105,126,105,120,119,164,93,144,110,134,123,146,121,125,145,130,116,126,130,131,128,152,137,158,132,142,114,108,86,113,106,100,73,77,78,71,69,81,84,78,63,57,74,51,55,35,32,32,26,31,7146
4270,GLENFERRIE_RD S of RIVERSDALE_RD,045 D12,-37.83095,145.03278,14642,657,5,1,10/22/2006,79,79,68,65,47,46,47,27,29,23,30,19,21,31,22,23,16,13,19,12,17,12,12,9,18,15,19,23,12,22,31,30,42,37,55,78,49,63,97,88,87,102,102,97,107,103,140,123,127,117,147,127,109,151,128,139,125,129,136,123,122,102,125,125,120,130,159,139,156,137,121,137,113,128,138,112,102,81,87,66,66,69,60,61,61,62,57,62,44,51,47,43,42,47,26,35,7097
4270,GLENFERRIE_RD S of RIVERSDALE_RD,045 D12,-37.83095,145.03278,14642,657,5,1,10/29/2006,70,74,61,60,53,42,42,31,26,26,29,37,35,28,22,26,23,19,17,15,11,18,19,20,18,24,23,24,12,17,22,26,18,31,34,60,58,70,63,92,84,108,95,112,106,95,122,119,114,118,133,145,121,131,112,107,129,137,121,117,118,127,125,125,108,132,143,145,146,141,116,136,120,124,106,117,96,100,95,83,72,73,73,67,60,67,70,66,55,61,37,49,50,32,36,30,7023
4272,RIVERSDALE_RD E of TOORONGA_RD,045 G12,-37.83186,145.04668,14518,658,3,1,10/8/2006,49,48,34,45,25,27,30,19,22,23,17,19,26,17,21,13,10,18,13,11,17,16,11,16,34,28,29,26,28,29,36,54,45,56,83,70,84,114,112,104,101,113,111,119,128,111,138,139,127,151,157,125,149,153,124,111,108,133,95,88,94,114,115,117,115,131,119,103,92,123,85,98,83,117,84,68,89,65,50,52,49,60,51,55,60,56,41,40,44,28,23,20,23,16,16,11,6467
4272,RIVERSDALE_RD E of TOORONGA_RD,045 G12,-37.83186,145.04668,14518,658,3,1,10/15/2006,58,49,35,42,29,16,24,25,19,17,13,14,15,14,14,9,19,24,31,25,32,24,14,15,17,23,22,23,29,33,45,46,62,50,80,69,98,119,102,106,107,109,140,124,118,112,134,143,135,164,151,135,130,134,128,133,107,134,124,113,107,117,141,128,126,148,124,130,137,102,115,135,96,100,88,83,77,78,67,57,52,45,56,59,71,55,53,60,32,33,37,26,18,24,22,15,6890
4272,RIVERSDALE_RD E of TOORONGA_RD,045 G12,-37.83186,145.04668,14518,658,3,1,10/22/2006,52,39,40,26,30,24,29,19,18,19,26,16,13,16,20,16,8,14,13,12,12,10,14,18,13,15,26,22,29,30,50,47,50,46,61,74,93,100,133,111,119,111,120,125,142,142,129,166,135,138,168,137,172,128,131,112,97,86,132,109,116,90,107,120,119,120,127,118,123,107,107,107,96,75,91,89,91,74,69,41,50,62,54,84,55,48,57,38,34,47,22,38,34,25,11,15,6664
4272,RIVERSDALE_RD E of TOORONGA_RD,045 G12,-37.83186,145.04668,14518,658,3,1,10/29/2006,53,57,43,42,28,34,25,0,0,0,0,22,16,24,18,15,17,15,11,7,16,13,8,13,19,21,19,25,26,29,41,47,37,63,42,80,70,86,100,101,87,89,99,111,109,103,127,122,129,136,170,135,159,131,149,127,136,132,110,103,127,100,130,127,125,116,119,101,113,108,98,138,102,113,91,79,110,69,63,55,62,61,71,47,79,63,56,45,41,50,34,45,28,25,19,16,6573
4272,TOORONGA_RD S of RIVERSDALE_RD,045 G12,-37.83199,145.04636,14666,658,5,1,10/2/2006,5,4,4,3,5,3,2,1,3,1,6,0,2,3,3,3,1,3,5,4,2,0,8,11,20,18,33,48,61,66,110,111,130,120,99,109,72,97,87,81,84,78,76,76,80,88,88,77,67,77,82,75,71,69,47,64,75,58,75,75,79,91,85,85,80,89,77,94,130,122,140,112,118,100,87,62,57,64,58,54,27,37,33,23,35,22,23,24,24,17,18,8,6,9,8,11,4935
4272,TOORONGA_RD S of RIVERSDALE_RD,045 G12,-37.83199,145.04636,14666,658,5,1,10/3/2006,7,4,7,2,1,3,1,3,1,1,1,2,0,3,0,1,1,2,0,3,5,4,10,14,24,24,48,48,65,100,94,119,92,103,120,139,126,120,109,88,75,60,68,85,78,71,78,85,83,76,87,82,73,79,78,73,57,91,83,69,79,65,91,101,90,113,120,125,117,131,124,115,107,123,90,68,88,70,44,53,43,43,31,25,29,32,32,46,30,24,18,24,21,13,8,9,5368
4272,TOORONGA_RD S of RIVERSDALE_RD,045 G12,-37.83199,145.04636,14666,658,5,1,10/4/2006,12,2,2,3,8,5,3,1,3,3,2,3,4,2,2,2,5,3,3,0,2,3,10,13,19,30,51,59,65,93,86,102,121,111,99,124,138,113,102,101,87,68,95,99,86,74,84,80,93,88,80,96,75,84,84,79,79,72,78,69,81,68,94,77,115,119,112,108,126,139,100,118,113,112,94,93,85,73,49,60,51,49,41,32,31,30,35,31,17,25,26,27,14,10,13,8,5536
4272,TOORONGA_RD S of RIVERSDALE_RD,045 G12,-37.83199,145.04636,14666,658,5,1,10/5/2006,6,12,4,6,5,4,3,3,7,2,2,2,2,4,1,3,6,2,3,3,10,6,6,16,21,23,44,53,58,77,94,117,116,99,105,136,147,139,103,84,91,74,82,94,83,75,82,89,89,81,89,84,80,73,94,74,79,67,75,75,84,75,89,83,90,107,101,115,123,126,111,116,101,131,118,92,83,73,56,66,55,45,39,43,36,36,38,30,26,25,26,20,21,7,11,6,5568
4272,TOORONGA_RD S of RIVERSDALE_RD,045 G12,-37.83199,145.04636,14666,658,5,1,10/6/2006,7,9,6,10,6,1,4,3,2,2,1,3,2,3,2,4,9,5,2,2,2,9,11,20,19,21,48,53,57,72,122,99,122,82,99,121,120,107,103,95,96,82,91,77,83,97,77,77,78,109,82,85,84,78,89,82,86,88,76,74,97,81,87,110,125,120,127,135,133,131,140,135,138,114,126,99,79,79,69,55,51,49,57,38,33,30,27,35,29,26,32,29,24,24,32,27,5879
4272,TOORONGA_RD S of RIVERSDALE_RD,045 G12,-37.83199,145.04636,14666,658,5,1,10/7/2006,18,11,17,10,11,8,13,10,7,5,6,2,3,8,10,5,3,8,4,0,8,5,6,14,8,10,23,29,23,29,36,40,39,48,44,76,72,84,78,89,72,78,89,91,81,101,70,114,85,90,83,114,90,74,101,94,112,83,58,71,74,91,51,78,71,81,79,77,72,66,97,75,96,69,86,77,59,59,56,52,43,30,42,32,25,21,32,26,27,24,34,24,28,35,26,23,4609
4272,TOORONGA_RD S of RIVERSDALE_RD,045 G12,-37.83199,145.04636,14666,658,5,1,10/8/2006,31,22,30,19,19,12,6,8,1,9,10,11,7,5,12,7,7,7,4,10,5,7,10,11,13,11,13,16,22,15,21,21,19,40,28,47,34,47,56,54,50,51,70,64,45,59,60,61,86,85,85,72,76,73,70,67,58,64,72,61,71,58,73,51,73,85,60,60,60,57,57,75,53,68,61,56,50,41,41,28,30,22,27,18,20,19,16,17,14,16,12,17,12,12,10,5,3501
4272,TOORONGA_RD S of RIVERSDALE_RD,045 G12,-37.83199,145.04636,14666,658,5,1,10/9/2006,6,7,6,4,3,2,4,1,1,1,2,1,2,2,1,4,4,2,3,3,2,5,13,14,15,34,35,46,61,90,103,124,108,101,99,132,121,113,97,97,67,87,86,75,86,73,65,90,96,86,90,72,81,74,70,58,75,92,70,98,74,75,78,94,89,100,113,121,115,103,120,103,119,92,84,78,60,72,45,43,38,34,36,37,26,34,27,26,17,16,17,14,10,13,7,6,5196
4272,TOORONGA_RD S of RIVERSDALE_RD,045 G12,-37.83199,145.04636,14666,658,5,1,10/10/2006,8,3,4,4,4,3,2,3,0,1,2,0,3,4,0,3,2,5,0,5,3,2,7,15,13,25,46,53,81,88,91,138,115,105,116,142,141,129,112,102,73,82,78,77,68,77,82,94,107,98,82,71,108,83,79,61,93,74,76,91,79,72,80,80,102,111,98,110,122,125,128,131,137,102,110,94,81,70,61,50,55,36,38,31,32,33,25,27,35,35,22,22,16,15,13,12,5624
4272,TOORONGA_RD S of RIVERSDALE_RD,045 G12,-37.83199,145.04636,14666,658,5,1,10/11/2006,5,5,6,9,1,3,3,0,3,1,1,1,1,4,4,1,3,1,0,3,3,5,8,16,20,37,34,62,60,83,105,96,129,103,95,108,146,145,119,112,117,96,77,89,75,98,86,97,84,82,103,69,79,101,79,74,56,89,86,75,89,58,87,95,99,99,114,94,110,106,114,123,119,117,102,83,72,63,43,63,44,36,42,34,43,26,40,24,37,29,33,30,24,7,12,11,5575
4272,TOORONGA_RD S of RIVERSDALE_RD,045 G12,-37.83199,145.04636,14666,658,5,1,10/12/2006,5,3,6,5,2,3,3,5,2,3,2,1,0,4,7,2,0,2,2,4,3,1,11,18,19,22,35,56,63,86,114,95,116,115,122,113,146,141,119,86,89,92,80,87,60,72,79,91,68,97,99,81,90,82,88,82,80,90,84,76,103,76,83,98,92,112,117,100,140,126,130,124,120,101,91,86,56,69,61,66,45,38,41,50,31,36,33,31,34,44,29,31,18,13,11,14,5659
4272,TOORONGA_RD S of RIVERSDALE_RD,045 G12,-37.83199,145.04636,14666,658,5,1,10/13/2006,9,8,4,6,10,5,7,6,3,2,1,2,2,2,1,2,4,4,2,4,10,4,17,13,17,25,42,56,60,80,122,113,118,124,103,127,115,124,97,97,100,81,91,95,73,82,82,76,90,92,78,104,76,89,65,73,67,75,92,82,73,83,77,77,94,115,128,107,115,112,124,131,133,107,101,101,81,74,74,54,65,33,48,30,48,41,45,42,32,36,22,27,21,22,23,20,5727
4272,TOORONGA_RD S of RIVERSDALE_RD,045 G12,-37.83199,145.04636,14666,658,5,1,10/14/2006,15,17,18,14,10,8,15,12,12,4,6,6,5,7,10,2,5,3,5,4,5,7,10,8,5,7,17,22,24,17,31,53,48,42,63,86,61,79,81,87,74,66,106,84,75,113,100,93,84,110,107,103,80,75,93,85,86,75,84,88,82,69,75,87,72,80,90,65,76,78,111,79,83,79,97,86,79,70,61,51,39,30,41,29,41,26,27,25,35,17,27,20,18,28,12,24,4721
4272,TOORONGA_RD S of RIVERSDALE_RD,045 G12,-37.83199,145.04636,14666,658,5,1,10/15/2006,22,36,20,14,17,13,10,7,15,9,10,8,5,6,4,5,1,5,2,9,6,6,13,14,10,10,15,13,19,9,14,21,21,32,29,37,34,33,55,60,45,68,62,59,65,62,52,78,73,77,56,76,61,63,72,62,61,53,60,64,71,67,77,75,58,66,43,67,63,57,77,67,69,61,56,49,46,45,25,24,30,30,30,35,24,32,17,18,19,16,15,16,13,5,9,4,3414
4272,TOORONGA_RD S of RIVERSDALE_RD,045 G12,-37.83199,145.04636,14666,658,5,1,10/16/2006,8,6,6,1,5,3,3,7,3,2,3,1,3,3,2,4,1,2,7,4,2,4,7,14,17,21,26,44,67,87,101,119,106,103,89,129,128,105,122,120,87,86,78,84,80,97,85,65,79,87,85,82,74,81,75,85,76,83,74,92,96,86,89,100,78,122,122,101,95,127,127,132,103,93,121,81,73,70,59,48,37,41,27,33,47,31,37,28,18,24,20,17,10,15,12,13,5453
4272,TOORONGA_RD S of RIVERSDALE_RD,045 G12,-37.83199,145.04636,14666,658,5,1,10/17/2006,5,7,5,7,3,1,4,2,2,2,0,0,2,0,3,5,1,2,1,7,5,6,7,21,17,21,39,48,60,97,118,103,97,113,92,122,145,117,108,104,75,80,65,88,64,74,76,79,88,68,96,79,71,87,59,65,70,83,83,69,82,98,82,94,88,108,114,126,114,146,130,101,112,112,93,93,65,66,55,43,33,25,32,40,39,34,35,27,22,22,25,16,21,12,11,10,5344
4272,TOORONGA_RD S of RIVERSDALE_RD,045 G12,-37.83199,145.04636,14666,658,5,1,10/18/2006,12,6,6,7,10,5,7,4,2,4,1,1,3,3,3,1,2,3,3,5,4,2,9,13,19,27,28,59,81,75,92,117,109,118,94,106,135,125,102,85,88,68,66,84,89,77,84,97,101,89,96,84,80,70,80,67,79,74,85,77,86,82,76,88,98,117,103,122,120,123,101,126,149,113,119,106,75,77,73,60,55,45,45,38,46,32,45,33,30,41,29,22,16,15,4,10,5643
4272,TOORONGA_RD S of RIVERSDALE_RD,045 G12,-37.83199,145.04636,14666,658,5,1,10/19/2006,14,5,7,8,7,3,5,3,2,3,1,3,2,3,2,3,3,1,2,2,2,2,6,18,13,28,37,56,80,80,89,107,108,115,116,117,121,127,103,112,92,84,85,89,75,87,97,97,99,98,86,86,89,75,88,77,71,76,80,78,87,75,93,92,107,101,125,127,96,120,131,132,119,119,103,96,90,86,62,68,53,44,43,40,42,35,44,30,37,29,30,17,25,19,14,8,5764
4272,TOORONGA_RD S of RIVERSDALE_RD,045 G12,-37.83199,145.04636,14666,658,5,1,10/20/2006,10,7,6,11,5,1,14,4,7,1,2,2,2,4,5,3,1,2,5,5,5,3,12,18,22,25,43,52,77,101,85,106,105,100,82,124,139,118,111,100,88,75,89,84,80,81,80,88,103,116,111,92,104,81,70,89,71,74,83,74,103,87,105,115,107,113,126,118,121,127,125,99,122,130,89,70,68,103,67,63,55,41,55,45,31,33,31,31,27,34,24,22,25,19,13,22,5824
4272,TOORONGA_RD S of RIVERSDALE_RD,045 G12,-37.83199,145.04636,14666,658,5,1,10/21/2006,12,11,12,6,7,7,11,7,5,11,5,4,4,3,4,5,5,3,3,8,4,4,6,8,8,10,18,27,18,24,22,30,38,43,50,80,72,78,67,91,91,87,92,96,86,102,98,116,107,97,93,124,109,76,99,111,82,105,83,84,107,89,87,80,72,78,95,81,80,95,91,115,90,118,71,93,82,89,43,62,44,43,34,35,41,28,28,29,32,36,22,18,26,22,17,30,4972
4272,TOORONGA_RD S of RIVERSDALE_RD,045 G12,-37.83199,145.04636,14666,658,5,1,10/22/2006,22,23,26,13,14,14,12,5,15,8,2,4,4,5,4,2,3,4,4,3,6,7,14,4,9,10,8,19,17,12,22,27,20,21,38,44,40,39,54,53,64,67,58,56,63,73,63,75,99,65,85,65,75,78,65,56,68,58,76,56,73,81,70,81,50,80,69,77,53,61,65,72,66,53,62,43,50,44,32,25,28,34,35,26,23,24,21,15,14,21,24,11,13,14,5,6,3537
4272,TOORONGA_RD S of RIVERSDALE_RD,045 G12,-37.83199,145.04636,14666,658,5,1,10/23/2006,2,1,8,5,7,4,3,2,1,4,1,1,4,1,3,5,0,2,6,5,2,2,10,20,19,30,36,51,60,82,94,115,85,115,100,118,123,136,100,79,87,76,67,80,73,81,78,83,84,94,74,53,72,81,82,80,67,72,68,85,56,103,78,91,94,97,108,89,90,107,110,104,129,112,89,78,57,73,47,46,38,31,29,39,32,20,31,21,18,27,13,10,13,11,12,8,5090
4272,TOORONGA_RD S of RIVERSDALE_RD,045 G12,-37.83199,145.04636,14666,658,5,1,10/24/2006,9,8,5,6,3,4,2,1,4,0,2,1,0,5,4,0,6,2,1,4,2,2,11,15,19,32,36,54,72,93,99,105,102,115,117,105,138,89,108,93,68,86,81,72,78,73,75,83,82,104,81,65,94,71,76,72,64,66,88,83,87,80,88,93,100,99,139,105,120,107,130,109,116,107,93,91,74,74,54,38,40,44,38,34,39,29,28,24,22,31,21,19,14,15,11,13,5362
4272,TOORONGA_RD S of RIVERSDALE_RD,045 G12,-37.83199,145.04636,14666,658,5,1,10/25/2006,6,6,7,9,2,3,2,4,1,7,1,0,2,1,9,3,2,4,2,5,2,3,12,17,19,28,37,52,61,78,107,103,123,107,123,121,130,139,107,120,95,98,77,87,78,78,78,78,99,96,96,68,93,82,81,83,60,89,90,73,81,50,85,103,89,113,100,117,114,141,143,121,119,104,97,79,77,72,58,58,51,37,31,43,36,34,38,18,30,29,23,17,24,12,16,8,5612
4272,TOORONGA_RD S of RIVERSDALE_RD,045 G12,-37.83199,145.04636,14666,658,5,1,10/26/2006,13,3,5,4,4,4,1,4,2,1,0,1,1,0,3,1,3,2,2,3,4,2,4,23,17,22,38,61,76,76,104,123,128,116,95,134,107,131,101,108,90,100,100,80,95,81,71,106,87,99,86,96,67,75,77,89,94,94,91,95,84,80,110,97,97,87,103,124,140,86,119,146,107,98,102,76,85,85,71,43,42,50,43,26,40,27,40,31,24,27,34,16,20,17,16,8,5701
4272,TOORONGA_RD S of RIVERSDALE_RD,045 G12,-37.83199,145.04636,14666,658,5,1,10/27/2006,11,7,5,7,4,1,6,1,6,1,2,2,5,3,4,3,1,3,7,4,2,3,13,21,22,15,45,49,67,92,95,103,104,112,106,117,146,117,96,97,84,81,86,80,82,87,95,93,88,98,88,93,92,68,71,75,68,63,82,89,91,75,72,94,88,104,112,107,136,136,143,111,123,117,97,84,68,62,62,63,42,49,39,36,31,37,35,24,26,28,30,35,27,19,16,16,5603
4272,TOORONGA_RD S of RIVERSDALE_RD,045 G12,-37.83199,145.04636,14666,658,5,1,10/28/2006,13,15,8,11,8,14,6,6,5,5,6,5,5,3,5,6,7,8,2,6,7,2,2,7,8,12,18,11,20,26,29,36,40,44,53,68,71,66,82,79,78,101,79,87,98,106,113,101,76,96,99,114,93,100,94,101,91,86,82,68,77,82,82,77,75,86,77,62,51,67,88,64,70,61,77,62,55,65,76,55,39,48,29,21,26,35,30,20,32,30,29,26,23,20,19,23,4547
4272,TOORONGA_RD S of RIVERSDALE_RD,045 G12,-37.83199,145.04636,14666,658,5,1,10/29/2006,19,19,7,15,19,12,11,0,0,0,0,7,3,9,4,7,4,11,2,7,4,4,9,9,5,12,9,20,10,11,12,21,19,25,28,40,36,29,56,41,46,53,48,44,59,47,53,78,67,76,71,66,56,50,37,56,56,62,64,52,54,82,62,64,50,52,74,60,55,62,71,55,51,55,53,46,44,29,46,43,38,26,28,29,28,32,33,18,34,19,22,10,12,13,7,8,3162
4272,TOORONGA_RD S of RIVERSDALE_RD,045 G12,-37.83199,145.04636,14666,658,5,1,10/30/2006,5,10,9,7,2,5,2,3,5,4,2,1,2,3,1,5,10,2,4,10,1,2,4,14,23,23,38,45,62,72,92,126,108,101,121,116,119,115,94,88,69,72,64,87,81,75,91,66,88,90,85,83,75,84,91,76,67,83,71,88,90,108,83,92,98,104,103,121,110,121,115,106,109,114,94,83,61,77,68,54,32,55,30,33,32,36,12,24,29,26,25,16,14,11,12,14,5354
4272,TOORONGA_RD S of RIVERSDALE_RD,045 G12,-37.83199,145.04636,14666,658,5,1,10/31/2006,5,11,4,6,4,4,0,1,3,2,0,4,0,3,2,1,2,1,3,2,5,4,11,19,16,31,37,49,60,84,103,115,114,96,116,114,119,133,135,99,73,80,83,80,85,78,84,85,94,96,84,87,79,81,92,87,75,72,82,85,106,76,92,125,107,110,94,113,85,139,118,130,140,106,82,88,54,60,67,57,45,51,44,48,34,34,23,19,33,36,19,25,21,12,12,11,5596
4273,TOORONGA_RD N of TOORAK_RD,059 F05,-37.84632,145.04378,4423,659,1,1,10/1/2006,15,18,16,17,13,10,10,7,6,8,5,7,9,5,4,4,5,5,2,2,5,6,3,9,8,9,14,13,22,15,21,22,24,38,30,56,62,49,68,83,80,76,74,71,77,69,77,85,89,101,98,99,82,70,80,93,86,99,82,49,46,75,93,81,90,96,70,85,40,87,84,67,84,52,61,47,55,56,38,48,34,32,32,38,41,32,37,26,30,23,21,21,16,18,9,14,4141
4273,TOORONGA_RD N of TOORAK_RD,059 F05,-37.84632,145.04378,4423,659,1,1,10/7/2006,17,20,15,18,9,5,15,10,1,4,4,10,5,2,5,6,6,3,0,6,3,5,9,6,21,19,19,21,25,29,39,58,49,59,50,102,88,101,100,125,121,99,136,130,133,142,129,131,144,130,156,68,63,110,136,133,127,108,81,98,105,111,95,94,105,81,97,85,97,118,74,74,106,88,93,102,76,59,61,59,45,41,32,22,34,39,32,33,33,50,26,36,21,25,40,39,5792
4273,TOORONGA_RD N of TOORAK_RD,059 F05,-37.84632,145.04378,4423,659,1,1,10/8/2006,31,24,20,14,13,16,14,12,10,10,11,14,6,4,2,6,13,8,6,6,3,4,4,6,5,16,13,15,20,18,12,24,12,19,46,55,50,59,78,73,77,56,79,84,90,91,81,86,104,132,109,88,71,86,100,91,94,83,84,81,65,77,83,71,88,67,86,70,67,76,95,97,79,68,66,59,49,58,29,28,15,41,37,34,32,41,24,23,27,23,21,25,12,19,6,2,4299
4273,TOORONGA_RD N of TOORAK_RD,059 F05,-37.84632,145.04378,4423,659,1,1,10/14/2006,27,16,22,16,7,18,10,7,7,7,7,7,12,3,5,12,7,5,6,3,7,8,7,11,8,24,30,21,22,20,58,60,69,61,82,102,91,88,99,110,105,127,130,160,152,114,96,149,152,149,160,160,142,122,121,130,80,122,119,132,100,109,99,118,87,77,115,111,99,131,127,108,66,85,90,88,69,80,68,76,51,48,35,36,31,34,29,34,26,13,19,36,44,40,48,24,6255
4273,TOORONGA_RD N of TOORAK_RD,059 F05,-37.84632,145.04378,4423,659,1,1,10/15/2006,34,26,20,21,14,18,8,9,4,12,3,6,3,4,5,6,5,6,7,6,13,13,4,6,9,10,11,11,14,22,23,29,25,41,36,52,47,61,88,75,69,55,79,64,82,113,93,112,109,104,104,80,80,63,93,95,82,88,81,83,77,69,77,92,92,74,83,95,91,87,83,86,86,84,61,81,55,56,44,0,24,30,29,39,36,31,39,20,21,11,12,14,11,20,16,11,4373
4273,TOORONGA_RD N of TOORAK_RD,059 F05,-37.84632,145.04378,4423,659,1,1,10/21/2006,26,23,14,9,11,11,12,12,12,6,5,0,4,5,8,3,1,6,1,6,6,5,5,12,12,20,24,31,32,38,46,51,57,66,72,77,106,104,99,121,113,113,133,145,142,158,114,122,125,149,141,133,121,109,143,143,119,114,138,113,111,117,93,108,98,108,98,98,99,116,134,98,98,80,80,73,94,76,61,67,39,30,36,36,29,30,35,34,28,35,34,42,37,39,33,35,6206
4273,TOORONGA_RD N of TOORAK_RD,059 F05,-37.84632,145.04378,4423,659,1,1,10/22/2006,23,26,20,20,21,18,12,14,5,7,7,7,10,7,4,4,4,5,4,1,5,3,3,7,6,6,18,15,16,13,28,25,26,37,39,49,39,59,65,73,69,75,86,81,85,101,101,99,57,118,117,118,105,116,89,91,85,83,103,89,89,90,87,98,117,79,49,90,93,92,68,93,90,76,63,57,61,52,28,35,33,27,28,53,40,42,23,25,17,30,16,25,17,10,7,6,4525
4273,TOORONGA_RD N of TOORAK_RD,059 F05,-37.84632,145.04378,4423,659,1,1,10/28/2006,17,18,15,16,15,13,6,3,8,6,3,7,1,7,1,6,4,7,5,2,3,7,8,12,5,14,27,20,16,25,40,50,56,63,31,80,91,107,81,117,82,86,124,119,105,137,128,114,134,150,127,152,126,118,123,117,93,121,117,107,103,86,86,68,94,105,114,78,89,63,127,87,89,92,97,57,72,66,51,0,43,40,51,31,31,25,31,40,31,25,37,37,42,32,26,25,5564
4273,TOORONGA_RD N of TOORAK_RD,059 F05,-37.84632,145.04378,4423,659,1,1,10/29/2006,34,29,18,10,18,11,12,0,0,0,0,7,7,8,7,8,4,5,5,7,7,8,1,7,6,12,15,13,5,10,21,24,20,37,30,51,42,35,52,85,38,68,73,73,69,83,82,78,100,106,92,87,107,86,77,85,90,86,84,74,54,77,70,71,77,85,88,89,90,84,62,91,65,73,80,66,61,67,44,54,48,39,35,34,37,40,46,33,28,26,29,21,13,16,13,8,4223
4321,HIGH_ST NE OF HARP_ST,045 G04,-37.800776,145.0494611,15721,1538,2,1,10/1/2006,26,21,27,24,19,15,16,12,9,13,12,8,9,10,4,3,11,6,6,0,8,7,8,5,6,8,13,16,21,21,22,30,29,40,30,43,57,60,66,74,69,79,82,73,97,97,94,77,87,95,74,78,71,78,87,81,80,75,76,83,75,83,85,84,83,76,83,75,75,86,80,67,74,73,65,80,67,36,38,39,34,28,34,24,41,58,46,32,24,15,23,14,8,11,17,9,4290
4321,HIGH_ST NE OF HARP_ST,045 G04,-37.800776,145.0494611,15721,1538,2,1,10/2/2006,4,5,8,4,5,3,4,2,0,2,4,2,1,0,4,2,2,3,7,5,5,13,17,31,36,41,86,105,140,201,277,261,257,220,204,185,160,113,106,98,88,111,111,97,74,88,87,92,99,75,95,92,102,81,76,67,81,100,109,88,100,111,102,86,81,104,91,88,107,119,87,93,77,78,73,74,67,71,43,51,44,40,40,33,34,38,30,37,18,29,25,14,13,12,7,6,6559
4321,HIGH_ST NE OF HARP_ST,045 G04,-37.800776,145.0494611,15721,1538,2,1,10/3/2006,9,6,7,5,2,1,2,2,1,1,1,1,2,4,3,7,2,2,7,6,12,15,16,41,32,56,87,131,153,259,238,306,275,220,202,187,166,143,119,114,103,91,100,99,108,98,104,93,109,107,83,85,81,76,89,82,98,104,103,111,108,128,91,94,81,93,81,76,101,105,80,88,91,88,77,68,96,72,65,63,44,47,35,37,43,42,20,28,27,21,26,21,22,25,13,7,6971
4321,HIGH_ST NE OF HARP_ST,045 G04,-37.800776,145.0494611,15721,1538,2,1,10/4/2006,9,7,12,4,3,4,3,0,2,0,1,0,0,6,0,4,0,3,5,2,6,14,18,41,38,45,90,121,142,226,271,274,302,223,198,186,169,149,118,125,91,106,101,92,116,98,99,121,77,126,93,91,91,82,79,81,88,69,96,111,110,105,85,120,84,74,86,73,115,114,92,90,89,94,98,66,46,82,80,58,59,48,55,40,50,32,31,31,43,20,27,20,23,12,15,11,7007
4321,HIGH_ST NE OF HARP_ST,045 G04,-37.800776,145.0494611,15721,1538,2,1,10/5/2006,11,9,18,15,3,10,13,8,2,1,2,4,17,11,2,8,4,6,4,8,7,24,17,27,45,54,90,112,158,236,262,281,300,262,226,203,187,162,118,144,108,111,110,103,80,98,110,109,103,83,96,100,104,73,81,97,87,89,75,111,113,127,91,100,79,98,83,107,109,119,83,89,93,101,66,95,81,82,62,62,56,37,48,42,47,41,41,31,36,26,24,33,19,19,24,15,7378
4321,HIGH_ST NE OF HARP_ST,045 G04,-37.800776,145.0494611,15721,1538,2,1,10/6/2006,10,9,13,6,4,3,5,5,8,3,3,2,3,4,5,2,7,4,8,13,5,13,20,29,41,57,71,129,146,214,264,255,295,213,162,199,170,141,97,141,114,100,125,84,108,128,106,118,100,114,105,97,103,104,87,93,87,83,83,100,120,129,111,83,119,119,116,115,91,92,85,106,117,113,92,80,104,85,98,74,63,65,36,40,38,42,44,42,38,47,46,18,31,35,29,31,7512
4321,HIGH_ST NE OF HARP_ST,045 G04,-37.800776,145.0494611,15721,1538,2,1,10/7/2006,20,16,16,22,17,9,19,14,9,14,6,12,6,6,6,4,7,8,6,7,6,14,13,7,11,24,39,29,22,34,52,60,62,62,82,112,108,108,108,121,92,126,133,110,117,114,135,120,105,110,110,108,93,100,121,89,90,93,84,96,85,79,81,89,76,64,74,100,81,77,74,70,95,98,85,96,109,72,77,69,61,52,50,35,35,27,34,42,32,36,47,29,40,33,39,23,5710
4321,HIGH_ST NE OF HARP_ST,045 G04,-37.800776,145.0494611,15721,1538,2,1,10/8/2006,32,28,22,21,19,21,20,12,12,13,17,10,10,9,14,6,6,1,10,2,9,6,15,10,8,13,9,13,20,18,19,25,37,34,33,52,44,59,70,88,56,81,79,72,90,100,109,107,76,84,81,98,96,72,83,105,66,69,66,81,59,78,84,66,61,73,69,90,63,80,73,66,62,56,77,71,71,60,41,42,33,42,54,23,21,23,20,29,21,17,17,13,11,22,12,9,4247
4321,HIGH_ST NE OF HARP_ST,045 G04,-37.800776,145.0494611,15721,1538,2,1,10/9/2006,8,5,9,8,2,6,7,2,2,6,5,6,2,0,1,5,3,1,4,6,5,15,17,29,32,53,73,107,151,229,267,282,289,221,216,217,172,132,111,123,100,100,99,97,85,98,111,92,98,90,90,87,92,75,89,94,85,87,113,116,112,109,108,82,92,99,93,98,82,102,85,68,74,81,72,69,61,65,52,60,44,34,48,38,31,30,24,29,29,29,26,15,14,15,10,3,6810
4321,HIGH_ST NE OF HARP_ST,045 G04,-37.800776,145.0494611,15721,1538,2,1,10/10/2006,3,7,4,3,4,0,4,1,2,2,5,1,6,3,1,0,4,2,2,5,10,11,22,33,36,59,80,107,156,215,251,305,295,211,194,196,178,145,120,114,99,113,94,90,111,89,84,86,102,105,88,79,91,90,82,83,101,88,83,97,121,110,110,82,98,114,94,109,102,105,98,91,102,80,75,90,109,67,60,68,57,45,38,30,44,91,44,31,34,25,27,23,20,7,10,8,7071
4321,HIGH_ST NE OF HARP_ST,045 G04,-37.800776,145.0494611,15721,1538,2,1,10/11/2006,5,7,5,10,4,2,3,1,3,1,3,1,2,0,6,1,5,7,6,6,7,18,15,31,32,55,68,123,185,233,263,293,265,249,216,191,132,177,102,126,94,98,107,101,84,103,97,105,84,99,106,73,90,94,82,80,88,73,102,101,126,109,83,83,105,91,99,87,107,98,95,105,105,103,108,77,96,94,75,73,72,45,42,37,26,80,57,45,33,30,35,37,25,25,14,21,7263
4321,HIGH_ST NE OF HARP_ST,045 G04,-37.800776,145.0494611,15721,1538,2,1,10/12/2006,10,11,9,10,7,6,9,5,9,5,3,7,7,15,5,4,12,9,4,6,9,21,15,32,43,41,74,109,173,241,266,301,266,264,209,206,181,173,124,124,120,103,97,112,104,95,99,96,79,106,109,97,78,78,75,74,70,105,97,92,117,120,87,88,82,85,80,82,113,113,123,96,73,96,91,82,67,80,71,51,62,45,39,54,44,34,42,40,36,30,32,26,32,26,14,15,7279
4321,HIGH_ST NE OF HARP_ST,045 G04,-37.800776,145.0494611,15721,1538,2,1,10/13/2006,9,9,7,7,4,4,10,6,5,6,1,1,1,2,4,7,3,3,7,8,11,13,23,35,33,50,70,122,149,219,254,287,305,224,210,176,142,157,123,123,100,107,90,104,98,95,92,100,109,105,109,100,94,83,105,92,87,95,103,100,114,141,108,93,106,95,110,85,84,87,104,119,113,108,102,75,106,82,88,59,68,69,46,59,41,43,44,28,32,40,28,31,24,29,19,29,7407
4321,HIGH_ST NE OF HARP_ST,045 G04,-37.800776,145.0494611,15721,1538,2,1,10/14/2006,15,23,14,10,20,11,14,12,16,9,5,11,8,6,5,5,10,4,7,9,9,16,11,15,14,35,31,35,29,34,56,60,71,67,98,124,101,105,90,128,118,104,114,127,132,109,128,130,107,125,104,115,119,106,105,99,99,106,78,88,105,91,69,96,90,79,76,110,81,80,77,80,94,88,110,92,102,81,79,58,50,34,43,44,37,26,44,59,47,46,38,34,39,24,21,30,5910
4321,HIGH_ST NE OF HARP_ST,045 G04,-37.800776,145.0494611,15721,1538,2,1,10/15/2006,41,29,21,17,22,12,14,11,10,13,10,7,15,14,3,1,6,14,8,7,8,7,10,13,10,12,13,14,13,15,23,30,25,31,32,47,50,61,70,79,68,84,87,92,75,98,101,77,98,77,71,105,93,86,72,86,71,73,84,95,81,67,72,72,96,92,80,75,76,72,64,68,48,60,60,69,65,30,45,40,33,36,37,70,50,42,34,21,26,9,21,19,13,10,16,9,4309
4321,HIGH_ST NE OF HARP_ST,045 G04,-37.800776,145.0494611,15721,1538,2,1,10/16/2006,7,10,8,8,5,1,3,7,3,1,0,0,4,2,0,2,4,6,6,6,8,17,14,29,28,59,76,110,167,229,242,308,277,246,205,214,169,151,133,128,89,99,83,100,96,101,96,94,102,83,82,87,71,89,85,81,105,94,84,93,125,113,103,106,89,100,100,106,106,106,97,76,91,71,89,89,86,70,68,64,41,38,38,42,37,29,30,22,26,18,26,11,20,13,8,6,6967
4321,HIGH_ST NE OF HARP_ST,045 G04,-37.800776,145.0494611,15721,1538,2,1,10/17/2006,7,3,5,2,3,0,1,2,3,3,3,0,2,5,2,3,3,5,8,11,10,16,19,44,43,62,87,132,161,246,301,308,305,274,217,221,186,149,140,121,103,128,102,103,92,90,94,77,82,113,123,90,92,81,81,87,81,92,101,91,98,92,100,92,103,101,92,74,99,86,109,89,94,91,88,78,80,92,52,49,83,44,40,35,38,37,29,41,35,23,22,30,16,23,23,13,7307
4321,HIGH_ST NE OF HARP_ST,045 G04,-37.800776,145.0494611,15721,1538,2,1,10/18/2006,13,4,9,0,3,7,7,4,0,7,3,1,3,4,6,2,6,2,9,7,7,16,15,31,38,64,79,116,157,246,276,302,293,226,217,205,167,161,125,142,100,98,103,105,100,98,96,111,104,112,80,98,95,76,86,84,65,66,105,87,92,119,77,93,96,108,86,75,91,94,82,107,90,88,86,97,105,103,73,63,66,43,45,40,43,35,41,35,28,31,34,21,27,10,14,16,7203
4321,HIGH_ST NE OF HARP_ST,045 G04,-37.800776,145.0494611,15721,1538,2,1,10/19/2006,7,9,15,9,12,6,7,6,13,10,4,4,16,12,11,6,4,0,9,7,19,17,21,34,42,46,83,123,158,237,305,252,301,271,190,202,178,146,129,120,101,120,102,108,82,85,119,113,84,114,95,104,73,87,89,60,78,84,98,103,121,95,97,97,87,115,108,85,123,99,89,98,100,101,75,87,80,96,85,63,76,55,36,38,52,39,38,39,40,19,25,26,30,20,28,35,7437
4321,HIGH_ST NE OF HARP_ST,045 G04,-37.800776,145.0494611,15721,1538,2,1,10/21/2006,20,27,22,16,17,8,12,11,16,13,9,5,6,6,10,9,3,6,12,8,9,14,14,12,14,26,35,42,26,36,54,54,76,76,77,110,89,115,100,120,107,137,139,133,112,123,102,127,114,106,119,112,114,125,99,71,101,117,102,87,90,91,78,95,78,90,99,78,85,87,74,93,69,65,86,88,77,86,77,71,54,58,38,33,38,34,35,48,19,42,31,28,39,26,34,28,5824
4321,HIGH_ST NE OF HARP_ST,045 G04,-37.800776,145.0494611,15721,1538,2,1,10/22/2006,32,18,17,18,16,21,11,20,6,11,14,11,12,6,5,5,6,7,3,5,10,1,9,5,11,4,13,9,16,16,15,41,31,34,43,51,46,52,71,61,73,79,76,104,82,108,87,98,94,86,95,93,96,91,85,90,74,70,76,81,79,66,78,97,77,86,80,80,80,86,63,77,60,67,69,57,49,69,43,42,38,37,42,42,25,31,42,20,25,15,14,8,14,16,10,12,4317
4321,HIGH_ST NE OF HARP_ST,045 G04,-37.800776,145.0494611,15721,1538,2,1,10/23/2006,8,7,5,5,6,6,2,0,8,1,4,3,1,2,5,2,4,3,4,9,4,14,13,32,27,47,68,123,150,241,292,301,328,242,179,193,169,140,121,127,97,111,95,93,102,80,87,102,92,102,92,89,75,103,87,81,76,96,94,90,110,107,97,71,83,135,74,106,94,99,91,82,76,64,66,76,69,68,64,66,38,42,39,50,35,34,29,29,20,21,28,18,20,9,13,8,6871
4321,HIGH_ST NE OF HARP_ST,045 G04,-37.800776,145.0494611,15721,1538,2,1,10/24/2006,6,5,9,9,2,5,4,2,0,2,4,0,2,4,1,2,2,3,4,8,11,17,17,32,46,43,83,142,153,234,313,273,259,239,178,216,182,166,122,131,89,114,103,104,84,99,95,97,81,90,80,104,100,69,84,85,67,97,65,93,128,131,96,89,93,91,85,88,75,97,103,91,88,72,86,84,74,83,58,58,48,66,54,49,47,35,29,33,29,21,26,21,21,10,16,15,7021
4321,HIGH_ST NE OF HARP_ST,045 G04,-37.800776,145.0494611,15721,1538,2,1,10/25/2006,10,5,7,5,5,2,4,3,1,2,0,0,3,5,1,4,5,4,7,8,9,11,17,31,35,43,96,122,167,255,291,307,256,238,213,202,199,176,129,134,122,95,104,124,81,110,80,90,92,107,86,108,90,106,98,79,86,93,99,90,120,99,110,106,91,88,98,85,102,95,88,103,81,88,89,91,83,81,68,67,42,36,47,51,34,47,38,38,33,31,33,18,20,9,19,15,7296
4321,HIGH_ST NE OF HARP_ST,045 G04,-37.800776,145.0494611,15721,1538,2,1,10/26/2006,10,11,5,13,11,2,6,8,12,5,2,6,7,20,10,8,4,0,8,10,15,19,26,35,36,64,78,117,167,223,280,266,298,233,202,208,178,159,150,133,110,133,93,112,88,97,97,113,96,94,103,92,81,86,101,84,92,99,91,90,101,102,97,101,99,105,103,106,93,97,88,93,103,94,78,88,87,74,70,66,43,49,42,46,41,41,36,51,44,31,25,18,25,20,15,17,7386
4321,HIGH_ST NE OF HARP_ST,045 G04,-37.800776,145.0494611,15721,1538,2,1,10/27/2006,16,8,11,4,7,5,3,7,6,5,5,2,2,7,7,5,9,6,12,4,7,9,15,33,45,45,64,116,155,236,251,294,275,247,214,180,142,139,130,117,91,121,112,119,117,119,91,96,116,110,113,109,92,110,96,88,93,87,93,96,113,109,116,102,93,102,87,108,97,96,75,80,94,100,102,78,82,99,79,70,64,51,51,40,43,41,36,37,36,22,36,16,30,38,42,27,7406
4321,HIGH_ST NE OF HARP_ST,045 G04,-37.800776,145.0494611,15721,1538,2,1,10/28/2006,21,14,17,11,18,12,6,10,10,9,9,9,8,17,9,14,4,5,8,9,8,3,8,13,18,21,28,32,31,31,42,60,41,65,90,100,88,108,109,112,104,111,133,112,110,112,141,111,98,108,98,128,110,105,93,121,99,109,103,92,79,80,93,88,109,60,71,98,82,91,70,92,89,74,103,98,72,66,62,58,55,51,37,44,34,35,40,33,42,24,45,35,30,38,19,36,5659
4321,HIGH_ST NE OF HARP_ST,045 G04,-37.800776,145.0494611,15721,1538,2,1,10/29/2006,37,25,27,25,14,14,19,0,0,0,0,9,6,7,3,7,8,10,6,9,4,6,11,8,8,10,16,12,18,11,15,25,20,31,35,52,44,49,53,70,59,67,87,78,63,94,97,90,104,81,71,97,86,74,84,85,88,99,89,67,64,78,68,72,85,83,67,80,82,67,82,56,64,61,65,60,72,47,52,44,37,43,38,51,53,32,25,19,25,23,13,19,17,13,11,8,4160
4321,HIGH_ST NE OF HARP_ST,045 G04,-37.800776,145.0494611,15721,1538,2,1,10/30/2006,10,10,6,5,10,6,4,6,1,4,3,0,6,4,2,2,1,2,7,1,8,16,13,24,31,41,63,118,160,228,246,288,278,254,201,199,149,114,125,129,103,88,99,117,86,97,83,106,82,104,82,36,40,79,97,87,89,101,89,102,101,113,107,92,104,98,89,105,86,101,93,82,87,82,81,62,63,56,57,73,47,47,50,46,22,32,27,33,26,29,19,21,10,8,16,12,6719
4321,HIGH_ST NE OF HARP_ST,045 G04,-37.800776,145.0494611,15721,1538,2,1,10/31/2006,9,8,4,4,6,1,4,4,0,1,1,0,3,4,3,4,0,7,7,4,12,10,19,35,40,62,69,123,157,218,293,297,284,219,168,210,188,137,111,112,115,113,79,117,82,89,99,87,109,116,86,107,103,89,99,93,83,87,89,86,96,103,104,94,87,85,86,87,105,87,81,95,81,81,77,74,86,72,57,67,53,57,41,47,47,47,38,34,39,36,23,25,16,10,8,17,7009
4321,HARP_RD E OF HIGH_ST,045 G04,-37.80086,145.04962,15002,1538,3,1,10/1/2006,24,23,19,12,13,14,12,14,12,10,9,5,4,6,7,2,7,6,4,4,7,5,9,7,6,12,25,11,23,23,30,40,32,36,41,55,51,71,81,72,69,71,67,81,88,58,93,71,72,91,96,102,91,89,96,84,96,92,75,85,73,78,80,71,86,81,74,81,86,67,85,84,94,78,70,68,57,52,49,40,51,32,30,42,45,51,49,29,36,20,22,22,21,12,8,9,4444
4321,HARP_RD E OF HIGH_ST,045 G04,-37.80086,145.04962,15002,1538,3,1,10/2/2006,5,9,3,3,7,2,2,3,2,1,0,4,1,2,3,4,1,1,5,10,16,8,19,23,31,57,70,94,117,198,197,212,216,170,147,156,138,121,96,96,98,88,90,91,87,68,92,73,68,105,76,71,86,88,90,85,85,90,80,89,98,115,120,115,74,79,92,103,118,107,102,103,100,101,87,76,80,92,64,42,64,42,29,37,49,36,38,31,29,31,21,10,19,19,9,8,6290
4321,HARP_RD E OF HIGH_ST,045 G04,-37.80086,145.04962,15002,1538,3,1,10/3/2006,7,8,2,2,6,2,5,2,0,1,2,2,3,0,4,5,1,1,1,12,15,18,35,27,41,66,100,107,157,163,236,211,187,199,172,164,139,126,107,99,118,92,86,86,97,90,79,92,76,85,64,83,84,78,50,92,54,107,69,83,90,101,137,130,84,114,61,119,112,114,107,88,99,96,96,101,90,72,73,55,57,45,32,43,45,42,42,34,35,36,27,30,23,12,8,11,6561
4321,HARP_RD E OF HIGH_ST,045 G04,-37.80086,145.04962,15002,1538,3,1,10/4/2006,7,5,6,5,2,3,4,3,1,0,3,6,1,3,3,2,1,1,5,7,9,19,26,25,33,56,95,129,136,176,198,214,227,165,178,151,135,147,104,116,93,97,88,93,93,91,76,69,60,102,86,91,79,85,83,80,75,81,95,98,100,97,116,116,109,95,119,100,112,129,118,107,108,98,88,102,100,85,68,74,63,49,56,54,49,38,59,46,50,38,31,35,19,31,23,18,6822
4321,HARP_RD E OF HIGH_ST,045 G04,-37.80086,145.04962,15002,1538,3,1,10/5/2006,11,14,15,10,7,13,5,9,5,2,1,9,8,11,4,6,5,1,4,10,13,20,18,25,41,60,94,110,160,158,210,234,191,182,177,167,133,129,112,105,110,88,94,85,86,76,89,83,88,114,95,79,91,81,83,87,79,84,86,92,109,113,129,132,119,116,131,104,114,119,108,116,119,127,93,96,85,82,89,74,63,62,45,51,53,42,42,41,43,54,19,29,23,19,12,14,7046
4321,HARP_RD E OF HIGH_ST,045 G04,-37.80086,145.04962,15002,1538,3,1,10/6/2006,12,8,7,4,5,2,9,3,5,10,5,2,5,4,2,2,3,3,8,13,11,9,21,26,31,59,96,91,153,155,167,194,220,178,149,167,144,126,112,131,93,103,88,71,96,108,90,74,90,59,78,83,88,100,79,108,87,80,96,112,103,101,125,131,104,115,76,86,95,74,122,137,116,118,88,102,93,60,83,79,65,72,54,46,67,47,47,44,54,43,29,50,23,32,27,31,6874
4321,HARP_RD E OF HIGH_ST,045 G04,-37.80086,145.04962,15002,1538,3,1,10/7/2006,19,14,10,14,11,5,12,8,14,14,4,6,5,12,9,5,4,4,3,9,4,8,8,18,15,17,45,49,41,37,56,47,65,63,82,85,106,128,119,107,98,108,101,127,114,137,114,132,120,113,117,127,131,89,116,84,101,96,103,92,78,112,80,91,78,90,103,88,69,109,106,114,121,91,95,105,98,82,58,65,63,53,56,57,41,40,42,49,44,40,37,40,25,37,37,25,6021
4321,HARP_RD E OF HIGH_ST,045 G04,-37.80086,145.04962,15002,1538,3,1,10/8/2006,25,26,16,16,17,13,15,15,11,7,8,8,8,11,3,7,6,8,2,2,8,4,8,9,9,17,25,17,23,21,31,26,35,38,46,54,66,71,70,76,82,74,71,91,81,90,100,94,98,80,107,94,88,101,85,96,64,71,77,86,90,95,93,64,84,87,113,106,90,90,90,112,69,73,90,70,72,51,49,37,44,37,48,32,28,42,35,30,26,28,30,13,17,10,15,10,4678
4321,HARP_RD E OF HIGH_ST,045 G04,-37.80086,145.04962,15002,1538,3,1,10/9/2006,1,9,5,7,2,2,0,4,3,1,0,2,2,1,3,3,4,5,4,3,16,21,25,21,34,51,77,107,129,169,190,202,190,211,179,168,149,125,109,108,102,93,90,85,78,90,77,88,89,88,89,69,91,51,74,94,77,73,90,95,93,93,118,151,114,130,111,111,121,111,101,107,116,100,75,66,85,63,65,62,56,39,46,40,37,36,40,29,34,30,27,12,16,11,18,8,6497
4321,HARP_RD E OF HIGH_ST,045 G04,-37.80086,145.04962,15002,1538,3,1,10/10/2006,2,9,0,2,2,2,3,2,3,0,2,2,0,2,0,2,1,7,5,9,13,17,27,31,52,55,82,107,129,181,232,199,168,222,162,166,126,143,102,90,102,93,87,79,85,92,80,75,73,92,101,88,91,78,77,98,84,72,64,90,94,125,127,116,59,78,129,118,114,104,153,100,112,93,109,106,99,100,47,65,55,60,56,45,44,41,39,45,33,34,30,19,18,17,14,13,6671
4321,HARP_RD E OF HIGH_ST,045 G04,-37.80086,145.04962,15002,1538,3,1,10/11/2006,10,9,8,5,2,1,1,2,2,3,2,1,3,5,3,2,3,2,6,4,10,18,30,29,47,59,102,121,133,182,211,214,189,166,180,151,155,154,120,95,84,91,65,94,39,75,93,105,107,98,85,113,70,85,65,75,68,70,77,92,109,132,113,78,51,127,114,108,110,102,105,101,123,130,97,108,102,82,62,53,77,45,50,47,57,38,65,51,44,40,42,31,36,19,19,17,6776
4321,HARP_RD E OF HIGH_ST,045 G04,-37.80086,145.04962,15002,1538,3,1,10/12/2006,18,14,8,7,4,9,13,8,4,3,7,3,12,6,9,4,8,5,3,7,9,19,25,32,51,48,97,103,154,196,187,214,193,196,202,197,155,145,113,102,94,72,71,83,73,84,83,84,80,88,59,81,85,56,57,72,53,63,66,95,99,94,104,135,97,121,107,112,95,132,110,115,102,118,117,96,85,86,93,71,65,68,59,60,49,63,38,40,55,36,29,31,23,13,16,15,6838
4321,HARP_RD E OF HIGH_ST,045 G04,-37.80086,145.04962,15002,1538,3,1,10/13/2006,7,6,7,8,3,5,6,5,5,1,2,5,3,3,9,2,4,5,3,4,14,18,18,23,27,66,101,115,127,169,169,153,209,186,174,158,155,137,108,111,103,82,88,85,71,106,66,83,85,98,90,78,93,89,68,87,84,80,92,108,90,97,120,107,137,129,130,88,101,121,103,118,111,120,101,106,105,109,80,86,67,54,47,57,41,56,43,34,34,44,35,49,25,17,21,19,6869
4321,HARP_RD E OF HIGH_ST,045 G04,-37.80086,145.04962,15002,1538,3,1,10/14/2006,23,13,14,20,11,9,12,12,3,3,4,6,6,4,8,3,6,4,4,12,7,5,12,14,20,30,42,40,44,50,69,70,66,86,83,108,79,99,124,125,102,123,137,138,122,118,131,117,141,142,121,130,108,101,105,119,99,107,121,79,105,114,99,101,93,94,98,74,83,118,100,115,105,116,118,98,76,76,78,61,50,45,62,44,29,43,40,38,36,38,35,37,33,35,27,23,6248
4321,HARP_RD E OF HIGH_ST,045 G04,-37.80086,145.04962,15002,1538,3,1,10/15/2006,25,23,27,21,24,14,15,21,10,8,10,7,11,5,7,9,5,11,7,14,7,4,7,17,6,11,20,20,19,18,22,45,47,43,48,49,61,69,93,73,68,78,67,91,83,88,98,85,110,95,103,80,85,76,63,84,92,78,85,78,83,87,91,74,100,72,78,79,101,79,75,96,85,83,63,69,58,56,39,46,48,37,43,38,46,45,38,28,30,26,40,20,7,9,14,15,4638
4321,HARP_RD E OF HIGH_ST,045 G04,-37.80086,145.04962,15002,1538,3,1,10/16/2006,8,4,9,4,4,3,7,1,2,1,0,3,0,3,3,5,2,3,4,9,9,12,26,37,35,58,79,101,135,160,224,192,222,176,177,167,137,101,110,98,107,100,65,93,90,52,68,92,80,80,71,81,43,91,76,84,79,86,90,92,103,112,125,152,110,118,119,97,109,114,90,97,100,108,80,86,89,85,54,50,60,54,30,36,39,42,33,31,29,33,23,14,24,18,17,14,6446
4321,HARP_RD E OF HIGH_ST,045 G04,-37.80086,145.04962,15002,1538,3,1,10/17/2006,6,11,3,4,4,3,2,5,1,2,1,1,1,2,3,4,2,5,3,9,9,18,24,37,49,61,112,116,133,214,215,214,239,184,171,183,140,143,100,122,75,90,58,66,95,68,80,93,79,65,65,77,77,90,48,71,74,80,70,79,96,108,124,109,98,116,123,111,122,114,105,46,115,101,61,94,89,96,77,58,49,49,43,53,46,46,51,33,39,37,19,28,31,17,11,13,6584
4321,HARP_RD E OF HIGH_ST,045 G04,-37.80086,145.04962,15002,1538,3,1,10/18/2006,8,6,9,6,4,2,2,5,2,5,2,1,2,1,2,8,4,4,3,8,11,19,23,24,28,75,95,93,162,168,225,206,194,190,196,150,144,132,97,106,87,113,93,78,77,49,90,76,96,101,87,76,90,58,71,62,75,64,80,85,103,116,109,137,99,116,114,99,99,54,114,105,111,119,110,93,88,85,58,75,58,43,54,49,57,30,41,32,64,33,36,37,36,20,31,12,6667
4321,HARP_RD E OF HIGH_ST,045 G04,-37.80086,145.04962,15002,1538,3,1,10/19/2006,20,16,11,6,13,8,10,10,10,3,11,4,7,12,7,4,6,3,2,8,9,16,20,38,42,63,87,89,145,170,225,221,210,178,175,165,153,130,124,104,88,91,83,81,74,91,69,101,83,85,93,80,93,90,85,85,90,94,99,67,102,100,113,106,105,103,120,108,100,134,124,106,104,134,107,102,103,106,72,58,55,63,61,57,47,61,52,46,28,37,36,33,26,14,16,15,7011
4321,HARP_RD E OF HIGH_ST,045 G04,-37.80086,145.04962,15002,1538,3,1,10/20/2006,3,10,3,8,6,8,2,1,4,6,2,5,6,7,5,5,6,3,3,6,13,22,27,25,46,64,94,96,130,173,200,200,181,189,184,175,144,140,113,116,89,82,88,90,77,100,89,98,85,95,87,86,99,101,93,87,71,94,91,105,108,136,121,145,127,110,108,105,119,93,143,129,91,111,105,99,106,101,91,75,56,73,62,49,56,38,57,48,54,40,45,39,32,23,26,25,7184
4321,HARP_RD E OF HIGH_ST,045 G04,-37.80086,145.04962,15002,1538,3,1,10/21/2006,19,25,16,15,11,14,6,9,5,4,3,9,3,8,9,3,2,5,6,6,12,4,15,15,19,22,48,33,39,43,61,58,42,83,85,120,91,107,108,123,119,131,117,122,112,109,126,133,117,139,134,119,115,92,127,130,95,121,117,106,110,116,118,103,107,82,108,98,91,108,108,89,100,107,101,99,90,87,92,67,57,48,50,54,54,28,39,34,34,37,39,43,42,35,38,31,6331
4321,HARP_RD E OF HIGH_ST,045 G04,-37.80086,145.04962,15002,1538,3,1,10/22/2006,21,26,28,12,22,15,11,6,7,8,5,9,9,6,3,6,6,3,1,6,4,6,8,11,15,9,14,19,22,26,29,33,34,32,47,65,70,63,82,87,79,85,83,60,80,73,96,90,91,79,81,100,96,96,79,91,73,91,84,85,121,86,102,80,90,102,90,90,111,86,89,93,96,71,61,65,61,54,45,41,50,30,32,37,36,59,39,35,28,23,16,24,13,24,11,10,4679
4321,HARP_RD E OF HIGH_ST,045 G04,-37.80086,145.04962,15002,1538,3,1,10/23/2006,6,4,6,2,6,1,5,2,1,5,0,0,1,3,3,6,2,3,6,5,8,15,20,40,38,48,93,95,129,172,201,175,212,185,152,153,152,134,101,111,79,120,75,85,88,96,83,82,92,79,71,86,59,76,70,70,71,86,55,97,96,113,110,134,103,116,113,105,91,91,97,103,99,93,83,102,76,80,48,66,47,46,42,33,38,34,31,32,26,30,23,17,14,14,10,3,6280
4321,HARP_RD E OF HIGH_ST,045 G04,-37.80086,145.04962,15002,1538,3,1,10/24/2006,7,7,6,2,5,4,6,4,3,1,1,3,6,0,4,4,3,0,1,7,13,19,33,34,53,70,85,110,144,195,218,223,215,196,192,167,144,119,96,108,83,122,81,54,86,103,110,61,68,64,48,81,66,63,91,77,100,56,82,73,84,110,124,74,89,103,102,107,105,89,62,104,91,131,103,117,100,89,72,74,64,44,57,52,47,44,38,37,48,32,22,24,15,19,13,13,6576
4321,HARP_RD E OF HIGH_ST,045 G04,-37.80086,145.04962,15002,1538,3,1,10/25/2006,5,8,6,8,4,1,5,1,0,3,2,2,2,3,3,7,2,2,3,6,8,14,20,36,34,67,107,99,136,202,235,215,173,197,179,169,142,148,119,92,106,105,81,104,60,79,81,87,103,86,105,85,79,83,95,74,88,85,95,96,103,129,118,143,113,108,81,110,101,111,124,95,114,112,102,100,89,92,60,65,71,57,49,44,55,44,45,49,37,30,30,32,35,24,15,5,6934
4321,HARP_RD E OF HIGH_ST,045 G04,-37.80086,145.04962,15002,1538,3,1,10/26/2006,10,14,11,7,7,7,3,4,6,5,1,3,9,5,9,7,1,2,4,4,10,16,27,35,42,74,78,128,154,199,231,200,205,185,182,160,155,142,122,116,121,96,76,97,87,90,86,76,86,99,88,108,80,92,97,79,88,80,78,124,110,93,130,129,111,108,105,102,116,105,105,95,115,118,98,96,83,83,87,79,61,82,54,58,48,56,51,43,55,43,27,29,27,24,19,12,7165
4321,HARP_RD E OF HIGH_ST,045 G04,-37.80086,145.04962,15002,1538,3,1,10/27/2006,9,11,5,10,3,6,1,3,4,2,6,2,3,2,1,4,1,7,8,7,20,14,24,27,38,63,101,119,145,167,178,187,206,186,168,185,160,142,112,111,82,87,93,81,90,87,104,82,103,99,78,98,104,98,83,93,85,74,114,95,97,124,112,134,110,102,119,121,115,98,106,111,94,115,125,92,94,104,73,57,50,49,50,39,49,44,51,49,34,31,38,33,37,34,22,34,7025
4321,HARP_RD E OF HIGH_ST,045 G04,-37.80086,145.04962,15002,1538,3,1,10/28/2006,20,13,18,17,11,11,9,5,7,6,4,9,9,6,9,4,6,5,8,9,4,12,13,15,22,21,49,30,38,32,53,64,52,68,88,88,93,121,112,135,136,107,128,124,128,137,118,136,145,154,125,131,125,78,98,121,113,117,91,93,108,106,73,117,95,81,75,105,75,92,108,109,82,120,105,80,94,88,76,65,49,58,45,45,43,35,54,30,38,38,28,41,39,31,40,27,6196
4321,HARP_RD E OF HIGH_ST,045 G04,-37.80086,145.04962,15002,1538,3,1,10/29/2006,24,21,15,15,14,9,6,0,0,0,0,10,9,7,14,8,8,6,5,3,6,7,4,4,6,19,17,16,23,12,25,29,30,28,35,51,63,60,68,69,67,70,51,73,69,79,92,88,99,74,80,94,97,102,89,79,107,85,93,83,89,92,83,86,82,90,88,89,97,81,91,90,76,89,81,72,69,56,60,57,44,48,48,41,48,41,35,38,28,27,31,25,19,13,11,10,4542
4321,HARP_RD E OF HIGH_ST,045 G04,-37.80086,145.04962,15002,1538,3,1,10/30/2006,4,10,4,8,8,6,8,4,1,2,0,1,3,3,1,4,4,4,5,4,9,12,20,23,29,60,88,100,132,169,193,215,206,175,184,166,143,120,97,114,83,84,73,76,98,78,86,75,85,78,88,86,91,94,102,98,95,90,97,88,84,107,138,123,117,96,102,96,96,98,72,107,81,100,112,89,78,78,48,54,52,56,33,55,43,47,26,30,40,29,30,28,26,12,8,8,6483
4321,HARP_RD E OF HIGH_ST,045 G04,-37.80086,145.04962,15002,1538,3,1,10/31/2006,9,8,9,4,0,1,3,4,1,1,3,9,2,1,3,2,4,1,2,1,6,19,33,30,27,62,78,109,138,209,222,249,187,179,167,192,147,134,115,113,98,90,81,96,84,97,70,89,79,77,87,75,82,81,95,80,83,86,91,79,92,115,130,120,117,90,112,102,131,109,105,93,95,114,97,93,97,81,73,61,56,43,45,44,42,45,33,28,30,29,18,26,16,21,16,9,6712
4321,HIGH_ST SW OF HARP_ST,045 G04,-37.8010857,145.048755,5485,1538,6,1,10/1/2006,52,44,44,44,30,34,24,30,25,22,20,21,18,15,15,21,20,16,12,8,13,10,8,11,7,8,12,11,7,16,9,17,27,25,40,29,46,49,53,63,77,68,90,76,69,85,102,100,105,102,110,103,100,96,94,103,119,81,89,107,110,124,109,121,101,117,101,135,137,126,138,136,106,102,112,92,89,58,62,67,68,59,62,64,52,44,49,39,48,47,35,34,31,21,29,15,5692
4321,HIGH_ST SW OF HARP_ST,045 G04,-37.8010857,145.048755,5485,1538,6,1,10/8/2006,53,52,50,46,45,29,31,32,30,30,23,20,22,18,18,8,16,12,17,12,10,12,14,7,10,12,14,5,14,14,17,20,10,15,40,38,33,56,40,58,58,71,70,79,83,91,101,88,95,103,88,92,124,94,118,96,126,107,97,100,116,105,110,113,113,122,133,106,123,126,118,124,96,101,131,94,81,84,76,66,63,56,47,38,46,51,32,53,38,32,30,42,25,36,20,12,5643
4321,HIGH_ST SW OF HARP_ST,045 G04,-37.8010857,145.048755,5485,1538,6,1,10/15/2006,38,47,38,52,46,33,25,37,21,21,17,22,22,15,16,7,20,16,15,14,13,9,13,6,11,12,5,16,11,20,12,14,14,14,31,40,32,54,47,66,67,92,79,83,81,99,104,102,91,124,110,105,117,98,100,80,92,106,128,110,105,144,104,119,115,135,118,116,122,124,116,97,128,79,112,89,91,78,82,83,52,62,52,54,54,45,42,53,48,46,37,25,25,14,17,17,5730
4321,HIGH_ST SW OF HARP_ST,045 G04,-37.8010857,145.048755,5485,1538,6,1,10/21/2006,49,59,41,36,26,18,24,23,25,16,16,20,15,11,15,9,13,7,18,9,11,10,9,8,11,11,13,13,25,27,34,51,55,57,74,91,96,116,83,121,99,116,144,147,120,135,153,180,138,140,168,123,154,129,129,142,124,154,131,138,106,115,138,133,131,137,142,138,134,159,148,136,119,122,111,88,90,89,75,69,72,64,45,65,48,53,66,60,57,59,59,66,69,69,70,58,7490
4321,HIGH_ST SW OF HARP_ST,045 G04,-37.8010857,145.048755,5485,1538,6,1,10/22/2006,45,58,55,49,41,34,43,34,17,24,25,33,15,16,13,22,17,6,11,17,2,5,6,5,10,7,9,6,12,16,10,24,22,23,37,38,36,59,46,71,74,87,79,80,82,86,91,107,114,119,127,120,105,99,101,93,115,93,89,108,118,119,103,121,111,145,127,118,149,155,132,123,129,91,125,77,94,74,84,66,55,56,61,51,60,52,38,42,42,46,23,22,20,20,12,19,5868
4321,HIGH_ST SW OF HARP_ST,045 G04,-37.8010857,145.048755,5485,1538,6,1,10/28/2006,37,37,26,39,33,23,21,24,10,15,29,14,12,17,15,11,12,7,13,10,4,7,6,9,8,15,4,17,20,30,29,48,52,56,67,77,71,86,86,101,108,137,133,136,143,151,135,148,152,151,171,133,133,112,137,130,127,118,151,134,131,129,152,141,133,140,120,150,124,128,120,141,141,108,123,98,99,84,88,78,79,60,54,80,58,54,59,58,58,57,58,73,56,66,56,51,7343
4321,HIGH_ST SW OF HARP_ST,045 G04,-37.8010857,145.048755,5485,1538,6,1,10/29/2006,45,62,49,40,47,26,35,0,0,0,0,29,27,25,17,22,20,23,15,14,13,13,14,15,10,13,10,12,10,19,18,15,17,21,16,30,40,49,41,49,60,69,46,62,62,77,80,104,96,96,92,98,114,116,116,120,87,135,101,109,102,113,128,120,113,107,137,115,124,144,133,122,111,120,118,99,83,87,70,70,66,55,55,63,56,45,55,38,56,48,27,25,35,28,28,19,5676
4321,VALERIE_ST W OF HIGH_ST,045 G04,-37.80063,145.04864,4746,1538,7,1,10/1/2006,23,21,23,20,18,10,12,9,6,6,4,7,5,9,6,4,7,7,10,5,3,5,5,4,4,14,16,17,18,12,24,19,28,18,31,43,34,41,39,53,67,72,61,46,69,63,70,76,70,77,77,69,68,75,59,76,69,76,59,72,71,76,80,67,69,91,88,89,81,92,89,71,70,66,77,74,44,40,32,47,30,32,41,37,51,37,42,31,25,28,20,29,12,15,16,19,3890
4321,VALERIE_ST W OF HIGH_ST,045 G04,-37.80063,145.04864,4746,1538,7,1,10/2/2006,10,5,10,7,6,4,2,5,1,2,4,1,1,0,6,1,7,4,3,5,7,6,6,13,16,35,52,54,50,104,97,117,96,121,102,121,100,80,75,74,80,71,80,65,69,64,68,49,70,78,70,72,71,96,78,81,72,73,75,65,77,104,132,99,103,90,118,107,89,100,126,120,116,92,91,89,72,60,68,48,48,45,38,37,38,28,26,25,35,25,18,18,17,9,6,10,5181
4321,VALERIE_ST W OF HIGH_ST,045 G04,-37.80063,145.04864,4746,1538,7,1,10/3/2006,15,10,7,5,3,0,5,3,1,2,1,3,1,3,2,0,6,4,4,12,12,8,9,10,28,41,61,76,64,72,102,114,114,102,125,132,90,76,77,79,64,65,69,67,75,67,74,62,54,79,74,73,82,68,83,72,67,114,82,101,109,108,122,137,134,104,117,115,102,109,125,144,112,103,89,93,78,51,54,51,53,40,38,52,50,34,44,46,28,37,25,26,20,17,14,16,5568
4321,VALERIE_ST W OF HIGH_ST,045 G04,-37.80063,145.04864,4746,1538,7,1,10/4/2006,9,11,6,4,5,1,4,2,2,3,4,7,2,2,6,3,4,2,4,9,9,8,11,18,32,45,54,78,66,84,108,107,106,117,126,133,107,101,99,79,69,68,74,66,68,87,79,79,73,75,88,74,86,75,77,74,58,79,88,86,103,101,136,109,108,99,120,109,86,104,115,112,107,109,97,98,79,68,69,60,53,47,41,46,36,35,38,39,55,44,26,29,30,19,18,18,5664
4321,VALERIE_ST W OF HIGH_ST,045 G04,-37.80063,145.04864,4746,1538,7,1,10/5/2006,11,14,14,7,5,7,5,3,5,2,6,3,8,5,5,3,9,4,5,13,6,8,10,15,25,34,60,68,71,78,96,120,106,121,114,119,117,106,87,98,79,88,64,79,67,79,79,70,84,95,64,88,93,88,70,81,77,85,82,98,111,105,131,107,122,117,110,112,113,124,121,121,108,105,92,98,77,74,74,57,63,51,45,50,48,41,37,42,35,39,29,28,21,18,20,18,5867
4321,VALERIE_ST W OF HIGH_ST,045 G04,-37.80063,145.04864,4746,1538,7,1,10/6/2006,12,10,9,7,2,4,4,3,3,3,3,3,3,1,4,0,6,6,8,8,7,8,7,17,28,45,48,68,76,74,97,102,122,108,126,122,109,81,87,80,80,73,67,77,72,70,79,86,79,68,86,84,86,74,75,72,96,90,84,101,95,99,128,94,106,92,92,97,82,97,103,135,91,100,104,100,100,90,61,60,49,46,51,51,40,41,43,34,38,33,30,40,29,26,34,32,5653
4321,VALERIE_ST W OF HIGH_ST,045 G04,-37.80063,145.04864,4746,1538,7,1,10/7/2006,22,17,16,15,16,15,18,8,8,16,2,14,6,6,3,5,3,4,8,7,4,6,10,8,5,20,23,25,32,32,30,39,45,55,59,75,67,90,86,92,98,71,73,107,90,95,98,113,103,102,137,86,105,91,105,84,69,71,81,97,67,82,88,71,102,71,81,104,71,78,94,74,76,84,90,73,79,68,47,58,45,43,42,26,30,36,27,39,28,33,31,37,45,43,47,40,5038
4321,VALERIE_ST W OF HIGH_ST,045 G04,-37.80063,145.04864,4746,1538,7,1,10/8/2006,24,28,21,17,18,14,14,9,11,4,12,9,8,10,7,6,9,5,6,7,5,2,8,5,5,18,15,17,14,20,22,27,31,25,43,34,41,39,48,61,60,66,83,59,57,61,70,60,74,70,86,66,67,73,60,77,78,67,59,87,58,54,73,54,80,76,78,82,80,85,92,98,68,75,60,62,56,39,49,36,36,36,28,28,31,33,37,31,26,24,28,12,15,10,16,14,3859
4321,VALERIE_ST W OF HIGH_ST,045 G04,-37.80063,145.04864,4746,1538,7,1,10/9/2006,4,9,3,6,4,4,3,2,3,6,3,2,3,2,3,2,3,2,4,5,11,6,8,16,22,41,48,82,62,90,110,111,88,112,137,147,100,90,80,79,74,57,73,76,81,72,78,68,67,70,79,78,71,89,66,82,71,65,57,111,89,99,135,92,93,111,109,107,90,135,104,118,101,91,79,89,73,73,50,58,61,41,41,33,41,35,32,22,33,23,25,19,9,16,10,9,5344
4321,VALERIE_ST W OF HIGH_ST,045 G04,-37.80063,145.04864,4746,1538,7,1,10/10/2006,3,6,5,4,6,3,2,2,2,4,1,1,0,1,1,3,2,5,9,7,8,12,8,14,28,39,52,70,81,80,91,104,97,128,145,122,102,96,88,56,82,86,72,65,78,66,76,70,71,84,62,90,87,68,70,70,74,85,89,92,101,95,127,105,118,114,117,111,87,128,128,110,104,136,100,122,85,85,74,70,57,44,35,38,40,45,35,53,29,33,29,16,27,12,16,12,5663
4321,VALERIE_ST W OF HIGH_ST,045 G04,-37.80063,145.04864,4746,1538,7,1,10/11/2006,14,7,9,3,6,0,7,4,3,3,0,2,6,1,2,4,1,3,5,7,10,12,7,15,29,48,49,55,76,86,94,107,102,131,119,109,110,102,89,72,80,77,96,67,50,93,86,71,70,72,87,81,76,80,86,62,84,75,102,92,102,100,131,110,92,120,94,85,130,131,111,117,113,122,90,113,92,82,65,71,47,41,44,43,40,38,41,47,39,44,29,24,26,15,20,12,5717
4321,VALERIE_ST W OF HIGH_ST,045 G04,-37.80063,145.04864,4746,1538,7,1,10/12/2006,13,17,8,4,9,6,9,5,3,3,8,0,2,1,4,6,2,5,3,5,8,10,9,17,33,44,53,69,72,90,102,103,121,115,135,112,126,99,95,81,93,78,76,63,67,91,65,69,97,84,69,68,74,66,73,67,77,83,80,94,106,114,119,112,90,103,96,105,94,93,93,121,97,89,91,99,68,62,79,72,56,67,57,46,53,50,51,35,42,36,34,30,19,20,19,7,5666
4321,VALERIE_ST W OF HIGH_ST,045 G04,-37.80063,145.04864,4746,1538,7,1,10/13/2006,9,10,8,9,4,4,5,3,4,2,3,0,4,3,3,2,3,3,7,12,8,8,12,21,16,39,51,72,69,84,97,101,106,110,108,132,109,84,90,79,74,73,61,77,76,68,80,76,62,69,73,79,74,80,77,72,85,79,91,93,112,101,113,108,88,123,100,115,118,120,112,132,114,103,99,114,106,81,62,61,47,38,25,56,46,38,33,32,42,27,35,33,30,33,32,26,5668
4321,VALERIE_ST W OF HIGH_ST,045 G04,-37.80063,145.04864,4746,1538,7,1,10/14/2006,19,18,29,12,17,14,14,10,9,7,3,3,6,6,5,7,2,9,3,4,5,7,8,11,13,23,33,28,19,26,36,58,47,63,70,65,61,86,95,101,86,82,76,94,78,98,108,120,88,106,121,114,116,94,82,94,77,83,88,75,81,71,84,91,93,101,90,85,100,77,82,100,85,85,75,96,70,80,76,45,43,37,49,32,19,34,44,33,28,30,31,37,33,32,38,40,5159
4321,VALERIE_ST W OF HIGH_ST,045 G04,-37.80063,145.04864,4746,1538,7,1,10/15/2006,24,24,39,12,13,12,12,13,13,7,11,8,8,6,7,8,3,6,3,9,7,5,11,3,9,17,16,17,10,22,26,32,18,21,27,39,35,37,40,49,50,67,67,56,62,67,63,70,82,85,85,72,75,79,78,81,77,65,59,71,73,83,68,80,101,71,73,70,76,90,98,81,90,73,69,58,45,58,38,39,26,37,34,32,41,44,36,26,25,28,19,20,10,19,16,12,3949
4321,VALERIE_ST W OF HIGH_ST,045 G04,-37.80063,145.04864,4746,1538,7,1,10/16/2006,9,6,5,5,2,2,1,4,3,2,2,1,3,2,3,3,3,2,9,8,8,3,11,16,18,39,49,75,69,85,93,92,105,109,151,122,114,83,72,64,74,77,82,67,69,79,68,62,94,71,66,74,85,82,59,80,88,83,84,76,86,103,127,91,90,104,89,102,85,105,105,121,102,120,97,95,79,68,56,46,54,44,40,39,34,34,35,23,38,25,20,23,23,5,11,12,5304
4321,VALERIE_ST W OF HIGH_ST,045 G04,-37.80063,145.04864,4746,1538,7,1,10/17/2006,7,10,4,3,5,1,3,2,1,1,0,2,2,2,4,1,4,5,5,16,4,16,9,17,20,40,64,63,79,82,107,104,105,116,120,136,116,89,80,107,69,78,78,57,61,73,78,83,74,91,87,94,79,75,75,78,71,76,103,110,98,94,127,91,114,117,118,102,94,110,118,137,108,101,101,94,74,82,53,61,57,50,49,36,50,55,38,39,57,34,28,21,15,18,22,16,5721
4321,VALERIE_ST W OF HIGH_ST,045 G04,-37.80063,145.04864,4746,1538,7,1,10/18/2006,20,12,3,11,4,6,2,4,1,3,1,1,4,3,1,2,5,3,8,5,8,8,15,16,24,49,58,67,72,98,84,110,106,120,126,114,125,81,90,75,66,74,94,54,75,72,62,53,76,75,70,94,72,84,66,95,75,85,88,95,97,84,133,102,102,106,115,97,111,99,115,104,114,98,116,117,81,82,64,66,52,42,33,43,33,35,47,44,45,36,30,33,18,22,20,16,5622
4321,VALERIE_ST W OF HIGH_ST,045 G04,-37.80063,145.04864,4746,1538,7,1,10/19/2006,12,12,11,5,10,11,4,6,6,1,1,3,2,7,4,6,3,4,4,5,5,9,11,16,29,51,59,73,62,68,91,107,108,123,108,121,106,107,86,92,86,69,74,83,64,74,84,84,66,85,86,78,74,83,87,70,88,80,95,97,105,87,143,122,113,117,105,108,104,103,116,141,115,97,84,91,98,78,60,56,52,38,50,46,44,37,40,36,28,30,21,29,26,24,21,21,5742
4321,VALERIE_ST W OF HIGH_ST,045 G04,-37.80063,145.04864,4746,1538,7,1,10/20/2006,16,6,10,6,14,4,7,7,2,4,6,3,2,5,2,7,2,7,7,6,13,7,14,19,24,41,55,70,65,70,88,128,105,123,129,142,105,85,84,72,68,76,84,68,69,84,93,92,89,93,98,84,86,72,80,66,90,71,88,104,97,125,137,105,83,104,98,118,118,91,131,123,102,114,104,97,76,81,71,60,43,50,54,32,44,35,33,49,33,43,38,30,24,27,15,26,5828
4321,VALERIE_ST W OF HIGH_ST,045 G04,-37.80063,145.04864,4746,1538,7,1,10/21/2006,15,23,21,16,8,13,12,20,7,7,6,5,3,7,5,4,3,12,1,7,4,4,8,10,11,18,33,26,17,29,38,66,43,57,67,89,65,73,83,93,86,83,86,111,88,100,124,114,91,109,129,102,93,100,100,85,90,76,93,78,68,77,76,83,83,90,86,93,70,74,80,91,96,102,69,78,61,50,61,62,37,39,29,39,34,29,33,34,29,16,41,50,40,46,41,36,5090
4321,VALERIE_ST W OF HIGH_ST,045 G04,-37.80063,145.04864,4746,1538,7,1,10/22/2006,24,33,19,16,20,16,14,13,15,8,4,8,8,6,2,2,7,2,4,8,6,2,10,11,11,8,15,26,16,18,26,18,33,26,22,40,40,38,49,68,79,68,61,64,55,60,70,83,67,85,84,73,90,65,91,72,74,80,65,69,57,72,72,73,87,80,77,80,98,107,89,80,78,82,86,48,58,46,46,47,46,38,40,45,51,38,47,31,17,26,22,20,14,17,12,18,4112
4321,VALERIE_ST W OF HIGH_ST,045 G04,-37.80063,145.04864,4746,1538,7,1,10/23/2006,11,5,5,10,2,3,6,2,5,3,3,1,2,2,4,3,3,2,8,5,11,5,8,19,25,38,57,67,80,71,100,98,106,102,120,134,128,75,87,70,73,92,53,61,68,66,69,70,70,78,65,91,72,80,65,72,68,54,70,97,90,81,140,122,120,85,106,98,101,119,104,120,106,99,92,84,63,75,57,64,56,57,34,42,32,41,39,35,23,26,20,21,24,12,8,7,5323
4321,VALERIE_ST W OF HIGH_ST,045 G04,-37.80063,145.04864,4746,1538,7,1,10/24/2006,9,10,12,2,4,3,6,2,4,1,2,1,1,4,1,5,4,4,6,7,9,10,19,20,36,46,62,79,65,96,101,88,110,128,139,119,109,86,87,84,100,72,63,75,76,58,68,75,72,81,93,64,96,61,81,74,72,73,84,94,92,92,121,105,105,103,111,135,83,97,134,133,113,111,99,86,87,66,66,51,54,54,47,44,36,38,36,43,57,35,37,26,19,20,9,13,5671
4321,VALERIE_ST W OF HIGH_ST,045 G04,-37.80063,145.04864,4746,1538,7,1,10/25/2006,12,8,9,3,7,5,3,5,2,6,1,2,2,1,4,3,4,4,7,6,6,9,15,15,22,40,53,74,71,74,87,92,110,97,126,119,109,78,81,87,74,54,62,81,66,76,75,73,74,78,88,97,83,97,66,80,81,77,84,86,102,119,112,129,103,101,93,107,107,119,111,121,127,112,96,81,81,69,63,42,52,43,51,57,30,45,43,50,34,34,27,34,27,27,16,15,5591
4321,VALERIE_ST W OF HIGH_ST,045 G04,-37.80063,145.04864,4746,1538,7,1,10/26/2006,13,9,17,8,10,10,10,10,2,1,4,2,1,5,5,5,7,4,8,11,2,8,9,18,25,47,51,72,72,84,92,111,111,92,139,130,92,88,96,81,87,86,79,68,76,82,79,81,76,68,80,65,79,84,91,80,90,94,72,99,100,108,131,130,111,103,117,113,134,128,146,130,108,103,97,98,79,81,76,67,53,41,51,43,37,53,54,44,48,39,40,30,27,22,22,12,5954
4321,VALERIE_ST W OF HIGH_ST,045 G04,-37.80063,145.04864,4746,1538,7,1,10/27/2006,14,8,11,11,6,5,5,3,1,4,5,3,1,3,4,3,5,3,5,10,3,7,7,24,25,41,61,60,66,80,102,102,100,120,100,122,94,86,96,89,73,84,65,86,84,72,60,73,90,75,76,64,87,81,74,75,73,83,80,99,119,129,152,113,68,105,106,125,99,98,109,115,101,111,100,93,76,69,85,65,49,46,52,41,38,31,28,39,36,33,31,33,25,29,20,30,5648
4321,VALERIE_ST W OF HIGH_ST,045 G04,-37.80063,145.04864,4746,1538,7,1,10/28/2006,20,16,21,17,9,8,14,6,11,10,9,10,5,10,7,5,7,1,5,12,5,5,5,12,8,25,21,26,19,26,44,44,47,43,60,70,64,94,102,80,101,77,76,99,90,104,107,101,116,106,135,91,104,104,96,92,108,91,82,85,81,96,84,84,91,76,78,84,67,109,89,90,81,80,85,80,59,76,47,57,36,42,29,26,36,38,35,36,36,35,39,27,36,25,25,36,5099
4321,VALERIE_ST W OF HIGH_ST,045 G04,-37.80063,145.04864,4746,1538,7,1,10/29/2006,20,19,28,15,26,15,11,0,0,0,0,11,9,19,9,8,8,3,8,7,7,8,3,6,6,10,17,13,13,17,13,24,17,20,29,35,41,36,41,46,36,56,49,62,69,57,73,60,67,77,79,65,74,80,76,67,78,56,65,71,74,67,58,69,81,80,79,80,82,85,85,79,82,75,83,75,54,50,61,37,33,45,45,35,50,40,33,25,27,29,30,25,20,17,15,18,3858
4321,VALERIE_ST W OF HIGH_ST,045 G04,-37.80063,145.04864,4746,1538,7,1,10/30/2006,18,7,8,9,4,5,4,2,4,0,0,4,1,1,4,5,6,7,6,5,10,9,7,12,17,29,49,65,69,89,88,101,119,97,128,122,109,81,74,76,63,70,71,71,65,77,77,75,77,67,81,81,82,87,73,87,76,73,77,96,108,110,121,125,99,102,111,100,113,116,118,123,120,89,110,86,70,62,63,46,48,57,42,57,36,29,40,26,27,34,33,23,18,19,13,11,5482
4321,VALERIE_ST W OF HIGH_ST,045 G04,-37.80063,145.04864,4746,1538,7,1,10/31/2006,10,11,10,8,4,10,0,3,8,3,1,4,2,3,3,2,3,2,6,10,8,13,10,17,19,41,59,84,76,77,106,110,102,117,113,119,111,91,99,77,76,63,82,75,65,54,65,55,67,79,73,80,86,76,65,82,81,85,84,83,96,114,132,118,111,130,122,102,96,122,115,134,103,103,108,102,92,74,64,54,52,57,33,45,44,44,48,37,47,38,31,23,27,21,20,11,5698
4324,COTHAM_RD E OF GLENFERRIE_RD,045 E06,-37.809274,145.037306,16859,2707,3,1,10/1/2006,43,34,35,24,19,31,15,17,21,26,15,20,18,15,17,10,12,18,16,15,11,12,16,14,20,16,22,34,17,33,38,48,37,52,57,70,70,94,96,104,76,77,111,112,130,114,120,118,92,124,133,121,106,108,135,126,126,116,111,121,106,91,99,127,115,98,125,131,100,104,127,100,120,90,123,106,83,73,63,50,55,35,48,49,60,71,41,35,45,42,27,27,19,21,21,13,6199
4324,COTHAM_RD E OF GLENFERRIE_RD,045 E06,-37.809274,145.037306,16859,2707,3,1,10/8/2006,51,42,40,42,35,31,26,22,20,26,25,19,23,22,13,10,12,6,8,7,15,9,12,25,14,16,33,36,22,30,35,35,40,55,63,81,89,73,88,102,87,103,109,98,119,117,111,128,122,130,125,108,125,117,98,131,131,106,102,111,105,115,119,121,111,105,109,102,108,101,97,130,135,106,97,110,92,78,70,59,55,63,37,68,57,53,44,52,32,33,28,20,11,27,33,14,6328
4324,COTHAM_RD E OF GLENFERRIE_RD,045 E06,-37.809274,145.037306,16859,2707,3,1,10/15/2006,43,38,27,42,24,21,20,30,20,9,22,16,17,18,23,17,22,18,28,25,22,15,22,22,22,16,25,34,33,25,43,52,45,49,52,72,82,82,97,101,90,97,102,126,114,102,130,99,134,151,121,118,126,111,130,123,117,120,113,118,122,110,126,122,110,112,108,122,109,131,113,132,112,103,85,91,86,72,62,66,55,56,49,55,58,65,40,37,40,22,35,14,32,20,18,18,6441
4324,COTHAM_RD E OF GLENFERRIE_RD,045 E06,-37.809274,145.037306,16859,2707,3,1,10/22/2006,47,38,28,33,31,20,28,19,23,21,14,16,12,11,16,15,14,14,15,9,10,7,16,11,18,14,23,23,24,29,40,40,47,53,51,84,65,78,83,108,86,99,118,116,121,103,118,127,111,135,134,108,106,127,100,144,127,120,133,133,112,120,99,125,118,119,114,107,114,114,133,108,112,111,89,104,85,75,72,70,52,44,46,72,58,51,54,36,39,37,27,22,29,23,23,11,6339
4324,COTHAM_RD E OF GLENFERRIE_RD,045 E06,-37.809274,145.037306,16859,2707,3,1,10/29/2006,35,35,38,32,27,27,16,0,0,0,0,17,25,16,17,14,19,12,16,11,12,13,13,19,13,23,30,26,22,22,35,46,35,44,51,46,66,64,63,88,72,79,97,121,96,116,98,113,124,121,122,139,105,114,108,135,111,132,124,99,120,107,127,111,109,112,111,105,129,118,109,110,109,137,89,108,83,87,95,86,56,72,63,58,63,73,57,41,47,21,32,29,27,21,23,16,6175
4324,GLENFERRIE_RD S OF COTHAM_RD,045 E06,-37.809547,145.036785,14646,2707,5,1,10/1/2006,32,29,32,15,25,21,21,20,21,14,15,17,17,11,15,16,12,6,5,12,9,9,4,8,6,5,10,12,14,14,5,13,14,19,33,31,43,38,41,48,52,46,47,55,58,54,57,71,66,66,71,86,86,67,71,65,55,62,60,75,87,65,71,74,64,75,76,71,76,81,77,88,90,71,66,69,53,54,42,42,41,37,38,35,44,39,27,41,33,27,34,22,14,23,13,20,3882
4324,GLENFERRIE_RD S OF COTHAM_RD,045 E06,-37.809547,145.036785,14646,2707,5,1,10/2/2006,10,9,8,5,10,5,5,9,7,3,3,3,0,3,5,4,1,2,3,6,3,2,9,10,17,17,21,28,27,48,45,45,99,94,87,52,57,53,60,51,62,53,71,80,75,66,58,78,70,63,64,49,68,79,77,65,75,67,72,86,79,65,110,101,113,79,103,113,120,145,155,134,122,116,110,83,82,63,66,77,55,59,43,41,39,49,41,44,39,32,21,21,20,19,10,14,4887
4324,GLENFERRIE_RD S OF COTHAM_RD,045 E06,-37.809547,145.036785,14646,2707,5,1,10/3/2006,11,8,13,4,4,4,2,6,4,3,1,4,3,4,4,4,4,1,2,1,8,5,8,10,14,15,26,49,41,33,63,64,81,85,95,71,60,65,65,67,62,58,43,66,73,62,59,90,75,84,67,74,76,81,72,82,64,98,85,79,72,84,112,99,108,104,109,103,104,134,137,151,125,108,129,104,92,74,74,57,66,72,65,59,44,53,47,57,53,39,44,24,26,38,26,21,5276
4324,GLENFERRIE_RD S OF COTHAM_RD,045 E06,-37.809547,145.036785,14646,2707,5,1,10/4/2006,10,17,6,12,6,5,9,9,6,5,2,6,8,5,5,6,4,3,1,4,4,4,8,12,13,17,28,43,45,52,62,66,82,98,87,63,60,51,58,74,60,70,64,67,69,63,63,72,66,70,72,81,65,65,64,72,72,75,76,71,98,83,108,110,117,91,117,111,135,127,125,122,133,121,114,104,92,86,69,71,85,60,59,66,63,45,67,57,48,63,49,42,25,27,23,13,5359
4324,GLENFERRIE_RD S OF COTHAM_RD,045 E06,-37.809547,145.036785,14646,2707,5,1,10/5/2006,17,14,10,19,12,11,9,7,3,3,4,5,3,7,5,2,3,4,1,3,4,3,12,4,18,17,23,27,36,35,43,59,70,112,112,72,69,64,59,68,59,54,66,66,73,81,71,84,66,80,74,75,76,63,87,87,84,69,74,86,73,88,112,108,115,108,124,103,129,127,127,129,117,117,97,113,95,84,79,81,69,59,61,61,66,50,60,60,53,54,45,43,40,20,24,17,5432
4324,GLENFERRIE_RD S OF COTHAM_RD,045 E06,-37.809547,145.036785,14646,2707,5,1,10/6/2006,19,16,14,9,10,11,10,20,22,10,10,14,12,12,4,16,6,5,5,11,8,10,9,10,14,18,19,27,41,48,57,58,80,95,87,72,66,79,66,71,73,65,75,66,75,75,61,73,82,74,69,70,73,72,88,68,85,93,80,67,89,82,107,92,106,108,114,129,121,112,140,122,117,112,112,112,92,94,75,68,76,52,46,62,51,54,53,34,54,54,56,64,47,31,34,29,5556
4324,GLENFERRIE_RD S OF COTHAM_RD,045 E06,-37.809547,145.036785,14646,2707,5,1,10/7/2006,39,29,18,24,17,20,20,6,16,19,15,12,15,15,12,6,5,7,6,8,6,10,12,5,6,6,15,21,23,25,23,44,33,28,46,55,63,40,57,57,69,69,79,80,73,91,109,93,85,90,83,105,81,79,92,85,83,92,72,89,85,90,74,80,92,85,75,90,101,78,94,78,84,69,72,66,67,79,55,46,49,42,48,49,38,39,35,40,37,32,65,37,33,56,51,41,4835
4324,GLENFERRIE_RD S OF COTHAM_RD,045 E06,-37.809547,145.036785,14646,2707,5,1,10/8/2006,28,30,46,39,39,24,23,23,24,22,15,19,19,18,12,9,12,10,6,7,8,16,5,13,10,5,11,7,8,21,24,20,11,20,22,32,28,41,40,47,65,43,60,57,61,56,64,66,72,77,66,79,88,62,58,71,73,83,76,71,65,78,65,76,73,82,81,82,81,100,72,62,82,76,63,60,72,53,38,44,30,47,43,36,36,33,34,35,26,32,25,28,16,20,9,14,4031
4324,GLENFERRIE_RD S OF COTHAM_RD,045 E06,-37.809547,145.036785,14646,2707,5,1,10/9/2006,11,9,10,11,9,6,4,3,4,2,4,3,4,1,1,3,3,2,2,6,5,3,9,17,15,20,27,24,37,40,46,69,87,98,97,71,59,60,45,68,59,51,70,61,60,77,63,85,66,73,83,74,75,53,66,74,68,85,74,87,69,65,95,113,90,112,110,108,120,133,130,139,127,107,90,88,92,71,67,67,55,67,51,38,61,40,43,42,47,35,20,22,15,16,11,11,4966
4324,GLENFERRIE_RD S OF COTHAM_RD,045 E06,-37.809547,145.036785,14646,2707,5,1,10/10/2006,8,7,6,6,8,5,3,5,5,8,2,1,2,5,0,3,3,0,1,1,4,6,7,7,9,14,30,45,29,49,47,56,86,99,95,67,62,66,62,57,53,57,66,54,41,62,61,93,72,86,56,94,65,64,66,71,71,75,90,65,72,84,78,101,105,103,97,112,114,144,121,145,118,133,113,101,99,96,65,70,71,69,57,61,56,57,82,57,58,47,40,36,31,25,22,17,5195
4324,GLENFERRIE_RD S OF COTHAM_RD,045 E06,-37.809547,145.036785,14646,2707,5,1,10/11/2006,27,22,13,14,11,10,11,7,11,8,7,8,4,8,4,6,6,3,0,5,3,4,2,14,10,18,31,35,45,53,47,56,82,95,75,73,53,74,67,68,52,66,72,85,53,81,65,69,73,75,79,69,75,57,73,81,74,57,82,78,82,76,127,93,98,95,100,119,110,149,148,132,141,123,103,107,104,87,84,77,56,63,69,53,52,57,65,51,61,46,46,40,37,22,14,23,5416
4324,GLENFERRIE_RD S OF COTHAM_RD,045 E06,-37.809547,145.036785,14646,2707,5,1,10/12/2006,15,10,9,6,8,7,5,4,1,3,4,1,1,2,5,8,1,4,5,2,2,7,8,20,9,11,22,33,39,38,61,64,87,93,69,73,63,65,54,70,72,58,75,72,77,72,81,87,83,75,76,79,52,77,78,67,91,76,84,88,70,99,128,92,106,128,89,110,119,140,117,122,116,108,104,107,79,67,80,73,67,66,84,61,55,72,63,68,51,44,51,44,32,31,26,21,5399
4324,GLENFERRIE_RD S OF COTHAM_RD,045 E06,-37.809547,145.036785,14646,2707,5,1,10/13/2006,14,11,15,15,18,13,13,8,14,12,10,13,10,5,15,8,4,9,7,1,11,8,9,18,16,18,17,31,38,58,46,59,79,108,102,76,76,52,67,68,70,73,89,64,55,67,63,64,64,92,72,94,91,67,77,77,89,73,62,85,73,91,112,96,115,94,106,95,101,110,142,133,129,119,109,80,101,74,85,85,68,61,47,49,59,57,43,45,50,36,51,38,27,33,44,41,5459
4324,GLENFERRIE_RD S OF COTHAM_RD,045 E06,-37.809547,145.036785,14646,2707,5,1,10/14/2006,29,28,19,22,26,27,16,16,17,12,12,12,17,15,11,11,10,9,4,5,5,6,11,8,10,13,12,21,25,29,25,24,48,41,52,68,64,56,70,78,64,67,84,93,91,71,83,97,97,93,84,85,96,93,92,68,91,114,73,94,91,104,103,92,86,82,91,97,84,94,85,100,81,88,69,76,71,83,58,48,51,60,47,47,56,30,43,24,35,44,46,53,45,33,41,45,5097
4324,GLENFERRIE_RD S OF COTHAM_RD,045 E06,-37.809547,145.036785,14646,2707,5,1,10/15/2006,37,31,28,35,28,21,25,22,17,14,11,10,17,18,16,6,10,19,10,14,12,11,9,9,15,5,6,9,10,12,13,16,25,13,26,31,35,39,32,37,55,48,55,49,64,65,70,55,70,93,73,64,69,72,58,68,67,81,78,70,79,74,55,87,79,92,76,72,76,83,88,72,69,72,62,65,56,56,49,54,26,33,31,34,35,43,37,38,28,22,26,15,20,14,11,11,3918
4324,GLENFERRIE_RD S OF COTHAM_RD,045 E06,-37.809547,145.036785,14646,2707,5,1,10/16/2006,14,12,11,10,9,8,4,2,6,5,3,2,1,2,1,2,3,4,3,4,9,4,10,8,13,15,22,38,38,56,39,71,81,80,111,59,54,65,70,62,57,62,66,72,56,59,69,72,66,63,71,70,86,74,62,91,68,82,84,80,67,90,108,117,97,102,114,84,133,134,144,123,122,109,113,107,78,77,66,76,53,59,59,47,56,34,32,39,59,50,35,24,21,26,11,11,5098
4324,GLENFERRIE_RD S OF COTHAM_RD,045 E06,-37.809547,145.036785,14646,2707,5,1,10/17/2006,8,5,12,8,6,5,2,8,3,4,6,4,5,4,5,1,4,1,1,6,8,5,6,7,16,14,28,38,35,39,47,55,66,108,103,78,72,55,59,60,66,57,61,61,59,76,72,68,56,80,81,83,75,72,67,70,70,86,94,88,69,93,95,94,104,116,123,126,112,127,147,114,132,134,105,106,102,79,89,69,80,50,72,56,56,60,51,57,58,39,45,43,45,27,26,35,5375
4324,GLENFERRIE_RD S OF COTHAM_RD,045 E06,-37.809547,145.036785,14646,2707,5,1,10/18/2006,20,13,18,14,11,10,14,12,8,10,8,7,14,5,8,7,7,5,2,7,4,5,9,12,15,18,23,39,51,50,58,59,72,104,97,64,54,68,64,72,58,67,68,74,64,57,62,79,72,76,76,63,68,60,71,75,76,76,79,92,88,93,123,107,104,102,109,123,106,130,125,142,119,129,99,103,85,77,89,64,52,67,61,65,72,53,50,58,51,46,47,46,20,27,27,23,5433
4324,GLENFERRIE_RD S OF COTHAM_RD,045 E06,-37.809547,145.036785,14646,2707,5,1,10/19/2006,17,13,7,7,10,1,9,8,5,7,5,5,1,3,4,4,4,1,0,10,3,4,10,15,13,15,20,35,31,48,39,67,57,76,108,51,62,65,52,63,67,71,66,79,63,76,73,68,72,80,81,76,83,63,72,66,74,80,67,102,81,86,107,104,107,118,127,101,106,128,136,123,105,122,104,102,104,82,69,67,64,69,67,60,59,46,60,55,58,61,48,47,42,39,28,26,5342
4324,GLENFERRIE_RD S OF COTHAM_RD,045 E06,-37.809547,145.036785,14646,2707,5,1,10/20/2006,17,18,14,9,16,14,12,15,13,10,8,9,7,8,14,12,8,5,2,4,4,11,8,11,13,15,30,32,40,50,57,51,73,79,98,63,58,64,54,64,63,73,73,67,74,62,76,97,85,77,69,81,93,95,78,88,88,69,81,85,91,102,118,115,124,122,102,116,94,126,133,154,138,110,86,100,89,64,78,74,51,55,54,39,49,59,50,44,50,50,46,42,45,40,30,41,5545
4324,GLENFERRIE_RD S OF COTHAM_RD,045 E06,-37.809547,145.036785,14646,2707,5,1,10/21/2006,26,31,29,17,17,24,14,7,13,13,8,4,5,8,4,7,7,4,7,9,8,8,9,6,9,9,12,14,19,21,19,29,38,41,58,59,60,55,46,69,84,84,77,73,106,83,90,82,93,79,78,94,83,78,89,97,89,92,68,86,78,65,91,75,77,80,95,83,95,105,93,69,100,77,66,65,72,71,66,52,63,42,42,40,51,37,46,33,38,31,47,35,41,34,51,40,4794
4324,GLENFERRIE_RD S OF COTHAM_RD,045 E06,-37.809547,145.036785,14646,2707,5,1,10/22/2006,48,45,35,24,31,20,22,22,21,10,19,12,9,14,14,10,11,10,4,12,7,12,4,5,10,5,9,9,7,11,11,16,22,16,15,29,33,34,29,46,49,44,59,64,48,61,68,87,80,74,58,68,82,71,75,72,66,67,75,66,83,73,70,73,77,77,77,84,103,85,84,79,72,62,68,69,63,66,50,33,47,51,35,47,30,32,36,28,35,28,25,24,30,27,26,13,4019
4324,GLENFERRIE_RD S OF COTHAM_RD,045 E06,-37.809547,145.036785,14646,2707,5,1,10/23/2006,14,9,4,4,9,7,5,2,1,1,2,5,6,3,2,3,2,3,0,7,7,4,2,12,15,23,26,31,41,36,45,65,69,94,102,58,59,53,47,54,66,60,69,55,64,60,45,83,68,64,63,75,80,63,80,72,69,70,72,68,78,95,115,71,122,110,106,104,107,124,142,145,106,108,85,94,78,74,52,61,60,60,40,52,53,51,46,45,41,34,28,36,22,17,12,10,4862
4324,GLENFERRIE_RD S OF COTHAM_RD,045 E06,-37.809547,145.036785,14646,2707,5,1,10/24/2006,11,10,8,8,6,6,2,8,3,1,2,3,3,4,0,2,3,1,2,4,5,7,6,14,20,16,26,37,47,38,56,60,67,100,91,63,54,63,59,58,64,57,60,67,65,58,60,75,72,66,76,70,78,64,69,72,80,71,93,78,76,107,109,119,122,103,113,87,129,121,140,129,145,122,116,92,85,88,58,62,60,75,67,69,60,56,48,43,40,46,51,32,27,24,19,18,5227
4324,GLENFERRIE_RD S OF COTHAM_RD,045 E06,-37.809547,145.036785,14646,2707,5,1,10/25/2006,19,19,13,16,11,10,11,9,7,10,9,6,8,5,6,12,6,5,2,7,2,3,7,10,18,17,32,28,42,45,43,50,81,92,115,78,58,67,50,70,59,73,43,72,81,76,77,72,79,82,65,80,68,70,52,81,73,76,75,83,79,114,125,101,91,92,87,99,124,143,145,124,135,116,132,112,97,85,91,71,64,49,57,37,47,53,55,51,54,39,29,31,30,16,20,19,5350
4324,GLENFERRIE_RD S OF COTHAM_RD,045 E06,-37.809547,145.036785,14646,2707,5,1,10/26/2006,12,9,16,10,7,12,9,4,3,3,2,4,5,3,5,2,3,1,8,1,7,5,7,15,25,15,23,23,24,44,51,47,65,105,90,74,74,66,56,73,63,64,63,70,57,64,76,73,71,66,71,86,76,57,70,70,80,92,89,86,84,91,107,99,110,99,104,115,143,133,128,122,124,146,103,97,113,103,66,84,59,55,74,51,56,74,49,58,42,43,49,43,34,30,19,25,5384
4324,GLENFERRIE_RD S OF COTHAM_RD,045 E06,-37.809547,145.036785,14646,2707,5,1,10/27/2006,22,14,14,16,12,12,12,9,8,11,13,12,4,7,10,5,5,6,3,10,8,14,7,14,14,12,27,26,33,57,48,57,87,91,102,90,61,62,55,80,61,72,67,78,62,57,92,85,82,72,77,81,81,88,76,80,95,79,80,79,92,77,107,101,118,94,127,104,121,130,143,139,120,106,110,67,82,97,87,69,65,57,40,40,54,44,52,55,41,43,44,36,36,45,40,38,5515
4324,GLENFERRIE_RD S OF COTHAM_RD,045 E06,-37.809547,145.036785,14646,2707,5,1,10/28/2006,32,33,14,23,20,23,11,8,17,9,21,14,6,12,6,6,4,2,6,10,10,4,6,6,6,10,16,20,24,23,25,37,41,39,60,49,53,50,75,65,67,77,80,76,82,84,74,78,105,86,84,100,76,85,82,90,86,96,80,89,94,80,77,74,82,86,87,83,98,102,91,91,87,61,65,75,60,63,57,56,53,47,47,56,42,39,29,39,39,34,45,41,43,33,46,40,4815
4324,GLENFERRIE_RD S OF COTHAM_RD,045 E06,-37.809547,145.036785,14646,2707,5,1,10/29/2006,38,40,47,29,33,21,23,0,0,0,0,17,16,17,13,14,9,15,10,14,12,12,14,6,4,14,11,10,9,11,13,18,12,9,23,24,30,32,40,42,39,44,47,40,67,54,57,64,59,83,63,77,70,66,64,80,85,55,62,65,67,70,70,83,81,55,80,84,87,71,81,65,72,63,55,57,62,57,59,51,51,37,40,37,42,36,32,28,36,34,21,27,19,13,24,15,3805
4324,GLENFERRIE_RD S OF COTHAM_RD,045 E06,-37.809547,145.036785,14646,2707,5,1,10/30/2006,11,13,7,8,5,5,8,5,3,4,3,3,1,2,2,2,8,1,3,7,5,6,3,9,14,15,19,30,32,40,45,57,85,80,102,73,60,47,53,56,58,55,74,82,71,51,63,68,69,79,70,76,81,65,77,74,70,83,89,85,73,79,123,96,117,109,101,98,117,138,117,117,123,110,103,90,75,78,50,57,61,51,54,41,48,47,49,50,33,43,39,26,15,17,14,12,4943
4324,GLENFERRIE_RD S OF COTHAM_RD,045 E06,-37.809547,145.036785,14646,2707,5,1,10/31/2006,20,8,9,7,6,3,5,1,5,1,9,7,2,5,2,4,7,2,1,4,5,4,9,8,12,17,29,36,34,40,35,57,63,88,95,79,57,55,47,60,66,67,75,67,76,65,69,71,74,72,69,74,82,69,66,85,70,67,78,76,74,84,130,89,70,121,110,111,106,133,125,129,127,136,135,107,92,78,73,66,57,61,46,51,48,57,54,50,48,33,41,39,23,28,22,13,5143
4324,COTHAM_RD W OF GLENFERRIE_RD,045 E06,-37.809176,145.036452,6621,2707,7,1,10/1/2006,28,25,43,30,19,32,30,21,19,27,12,16,12,16,18,14,20,9,15,12,13,7,9,9,6,13,11,20,16,14,19,27,20,42,33,51,64,56,75,65,80,77,98,98,94,90,101,107,108,116,103,120,102,133,105,91,99,93,104,109,110,129,128,114,112,114,106,123,102,150,87,109,100,95,104,91,92,65,82,67,45,57,50,61,46,61,55,43,38,37,27,47,22,22,21,16,5744
4324,COTHAM_RD W OF GLENFERRIE_RD,045 E06,-37.809176,145.036452,6621,2707,7,1,10/7/2006,24,39,40,29,26,23,26,20,19,13,11,10,15,7,11,9,15,10,10,14,9,10,13,13,17,16,25,28,28,25,44,66,48,79,84,85,107,89,100,106,124,122,129,122,119,120,152,141,167,134,132,133,135,122,108,126,120,114,126,123,113,105,113,105,126,119,101,124,133,125,112,111,102,119,108,124,104,104,72,80,63,70,66,64,61,62,61,54,57,62,49,48,54,67,67,69,7106
4324,COTHAM_RD W OF GLENFERRIE_RD,045 E06,-37.809176,145.036452,6621,2707,7,1,10/8/2006,59,50,44,31,34,26,18,23,22,28,23,22,23,11,10,14,13,9,16,3,10,6,7,13,6,21,12,20,11,21,18,32,35,36,36,51,51,51,81,68,83,74,92,91,92,94,86,117,120,114,102,119,142,125,101,124,93,122,95,105,104,117,101,121,116,93,118,105,134,107,92,94,93,95,111,91,83,91,72,65,60,52,60,46,56,42,55,32,55,38,39,34,29,36,20,11,5824
4324,COTHAM_RD W OF GLENFERRIE_RD,045 E06,-37.809176,145.036452,6621,2707,7,1,10/14/2006,55,31,23,26,17,29,21,17,22,19,13,13,15,9,13,10,10,9,11,10,7,6,14,8,10,13,20,25,34,35,46,61,55,86,89,106,84,87,110,119,138,115,115,153,139,161,158,143,169,179,153,135,130,149,140,146,128,124,141,130,135,118,129,130,137,122,151,117,121,111,110,132,103,123,125,119,82,79,84,76,73,61,56,55,70,50,44,63,72,60,44,58,52,63,60,43,7462
4324,COTHAM_RD W OF GLENFERRIE_RD,045 E06,-37.809176,145.036452,6621,2707,7,1,10/15/2006,33,46,46,25,39,27,35,23,23,20,20,14,22,16,21,8,18,12,14,11,9,14,11,11,10,16,20,15,13,19,25,25,20,32,40,49,60,67,68,68,85,69,89,103,85,106,98,139,100,122,91,125,124,114,116,129,103,121,104,105,116,108,135,120,112,121,119,133,110,109,114,121,96,82,92,92,78,83,82,69,70,57,44,53,60,40,48,43,44,35,28,20,25,22,18,17,5909
4324,COTHAM_RD W OF GLENFERRIE_RD,045 E06,-37.809176,145.036452,6621,2707,7,1,10/21/2006,37,45,35,30,20,24,24,12,11,18,18,13,7,7,9,11,8,4,7,11,6,6,12,5,16,20,21,25,25,33,46,50,63,59,77,109,99,92,108,118,109,149,154,140,151,152,156,179,167,165,160,130,143,118,129,122,125,139,115,124,134,120,113,133,134,115,136,143,146,110,125,106,98,104,98,115,109,96,90,83,86,68,55,55,49,47,48,45,56,49,71,66,81,51,56,64,7423
4324,COTHAM_RD W OF GLENFERRIE_RD,045 E06,-37.809176,145.036452,6621,2707,7,1,10/22/2006,60,53,46,34,33,36,36,29,12,22,18,14,18,14,16,7,13,8,11,7,8,10,14,9,13,8,8,13,11,14,20,27,29,34,47,53,59,48,76,87,99,77,93,116,96,112,110,124,124,109,117,119,127,114,104,91,122,98,91,100,119,124,107,113,112,121,110,128,121,107,124,116,86,116,106,82,91,70,68,55,66,40,56,65,53,55,48,46,45,34,24,27,30,24,13,20,5940
4324,COTHAM_RD W OF GLENFERRIE_RD,045 E06,-37.809176,145.036452,6621,2707,7,1,10/28/2006,38,32,36,28,23,22,29,10,14,18,14,13,16,21,11,9,6,15,4,8,9,9,13,11,15,15,19,22,29,26,49,45,61,76,86,85,99,91,124,112,105,125,142,116,147,130,158,168,139,179,167,140,135,165,123,123,151,107,117,111,138,131,138,107,118,132,124,133,139,116,107,112,101,127,101,118,114,99,92,70,79,68,66,62,49,49,63,54,38,48,58,52,69,45,41,43,7312
4324,COTHAM_RD W OF GLENFERRIE_RD,045 E06,-37.809176,145.036452,6621,2707,7,1,10/29/2006,56,42,45,33,27,39,31,0,0,0,0,14,20,18,12,17,14,10,10,12,13,14,10,15,18,16,15,15,10,19,13,22,24,35,36,37,48,44,51,62,67,88,67,67,69,88,104,123,115,117,108,105,111,148,121,95,108,88,105,104,100,109,100,119,131,110,134,124,135,131,94,114,109,99,95,99,80,76,67,68,68,53,60,66,50,49,54,38,54,34,39,32,31,25,27,24,5713
4335,HIGH_ST NE of CHARLES_ST,045 D06,-37.80624,145.03518,15722,679,2,1,10/1/2006,24,29,28,28,33,26,23,28,17,11,21,14,16,14,10,8,18,12,8,5,12,7,11,11,12,11,25,23,25,31,46,53,50,64,69,59,93,106,112,130,112,136,142,134,152,143,169,153,158,173,146,162,137,151,165,144,139,155,139,137,146,152,137,123,134,133,135,121,126,129,139,133,171,152,104,140,109,90,84,79,64,55,53,30,55,86,53,45,40,28,31,22,9,12,16,17,7423
4335,HIGH_ST NE of CHARLES_ST,045 D06,-37.80624,145.03518,15722,679,2,1,10/29/2006,48,37,38,28,13,23,25,0,0,0,0,21,27,13,10,17,22,13,7,13,10,11,18,14,10,13,21,16,29,19,28,43,42,47,59,77,68,89,86,129,104,114,140,127,111,110,179,136,148,175,158,173,167,156,169,137,159,155,157,139,147,154,126,164,123,141,131,126,134,124,135,116,120,127,143,131,138,94,102,98,62,64,71,85,61,39,34,46,41,34,34,27,27,14,14,22,7347
4812,SWAN_ST NE of MADDEN_GV,002HJ11,-37.82859,145.01644,6302,791,2,1,10/1/2006,49,54,48,50,31,39,36,23,36,31,23,21,28,29,21,19,25,25,15,19,14,17,18,24,8,30,30,38,28,27,36,43,36,56,55,61,56,69,92,78,99,91,94,100,96,97,118,96,114,92,106,102,108,111,109,86,90,103,81,88,79,81,85,79,82,76,90,63,68,63,73,66,81,63,70,74,45,44,54,40,29,43,39,42,37,57,43,42,46,32,26,25,24,32,26,15,5353
4812,SWAN_ST NE of MADDEN_GV,002HJ11,-37.82859,145.01644,6302,791,2,1,10/2/2006,16,12,15,9,8,11,10,6,12,6,8,4,9,5,12,4,6,7,9,11,10,23,33,48,47,79,112,121,121,168,141,199,184,168,215,185,135,116,121,82,85,73,83,102,77,108,71,84,94,92,102,75,75,86,80,70,80,100,89,73,91,85,104,88,106,102,112,107,119,115,114,120,109,111,122,111,88,63,68,54,59,44,60,45,73,26,39,34,37,41,32,31,19,20,18,10,6764
4812,SWAN_ST NE of MADDEN_GV,002HJ11,-37.82859,145.01644,6302,791,2,1,10/3/2006,15,10,11,12,3,3,6,4,5,8,5,5,8,4,12,6,11,13,6,12,10,21,40,52,73,98,133,129,171,99,200,196,205,213,208,212,141,139,148,106,89,95,103,117,99,94,93,103,83,101,75,82,100,76,90,76,84,111,82,93,78,84,107,105,95,93,116,88,124,126,147,130,119,130,109,124,111,72,75,73,60,56,45,57,73,71,44,52,52,38,34,37,23,32,24,22,7425
4812,SWAN_ST NE of MADDEN_GV,002HJ11,-37.82859,145.01644,6302,791,2,1,10/4/2006,22,17,9,6,13,5,9,7,6,7,8,7,8,4,6,7,6,8,9,4,15,32,49,75,56,90,111,136,154,164,179,178,218,207,210,210,152,141,122,138,100,122,103,96,89,102,102,95,85,78,89,84,98,85,94,96,77,85,81,87,86,106,100,92,108,97,115,119,107,122,119,123,130,123,125,108,93,79,82,54,77,46,70,62,73,58,45,50,57,40,45,27,27,36,30,23,7507
4812,SWAN_ST NE of MADDEN_GV,002HJ11,-37.82859,145.01644,6302,791,2,1,10/7/2006,38,28,33,39,38,27,32,28,26,26,22,21,27,20,23,13,18,13,17,12,4,13,25,34,30,44,44,63,44,53,56,53,71,91,90,131,80,121,120,121,114,103,108,128,105,118,134,129,101,106,126,106,115,133,127,99,88,96,105,93,83,94,98,74,95,80,66,91,97,83,118,103,95,84,106,115,108,106,90,72,65,67,81,79,64,65,55,64,68,69,58,60,53,51,58,50,6888
4812,SWAN_ST NE of MADDEN_GV,002HJ11,-37.82859,145.01644,6302,791,2,1,10/8/2006,47,45,50,32,40,26,29,26,23,20,33,29,35,27,32,26,15,25,20,18,12,25,26,38,31,38,31,40,30,29,50,39,49,47,64,76,55,87,81,91,72,88,96,91,105,91,94,107,107,106,135,109,101,128,93,108,84,100,78,90,84,72,96,90,76,65,81,78,76,85,103,73,61,85,70,75,59,62,55,31,46,40,37,45,54,48,43,48,35,40,26,26,21,27,15,17,5565
4812,SWAN_ST NE of MADDEN_GV,002HJ11,-37.82859,145.01644,6302,791,2,1,10/9/2006,11,13,14,10,7,10,4,5,10,6,7,9,9,4,8,6,7,7,8,14,11,26,45,53,54,100,117,116,129,156,168,191,208,215,210,180,172,139,115,119,107,87,100,114,93,97,99,76,91,101,78,75,92,84,75,83,78,81,70,90,93,84,113,91,99,100,100,101,120,105,129,111,125,106,101,75,96,81,80,47,53,41,46,46,72,41,44,59,38,38,40,35,29,21,20,12,7056
4812,SWAN_ST NE of MADDEN_GV,002HJ11,-37.82859,145.01644,6302,791,2,1,10/10/2006,8,10,8,7,7,4,5,7,7,7,5,4,11,1,11,8,8,6,5,11,12,27,36,50,51,97,106,132,136,176,174,202,227,211,220,202,135,141,118,136,100,88,105,86,96,103,82,79,86,102,96,83,82,99,98,78,81,84,95,80,78,84,73,114,115,120,118,97,93,116,150,118,148,120,133,99,114,119,61,82,57,62,52,61,69,53,63,45,44,48,54,45,26,32,29,13,7437
4812,SWAN_ST NE of MADDEN_GV,002HJ11,-37.82859,145.01644,6302,791,2,1,10/12/2006,10,13,11,7,8,7,8,13,6,6,7,7,7,11,13,7,8,11,10,12,12,28,46,53,56,93,120,117,145,177,156,211,225,192,206,191,177,157,110,121,109,90,120,97,89,85,86,101,93,72,84,92,95,87,94,71,92,87,79,75,83,69,100,78,110,109,97,104,113,126,115,125,117,111,102,114,90,93,69,76,86,68,67,77,81,65,72,57,45,53,42,41,49,37,21,28,7463
4812,SWAN_ST NE of MADDEN_GV,002HJ11,-37.82859,145.01644,6302,791,2,1,10/14/2006,37,33,34,34,29,25,23,31,30,22,22,22,21,20,10,10,17,18,13,16,11,13,22,28,33,34,58,72,45,44,53,78,51,81,94,149,82,122,121,142,135,124,144,140,117,149,140,141,134,135,111,100,119,87,104,104,127,86,99,104,95,88,102,84,95,91,81,85,94,85,102,113,92,112,107,142,115,93,86,75,63,61,70,64,67,75,70,77,70,71,72,43,54,52,54,52,7152
4812,SWAN_ST NE of MADDEN_GV,002HJ11,-37.82859,145.01644,6302,791,2,1,10/15/2006,34,54,48,47,31,26,35,21,39,25,37,17,21,17,26,15,20,27,38,33,33,34,28,22,24,22,28,41,35,33,36,42,49,48,54,68,70,76,84,95,94,81,99,90,92,96,105,119,111,103,99,103,101,96,94,127,88,90,113,63,101,90,101,116,88,100,83,96,70,88,95,70,85,93,57,72,70,56,48,52,34,49,44,45,53,45,38,34,36,35,27,25,16,23,26,15,5673
4812,SWAN_ST NE of MADDEN_GV,002HJ11,-37.82859,145.01644,6302,791,2,1,10/16/2006,15,12,12,13,10,4,15,6,6,10,5,1,6,13,11,6,9,6,8,8,10,27,47,56,51,90,101,105,127,172,174,179,206,220,205,198,177,139,147,141,136,89,112,102,100,91,88,85,88,95,117,95,75,79,86,93,92,83,94,73,105,77,91,88,109,104,124,101,116,123,100,108,109,97,103,99,80,75,59,56,45,59,47,62,75,44,35,36,38,48,28,32,26,16,11,15,7162
4812,SWAN_ST NE of MADDEN_GV,002HJ11,-37.82859,145.01644,6302,791,2,1,10/17/2006,15,18,6,14,10,6,6,8,5,7,9,7,5,9,12,7,8,6,6,10,14,20,41,73,60,86,109,111,146,176,205,206,180,188,165,235,196,164,117,133,112,95,93,102,88,101,75,100,95,112,96,97,95,88,68,90,73,82,107,99,86,83,98,84,120,84,96,127,111,114,125,129,145,125,106,106,110,92,95,67,69,55,46,71,56,50,39,43,51,37,39,34,32,21,36,19,7468
4812,SWAN_ST NE of MADDEN_GV,002HJ11,-37.82859,145.01644,6302,791,2,1,10/21/2006,30,42,32,27,35,26,28,20,29,20,17,11,19,15,14,14,18,9,10,10,9,12,25,24,39,24,50,54,36,45,58,56,74,77,80,128,85,133,112,127,96,102,97,162,138,111,150,126,120,121,152,98,110,99,98,89,121,88,109,85,85,91,95,85,88,94,113,99,114,97,116,124,99,96,101,104,108,108,99,72,78,78,51,56,61,68,65,60,59,59,51,57,50,46,44,49,6866
4812,SWAN_ST NE of MADDEN_GV,002HJ11,-37.82859,145.01644,6302,791,2,1,10/22/2006,64,40,50,38,42,31,34,31,26,19,31,14,22,30,27,18,15,24,17,17,10,17,25,23,15,27,25,29,32,28,30,29,40,26,56,56,53,64,98,65,82,69,97,93,102,83,106,112,81,110,109,113,106,112,89,73,88,87,78,86,85,70,73,81,92,93,105,104,95,84,85,85,82,83,71,61,72,60,56,54,38,53,41,48,47,51,46,37,25,30,30,28,36,21,14,20,5370
4812,SWAN_ST NE of MADDEN_GV,002HJ11,-37.82859,145.01644,6302,791,2,1,10/23/2006,15,13,7,15,7,10,14,11,3,2,7,4,5,4,8,4,12,12,7,7,16,20,46,58,66,80,107,123,146,167,160,208,193,181,261,199,182,145,123,101,102,67,78,86,79,66,99,84,96,83,72,82,66,84,94,74,74,90,79,66,86,73,91,113,82,111,100,90,99,111,132,104,112,110,85,87,72,77,51,56,47,46,40,45,61,35,29,46,38,32,32,21,19,29,10,14,6756
4812,SWAN_ST NE of MADDEN_GV,002HJ11,-37.82859,145.01644,6302,791,2,1,10/29/2006,57,48,47,40,38,30,33,0,0,0,0,37,23,26,23,17,22,23,20,12,20,20,28,17,17,26,27,34,24,30,29,32,40,45,36,64,52,57,78,63,90,64,90,69,88,95,89,123,97,101,108,102,94,105,121,84,113,103,88,99,105,72,99,73,101,90,97,76,93,68,93,81,62,74,99,71,77,50,62,36,44,51,56,50,51,49,43,37,42,44,28,30,37,26,20,14,5359
4812,SWAN_ST NE of MADDEN_GV,002HJ11,-37.82859,145.01644,6302,791,2,1,10/30/2006,19,17,15,9,14,8,8,12,6,5,8,7,8,10,15,8,12,4,9,8,15,16,46,43,53,83,104,107,154,153,167,183,197,196,213,217,181,127,123,102,108,78,85,94,90,100,82,69,90,83,89,85,93,80,78,82,72,68,85,92,101,87,94,103,109,120,119,109,89,123,150,101,123,110,93,104,83,76,78,62,49,58,46,56,78,42,45,49,34,38,40,26,26,13,19,14,7052
4812,SWAN_ST SW of MADDEN_GV,002HJ11,-37.82903,145.01456,4250,791,6,1,10/1/2006,64,63,83,68,64,56,52,49,53,36,41,50,34,29,27,39,32,38,24,28,30,23,19,23,30,21,36,46,30,28,26,32,28,29,52,62,50,53,68,81,74,95,85,92,96,102,137,109,99,115,123,126,108,121,119,114,113,113,103,100,120,110,95,110,115,118,117,129,108,129,121,96,113,115,83,80,76,73,86,68,65,63,55,60,55,68,62,57,51,51,44,36,43,50,25,31,6719
4812,SWAN_ST SW of MADDEN_GV,002HJ11,-37.82903,145.01456,4250,791,6,1,10/8/2006,78,99,77,66,58,58,68,45,56,66,49,53,40,42,36,29,46,37,26,34,22,23,21,24,28,41,46,34,36,25,40,42,39,38,49,51,61,56,71,68,56,77,99,98,96,103,100,91,118,125,129,114,125,118,116,114,120,119,116,101,133,122,113,118,117,130,140,133,131,116,126,99,142,120,104,112,97,67,52,61,74,58,60,37,70,59,55,53,45,43,51,44,56,38,28,29,7046
4812,SWAN_ST SW of MADDEN_GV,002HJ11,-37.82903,145.01456,4250,791,6,1,10/15/2006,89,69,85,51,60,57,55,45,42,45,54,40,27,40,41,29,38,30,24,32,16,35,17,25,30,30,19,26,22,25,25,39,38,57,35,45,52,55,62,67,68,90,86,97,114,87,132,114,119,120,117,125,106,109,108,111,118,107,124,129,114,128,138,145,133,138,131,112,124,115,117,89,114,108,99,100,82,79,84,69,62,73,56,62,59,64,56,71,60,58,47,53,58,36,42,40,6970
4812,SWAN_ST SW of MADDEN_GV,002HJ11,-37.82903,145.01456,4250,791,6,1,10/22/2006,84,76,83,82,70,64,64,58,48,52,43,40,48,39,33,28,27,30,22,16,14,23,26,25,19,28,23,32,17,33,34,32,36,42,40,60,48,56,64,63,74,71,96,74,98,73,105,108,107,101,93,106,125,115,104,86,96,123,106,118,122,120,125,137,123,108,131,112,107,123,105,113,118,115,98,95,86,84,65,58,84,117,97,79,75,64,52,48,54,66,39,49,40,36,25,30,6801
4812,SWAN_ST SW of MADDEN_GV,002HJ11,-37.82903,145.01456,4250,791,6,1,10/29/2006,98,99,73,80,59,76,51,45,45,48,46,47,38,42,37,47,46,41,34,20,33,23,34,25,11,24,29,19,28,34,30,39,19,37,37,39,48,42,67,63,62,67,62,69,70,74,89,95,104,107,103,121,91,102,119,97,105,128,109,104,117,119,138,126,125,133,138,126,116,139,128,104,92,119,114,107,93,72,76,62,74,66,77,74,75,57,43,73,56,48,45,49,51,42,34,37,6776
4821,WALMER_ST N OF VICTORIA_ST,002HF02,-37.81285,145.00849,-1,1513,1,1,10/1/2006,0,0,0,0,0,1,0,0,0,1,0,0,0,1,1,0,0,0,0,0,0,0,0,5,0,1,0,0,5,1,2,1,0,3,7,5,11,8,5,7,10,3,5,10,13,24,6,7,5,16,7,8,2,4,7,3,5,3,6,7,10,9,5,5,4,3,2,9,9,3,5,2,5,1,0,0,0,3,0,1,0,0,1,0,2,3,0,0,0,2,0,0,0,4,0,0,304
4821,WALMER_ST N OF VICTORIA_ST,002HF02,-37.81285,145.00849,-1,1513,1,1,10/2/2006,1,0,0,0,0,1,0,0,0,0,0,0,0,0,0,0,0,0,0,0,0,0,0,0,2,0,1,3,6,3,13,8,9,13,4,1,0,15,3,8,10,5,3,8,8,0,5,4,7,3,2,1,2,7,3,2,0,2,3,7,6,5,4,3,4,6,7,4,12,10,7,9,5,10,9,2,5,1,0,3,0,4,2,1,2,0,0,1,0,0,0,0,0,0,0,1,296
4821,WALMER_ST N OF VICTORIA_ST,002HF02,-37.81285,145.00849,-1,1513,1,1,10/3/2006,0,0,0,0,0,0,0,0,0,0,0,0,0,0,0,0,0,0,0,0,0,1,0,1,11,20,3,13,13,3,21,6,26,6,4,4,12,5,3,4,3,0,5,3,5,8,1,5,7,4,4,4,4,5,2,6,7,13,2,7,2,3,2,3,5,11,7,5,17,12,2,6,5,4,16,7,5,4,0,1,6,1,0,3,1,1,0,2,0,0,0,0,0,0,2,1,385
4821,WALMER_ST N OF VICTORIA_ST,002HF02,-37.81285,145.00849,-1,1513,1,1,10/4/2006,3,0,0,0,0,0,0,0,0,0,0,0,0,0,0,0,0,0,0,0,2,0,4,1,3,8,5,12,3,13,21,5,17,23,26,10,2,2,3,6,8,4,5,4,2,4,3,7,3,4,0,14,2,8,8,7,3,11,5,3,1,3,0,2,6,7,3,8,5,12,9,12,5,9,15,4,22,0,0,1,1,1,0,0,3,0,1,0,1,0,0,0,1,4,0,1,411
4821,WALMER_ST N OF VICTORIA_ST,002HF02,-37.81285,145.00849,-1,1513,1,1,10/5/2006,2,0,2,0,0,0,0,0,0,0,0,0,0,0,0,0,0,0,0,0,0,0,1,0,0,7,5,1,3,12,11,10,10,12,7,7,7,6,0,4,3,6,2,2,4,3,1,2,4,2,5,1,3,11,2,9,5,10,5,7,4,0,3,0,4,7,5,2,9,5,5,3,7,6,5,5,2,0,2,3,4,8,0,0,2,0,0,0,1,3,0,0,0,1,0,0,290
4821,WALMER_ST N OF VICTORIA_ST,002HF02,-37.81285,145.00849,-1,1513,1,1,10/6/2006,2,0,1,0,0,0,0,0,0,0,0,0,0,0,0,1,0,0,0,0,0,0,3,0,1,9,17,10,5,12,3,7,15,2,11,9,5,2,3,1,11,1,11,4,9,2,4,3,3,7,7,1,5,4,6,2,2,2,8,1,3,1,0,5,5,6,8,0,9,6,4,7,6,3,9,1,6,2,0,0,0,3,2,0,4,0,1,0,0,1,0,3,1,2,0,0,310
4821,WALMER_ST N OF VICTORIA_ST,002HF02,-37.81285,145.00849,-1,1513,1,1,10/7/2006,0,0,0,0,2,0,0,0,0,0,0,2,0,0,1,0,0,3,0,0,0,0,0,0,14,0,1,4,2,1,2,5,0,9,4,12,10,4,7,1,0,2,7,2,7,5,4,12,9,28,9,9,1,7,0,20,8,7,1,3,6,12,4,2,4,5,2,1,6,6,2,2,7,1,5,6,0,1,1,0,4,1,4,5,0,0,0,0,0,0,0,0,4,0,0,2,318
4821,WALMER_ST N OF VICTORIA_ST,002HF02,-37.81285,145.00849,-1,1513,1,1,10/8/2006,0,1,0,0,0,0,0,2,0,0,2,0,0,0,0,0,0,0,0,0,0,0,0,2,0,2,2,1,0,1,1,5,1,12,12,8,10,7,4,8,3,6,1,15,5,1,2,12,3,4,11,2,8,1,11,1,2,1,2,10,0,4,7,5,8,0,3,0,0,1,1,0,7,2,4,2,0,3,0,1,0,0,1,0,0,0,0,0,0,0,0,0,0,0,0,0,231
4821,WALMER_ST N OF VICTORIA_ST,002HF02,-37.81285,145.00849,-1,1513,1,1,10/9/2006,0,0,0,0,0,0,0,0,0,0,0,0,0,0,0,0,0,0,0,0,0,0,3,0,0,2,0,5,2,4,20,10,11,5,3,10,3,3,5,12,3,2,3,2,5,2,0,4,1,5,3,4,1,1,3,1,0,5,4,3,1,9,2,1,2,6,3,6,4,2,3,3,4,5,2,3,2,1,0,1,6,0,1,0,1,1,0,3,0,0,2,0,0,0,0,0,224
4821,WALMER_ST N OF VICTORIA_ST,002HF02,-37.81285,145.00849,-1,1513,1,1,10/10/2006,0,0,0,0,0,0,3,1,0,0,0,0,0,0,0,0,0,0,0,0,0,2,1,0,2,13,1,9,13,7,18,13,14,4,10,5,6,12,7,6,6,4,5,9,3,5,5,5,2,6,5,4,2,5,7,1,2,9,3,4,4,2,0,4,5,5,4,2,2,17,9,5,4,7,5,6,3,4,6,0,1,1,4,0,1,2,0,0,0,0,0,0,2,0,0,1,345
4821,WALMER_ST N OF VICTORIA_ST,002HF02,-37.81285,145.00849,-1,1513,1,1,10/11/2006,0,0,0,0,0,0,0,0,0,0,0,0,0,0,0,0,0,0,0,0,0,0,2,0,1,3,11,17,9,8,7,10,11,11,4,6,5,5,12,4,14,5,1,4,12,7,1,7,8,3,3,6,5,6,7,1,4,2,6,3,3,2,5,2,3,2,3,1,6,15,8,4,19,1,7,2,1,6,1,0,1,2,0,1,1,0,0,0,1,3,0,1,0,0,1,0,333
4821,WALMER_ST N OF VICTORIA_ST,002HF02,-37.81285,145.00849,-1,1513,1,1,10/12/2006,0,0,0,0,0,0,0,0,0,0,0,0,0,0,0,0,0,0,0,0,1,0,5,0,2,10,4,23,6,3,13,7,18,13,10,6,3,2,9,2,6,4,7,8,5,9,6,8,2,2,0,5,4,5,6,6,3,0,1,5,7,1,0,3,3,4,6,3,6,9,6,7,1,0,19,10,4,5,3,2,1,0,10,3,1,2,1,1,0,1,0,4,0,2,0,0,354
4821,WALMER_ST N OF VICTORIA_ST,002HF02,-37.81285,145.00849,-1,1513,1,1,10/13/2006,1,0,2,0,0,0,0,0,0,0,2,1,0,1,0,0,0,0,0,0,0,0,3,2,2,3,13,6,7,16,15,5,12,3,3,19,2,1,2,6,6,22,2,1,9,1,2,3,4,2,6,3,2,1,3,11,12,5,7,8,7,10,8,14,21,12,3,5,4,4,3,8,3,2,2,3,3,5,1,5,0,0,3,3,0,1,0,5,0,1,1,0,1,0,1,1,377
4821,WALMER_ST N OF VICTORIA_ST,002HF02,-37.81285,145.00849,-1,1513,1,1,10/14/2006,1,0,0,2,3,0,0,0,0,0,0,0,0,2,0,1,0,0,0,0,0,0,0,0,8,0,1,2,4,6,4,1,4,3,8,5,11,7,2,2,5,2,4,5,0,5,3,4,9,7,6,3,10,6,7,3,5,6,6,0,4,8,8,6,7,8,9,2,10,3,4,4,19,5,0,0,2,1,4,0,0,0,0,0,1,1,0,0,2,0,0,0,1,1,0,0,283
4821,WALMER_ST N OF VICTORIA_ST,002HF02,-37.81285,145.00849,-1,1513,1,1,10/15/2006,0,0,0,0,3,0,0,0,0,0,0,2,0,1,0,0,0,0,0,7,0,1,0,0,1,0,1,0,0,1,3,2,1,2,1,3,3,5,2,13,4,3,1,5,2,3,3,5,4,7,3,3,4,6,1,5,9,8,9,7,2,10,3,5,10,2,1,4,5,2,10,1,4,0,0,1,0,0,0,0,0,0,0,0,0,0,0,1,1,0,0,0,2,0,0,0,208
4821,WALMER_ST N OF VICTORIA_ST,002HF02,-37.81285,145.00849,-1,1513,1,1,10/16/2006,0,0,0,0,0,0,0,0,0,0,0,0,0,0,0,0,0,0,1,0,0,2,0,0,0,0,0,8,4,3,3,11,9,11,1,5,4,0,0,11,3,6,2,2,1,5,2,3,2,5,9,4,0,4,7,5,6,7,14,14,1,3,3,4,8,0,2,5,9,11,21,1,4,12,3,8,2,2,2,0,2,1,1,0,3,3,2,0,0,0,2,0,0,0,0,0,289
4821,WALMER_ST N OF VICTORIA_ST,002HF02,-37.81285,145.00849,-1,1513,1,1,10/17/2006,0,0,0,0,0,0,0,0,0,0,0,0,0,1,0,0,1,0,1,0,0,2,1,2,1,3,7,10,14,6,22,12,14,8,19,7,4,3,5,1,4,2,1,4,0,5,2,8,3,8,2,2,4,11,11,3,1,0,0,0,4,3,3,7,7,2,8,4,8,20,4,6,16,7,20,7,5,1,2,2,3,1,0,3,1,3,0,0,2,0,1,0,1,1,0,1,368
4821,WALMER_ST N OF VICTORIA_ST,002HF02,-37.81285,145.00849,-1,1513,1,1,10/18/2006,0,0,0,0,0,0,0,0,0,1,1,0,0,0,0,0,0,0,2,2,1,0,2,1,1,8,3,9,8,4,7,17,6,10,5,6,0,4,8,8,2,4,4,5,4,4,5,5,7,8,4,5,2,10,5,3,9,8,6,5,7,5,2,2,7,2,11,2,13,18,7,5,4,7,11,3,10,10,5,2,1,0,3,5,3,3,1,0,0,0,1,0,0,0,0,0,369
4821,WALMER_ST N OF VICTORIA_ST,002HF02,-37.81285,145.00849,-1,1513,1,1,10/19/2006,0,0,0,0,0,0,0,0,0,0,0,0,0,0,2,0,0,0,0,0,0,0,1,1,0,1,3,2,9,2,14,3,14,9,10,6,3,2,3,0,3,4,5,3,4,4,3,9,1,2,4,4,14,3,3,5,5,2,3,5,2,2,4,2,4,3,4,0,2,2,9,8,7,13,7,5,4,5,2,1,3,6,3,0,3,1,0,0,0,3,2,2,2,0,2,0,284
4821,WALMER_ST N OF VICTORIA_ST,002HF02,-37.81285,145.00849,-1,1513,1,1,10/20/2006,0,0,0,0,0,0,0,0,0,0,0,0,0,0,0,0,0,0,0,0,0,1,5,2,2,6,13,5,3,10,1,5,22,10,9,7,5,1,3,4,3,10,4,2,3,8,0,1,3,3,5,8,8,8,4,6,2,1,0,10,6,2,7,3,6,1,8,1,7,4,4,3,0,5,3,7,3,5,0,2,0,1,0,0,0,0,0,0,5,0,0,0,0,2,0,0,288
4821,WALMER_ST N OF VICTORIA_ST,002HF02,-37.81285,145.00849,-1,1513,1,1,10/21/2006,0,1,1,0,0,0,0,0,0,0,0,0,0,0,0,0,0,0,0,0,1,0,0,1,7,0,0,5,0,5,2,6,5,16,5,10,8,5,5,4,7,3,1,8,0,1,6,3,4,5,12,4,2,1,7,4,5,6,7,6,3,4,10,7,2,5,3,8,3,3,9,4,4,1,6,0,4,0,4,0,1,1,4,0,0,1,0,0,2,0,1,2,4,4,2,0,281
4821,WALMER_ST N OF VICTORIA_ST,002HF02,-37.81285,145.00849,-1,1513,1,1,10/22/2006,0,0,3,0,0,0,1,3,0,1,0,1,0,3,0,0,0,1,0,0,0,0,0,0,0,0,2,0,7,5,9,4,3,2,5,3,3,1,5,4,6,12,6,4,4,3,7,9,7,2,2,2,13,11,3,3,10,6,9,8,3,6,2,5,9,4,2,5,5,5,13,4,1,7,2,1,2,3,3,0,2,0,0,0,0,3,0,1,0,0,0,0,0,0,0,0,281
4821,WALMER_ST N OF VICTORIA_ST,002HF02,-37.81285,145.00849,-1,1513,1,1,10/23/2006,0,0,0,0,0,0,0,0,0,0,0,0,0,0,0,0,0,0,0,1,0,3,5,0,0,4,2,22,1,2,2,6,9,6,7,10,10,5,3,4,2,6,3,2,5,1,15,5,3,3,7,3,8,5,3,3,7,1,4,4,3,7,7,2,4,7,8,2,3,9,11,4,2,14,19,5,1,2,0,1,0,0,0,0,1,1,0,0,1,0,1,5,2,0,0,0,314
4821,WALMER_ST N OF VICTORIA_ST,002HF02,-37.81285,145.00849,-1,1513,1,1,10/24/2006,0,0,0,0,0,0,0,0,0,0,0,0,0,0,0,0,0,0,0,0,0,0,4,1,2,7,6,12,20,11,18,14,9,11,6,5,1,1,3,4,17,2,5,3,4,6,3,5,4,1,12,5,3,1,4,1,3,8,7,1,1,1,4,3,3,10,2,5,9,9,8,12,4,23,17,9,6,5,3,6,4,1,2,0,5,0,2,0,0,0,6,0,2,0,0,0,392
4821,WALMER_ST N OF VICTORIA_ST,002HF02,-37.81285,145.00849,-1,1513,1,1,10/25/2006,0,0,0,0,0,0,0,0,0,0,0,0,0,0,0,0,0,0,0,0,1,1,4,2,4,5,10,2,11,7,12,8,10,12,9,3,2,2,0,2,1,2,1,2,0,0,3,0,8,4,3,0,2,3,2,5,3,4,16,5,5,0,1,6,8,0,6,5,4,16,3,9,4,4,9,6,4,0,7,3,0,3,1,5,0,3,0,2,0,0,0,0,0,0,0,0,285
4821,WALMER_ST N OF VICTORIA_ST,002HF02,-37.81285,145.00849,-1,1513,1,1,10/26/2006,1,0,0,0,0,0,0,0,0,0,0,0,0,0,0,0,0,0,0,1,0,0,0,1,0,3,25,11,5,6,14,13,13,9,8,4,3,5,2,12,6,5,8,6,2,4,2,6,8,1,10,4,3,3,3,2,6,5,4,2,4,0,4,3,5,7,3,4,4,5,6,7,2,16,3,35,5,1,0,2,2,8,5,1,2,0,1,1,4,4,0,0,2,0,0,0,372
4821,WALMER_ST N OF VICTORIA_ST,002HF02,-37.81285,145.00849,-1,1513,1,1,10/27/2006,2,0,0,0,0,0,0,0,0,0,0,0,0,0,0,0,0,0,0,0,0,0,2,0,1,5,8,1,3,5,11,3,8,13,8,3,5,5,0,8,0,5,0,4,4,6,5,4,6,5,4,5,6,3,9,5,7,1,2,2,0,0,2,6,3,1,9,8,11,4,2,3,4,21,17,3,3,2,2,0,0,0,2,0,3,0,2,4,0,1,6,0,0,0,0,0,293
4821,WALMER_ST N OF VICTORIA_ST,002HF02,-37.81285,145.00849,-1,1513,1,1,10/28/2006,0,0,0,0,0,0,0,1,0,0,0,0,0,0,0,0,0,0,0,0,3,0,0,0,3,0,0,1,3,1,0,0,4,6,0,2,3,2,0,3,0,4,5,5,4,7,5,1,9,2,8,1,3,1,4,2,3,10,5,7,4,7,4,6,6,6,8,1,2,1,4,3,2,6,2,5,1,1,1,1,1,2,0,1,0,1,0,3,0,0,1,2,0,2,0,0,202
4821,WALMER_ST N OF VICTORIA_ST,002HF02,-37.81285,145.00849,-1,1513,1,1,10/29/2006,5,0,1,1,0,1,0,0,0,0,0,0,1,0,0,0,0,0,0,3,0,0,0,0,0,1,0,2,0,1,0,0,1,2,4,1,5,3,7,3,4,6,2,5,0,4,3,4,6,7,6,5,5,4,6,0,8,1,5,3,14,7,9,4,6,12,7,2,9,5,13,3,9,0,6,2,4,3,2,0,0,3,3,3,1,0,0,0,0,0,0,0,0,0,0,1,254
4821,WALMER_ST N OF VICTORIA_ST,002HF02,-37.81285,145.00849,-1,1513,1,1,10/30/2006,0,0,0,3,3,0,0,0,1,0,0,0,0,0,0,0,0,0,0,0,0,0,4,0,11,1,1,16,2,7,7,11,7,25,12,3,2,1,2,2,4,1,1,2,4,1,9,5,3,3,0,5,2,6,6,4,1,2,5,2,6,8,1,3,12,10,13,8,5,14,4,8,5,3,10,13,6,7,7,4,3,2,3,0,5,1,1,0,0,0,0,3,0,0,0,0,352
4821,WALMER_ST N OF VICTORIA_ST,002HF02,-37.81285,145.00849,-1,1513,1,1,10/31/2006,0,2,0,0,2,0,0,0,0,0,0,0,0,0,0,0,0,0,0,0,0,1,4,0,0,9,11,1,21,10,10,8,14,12,10,7,12,1,0,21,2,8,4,7,5,2,5,8,2,6,4,6,1,2,7,2,11,8,5,2,7,2,6,4,7,3,6,11,2,8,10,13,10,11,11,5,5,2,0,1,2,11,0,1,0,3,1,0,0,0,3,0,0,0,0,0,398
4821,BURNLEY_ST S OF VICTORIA_ST,002HF02,-37.81312,145.00844,14527,1513,5,1,10/1/2006,25,28,21,15,16,15,7,12,7,5,6,6,6,6,7,11,6,4,6,9,6,6,4,8,5,13,9,10,15,14,22,23,18,25,30,35,32,42,50,46,56,80,80,93,68,78,91,89,101,93,101,100,132,117,98,120,100,94,95,114,107,98,110,87,105,101,122,107,94,107,105,98,97,80,78,81,70,47,53,40,29,38,43,35,50,42,33,26,28,26,17,27,25,21,15,8,4781
4821,BURNLEY_ST S OF VICTORIA_ST,002HF02,-37.81312,145.00844,14527,1513,5,1,10/2/2006,10,5,13,5,8,9,5,4,4,3,0,6,4,6,8,6,3,4,7,8,20,14,19,23,29,22,46,58,69,71,86,106,122,122,101,101,91,84,85,73,80,79,102,90,97,99,103,115,121,100,99,99,90,121,103,118,110,120,109,115,126,129,139,140,132,137,152,127,186,220,230,166,186,159,146,112,122,72,88,70,70,46,47,41,60,42,40,46,29,34,28,27,18,19,14,14,6944
4821,BURNLEY_ST S OF VICTORIA_ST,002HF02,-37.81312,145.00844,14527,1513,5,1,10/3/2006,7,7,6,5,4,6,5,3,2,7,5,7,3,5,5,4,6,3,8,6,9,8,20,37,26,52,48,65,75,97,82,111,122,110,109,115,92,85,104,93,76,65,94,88,115,116,104,103,108,86,112,107,109,117,109,126,110,119,104,138,153,136,140,131,129,152,135,150,162,214,170,179,177,158,162,139,136,89,71,64,73,67,45,64,61,36,43,33,45,41,41,32,37,26,18,13,7192
4821,BURNLEY_ST S OF VICTORIA_ST,002HF02,-37.81312,145.00844,14527,1513,5,1,10/4/2006,12,7,6,6,12,2,8,4,2,5,4,4,5,5,5,7,4,4,3,26,11,13,17,26,33,42,39,65,68,85,93,73,97,134,116,111,79,85,81,97,83,101,85,88,91,111,85,99,86,110,113,107,104,139,128,112,139,109,128,125,137,140,134,140,128,153,158,151,180,186,197,179,170,173,126,130,115,92,69,66,67,58,51,71,59,48,52,47,42,47,29,40,34,16,16,15,7155
4821,BURNLEY_ST S OF VICTORIA_ST,002HF02,-37.81312,145.00844,14527,1513,5,1,10/5/2006,14,10,10,8,9,6,3,4,9,4,6,3,3,9,6,11,10,8,8,9,8,7,19,24,25,32,43,51,75,76,110,110,122,126,121,103,108,91,97,97,88,107,83,88,105,90,109,97,130,100,112,103,122,121,119,119,103,111,126,125,147,123,135,135,149,129,179,150,180,221,182,211,177,138,165,144,118,107,112,66,82,66,63,60,78,56,48,48,38,39,32,34,55,27,9,15,7471
4821,BURNLEY_ST S OF VICTORIA_ST,002HF02,-37.81312,145.00844,14527,1513,5,1,10/7/2006,38,19,23,27,18,14,13,14,7,12,11,12,7,3,5,6,4,3,12,11,2,2,6,14,11,13,22,19,27,28,35,43,28,56,70,76,72,89,82,89,99,106,110,120,134,123,132,131,140,131,120,139,139,104,126,117,123,104,122,99,119,107,116,127,122,127,108,105,107,123,111,107,84,106,82,76,75,77,57,59,53,45,60,52,37,28,36,32,30,27,38,44,42,34,35,25,6075
4821,BURNLEY_ST S OF VICTORIA_ST,002HF02,-37.81312,145.00844,14527,1513,5,1,10/8/2006,27,19,18,24,16,15,14,12,11,13,6,10,5,5,6,6,6,4,5,7,9,5,5,8,9,10,12,11,8,15,18,4,26,25,21,39,38,42,56,66,57,59,85,88,70,88,112,120,134,113,136,122,113,124,103,115,103,82,103,95,107,109,133,119,118,143,128,116,132,112,102,103,101,80,87,92,76,45,53,36,41,42,35,44,40,44,32,36,32,28,23,21,26,23,14,14,5165
4821,BURNLEY_ST S OF VICTORIA_ST,002HF02,-37.81312,145.00844,14527,1513,5,1,10/9/2006,9,9,8,6,8,11,4,4,6,3,6,4,5,5,7,8,5,7,4,21,10,9,18,17,31,40,37,53,79,79,95,102,132,140,133,111,101,93,83,97,97,91,100,88,94,107,89,99,106,105,99,115,100,100,95,112,124,95,116,123,141,136,135,145,142,153,141,135,208,200,224,179,197,163,109,117,102,72,93,55,62,57,41,41,58,44,33,55,32,34,29,27,26,24,8,18,7091
4821,BURNLEY_ST S OF VICTORIA_ST,002HF02,-37.81312,145.00844,14527,1513,5,1,10/10/2006,11,15,8,6,2,8,6,5,2,2,6,7,3,5,1,11,2,7,3,5,10,16,19,21,35,41,39,51,80,84,94,106,114,137,148,104,82,87,102,97,109,81,108,88,92,97,109,93,97,111,100,107,123,98,105,112,126,95,124,125,127,108,146,150,139,146,148,125,155,202,201,179,174,183,143,130,114,113,95,68,66,42,57,49,62,62,49,52,48,33,42,33,44,37,12,23,7239
4821,BURNLEY_ST S OF VICTORIA_ST,002HF02,-37.81312,145.00844,14527,1513,5,1,10/11/2006,16,12,6,10,7,8,7,7,4,2,4,5,3,3,5,8,10,6,7,10,7,9,17,30,39,48,54,58,76,82,83,104,136,121,133,118,95,101,104,97,90,91,92,87,104,102,105,88,110,116,124,104,115,118,111,105,107,113,128,125,120,117,135,147,143,145,144,153,164,193,212,174,168,181,131,130,98,83,80,66,75,57,57,47,54,52,58,40,42,43,31,49,30,27,21,10,7264
4821,BURNLEY_ST S OF VICTORIA_ST,002HF02,-37.81312,145.00844,14527,1513,5,1,10/12/2006,14,8,10,12,5,11,8,4,6,3,0,0,10,5,8,8,11,8,2,3,10,10,17,27,33,47,37,66,69,88,107,106,121,121,125,104,101,91,103,100,99,90,92,88,75,102,87,86,112,109,106,96,110,92,94,116,128,119,103,124,149,126,122,148,138,154,151,143,199,191,186,179,182,161,157,117,104,119,107,46,62,72,70,71,69,68,65,57,42,40,36,34,41,26,19,18,7316
4821,BURNLEY_ST S OF VICTORIA_ST,002HF02,-37.81312,145.00844,14527,1513,5,1,10/14/2006,45,20,28,18,19,7,15,10,9,9,9,2,10,4,1,7,10,4,5,7,3,8,9,14,11,16,19,14,26,26,39,45,52,61,43,58,73,98,82,89,100,93,120,100,114,142,131,143,134,129,130,128,134,148,127,119,118,128,120,107,127,133,131,131,114,123,126,113,129,133,131,135,110,79,83,100,74,55,68,54,45,51,44,53,45,29,42,41,53,43,24,43,43,37,45,55,6332
4821,BURNLEY_ST S OF VICTORIA_ST,002HF02,-37.81312,145.00844,14527,1513,5,1,10/15/2006,26,23,22,23,22,16,13,11,10,14,18,11,3,6,5,5,7,3,10,11,5,8,10,8,8,10,9,16,14,11,20,0,10,22,28,31,37,38,50,49,57,86,70,78,72,86,127,125,111,111,123,112,102,118,103,120,111,97,101,109,109,100,94,130,126,131,106,116,118,115,92,114,88,93,84,80,51,55,58,42,34,42,36,49,30,31,29,32,27,20,22,24,21,16,24,22,5023
4821,BURNLEY_ST S OF VICTORIA_ST,002HF02,-37.81312,145.00844,14527,1513,5,1,10/16/2006,9,10,5,7,7,4,4,4,2,3,4,9,4,5,5,7,3,9,4,17,3,9,21,16,29,34,44,55,74,75,94,99,143,129,119,107,114,83,97,97,87,89,101,88,83,100,109,99,115,113,112,131,119,123,110,119,108,119,118,125,135,141,144,125,115,156,137,150,211,217,210,214,173,166,160,130,100,80,88,62,56,51,59,57,58,43,38,54,28,29,28,31,19,23,21,21,7262
4821,BURNLEY_ST S OF VICTORIA_ST,002HF02,-37.81312,145.00844,14527,1513,5,1,10/17/2006,14,7,8,8,7,4,8,4,2,5,2,4,5,12,10,7,6,4,11,8,9,5,20,22,34,39,54,57,72,78,111,107,131,138,115,114,96,93,95,97,89,87,82,93,86,99,102,99,102,104,118,104,106,111,101,135,114,104,113,125,153,122,120,113,160,164,156,129,175,189,208,179,180,174,156,137,116,87,86,50,62,65,42,64,51,49,37,50,46,32,26,37,32,26,30,43,7243
4821,BURNLEY_ST S OF VICTORIA_ST,002HF02,-37.81312,145.00844,14527,1513,5,1,10/18/2006,16,15,10,8,5,11,6,5,3,2,4,1,5,5,10,4,6,8,12,12,10,11,18,19,38,40,53,65,78,95,93,93,117,121,133,103,88,97,100,89,89,82,101,88,106,102,89,101,116,95,94,99,102,100,123,112,110,108,127,122,151,125,135,145,154,158,144,167,189,214,178,193,161,153,145,130,117,88,81,69,53,60,77,65,66,47,47,49,31,46,38,28,35,27,27,22,7290
4821,BURNLEY_ST S OF VICTORIA_ST,002HF02,-37.81312,145.00844,14527,1513,5,1,10/19/2006,13,5,11,11,6,5,5,5,6,6,2,4,8,10,8,9,5,7,3,18,8,15,15,22,32,38,45,62,91,89,100,94,117,101,97,96,92,97,95,97,87,103,100,100,108,98,87,86,101,110,111,107,107,112,100,115,101,112,128,127,118,136,153,142,170,130,152,150,179,205,184,184,191,147,136,130,121,103,88,85,76,74,63,47,65,59,60,49,50,46,38,35,27,22,23,16,7304
4821,BURNLEY_ST S OF VICTORIA_ST,002HF02,-37.81312,145.00844,14527,1513,5,1,10/21/2006,21,28,19,16,13,15,7,9,10,6,9,5,4,4,7,8,6,5,6,7,6,8,12,15,17,8,11,24,30,29,39,40,36,50,70,67,59,78,96,89,93,118,94,114,123,131,139,142,165,132,157,151,129,117,105,115,122,121,121,115,119,113,121,101,123,110,133,115,142,146,121,118,87,108,91,94,74,73,80,78,47,64,40,50,57,39,45,36,42,42,49,63,41,45,50,46,6396
4821,BURNLEY_ST S OF VICTORIA_ST,002HF02,-37.81312,145.00844,14527,1513,5,1,10/22/2006,30,30,29,24,23,16,15,12,16,5,9,9,6,7,9,12,10,8,7,5,7,3,6,5,9,11,7,5,9,13,17,21,18,25,37,26,38,29,54,59,57,63,68,88,79,82,100,120,121,113,115,105,106,128,92,100,102,104,95,121,104,133,125,119,97,115,119,119,132,106,120,107,91,105,81,84,67,59,51,29,46,45,34,37,43,29,32,23,37,23,22,24,11,20,13,14,5056
4821,BURNLEY_ST S OF VICTORIA_ST,002HF02,-37.81312,145.00844,14527,1513,5,1,10/23/2006,10,7,7,7,4,3,7,4,5,4,7,2,5,5,4,9,7,5,10,7,11,16,16,17,29,47,47,54,68,101,98,106,156,116,122,100,86,97,85,98,99,92,81,100,99,108,93,96,132,107,98,107,108,121,129,113,130,99,105,111,116,118,144,114,128,130,172,143,180,221,204,223,172,134,139,130,122,87,69,65,45,51,34,45,48,44,27,38,39,25,24,27,14,13,17,13,7032
4821,BURNLEY_ST S OF VICTORIA_ST,002HF02,-37.81312,145.00844,14527,1513,5,1,10/24/2006,7,7,4,8,2,5,1,5,4,4,2,5,7,2,4,8,6,5,5,8,13,15,17,33,41,37,54,53,77,97,86,83,119,122,111,110,85,102,96,95,100,82,92,88,104,88,116,101,105,85,91,106,116,103,87,103,120,85,114,121,121,115,139,125,171,146,124,150,182,180,194,174,182,161,134,123,110,104,77,59,50,76,39,62,50,54,46,34,45,56,29,39,31,15,28,32,7009
4821,BURNLEY_ST S OF VICTORIA_ST,002HF02,-37.81312,145.00844,14527,1513,5,1,10/25/2006,15,6,15,10,8,5,5,6,9,4,5,5,9,4,2,10,11,12,5,12,5,14,19,34,27,44,46,67,77,84,90,117,98,136,117,112,91,80,98,97,104,88,101,88,99,100,96,99,121,100,107,109,105,127,119,111,101,113,114,125,153,117,152,130,142,147,150,158,163,220,200,163,172,170,165,132,114,105,70,66,71,71,42,53,48,58,58,39,40,47,39,39,29,21,28,15,7325
4821,BURNLEY_ST S OF VICTORIA_ST,002HF02,-37.81312,145.00844,14527,1513,5,1,10/28/2006,25,20,16,18,14,14,12,8,9,9,6,9,6,6,5,3,10,7,8,3,5,6,14,15,13,18,22,26,23,27,22,48,34,59,56,61,82,69,86,90,91,94,129,106,94,119,153,149,153,125,132,121,151,115,134,115,129,145,152,108,112,135,115,123,113,129,124,115,131,104,117,113,102,99,81,82,87,69,72,60,59,43,37,44,51,44,30,33,39,36,42,44,33,49,30,43,6239
4821,BURNLEY_ST S OF VICTORIA_ST,002HF02,-37.81312,145.00844,14527,1513,5,1,10/29/2006,35,24,19,17,25,10,13,0,0,0,0,13,6,16,6,17,3,13,19,3,4,10,8,6,11,10,7,13,6,19,9,19,12,20,22,22,26,31,30,53,37,44,59,54,59,61,69,97,79,105,107,113,98,109,88,106,99,104,127,107,120,130,138,94,126,120,95,106,141,112,95,115,120,80,89,85,74,57,63,43,57,56,33,46,42,35,34,39,38,34,22,32,25,18,32,9,4854
4821,BURNLEY_ST S OF VICTORIA_ST,002HF02,-37.81312,145.00844,14527,1513,5,1,10/30/2006,10,16,9,14,8,10,3,3,8,4,8,10,4,4,3,5,9,6,7,4,4,10,22,23,26,31,37,41,58,75,90,106,118,112,134,121,104,84,107,102,76,100,76,90,86,105,90,95,108,89,94,120,101,129,108,100,126,128,118,111,134,153,143,150,126,149,133,148,156,227,196,172,184,152,127,111,119,83,71,88,70,56,51,52,49,34,45,40,36,28,25,26,24,12,29,12,7011
4821,BURNLEY_ST S OF VICTORIA_ST,002HF02,-37.81312,145.00844,14527,1513,5,1,10/31/2006,11,12,8,11,5,4,1,6,7,3,3,4,5,4,5,8,5,5,6,8,7,10,16,31,22,44,41,47,62,89,84,124,127,135,117,102,86,93,84,83,92,88,91,92,102,96,111,97,102,100,110,89,98,106,97,98,114,118,117,129,145,139,149,126,162,126,153,153,179,209,206,185,197,142,143,133,123,107,82,63,67,60,46,63,67,47,57,47,30,38,36,35,29,24,25,14,7179
