Site Number,Location Description,Site Type,Directory,Map reference,Unnamed: 5,Unnamed: 6,Unnamed: 7,Unnamed: 8
964,ABBOTTS/CLELANDS DEVELOPMENTS,INT,Melway,095G08,,,,
968,ABBOTTS/GAINE/MONASH,INT,Melway,095K08,,,,
972,ABBOTTS/NATIONAL,INT,Melway,95J08,,,,
983,ABBOTTS/REMINGTON,INT,Melway,095G08,,,,
1053,ABBOTTSFORD/HAINES,INT,Melway,2A-G07,,,,
5300,ABERDEEN/PAKINGTON,INT,Melway,451J03,,,,
5302,ABERDEEN/SHANNON,INT,Melway,451G03,,,,
4975,AIRPORT DR/CENTRE RD,INT,Melway,005C05,,,,
1154,AITKEN/GRAND,INT,Unknown,Unknown,,,,
4234,ALBERT/BUCKLEY,INT,Melway,042C05,,,,
4911,ALBERT/CECIL/OLD AUGHTIE,INT,Melway,2K-D06,,,,
4912,ALBERT/CLARENDON,INT,Melway,2K-E05,,,,
4447,ALBERT/CLARENDON,INT,Melway,2G-D01,,,,
3265,ALBERT/DUNDAS/STATION,INT,Melway,031A04,,,,
4445,ALBERT/GISBORNE,INT,Melway,2F-K01,,,,
3263,ALBERT/GOWER,INT,Melway,019A12,,,,
4243,ALBERT/IRVING,INT,Melway,042C05,,,,
4733,ALBERT/LAKESIDE DRV,INT,Melway,2K-F05,,,,
4446,ALBERT/LANSDOWNE,INT,Melway,2G-B01,,,,
4913,ALBERT/MORAY,INT,Melway,2K-F05,,,,
2294,ALBERT/MSAC ACCESS ROAD EXIT,INT,Melway,2KC7,,,,
3262,ALBERT/MURRAY,INT,Melway,019A12,,,,
4444,ALBERT/NICHOLSON/LONSDALE,INT,Melway,2F-J01,,,,
4448,ALBERT/POWLETT,INT,Melway,2G-E02,,,,
3264,ALBERT/RAGLAN,INT,Melway,031A03,,,,
4449,ALBERT/SIMPSON,INT,Melway,2G-F02,,,,
3260,ALBERT/TYLER,INT,Melway,019B10,,,,
3261,ALBERT/WOOD,INT,Melway,019B11,,,,
4552,ALEXANDRA/ANDERSON,INT,Melway,2G-E11,,,,
4549,ALEXANDRA/LINLITHGOW,INT,Melway,2F-K08,,,,
4550,ALEXANDRA/SWAN BRIDGE                 VM6,INT,Melway,2G-A08,,,,
4739,ALEXANDRA/WILLIAMS NTH,INT,Melway,2M-D03,,,,
4846,ALMA/WESTBURY,INT,Melway,058E09,,,,
2186,AMAROO/CRAIGIEBURN BYPASS NB EXIT R,INT,Melway,387C05,,,,
5045,ANAKIE (BELL POST SC),INT,Melway,431G12,,,,
5127,ANAKIE NR KINLOCK,INT,Melway,441F2,,,,
5099,ANAKIE/SEPARATION,INT,Melway,441F05,,,,
2642,ANDERSON RD/FOUNDRY RD,INT,Melway,026G10,,,,
4956,ANDERSON/DURHAM/GLENGALA,INT,Melway,040G01,,,,
4959,ANDERSON/FORREST/SUN/FRASER,INT,Melway,026G12,,,,
1299,ANDERSON/GARDINER,INT,Unknown,Unknown,,,,
149,ANDERSON/HARDY,INT,Melway,038F05,,,,
6084,ANDREW FAIRLEY/SPC CROSSING,INT,VicRoads,273O08,,,,
3665,APPLETON DOCK/ENTERPRIZE,INT,Unknown,Unknown,,,,
7093,AQUEDUCT/ST HELENA SHOP CENTRE,INT,Unknown,Unknown,,,,
6069,ARCHER/WILMOT/POPLAR,INT,VicRoads,273N13,,,,
6069,ARCHER/WILMOT/POPLAR,INT,VicRoads,273N13,,,,
4493,ARDEN/ABBOTSFORD,INT,Melway,2A-G08,,,,
4494,ARDEN/CURZON,INT,Melway,2A-H08,,,,
4492,ARDEN/DRYBURGH/MACAULAY,INT,Melway,2A-F08,,,,
4495,ARDEN/ERROL,INT,Melway,2A-J08,,,,
3947,ARDEN/LAURENS,INT,Melway,2AE08,,,,
3764,ARDEN/LLOYD,INT,Melway,Unknown,,,,
2198,ARNOLD/SPRING,INT,Melway,Unknown,,,,
2734,ARTHUR/TAYLORS,INT,Melway,014C09,,,,
1005,ASCOT VALE/GLADSTONE,INT,Melway,028J08,,,,
1011,ASCOT VALE/KENT,INT,Melway,028J11,,,,
2520,ASHLEY ST/CENTRAL WEST PLAZA,INT,Melway,041E03,,,,
4950,ASHLEY/BARKLY,INT,Melway,041E03,,,,
4948,ASHLEY/CHURCHILL,INT,Melway,027E12,,,,
4949,ASHLEY/SOUTH,INT,Melway,041E02,,,,
4951,ASHLEY/SUNSHINE/DEMPSTER,INT,Melway,041E04,,,,
4691,ATHERTON/ATKINSON/HANOVER,INT,Melway,069G07,,,,
2957,ATHERTON/STATION,INT,Melway,069F07,,,,
4260,AUBURN/RATHMINES/LIDDIARD,INT,Melway,045F10,,,,
4271,AUBURN/RIVERSDALE,INT,Melway,045F12,,,,
5096,AUTUMN/PAKINGTON/GORDON,INT,Melway,451J02,,,,
5096,AUTUMN/PAKINGTON/GORDON,INT,Melway,451J02,,,,
5261,AVIATION ROAD/MAHER ROAD,INT,Melway,053B10,,,,
5067,BACCHUS MARSH/CORIO VILL. SH.,INT,Melway,432B08,,,,
5073,BACCHUS MARSH/PURNELL,INT,Melway,432B07,,,,
2748,BALACLAVA/BAMBRA,INT,Melway,Unknown,,,,
4075,BALACLAVA/HAWTHORN,INT,Melway,059B12,,,,
4076,BALACLAVA/KAMBROOK,INT,Melway,059D12,,,,
4074,BALACLAVA/KOOYONG,INT,Melway,058K12,,,,
4077,BALACLAVA/NORMANBY,INT,Melway,059D12,,,,
4073,BALACLAVA/ORRONG,INT,Melway,058H11,,,,
4640,BALCOMBE/CHARMAN,INT,Melway,086H05,,,,
4866,BALCOMBE/RESERVE,INT,Melway,086D05,,,,
4641,BALCOMBE/SWANSTON,INT,Melway,087A06,,,,
1157,BALLAN/BOLTON,INT,Melway,Unknown,,,,
5255,BALLAN/CAMBRIDGE,INT,Melway,205D07,,,,
2503,BALLARAT RD/MOORE,INT,Melway,042D03,,,,
5872,BALLARAT-BUNINYONG RD NR DAMACUS COLLEGE,INT,VicRoads,572F07,,,,
5876,BALLARAT-BUNINYONG/BARKLY,INT,VicRoads,257013,,,,
5873,BALLARAT-BUNINYONG/HOCKING,INT,VicRoads,Unknown,,,,
5874,BALLARAT-BUNINYONG/RECREATION,INT,VicRoads,257O21,,,,
761,BALLARTO/MCCLELLAND,INT,Melway,100J07,,,,
2686,BALLARTO/MCCORMICKS,INT,Melway,100K07,,,,
4057,BALWYN/BELMORE,INT,Melway,046E05,,,,
4066,BALWYN/MONT ALBERT,INT,Melway,046D09,,,,
4081,BAMBRA/GLEN EIRA,INT,Melway,068C02,,,,
3362,BANKSIA/CAPE,INT,Melway,032A05,,,,
3361,BANKSIA/DORA,INT,Melway,032B05,,,,
3360,BANKSIA/LWR HEIDELBERG,INT,Melway,032B05,,,,
4301,BANKSIA/STUDLEY,INT,Melway,031J05,,,,
4301,BANKSIA/STUDLEY,INT,Melway,031J05,,,,
4300,BANKSIA/UPPER HEIDELBERG,INT,Melway,031H05,,,,
4299,BANKSIA/WATERDALE,INT,Melway,031F04,,,,
3004,BARKERS/AUBURN/WRIXON,INT,Melway,045F08,,,,
3001,BARKERS/CHURCH/HIGH,INT,Melway,045A08,,,,
3002,BARKERS/DENMARK/POWER,INT,Melway,045B08,,,,
3003,BARKERS/GLENFERRIE,INT,Melway,045D08,,,,
4248,BARKLY NR WARLEIGH,INT,Melway,041J04,,,,
336,BARKLY ST / RAILWAY GVE / RING RD,INT,Melway,104E11,,,,
3427,BARKLY/ACLAND/MITFORD,INT,Melway,058B11,,,,
3424,BARKLY/ALMA/PRINCES,INT,Melway,058B09,,,,
3426,BARKLY/CARLISLE,INT,Melway,058B10,,,,
4238,BARKLY/DROOP/HOPKINS/NICHOLS,INT,Melway,042C04,,,,
4240,BARKLY/GORDON,INT,Melway,042A04,,,,
3425,BARKLY/GREY/INKERMAN,INT,Melway,058B10,,,,
1183,BARKLY/SUMMERHILL,INT,Melway,41J03,,,,
5840,BARKLY/VINCENT,INT,VicRoads,226E08,,,,
6280,BARNARD/LUCAN/ARNOLD,INT,VicRoads,281M12,,,,
6262,BARNARD/VIEW,INT,VicRoads,280K13,,,,
5114,BARRABOOL RD / BELLEVUE AVE,INT,Melway,451D10,,,,
3980,BARRY/BLAIR,INT,Melway,007A03,,,,
3996,BARRY/FORD ENTRANCE,INT,Melway,007E04,,,,
3981,BARRY/KING/MAFFRA,INT,Melway,007C04,,,,
3613,BARRY/KYABRAM,INT,Melway,007B03,,,,
3611,BARRY/LONGFORD,INT,Melway,006K03,,,,
5227,BARWON HEADS/BREAKWATER,INT,Melway,466A01,,,,
5187,BARWON/SWANSTON,INT,Melway,452B09,,,,
6681,BASS HWY/GRANTVILLE-GLEN ALVIE/PIER,INT,Melway,512R09,,,,
6677,BASS HWY/STANLEY,INT,VicRoads,096A08,,,,
4528,BATMAN/MELB PARK NTH ACCESS,INT,Melway,2GA06,,,,
2293,BAY STREET/ROUSE ST,INT,Melway,2J-D07,,,,
4723,BAY/BEACH,INT,Melway,2J-D07,,,,
3032,BAY/BEACH,INT,Melway,076G10,,,,
3102,BAY/BLUFF,INT,Melway,077A10,,,,
4721,BAY/BRIDGE,INT,Melway,2J-F04,,,,
2341,BAY/CHELTENHAM MARKET,INT,Melway,077G11,,,,
4722,BAY/GRAHAM,INT,Melway,2J-E06,,,,
3951,BAY/NEW/BARKLY,INT,Melway,067D09,,,,
4864,BAY/RESERVE,INT,Melway,077E11,,,,
624,BAYSWATER/CENTRAL,INT,Melway,050G09,,,,
626,BAYSWATER/EASTFIELD,INT,Melway,050G07,,,,
3036,BEACH/CENTREWAY,INT,Melway,092E01,,,,
3030,BEACH/HAMPTON/BRIDGE,INT,Melway,076F07,,,,
751,BEACH/MCMAHONS,INT,Melway,102G02,,,,
751,BEACH/MCMAHONS,INT,Melway,102G02,,,,
730,BEACH/YOUNG/DANDENONG,INT,Melway,102D01,,,,
4836,BEACONSFIELD/ACLAND/JACKA,INT,Unknown,Unknown,,,,
3010,BEACONSFIELD/BEACH/PICKLES,INT,Melway,2J-F09,,,,
2311,BEACONSFIELD/COWDEROY,INT,Melway,057J08,,,,
2311,BEACONSFIELD/COWDEROY,INT,Melway,057J08,,,,
3012,BEACONSFIELD/KERFORD,INT,Melway,2J-K11,,,,
513,BEACONSFIELD-BERWICK/B'FIELD-EMERALD,INT,Melway,111H11,,,,
914,BEDFORD/DUBLIN,INT,Melway,050B10,,,,
897,BEDFORD/WARRANDYTE,INT,Melway,049H08,,,,
521,BELGRAVE-HALLAM/FRAWLEY,INT,Melway,091H11,,,,
3064,BELL/ALBERT,INT,Melway,031A02,,,,
3042,BELL/ALVA,INT,Melway,017K12,,,,
3089,BELL/BREARLEY RESERVE(NTH SEWER PROJECT),INT,Melway,Unknown,,,,
3069,BELL/BURGUNDY/UPR HEIDELBERG,INT,Melway,031J04,,,,
3065,BELL/CHIFLEY,INT,Melway,031C02,,,,
3050,BELL/CUMBERLAND,INT,Melway,017B11,,,,
3068,BELL/EDWIN,INT,Melway,031G03,,,,
3048,BELL/ELIZABETH,INT,Melway,018A12,,,,
3055,BELL/ELM,INT,Melway,017J12,,,,
3058,BELL/GILBERT,INT,Melway,030D01,,,,
3060,BELL/HIGH,INT,Melway,030G01,,,,
3076,BELL/HUDSON/MAIN,INT,Melway,017G12,,,,
3052,BELL/MELVILLE/TURNER,INT,Melway,017D11,,,,
3056,BELL/NICHOLSON/ELIZABETH,INT,Melway,018A12,,,,
3066,BELL/ORIEL NTH,INT,Melway,031E02,,,,
3077,BELL/ORIEL STH,INT,Melway,031E02,,,,
3061,BELL/PLENTY,INT,Melway,030G01,,,,
3051,BELL/REYNOLDS,INT,Melway,017C11,,,,
3059,BELL/ST GEORGES,INT,Melway,030E01,,,,
3053,BELL/SUSSEX,INT,Melway,017D12,,,,
3091,BELL/THE BELL CENTRE ACCESS,INT,Melway,Unknown,,,,
3041,BELL/TURNER,INT,Melway,017D11,,,,
3063,BELL/VICTORIA,INT,Melway,030K02,,,,
3067,BELL/WATERDALE,INT,Melway,031F03,,,,
5192,BELLARINE HWY(Ormond Rd)/HUMBLE ST,INT,Melway,402R12,,,,
5192,BELLARINE HWY(Ormond Rd)/HUMBLE ST,INT,Melway,402R12,,,,
5212,BELLARINE HWY/ASH/SIMONS,INT,Melway,468G03,,,,
5209,BELLARINE HWY/BOUNDARY/ORMOND,INT,Melway,452H09,,,,
5209,BELLARINE HWY/BOUNDARY/ORMOND,INT,Melway,452H09,,,,
5194,BELLARINE HWY/CHRISTIES RD/CLAREMONT DR,INT,Melway,468H03,,,,
5194,BELLARINE HWY/CHRISTIES RD/CLAREMONT DR,INT,Melway,468H03,,,,
5208,BELLARINE HWY/COPPARDS,INT,Melway,453B11,,,,
5193,BELLARINE HWY/KENSINGTON,INT,Melway,468F03,,,,
5193,BELLARINE HWY/KENSINGTON,INT,Melway,468F03,,,,
5191,BELLARINE HWY/MELALUKA,INT,Melway,468D02,,,,
5190,BELLARINE HWY/WALLINGTON-OCEAN GROVE RD,INT,Melway,469F08,,,,
5190,BELLARINE HWY/WALLINGTON-OCEAN GROVE RD,INT,Melway,469F08,,,,
5210,BELLARINE HWY/WILSONS,INT,Melway,452J10,,,,
5210,BELLARINE HWY/WILSONS,INT,Melway,452J10,,,,
5215,BELLARINE/MOOLAP STATION,INT,Melway,453F12,,,,
5215,BELLARINE/MOOLAP STATION,INT,Melway,453F12,,,,
4059,BELMORE/GREYTHORN,INT,Melway,046H05,,,,
645,BENNET/JONES/RAILWAY,INT,Melway,090A06,,,,
2668,BERKSHIRE/BUNNETT,INT,Melway,26K07,,,,
503,BERWICK-CRANBOURNE (CLYDE)/KANGAN,INT,Melway,111C10,,,,
399,BERWICK-CRANBOURNE/BEMERSYDE (NTH),INT,Melway,111B12,,,,
3177,BERWICK-CRANBOURNE/GLASSCOCKS/GRICES,INT,Melway,131A07,,,,
708,BLACKBURN/ANDERSON CREEK,INT,Melway,034C10,,,,
353,BLACKBURN/CENTREWAY,INT,Melway,070J05,,,,
359,BLACKBURN/COLEMAN,INT,Melway,070J01,,,,
363,BLACKBURN/DUERDIN,INT,Melway,070H10,,,,
351,BLACKBURN/GEORGE,INT,Melway,034C11,,,,
358,BLACKBURN/HIGH ST RD,INT,Melway,061K12,,,,
340,BLACKBURN/KING,INT,Melway,034C09,,,,
4717,BLACKBURN/NORMANBY,INT,Melway,070H09,,,,
321,BLACKBURN/RAILWAY,INT,Melway,48A09,,,,
698,BLACKBURN/REYNOLDS,INT,Melway,034D06,,,,
354,BLACKBURN/SOUTH PDE,INT,Melway,048A10,,,,
571,BLACKBURN/THE PINES SHOPPING ACCESS,INT,Melway,34D05,,,,
360,BLACKBURN/WAVERLEY,INT,Melway,070J04,,,,
3722,BLACKBURN/WELLINGTON,INT,Melway,070H12,,,,
3508,BLACKSHAWS/CHAMBERS,INT,Melway,055A01,,,,
3905,BLACKSHAWS/GRIEVE,INT,Melway,040G12,,,,
3499,BLACKSHAWS/MILLS/KYLE,INT,Melway,055D01,,,,
3101,BLUFF/HIGHETT,INT,Melway,077A08,,,,
3099,BLUFF/LUDSTONE STREET,INT,Melway,077A05,,,,
3766,BOARDWALK/MAIN,INT,Melway,Unknown,,,,
3765,BOARDWALK/MURNONG,INT,Melway,Unknown,,,,
5214,BOARDWALK/TOM ROBERTS,INT,Melway,Unknown,,,,
988,BONEO/BUNNINGS ACCESS,INT,Melway,170A08,,,,
554,BONEO/MCCOMBE,INT,Melway,170A01,,,,
4082,BOORAN/NEERIM,INT,Melway,068E04,,,,
1104,BORONIA/EASTLINK,INT,Melway,Unknown,,,,
1104,BORONIA/EASTLINK,INT,Melway,Unknown,,,,
375,BORONIA/ERICA,INT,Melway,064K09,,,,
376,BORONIA/FLORISTON/HASTINGS,INT,Melway,065A09,,,,
371,BORONIA/SCORESBY,INT,Melway,064F09,,,,
369,BORONIA/STUD,INT,Melway,064A07,,,,
367,BORONIA/WANTIRNA,INT,Melway,063G05,,,,
2652,BOUNDARY RD / EAST OF MT DERRIMUT RD,INT,Melway,3.9E+09,,,,
3993,BOUNDARY/CUMBERLAND,INT,Melway,017C05,,,,
5280,BOUNDARY/HUME,INT,Melway,Unknown,,,,
5290,BOUNDARY/LOT E ACCESS,INT,Melway,039B07,,,,
4490,BOUNDARY/MACAULAY,INT,Melway,2A-D05,,,,
4647,BOUNDARY/MALCOLM/WHITE,INT,Melway,087K11,,,,
3203,BOUNDARY/OLD DANDENONG,INT,Melway,088A02,,,,
2176,BOUNDARY/PASCOE/WEST,INT,Melway,017B05,,,,
2647,BOUNDARY/PLUMMER/INDUSTRIAL DR,INT,Melway,040C08,,,,
4111,BOUNDARY/SUSSEX,INT,Melway,017E06,,,,
5263,BOUNDARY/WILLIAM ANGLISS DR/MARWEN DR,INT,Melway,039F08,,,,
2951,BOURKE/AURORA,INT,Melway,2EJ06,,,,
4636,BOURKE/CLAYTON/OSBORNE,INT,Melway,079B07,,,,
4594,BOURKE/EXHIBITION,INT,Melway,2F-H02,,,,
4398,BOUVERIE/QUEENSBERRY,INT,Melway,2B-D10,,,,
6620,BRANDY CREEK RD (VICTORIA ST)/ALBERT RD,INT,VicRoads,337Q08,,,,
6620,BRANDY CREEK RD (VICTORIA ST)/ALBERT RD,INT,VicRoads,337Q08,,,,
5229,BREAKWATER/TUCKER/CURRIER,INT,Melway,466D01,,,,
4805,BRIDGE/BURNLEY,INT,Melway,2H-E06,,,,
4801,BRIDGE/CHURCH,INT,Melway,2H-A06,,,,
4803,BRIDGE/COPPIN,INT,Melway,2H-C06,,,,
4800,BRIDGE/LENNOX,INT,Melway,2G-J06,,,,
4877,BRIDGE/LIGHT RAIL XING,INT,Melway,2J-E03,,,,
990,BRIDGE/SILVER,INT,Melway,021H06,,,,
4875,BRIDPORT/LIGHT RAIL XING,INT,Melway,2K-C06,,,,
2171,BROADMEADOWS DEV/NTH CIRCULAR,INT,Melway,006B08,,,,
3999,BROADMEADOWS/SHARPS/BARRIE,INT,Melway,015J03,,,,
5112,BROUGHAM / GHERINGHAP,INT,Melway,452B03,,,,
5070,BROUGHAM/MOORABOOL,INT,Melway,452C03,,,,
5049,BROUGHAM/YARRA,INT,Melway,452C03,,,,
3110,BRUNSWICK/FLEMING,INT,Melway,029D09,,,,
4216,BRUNSWICK/GERTRUDE,INT,Melway,2C-A11,,,,
3118,BRUNSWICK/GIBSON,INT,Melway,29B09,,,,
3111,BRUNSWICK/GRANTHAM,INT,Melway,029D09,,,,
3451,BRUNSWICK/JOHNSTON,INT,Melway,2C-B07,,,,
3113,BRUNSWICK/LYGON,INT,Melway,029J10,,,,
3115,BRUNSWICK/NICHOLSON/HOLDEN,INT,Melway,030A10,,,,
3791,BRUNSWICK/STRANGER,INT,Melway,029H10,,,,
3834,BUCKLEY (STH) NR LESLIE,INT,Melway,028G04,,,,
4196,BUCKLEY/COOPER/FAWKNER,INT,Melway,028C04,,,,
3047,BUCKLEY/DICKSON,INT,Melway,027H03,,,,
2719,BUCKLEY/HOFFMANS,INT,Melway,028A04,,,,
4233,BUCKLEY/NICHOLSON,INT,Melway,042C05,,,,
4235,BUCKLEY/VICTORIA,INT,Melway,042B05,,,,
4198,BUCKLEY/WAVERLEY/LINCOLN,INT,Melway,028E04,,,,
4198,BUCKLEY/WAVERLEY/LINCOLN,INT,Melway,028E04,,,,
1007,BULLA/TULLAMARINE FWY EB ON/OFF RAMP,INT,Melway,16E11,,,,
1012,BULLA/WOODLAND,INT,Melway,016E12,,,,
4054,BULLEEN NR HILLVIEW,INT,Melway,032D12,,,,
3071,BURGUNDY/CAPE,INT,Melway,032A04,,,,
3070,BURGUNDY/HAWDON,INT,Melway,032A04,,,,
3090,BURGUNDY/MOUNT,INT,Unknown,Unknown,,,,
3072,BURGUNDY/ROSANNA/LWR H'BERG,INT,Melway,032B04,,,,
3317,BURGUNDY/STUDLEY/STRADBROKE,INT,Melway,031K04,,,,
4035,BURKE/BARKERS/MONT ALBERT,INT,Melway,045J09,,,,
4032,BURKE/BELMORE/HARP,INT,Melway,045K04,,,,
1031,BURKE/BURWOOD,INT,Melway,045J11,,,,
4040,BURKE/CAMBERWELL/RIVERSDALE,INT,Melway,059J01,,,,
3120,BURKE/CANTERBURY,INT,Melway,045J10,,,,
4369,BURKE/CARROLL/WILLS,INT,Melway,059H07,,,,
6614,BURKE/COLEMAN,INT,VicRoads,337 O06,,,,
4034,BURKE/COTHAM/WHITEHORSE,INT,Melway,045K07,,,,
4030,BURKE/DONCASTER/KILBY/HIGH,INT,Melway,045K02,,,,
4038,BURKE/HAROLD/PROSPECT HILL,INT,Melway,045J12,,,,
4307,BURKE/MCARTHUR,INT,Melway,032A10,,,,
3977,BURKE/MONT ALBERT,INT,Melway,045J09,,,,
2826,BURKE/OLD BURKE/BOULEVARD,INT,Melway,031K12,,,,
4042,BURKE/PLEASANT/SEYMOUR,INT,Melway,059J02,,,,
4043,BURKE/TOORAK,INT,Melway,059H05,,,,
4368,BURKE/WATTLETREE,INT,Melway,059G10,,,,
4346,BURKE/WAVERLEY,INT,Melway,068G01,,,,
4150,BURNLEY/BARKLY,INT,Melway,2H-D12,,,,
3656,BURNLEY/HIGHETT,INT,Melway,Unknown,,,,
3657,BURNLEY/MURPHY,INT,Melway,Unknown,,,,
3878,BURNLEY/NORTHERN ACCESS RD,INT,Melway,2HF2,,,,
100,BURWOOD HWY NR LIVINGSTONE,INT,Melway,62G08,,,,
163,BURWOOD HWY NR SEVEN OAKS,INT,Melway,062B07,,,,
162,BURWOOD HWY/BLACKBURN,INT,Melway,061K07,,,,
179,BURWOOD HWY/BRENOCK PARK/SELMAN,INT,Melway,074C04,,,,
2018,BURWOOD HWY/BUNNINGS,INT,Melway,63A08,,,,
182,BURWOOD HWY/DAWSON,INT,Melway,074F06,,,,
2005,BURWOOD HWY/DEAKIN UNIVERSITY,INT,Melway,061B06,,,,
177,BURWOOD HWY/DORSET,INT,Melway,073K04,,,,
2004,BURWOOD HWY/ELGAR/McINTYRE,INT,Melway,061A06,,,,
176,BURWOOD HWY/FERNTREE GULLY,INT,Melway,073J03,,,,
2001,BURWOOD HWY/GILMOUR/SOMERS,INT,Melway,060H06,,,,
919,BURWOOD HWY/GLENFERN (TECOMA),INT,Melway,075C09,,,,
166,BURWOOD HWY/HANOVER/HARTLAND,INT,Melway,062G08,,,,
166,BURWOOD HWY/HANOVER/HARTLAND,INT,Melway,062G08,,,,
2012,BURWOOD HWY/HIGH STREET RD/LEWIS,INT,Melway,064B12,,,,
577,BURWOOD HWY/HOLLAND/K-MART ENT,INT,Melway,061K06,,,,
172,BURWOOD HWY/KNOX CITY ENT 2/TYNER,INT,Melway,063K11,,,,
173,BURWOOD HWY/KNOX CITY ENT 3/LYNNE,INT,Melway,063K11,,,,
180,BURWOOD HWY/KNOX CITY ENT 4,INT,Melway,064A12,,,,
178,BURWOOD HWY/KNOX CITY ENT 5/TYNER,INT,Melway,064A12,,,,
161,BURWOOD HWY/LAKESIDE DR,INT,Melway,062C07,,,,
159,BURWOOD HWY/LAKEWOOD DVE,INT,Melway,073C01,,,,
2008,BURWOOD HWY/MIDDLEBOROUGH,INT,Melway,061F06,,,,
168,BURWOOD HWY/MORACK RD,INT,Melway,063A08,,,,
920,BURWOOD HWY/MORRIS/MAST GULLY,INT,Melway,075A08,,,,
169,BURWOOD HWY/MOUNTAIN HWY,INT,Melway,063C08,,,,
868,BURWOOD HWY/MT DANDENONG TOURIST RD,INT,Melway,074H05,,,,
165,BURWOOD HWY/SAFEWAY ENTRANCE/RSPCA ENT,INT,Melway,061F06,,,,
921,BURWOOD HWY/SANDELLS,INT,Melway,075D09,,,,
174,BURWOOD HWY/SCORESBY,INT,Melway,073D01,,,,
164,BURWOOD HWY/SPRINGVALE,INT,Melway,062D07,,,,
2006,BURWOOD HWY/STATION,INT,Melway,061C06,,,,
723,BURWOOD HWY/STATION,INT,Melway,074B04,,,,
170,BURWOOD HWY/STUD,INT,Melway,063J11,,,,
2009,BURWOOD HWY/TEMPLETON/RENOU,INT,Melway,063G10,,,,
2000,BURWOOD HWY/WARRIGAL,INT,Melway,060H06,,,,
4266,BURWOOD/AUBURN,INT,Melway,045F11,,,,
3668,BURWOOD/BUNNINGS ACCESS,INT,Melway,Unknown,,,,
4285,BURWOOD/CAMBERWELL,INT,Melway,045G11,,,,
4262,BURWOOD/CHURCH,INT,Melway,2H-J07,,,,
764,BURWOOD/GLENFERN (FERNTREE GULLY),INT,Melway,074A04,,,,
4264,BURWOOD/GLENFERRIE,INT,Melway,045D10,,,,
4263,BURWOOD/POWER,INT,Melway,045B10,,,,
4280,BURWOOD/WILLIAM,INT,Melway,045E10,,,,
2059,CAIRNLEA/WOODBURN,INT,Melway,025H06,,,,
6257,CALDER HWY / THISTLE STREET - BENDIGO,INT,VicRoads,282J16,,,,
5937,CALDER HWY(HIGH ST)/MOLLISON,INT,VicRoads,288G09,,,,
6256,CALDER HWY/ALDER STREET,INT,VicRoads,282E20,,,,
6233,CALDER HWY/IRONBARK,INT,VicRoads,607Q05,,,,
6451,CALDER HWY/KARADOC,INT,VicRoads,003D05,,,,
2730,CALDER HWY/KEILOR PARK DVE,INT,Melway,015B08,,,,
6259,CALDER HWY[HIGH ST]/LAUREL.,INT,VicRoads,282H17,,,,
6285,CALDER(DON)/BARNARD,INT,VicRoads,280J14,,,,
5936,CALDER/ASHBOURNE/QUARRY,INT,VicRoads,290C04,,,,
6254,CALDER/LANSELL PLAZA,INT,VicRoads,282D25,,,,
6253,CALDER/LOCKWOOD/CAMP,INT,VicRoads,282E22,,,,
6230,CALDER/LODDON VLY,INT,VicRoads,280H13,,,,
6255,CALDER/OAK,INT,VicRoads,282F18,,,,
6450,CALDER/SAN MATEO,INT,VicRoads,203M11,,,,
6461,CALDER/SANDILONG,INT,VicRoads,203R13,,,,
6252,CALDER/TAYLOR/WESLEY,INT,VicRoads,613L04,,,,
6252,CALDER/TAYLOR/WESLEY,INT,VicRoads,613L04,,,,
4267,CAMBERWELL/HAROLD,INT,Melway,045H12,,,,
3812,CAMBERWELL/SEYMOUR/TRAFALGAR,INT,Melway,059K02,,,,
3969,CAMP RD/NORTHCORP BLD,INT,Melway,007E10,,,,
3964,CAMP/ MAYGAR / CSL ACCESS,INT,Melway,007C09,,,,
3985,CAMP/BLAIR/WIDFORD,INT,Melway,006J09,,,,
3997,CAMP/MAIN,INT,Melway,007D10,,,,
836,CANADIAN BAY/MT ELIZA WAY,INT,Melway,105F1,,,,
4410,CANNING/ELGIN,INT,Melway,2B-J06,,,,
2716,CANNING/MILITARY,INT,Melway,027F08,,,,
971,CANTERBURY RD/GREAT RYRIE STREET,INT,Melway,063K01,,,,
3127,CANTERBURY/BALWYN,INT,Melway,046D11,,,,
139,CANTERBURY/BAYFIELD,INT,Melway,050K12,,,,
860,CANTERBURY/BAYSWATER,INT,Melway,064G01,,,,
857,CANTERBURY/BEDFORD/ARINGA,INT,Melway,050B11,,,,
844,CANTERBURY/BLACKBURN,INT,Melway,062A01,,,,
158,CANTERBURY/BUNNINGS HARDWARE ACCESS,INT,Melway,050J12,,,,
893,CANTERBURY/CADBURY SCHWEPPES ENTRANCE,INT,Melway,063F01,,,,
863,CANTERBURY/COLCHESTER,INT,Melway,051E10,,,,
3130,CANTERBURY/ELGAR,INT,Melway,047A12,,,,
4831,CANTERBURY/FITZROY/GREY,INT,Melway,058A08,,,,
859,CANTERBURY/GATWICK,INT,Melway,051C11,,,,
845,CANTERBURY/GLEBE,INT,Melway,062C01,,,,
851,CANTERBURY/HEATHERDALE,INT,Melway,063D01,,,,
855,CANTERBURY/HEATHMONT,INT,Melway,050A12,,,,
4909,CANTERBURY/KERFERD/ALBERT/FERRARS,INT,Melway,2K-C07,,,,
864,CANTERBURY/LIVERPOOL,INT,Melway,051H09,,,,
846,CANTERBURY/MAHONEYS,INT,Melway,062D01,,,,
3132,CANTERBURY/MIDDLEBOROUGH,INT,Melway,047G12,,,,
4918,CANTERBURY/MILLS,INT,Melway,2K-D08,,,,
849,CANTERBURY/MITCHAM/BORONIA,INT,Melway,062K02,,,,
146,CANTERBURY/MT DANDENONG,INT,Melway,052B07,,,,
843,CANTERBURY/PACIFIC WAY,INT,Melway,062C01,,,,
3085,CANTERBURY/RAMSAY,INT,Melway,64H01,,,,
865,CANTERBURY/ROOKS,INT,Melway,062J02,,,,
3122,CANTERBURY/STANHOPE,INT,Melway,046A10,,,,
3131,CANTERBURY/STATION,INT,Melway,047C12,,,,
848,CANTERBURY/STEVENS,INT,Melway,062H02,,,,
3138,CANTERBURY/SURREY DVE,INT,Melway,047B12,,,,
871,CANTERBURY/TERRARA,INT,Melway,062J02,,,,
3125,CANTERBURY/UNION,INT,Melway,046H11,,,,
853,CANTERBURY/WANTIRNA,INT,Melway,063G01,,,,
3126,CANTERBURY/WARRIGAL,INT,Melway,046H11,,,,
6825,CAPE NELSON/MUST,INT,VicRoads,237N10,,,,
1211,CARDINIA/HENRY/RIX,INT,Unknown,Unknown,,,,
4837,CARLISLE/WESTBURY,INT,Melway,058E11,,,,
2591,CAROLINE SPRINGS/COLLEGE,INT,Melway,356G10,,,,
2680,CAROLINE SPRINGS/COMMERCIAL,INT,Melway,356H09,,,,
2593,CAROLINE SPRINGS/LAKE,INT,Melway,356G10,,,,
3168,C'BOURNE-NARRE WARREN/CAMMS/ROCHESTER,INT,Melway,134B02,,,,
4904,CECIL/PARK,INT,Melway,2K-C03,,,,
4382,CEMETERY/COLLEGE,INT,Melway,2B-D03,,,,
4380,CEMETERY/LYGON/PRINCES,INT,Melway,2B-G04,,,,
3204,CENTRE DANDENONG/BOUNDARY,INT,Melway,088A03,,,,
3145,CENTRE DANDENONG/CHIFLEY DVE,INT,Melway,087K03,,,,
3145,CENTRE DANDENONG/CHIFLEY DVE,INT,Melway,087K03,,,,
3139,CENTRE DANDENONG/DFO ACCESS RD,INT,Melway,087F03,,,,
3141,CENTRE DANDENONG/GRANGE,INT,Melway,087F02,,,,
3143,CENTRE DANDENONG/HOWARD,INT,Melway,088D04,,,,
3142,CENTRE DANDENONG/MARCUS,INT,Melway,088F06,,,,
4655,CENTRE/BRADY,INT,Melway,078A02,,,,
3144,CENTRE/BUCKLAND,INT,Melway,079F04,,,,
4694,CENTRE/CLARINDA/HUNTINGDALE,INT,Melway,078J03,,,,
3198,CENTRE/CLAYTON,INT,Melway,079C03,,,,
2961,CENTRE/COOKE,INT,Melway,079C03,,,,
4613,CENTRE/EAST BOUNDARY,INT,Melway,077J01,,,,
3199,CENTRE/ESKAY,INT,Melway,078G03,,,,
3960,CENTRE/HAMPTON,INT,Melway,067G11,,,,
4698,CENTRE/HAUGHTON/CARINISH,INT,Melway,079E04,,,,
4698,CENTRE/HAUGHTON/CARINISH,INT,Melway,079E04,,,,
3441,CENTRE/JASPER,INT,Melway,077E01,,,,
3189,CENTRE/KNIGHT,INT,Melway,079B03,,,,
4615,CENTRE/MACKIE,INT,Melway,078B02,,,,
4700,CENTRE/MCNAUGHTON/KOMBI,INT,Melway,079G04,,,,
2349,CENTRE/MONASH MEDICAL CENTRE,INT,Melway,077K01,,,,
2960,CENTRE/SPRINGS,INT,Melway,079A03,,,,
3959,CENTRE/THOMAS,INT,Melway,068A12,,,,
4610,CENTRE/TUCKER,INT,Melway,077G01,,,,
3694,CENTRE/WARRIGAL,INT,Melway,078E02,,,,
2483,CHADSTONE SHOPPING CENTRE WEST MALL,INT,Unknown,Unknown,,,,
3851,CHADSTONE/EXIT CHAD SHOPS,INT,Melway,069D04,,,,
2823,CHANDLER HWY/EAST FWY E OFF,INT,Melway,045B02,,,,
2822,CHANDLER HWY/EAST FWY E ON,INT,Melway,045B02,,,,
2821,CHANDLER HWY/EAST FWY WB,INT,Melway,045C02,,,,
2820,CHANDLER HWY/PRINCESS ST,INT,Melway,045C02,,,,
954,CHANDLER/DOUGLAS/RAILWAY,INT,Melway,089H04,,,,
954,CHANDLER/DOUGLAS/RAILWAY,INT,Melway,089H04,,,,
6199,CHAPEL (MCIVOR HWY)/HARGREAVES,INT,VicRoads,607T5,,,,
4740,CHAPEL/ALEXANDRA/CHURCH,INT,Melway,2L-K03,,,,
4845,CHAPEL/ALMA,INT,Melway,058D09,,,,
4851,CHAPEL/CARLISLE,INT,Melway,058D11,,,,
4772,CHAPEL/CHATHAM/PRINCES,INT,Melway,2L-J11,,,,
4737,CHAPEL/DALY,INT,Melway,2L-K05,,,,
4770,CHAPEL/GARDEN (*** USE 4771 ***),INT,Melway,2L-J07,,,,
4848,CHAPEL/INKERMAN,INT,Melway,058D10,,,,
3654,CHAPEL/MALCOLM,INT,Melway,2LK04,,,,
3917,CHAPEL/PALERMO,INT,Melway,2L-J07,,,,
4771,CHAPEL/WILSON/GARDEN,INT,Melway,2L-J08,,,,
1191,CHARLES GRIMES BRIDGE OFF RAMP,INT,Unknown,Unknown,,,,
6204,CHARLESTON/NOLAN,INT,VicRoads,281O12,,,,
4626,CHARMAN/PARK,INT,Melway,086H01,,,,
1019,CHELTENHAM/ALLAN,INT,Melway,090B08,,,,
668,CHELTENHAM/BENNET,INT,Melway,090A08,,,,
3146,CHELTENHAM/BUNNINGS ACCESS RD,INT,Melway,088J08,,,,
979,CHELTENHAM/CAMBRIA,INT,Melway,089H09,,,,
670,CHELTENHAM/CHANDLER,INT,Melway,089G09,,,,
923,CHELTENHAM/CORRIGAN,INT,Melway,089C09,,,,
269,CHELTENHAM/DINGLEY/SINCLAIR,INT,Melway,089K08,,,,
3150,CHELTENHAM/FIVEWAYS/LAKE VIEW,INT,Melway,88K08,,,,
650,CHELTENHAM/FOSTER/THOMAS,INT,Melway,090D08,,,,
651,CHELTENHAM/HAMMOND,INT,Melway,090C08,,,,
564,CHELTENHAM/KENEALLY,INT,Melway,090B08,,,,
924,CHELTENHAM/KINGSCLERE,INT,Melway,089E09,,,,
963,CHELTENHAM/PARKMORE SHOP CENTRE,INT,Melway,089E09,,,,
5260,CHERRY/RAILWAY,INT,Melway,205K07,,,,
4625,CHESTERVILLE/ARGUS/TENNYSON,INT,Melway,077J11,,,,
4624,CHESTERVILLE/BERNARD,INT,Melway,077J10,,,,
4635,CHESTERVILLE/COCHRANES,INT,Melway,077K07,,,,
4617,CHESTERVILLE/WICKHAM/KEYS,INT,Melway,077J08,,,,
2809,CHILDS RD/BETULA AVE,INT,Melway,009K04,,,,
2808,CHILDS RD/PRINCE OF WALES AVE,INT,Melway,009G03,,,,
2779,CHILDS/REDLEAP,INT,Melway,009K04,,,,
2772,CHILDS/STABLES SHOPPING CENTRE,INT,Melway,009J04,,,,
3860,CHURCH/BALMAIN/COTTER,INT,Melway,2G-K12,,,,
4824,CHURCH/ELIZABETH/BAKER,INT,Melway,2H-B02,,,,
4826,CHURCH/HIGHETT,INT,Melway,2H-A04,,,,
5080,CHURCH/MINERVA,INT,Melway,441F11,,,,
4808,CHURCH/SWAN,INT,Melway,2H-A10,,,,
5152,CHURCH/VINES,INT,Melway,4.41E+13,,,,
5226,CHURCH/WEDDELL,INT,Melway,441J11,,,,
4884,CITY/CECIL/BALLANTINE,INT,Melway,2F-B12,,,,
4883,CITY/CLARENDON,INT,Melway,2F-C11,,,,
4885,CITY/FERRARS/MARKET,INT,Melway,2K-A01,,,,
4886,CITY/MONTAGUE/YORK,INT,Melway,2J-K02,,,,
4882,CITY/MORAY/QUEENSBRIDGE,INT,Melway,2F-D10,,,,
4881,CITY/POWER,INT,Melway,2F-E09,,,,
4920,CITY/SOUTH GATE AVE,INT,Melway,2F-F08,,,,
4880,CITY/SOUTHBANK BLVD,INT,Melway,2F-E08,,,,
4880,CITY/SOUTHBANK BLVD,INT,Melway,2F-E08,,,,
4891,CLARENDON/BALLANTYNE,INT,Melway,2F-C11,,,,
3536,CLARENDON/COVENTRY,INT,Melway,2K-C01,,,,
4916,CLARENDON/DORCAS,INT,Melway,2K-D02,,,,
4661,CLARENDON/HIGH/NORMANBY,INT,Melway,030F05,,,,
4905,CLARENDON/PARK,INT,Melway,2K-D03,,,,
4878,CLARENDON/WHITEMAN/NORMANBY,INT,Melway,2F-B10,,,,
4892,CLARENDON/YORK,INT,Melway,2K-C01,,,,
3191,CLAYTON/DUNSTAN,INT,Melway,079C02,,,,
3200,CLAYTON/FAIRBANK,INT,Melway,079B07,,,,
3206,CLAYTON/HAUGHTON/CARINISH,INT,Melway,079C02,,,,
3208,CLAYTON/MONASH MEDICAL CENTRE,INT,Melway,079C01,,,,
3570,CLAYTON/NORTH,INT,Melway,070C11,,,,
3209,CLAYTON/RYANS,INT,Melway,079B09,,,,
5123,CLIFTON SPRINGS/HANCOCK,INT,Melway,456K10,,,,
6047,CLIFTON/ANDERSON,INT,VicRoads,306D10,,,,
6047,CLIFTON/ANDERSON,INT,VicRoads,306D10,,,,
669,CLOW/WALKER,INT,Melway,090E07,,,,
556,CLYDE/CRESTHAVEN,INT,Melway,131B04,,,,
3178,CLYDE/ENTERPRISE,INT,Melway,Unknown,,,,
508,CLYDE/GREAVES/O'SHEA,INT,Melway,131B03,,,,
537,CLYDE/MOONDARRA/MEADOWLANDS,INT,Melway,131B06,,,,
2646,COBURNS/BARRIES,INT,Melway,336H10,,,,
2661,COBURNS/RICHARD,INT,Melway,336H12,,,,
2654,COBURNS/SHOP CENTRE ACCESS,INT,Melway,114J10,,,,
4982,COBURNS/WESTERN FWY (NTH),INT,Melway,114J11,,,,
4983,COBURNS/WESTERN FWY (STH),INT,Melway,114J11,,,,
1158,COLEMANS/PRODUCE,INT,Melway,Unknown,,,,
4576,COLLINS/EXHIBITION,INT,Melway,2F-J03,,,,
1141,COLLINS/HARBOUR,INT,Melway,Unknown,,,,
4582,COLLINS/MARKET,INT,Melway,2F-D05,,,,
1142,COLLINS/NAVIGATION DR,INT,Melway,Unknown,,,,
2983,COMMERCIAL/BALMORAL,INT,Melway,2L-G09,,,,
6663,COMMERCIAL/HAZELWOOD,INT,VicRoads,340D06,,,,
4537,COMMERCIAL/IZETT,INT,Melway,2L-H09,,,,
2571,COMMERCIAL/LAKE,INT,Melway,356H09,,,,
6291,CONDON/RESERVOIR,INT,VicRoads,608D09,,,,
1311,COOPER ST/ DAVISSON ST,INT,Unknown,Unknown,,,,
1310,COOPER ST/DALTON RD,INT,Unknown,Unknown,,,,
2814,COOPER/EDGARS,INT,Melway,181H11,,,,
2813,COOPER/FREIGHT/REX,INT,Melway,180H10,,,,
2812,COOPER/GATEWAY BLVD,INT,Melway,181F11,,,,
2838,COOPER/METROLINK CIRCUIT,INT,Melway,Unknown,,,,
2787,COOPER/MILLER/EPPING PLAZA SHOP C ACC 4,INT,Melway,181K12,,,,
3238,COOPER/NORTHERN HOSPITAL ENTRANCE,INT,Melway,181K12,,,,
2818,COOPER/SCANLON,INT,Melway,181E11,,,,
2811,COOPER/TIP ACCESS RD,INT,Melway,181A10,,,,
2964,COOPER/WILLANDRA,INT,Melway,181H11,,,,
2712,CORDITE/AMRL/WATERFORD GRN EST ENTRANCE,INT,Melway,027H08,,,,
925,CORRIGAN/ATHOL,INT,Melway,089D03,,,,
942,CORRIGAN/KINGSCLERE,INT,Melway,089C05,,,,
927,CORRIGAN/LIGHTWOOD,INT,Melway,080D12,,,,
933,CORRIGAN/NOBLE,INT,Melway,089D02,,,,
4323,COTHAM/CHARLES,INT,Melway,045D06,,,,
4324,COTHAM/GLENFERRIE,INT,Melway,045E06,,,,
5251,COTTRELL ST (EAST)/MARKET,INT,Melway,205J07,,,,
2815,CRAIGIEBURN BYPASS/COOPER,INT,Melway,181D11,,,,
2815,CRAIGIEBURN BYPASS/COOPER,INT,Melway,181D11,,,,
2815,CRAIGIEBURN BYPASS/COOPER,INT,Melway,181D11,,,,
2815,CRAIGIEBURN BYPASS/COOPER,INT,Melway,181D11,,,,
2819,CRAIGIEBURN BYPASS/CRAIGIEBURN RD EAST,INT,Melway,387F10,,,,
2834,CRAIGIEBURN/BRIDGEWATER,INT,Melway,386K09,,,,
1145,CRANBOURNE/CLARENDON,INT,Melway,Unknown,,,,
272,CRANBOURNE/FLETCHER/FIRE STN,INT,Melway,102D03,,,,
276,CRANBOURNE/KARINGAL,INT,Melway,103B05,,,,
747,CRANBOURNE/KARINGAL HUB ENT,INT,Melway,103C05,,,,
271,CRANBOURNE/LEE,INT,Melway,102K04,,,,
744,CRANBOURNE/MCCLELLAND,INT,Melway,103D05,,,,
731,CRANBOURNE/MCMAHONS/FRANKSTON FWY,INT,Melway,102G03,,,,
1091,CRANBOURNE/PEN.POWER CENTRE ACCESS,INT,Melway,Unknown,,,,
750,CRANBOURNE/PLAYNE,INT,Melway,102D03,,,,
302,CRANBOURNE-FRANK/SOUTHGATEWAY,INT,Melway,103K04,,,,
255,CRANBOURNE-FRANK/WARRANDYTE,INT,Melway,103J04,,,,
1056,CRANBOURNE-FRANKSTON/AMSTEL GC,INT,Melway,133D05,,,,
1261,CRANBOURNE-FRANKSTON/CENTRE/POTTS,INT,Melway,136D02,,,,
1077,CRANBOURNE-FRANKSTON/FAIRBAIRN,INT,Melway,133G05,,,,
570,CRANBOURNE-FRANKSTON/HALL,INT,Melway,133C05,,,,
261,CRANBOURNE-FRANKSTON/LONG ST,INT,Melway,103G05,,,,
1260,CRANBOURNE-FRANKSTON/NORTHGATEWAY/QUARRY,INT,Melway,136B02,,,,
1078,CRANBOURNE-FRANKSTON/SCOTT,INT,Melway,133J06,,,,
505,CRANBOURNE-FRANKSTON/SLADEN/MONAHANS,INT,Melway,133E05,,,,
514,CRANBOURNE-FRANKSTON/UNION/PINDARA,INT,Melway,103K04,,,,
887,CROYDON/LINCOLN (see site no. 137),INT,Melway,036K12,,,,
4491,CURZON/HAINES,INT,Melway,2A-H07,,,,
2768,DALTON/DAREBIN/ALEXANDER,INT,Melway,009C08,,,,
4994,DALTON/THE BOULEVARD,INT,Melway,009C06,,,,
5839,DANA/ARMSTRONG,INT,VicRoads,566D09,,,,
1119,DANDENDONG SOUTH BYPASS/CHANDLER,INT,Melway,089G11,,,,
1120,DANDENONG SOUTHERN BYPASS/HAMMOND,INT,Melway,090C12,,,,
1118,DANDENONG SOUTHERN BYPASS/PERRY,INT,Melway,8.9E+11,,,,
1121,DANDENONG STH BYPASS/DAND_FRANSTON,INT,Melway,9E+13,,,,
1122,DANDENONG STH BYPASS/STH GIPPSLAND HWY,INT,Melway,095G01,,,,
621,DANDENONG VALLEY/MONTEREY/ELLIOTT,INT,Melway,095D05,,,,
702,DANDENONG-FRANKSTON/EXCELSIOR,INT,Melway,100A06,,,,
541,DANDENONG-FRANKSTON/QUALITY/COJO,INT,Melway,95D6,,,,
3267,DAREBIN/STATION,INT,Melway,031A07,,,,
4664,DAREBIN/VICTORIA,INT,Melway,030J06,,,,
745,DAVEY/BAXTER/HASTINGS,INT,Melway,102D03,,,,
728,DAVEY/YOUNG,INT,Melway,102C03,,,,
1162,DAVID MUNROE DR/STAINSBY CR,INT,Melway,179K08,,,,
4016,DAWSON/GRANTHAM,INT,Melway,029E08,,,,
3027,DENDY/ESPLANADE,INT,Melway,076C01,,,,
3957,DENDY/HAMPTON,INT,Melway,076G01,,,,
1190,DENMARK/STEVENSON,INT,Melway,45B07,,,,
3663,DENMARK/WELLINGTON,INT,Melway,045C07,,,,
5000,DERRIMUT/BAGGOTT,INT,Melway,206E01,,,,
5254,DERRIMUT/HEATHS,INT,Melway,206D02,,,,
5235,DERRIMUT/LEAKES,INT,Melway,202F02,,,,
3767,DERRIMUT/POPLAR/BADEN POWELL,INT,Melway,Unknown,,,,
5262,DERRIMUT/RAILWAY AVE,INT,Melway,206D05,,,,
5281,DERRIMUT/VIRGILIA/SYCAMORE,INT,Melway,Unknown,,,,
5281,DERRIMUT/VIRGILIA/SYCAMORE,INT,Melway,Unknown,,,,
5246,DERRIMUT/WARRINGA,INT,Melway,206D02,,,,
5265,DERRIMUT/WILLMOTT,INT,Melway,206D04,,,,
2711,DEVONSHIRE / WITHERS,INT,Melway,026H12,,,,
2709,DEVONSHIRE/CORNWALL,INT,Melway,026K12,,,,
4947,DEVONSHIRE/DUKE,INT,Melway,027A12,,,,
4946,DEVONSHIRE/HAMPSHIRE,INT,Melway,026H12,,,,
2643,DEVONSHIRE/HARVESTER RD,INT,Melway,026H12,,,,
3339,DIAMOND CREEK/PLENTY RIVER,INT,Melway,Unknown,,,,
3349,DIAMOND CREEK/ST HELENA,INT,Melway,020K01,,,,
4176,DIAMOND CREEK/YAN YEAN/AQUEDUCT,INT,Melway,011D07,,,,
3672,DIMBOOLA/MAIN,INT,Unknown,Unknown,,,,
3995,DIMBOOLA/PEARCEDALE,INT,Melway,006G08,,,,
3967,DOCKLANDS/DOEPEL/WATERFRONT,INT,Melway,Unknown,,,,
4163,DOCKLANDS/PEARL RIVER ROAD,INT,Unknown,Unknown,,,,
1069,DOCKLANDS/SAINT MANGOS,INT,Melway,2EE3,,,,
4436,DOCKLANDS/WESTERN LINK NB ON & OFF RAMP,INT,Melway,2E-A01,,,,
5266,DOHERTYS/HUME,INT,Unknown,Unknown,,,,
3473,DOHERTYS/JESSICA,INT,Melway,360H11,,,,
4548,DOMAIN/PARK/BIRDWOOD,INT,Melway,2L-D02,,,,
2182,DONALD CAMERON/LINCOLN/THOMAS BRUNTON,INT,Melway,179K06,,,,
3180,DONCASTER/BALWYN,INT,Melway,046E03,,,,
335,DONCASTER/BLACKBURN,INT,Melway,048C01,,,,
4051,DONCASTER/BULLEEN/SEVERN,INT,Melway,046B02,,,,
329,DONCASTER/CHURCH,INT,Melway,033G12,,,,
327,DONCASTER/COUNCIL,INT,Melway,047E01,,,,
334,DONCASTER/DONCASTER BUS DEPOT,INT,Melway,047J01,,,,
333,DONCASTER/DRYDEN,INT,Melway,048B01,,,,
324,DONCASTER/ELGAR  (SLAVED 325),INT,Melway,047D01,,,,
326,DONCASTER/FREDERICK/SHOPPING,INT,Melway,047E01,,,,
2829,DONCASTER/GREYTHORN,INT,Melway,046H01,,,,
2830,DONCASTER/HIGH,INT,Melway,046K01,,,,
331,DONCASTER/JACKSON CRT,INT,Melway,047K01,,,,
338,DONCASTER/MITCHAM/OLD W'DYTE,INT,Melway,048E02,,,,
325,DONCASTER/TRAM/WILLIAMSONS,INT,Melway,047D01,,,,
337,DONCASTER/TUNSTALL,INT,Melway,048E01,,,,
330,DONCASTER/WETHERBY/VICTORIA,INT,Melway,047H01,,,,
2043,DONCASTER/WHITTENS,INT,Melway,047F01,,,,
2193,DONNYBROOK/HUME FWY NB RAMPS,INT,Unknown,Unknown,,,,
4899,DORCAS/FERRARS,INT,Melway,2K-A03,,,,
4898,DORCAS/MONTAGUE,INT,Melway,2J-K03,,,,
4915,DORCAS/PICKLES/INGLES,INT,Melway,2J-H03,,,,
807,DORSET RD / FRANCIS CR,INT,Melway,073K01,,,,
806,DORSET RD/LANDSCAPE DRV,INT,Melway,065A05,,,,
374,DORSET/BORONIA,INT,Melway,065A09,,,,
631,DORSET/CANTERBURY,INT,Melway,051A11,,,,
767,DORSET/CHANDLER,INT,Melway,065A08,,,,
1123,DORSET/CLIPSAL,INT,Melway,65A01,,,,
623,DORSET/EASTFIELD,INT,Melway,051A08,,,,
1139,DORSET/GOLF LINKS/THE RANGE BVD,INT,Unknown,Unknown,,,,
628,DORSET/HULL/HEWISH,INT,Melway,051B03,,,,
641,DORSET/LINCOLN (NORTH),INT,Melway,051B01,,,,
633,DORSET/LINCOLN (SOUTH),INT,Melway,051B01,,,,
629,DORSET/MT DANDENONG,INT,Melway,051B04,,,,
3210,DOUGLAS/NORTH,INT,Melway,056B04,,,,
2515,DROOP/DONALD,INT,Melway,042C04,,,,
2937,DRYBURGH/QUEENSBERRY,INT,Melway,2A-F09,,,,
4518,DRYBURGH/SPENCER/MILLER,INT,Melway,2A-F11,,,,
1112,DSB/EASTLINK,INT,Melway,089J11,,,,
916,DUBLIN/ALEXANDRA,INT,Melway,050B09,,,,
4522,DUDLEY/ADDERLEY,INT,Melway,2E-H02,,,,
2677,DUKE/SURREY,INT,Melway,27B07,,,,
5242,DUNCANS/COLLEGE,INT,Melway,206A09,,,,
5253,DUNCANS/SYNNOT,INT,Melway,205K08,,,,
5001,DUNCANS/WATTON,INT,Melway,205K08,,,,
5234,DUNNINGS/BOARDWALK,INT,Melway,207F03,,,,
3405,DYNON/DOCK LINK,INT,Melway,2T-D09,,,,
4482,DYNON/KENSINGTON,INT,Melway,042G05,,,,
4483,DYNON/LLOYD,INT,Melway,042K05,,,,
1209,EAST BOUNDARY RD/ARDENA CRT,INT,Unknown,Unknown,,,,
5042,EASTERN BEACH/BELLARINE/BROUGHAM,INT,Melway,452D03,,,,
3380,EASTERN FWY OFF RAMP/HODDLE,INT,Melway,2C-J05,,,,
709,EASTERN FWY RAMP/THOMPSONS,INT,Melway,032E10,,,,
575,EASTERN FWY/BLACKBURN,INT,Melway,048B05,,,,
575,EASTERN FWY/BLACKBURN,INT,Melway,048B05,,,,
2827,EASTERN FWY/BULLEEN/THOMPSONS,INT,Melway,032D11,,,,
2827,EASTERN FWY/BULLEEN/THOMPSONS,INT,Melway,032D11,,,,
2828,EASTERN FWY/DONCASTER,INT,Melway,046K01,,,,
2828,EASTERN FWY/DONCASTER,INT,Melway,046K01,,,,
3918,EASTERN FWY/ELGAR,INT,Melway,047C03,,,,
3918,EASTERN FWY/ELGAR,INT,Melway,047C03,,,,
574,EASTERN FWY/MIDDLEBOROUGH,INT,Melway,047H04,,,,
574,EASTERN FWY/MIDDLEBOROUGH,INT,Melway,047H04,,,,
576,EASTERN FWY/SPRINGVALE,INT,Melway,048F05,,,,
576,EASTERN FWY/SPRINGVALE,INT,Melway,048F05,,,,
3919,EASTERN FWY/TRAM,INT,Melway,047E04,,,,
3919,EASTERN FWY/TRAM,INT,Melway,047E04,,,,
2106,EASTERN HWY/BRUNSWICK,INT,Melway,2C-B04,,,,
2108,EASTERN HWY/GEORGE,INT,Melway,2C-D04,,,,
2108,EASTERN HWY/GEORGE,INT,Melway,2C-D04,,,,
2101,EASTERN HWY/QUEENS/BRUNSWICK,INT,Melway,2C-B04,,,,
2103,EASTERN HWY/SMITH,INT,Melway,2C-E04,,,,
2103,EASTERN HWY/SMITH,INT,Melway,2C-E04,,,,
2104,EASTERN HWY/WELLINGTON,INT,Melway,2C-F05,,,,
2104,EASTERN HWY/WELLINGTON,INT,Melway,2C-F05,,,,
2832,EASTERN/BULLEEN OFF RAMP         DD 2827,INT,Melway,032D11,,,,
2831,EASTERN/BURKE OFF RAMP           DD 2825,INT,Melway,031K12,,,,
2825,EASTERN/BURKE ON RAMP,INT,Melway,031K12,,,,
2100,EASTERN/NICHOLSON/PRINCES,INT,Melway,2C-A04,,,,
1103,EASTLINK/BURWOOD HWY INTERCHANGE,INT,Melway,063D09,,,,
1103,EASTLINK/BURWOOD HWY INTERCHANGE,INT,Melway,063D09,,,,
1102,EASTLINK/CANTERBURY INTERCHANGE,INT,Melway,630,,,,
1102,EASTLINK/CANTERBURY INTERCHANGE,INT,Melway,630,,,,
1111,EASTLINK/CHELTENHAM INTERCHANGE,INT,Melway,089J09,,,,
1111,EASTLINK/CHELTENHAM INTERCHANGE,INT,Melway,089J09,,,,
1107,EASTLINK/FERNTREE GULLY INTERCHANGE,INT,Melway,072D08,,,,
1107,EASTLINK/FERNTREE GULLY INTERCHANGE,INT,Melway,072D08,,,,
1105,EASTLINK/HIGH STREET ROAD INTERCHANGE,INT,Melway,072D01,,,,
1105,EASTLINK/HIGH STREET ROAD INTERCHANGE,INT,Melway,072D01,,,,
1109,EASTLINK/POLICE INTERCHANGE,INT,Melway,081C06,,,,
1109,EASTLINK/POLICE INTERCHANGE,INT,Melway,081C06,,,,
3975,EDGARS RD / KINGSWAY DR,INT,Melway,008G03,,,,
3982,EDGARS/BARRY,INT,Melway,008F06,,,,
2788,EDGARS/COMALCO ACCESS,INT,Melway,008F10,,,,
4990,EDGARS/MAIN,INT,Melway,008F07,,,,
2766,EDGARS/VICTORIA,INT,Melway,008F08,,,,
155,EDWARD RD/VIEWPOINT DR,INT,Melway,037G04,,,,
3874,EDWARDES/BANBURY,INT,Melway,018D05,,,,
3875,EDWARDES/NEWLANDS,INT,Melway,018B05,,,,
3943,ELGAR/ARNOLD,INT,Melway,047B08,,,,
3920,ELGAR/BELMORE,INT,Melway,047C04,,,,
3940,ELGAR/CARRINGTON,INT,Melway,047B09,,,,
3922,ELGAR/MONT ALBERT,INT,Melway,047B10,,,,
3916,ELGAR/UGANDA,INT,Melway,61A04,,,,
4512,ELIZABETH/A'BECKETT ST,INT,Melway,2F-D01,,,,
4597,ELIZABETH/BOURKE ST,INT,Melway,2F-E04,,,,
4580,ELIZABETH/COLLINS,INT,Melway,2F-E05,,,,
4571,ELIZABETH/FLINDERS LANE,INT,Melway,2F-E05,,,,
4563,ELIZABETH/FLINDERS ST,INT,Melway,2F-F06,,,,
4511,ELIZABETH/FRANKLIN ST,INT,Melway,2B-D12,,,,
2922,ELIZABETH/LATROBE ST,INT,Melway,2F-D01,,,,
4822,ELIZABETH/LENNOX,INT,Melway,2G-K02,,,,
4606,ELIZABETH/LITTLE BOURKE ST,INT,Melway,2F-E03,,,,
4589,ELIZABETH/LITTLE COLLINS ST,INT,Melway,2F-E04,,,,
2914,ELIZABETH/LITTLE LONSDALE ST,INT,Melway,2F-D02,,,,
2906,ELIZABETH/LONSDALE,INT,Melway,2F-D02,,,,
1061,ELIZABETH/PEEL/FLEM/BEDFORD,INT,Melway,2B-B09,,,,
4387,ELIZABETH/QUEENSBERRY ST,INT,Melway,2B-C10,,,,
4510,ELIZABETH/THERRY ST,INT,Melway,2B-C12,,,,
4388,ELIZABETH/VICTORIA ST,INT,Melway,2B-C11,,,,
4467,ELLIOT/TRAMWAY CROSSING,INT,Melway,2A-J02,,,,
4477,ELLIOTT/BRENS,INT,Melway,2A-G02,,,,
2692,EPPING/HAYSTON/LYNDARUM,INT,Melway,Unknown,,,,
1166,EPSOM ROAD/SHOPPING CENTRE ACCESS,INT,Melway,Unknown,,,,
1009,EPSOM/FLEMINGTON RACECOURSE ENT,INT,Melway,28H12,,,,
1002,EPSOM/LANGS,INT,Melway,028F10,,,,
1010,EPSOM/UNION,INT,Melway,028G11,,,,
4498,ERROL/QUEENSBERRY,INT,Melway,2A-J09,,,,
3246,EVANS/BROOK,INT,Melway,382E04,,,,
4979,EXFORD NR STAUGHTON,INT,Melway,342K02,,,,
4568,EXHIBITION/FLINDERS LANE,INT,Melway,2F-J04,,,,
4560,EXHIBITION/FLINDERS ST,INT,Melway,2F-J04,,,,
2919,EXHIBITION/LATROBE,INT,Melway,2B-G12,,,,
4603,EXHIBITION/LITTLE BOURKE,INT,Melway,2F-H02,,,,
4586,EXHIBITION/LITTLE COLLINS,INT,Melway,2F-H03,,,,
2911,EXHIBITION/LITTLE LONSDALE,INT,Melway,2F-H01,,,,
2902,EXHIBITION/LONSDALE,INT,Melway,2F-H01,,,,
2694,FAIRBAIRN/INDUSTRIAL/NORTHERN ACCESS,INT,Melway,400000000,,,,
3948,FAIRBANK NR FURY,INT,Unknown,Unknown,,,,
1034,FARADAY/DRUMMOND,INT,Melway,43J04,,,,
3437,FARNSWORTH/MEYERS,INT,Melway,42D01,,,,
5195,FENWICK/GORDON/RAILWAY,INT,Melway,452A03,,,,
377,FERNTREE GULLY / ENT BUNNINGS (KNOX),INT,Melway,073A07,,,,
451,FERNTREE GULLY/BLACKBURN,INT,Melway,070H08,,,,
450,FERNTREE GULLY/BRANDON PK,INT,Melway,071C09,,,,
796,FERNTREE GULLY/CARIBBEAN/NYADALE,INT,Melway,072F08,,,,
4715,FERNTREE GULLY/CLAYTON/STEPH,INT,Melway,070D07,,,,
4716,FERNTREE GULLY/FORSTER/GARDN,INT,Melway,070E07,,,,
3725,FERNTREE GULLY/GILBY,INT,Melway,70G08,,,,
384,FERNTREE GULLY/HENDERSON/DAIRY ENTRANCE,INT,Melway,073B07,,,,
3280,FERNTREE GULLY/HUNTINGDALE,INT,Melway,069K07,,,,
455,FERNTREE GULLY/JELLS,INT,Melway,071J09,,,,
449,FERNTREE GULLY/LUM,INT,Melway,071F09,,,,
765,FERNTREE GULLY/LYNTON/JANINE,INT,Melway,072H07,,,,
457,FERNTREE GULLY/MOUNTAIN GATE,INT,Melway,073H03,,,,
459,FERNTREE GULLY/SCORESBY,INT,Melway,073D05,,,,
456,FERNTREE GULLY/STUD,INT,Melway,072J07,,,,
454,FERNTREE GULLY/WATSONS/STRADA,INT,Melway,071D09,,,,
827,FERNTREE GULLY/WINDERMERE,INT,Melway,073E04,,,,
6413,FIREBRACE/ROBERTS,INT,Unknown,Unknown,,,,
2577,FITZGERALD/ALLISON/DAVID,INT,Melway,039J02,,,,
5258,FITZGERALD/GILBERTSON,INT,Melway,39H10,,,,
2581,FITZGERALD/WRR IB RAMP,INT,Melway,039H03,,,,
5002,FITZGERALDS/LEAKES/KOROROIT CREEK,INT,Melway,053G04,,,,
3428,FITZROY/ACLAND,INT,Melway,057K09,,,,
3016,FITZROY/JACKA/ESPLANADE,INT,Melway,057K09,,,,
4832,FITZROY/PRINCES/LAKESIDE,INT,Melway,058B08,,,,
4456,FLEMINGTON RD/VILLIERS (ROYAL MELB HOSP),INT,Melway,2B-A07,,,,
4463,FLEMINGTON/ABBOTSFORD,INT,Melway,2A-H04,,,,
4460,FLEMINGTON/CHURCH,INT,Melway,2A-E01,,,,
4465,FLEMINGTON/GATEHOUSE/HARKER,INT,Melway,2A-J06,,,,
4466,FLEMINGTON/GRATTAN/WRECKYN,INT,Melway,2B-A08,,,,
4461,FLEMINGTON/RACECOURSE/ELLIOT,INT,Melway,2A-E02,,,,
1178,FLEMINGTON/RC-HOSPITAL ENTRANCE,INT,Melway,02AJ05,,,,
748,FLETCHER/BEACH/RAILWAY,INT,Melway,102E01,,,,
3410,FLINDERS LANE/MARKET,INT,Melway,2FD06,,,,
4565,FLINDERS/MARKET,INT,Melway,2F-D06,,,,
2931,FLINDERS/WELLINGTON PDE STH,INT,Melway,2F-K04,,,,
1219,FOLEYS/LENNON PARKWAY/CENTRAL PARK BVD,INT,Unknown,Unknown,,,,
681,FOOTE/HIGH,INT,Melway,033C05,,,,
4374,FOOTSCRAY/APPLETON DOCK,INT,Melway,042K07,,,,
4378,FOOTSCRAY/FCL ACCESS,INT,Melway,042F06,,,,
4434,FOOTSCRAY/GATE E (NEW),INT,Melway,2E-D02,,,,
4458,FOOTSCRAY/GATE F (STA ENTRANCE NO.1),INT,Melway,2E-B01,,,,
3778,FOOTSCRAY/MARKET GATE 1.,INT,Melway,002TE12,,,,
4376,FOOTSCRAY/MARKET GATE 2,INT,Melway,042H06,,,,
4375,FOOTSCRAY/MARKET GATE 4,INT,Melway,042J06,,,,
4377,FOOTSCRAY/SWANSON DOCK/DOCK LINK (COODE),INT,Melway,042G06,,,,
4435,FOOTSCRAY/WESTERN LINK STH-BND OFF RAMP,INT,Melway,2E-C01,,,,
4373,FOOTSCRAY/WURUNDJERI/DOCKLANDS/HARBOUR,INT,Melway,2E-F03,,,,
3963,FORSTER/RICKETTS/HARDNER,INT,Melway,070E06,,,,
1174,FORSYTH / FEDERATION BLVD,INT,Melway,2.03E+11,,,,
253,FOSTER/ENT CAPITAL CENTRE,INT,Melway,090E07,,,,
673,FOSTER/ROBINSON,INT,Melway,090D08,,,,
4255,FRANCIS/STEPHEN,INT,Melway,042B10,,,,
4254,FRANCIS/WEMBLEY,INT,Melway,041G09,,,,
3438,FRANCIS/WHITEHALL,INT,Melway,42C10,,,,
1028,FRANK-DANDY/KIRKHAM,INT,Melway,9E+12,,,,
737,FRANK-FLIND/GOLF LINK/TOWERHILL,INT,Melway,102G07,,,,
738,FRANK-FLIND/MCMAHONS(MOOROODUC/DAVEY),INT,Melway,102F05,,,,
1059,FRANKLIN/PEEL/WILLIAM,INT,Melway,2F-A01,,,,
545,FRANKSTON FWY/SKYE,INT,Melway,99F11,,,,
522,FRANKSTON-CRANBOURNE RD/ BROOKLAND GREEN,INT,Melway,133B08,,,,
2687,FRANKSTON-CRANBOURNE/BEACH,INT,Melway,102J03,,,,
304,FRANKSTON-DANDENONG/ABBOTTS,INT,Melway,095D07,,,,
1171,FRANKSTON-DANDENONG/COLEMAN,INT,Melway,Unknown,,,,
275,FRANKSTON-DANDENONG/FRANKSTON FWY RAMPS,INT,Melway,099F10,,,,
275,FRANKSTON-DANDENONG/FRANKSTON FWY RAMPS,INT,Melway,099F10,,,,
275,FRANKSTON-DANDENONG/FRANKSTON FWY RAMPS,INT,Melway,099F10,,,,
664,FRANKSTON-DANDENONG/GREENS,INT,Melway,095D03,,,,
982,FRANKSTON-DANDENONG/JAYCO,INT,Melway,095C12,,,,
729,FRANKSTON-DANDENONG/KLAUER,INT,Melway,099J08,,,,
752,FRANKSTON-DANDENONG/LATHAMS/HALL,INT,Melway,100E02,,,,
749,FRANKSTON-DANDENONG/O'GRADYS,INT,Melway,100D04,,,,
733,FRANKSTON-DANDENONG/SEAFORD/BALLARTO,INT,Melway,100A06,,,,
735,FRANKSTON-DANDENONG/SKYE/OVERTON/WELLS,INT,Melway,099E10,,,,
735,FRANKSTON-DANDENONG/SKYE/OVERTON/WELLS,INT,Melway,099E10,,,,
531,FRANKSTON-FLINDERS/MORNINGTON-TYABB,INT,Melway,148J10,,,,
821,FRANKSTON-FLINDERS/STONY POINT,INT,Melway,164G05,,,,
2786,FRENCH/BARKLY,INT,Melway,042C04,,,,
802,FULHAM NR PEPPER TREE HILL,INT,Melway,081K01,,,,
2723,FULLARTON/MOORNA/CALDER FWY,INT,Melway,015F09,,,,
2675,FURLONG/BROWNE,INT,Melway,26B05,,,,
2674,FURLONG/CAIRNLEA,INT,Melway,25J5,,,,
4935,FURLONG/ST ALBANS,INT,Melway,026D05,,,,
4776,FURLONG/SUNSHINE HOSPITAL ENT,INT,Melway,026D05,,,,
5200,FYANS/SWANSTON,INT,Melway,452B08,,,,
5189,FYANS/YARRA,INT,Melway,401F12,,,,
4112,GAFFNEY/CUMBERLAND,INT,Melway,017B10,,,,
3769,GAFFNEY/DAWSON,INT,Melway,Unknown,,,,
4114,GAFFNEY/DERBY,INT,Melway,017D10,,,,
5071,GARDEN/MCKILLOP,INT,Melway,452D06,,,,
5132,GEELONG BYPASS/ANAKIE INTERCHANGE,INT,Melway,431F09,,,,
5132,GEELONG BYPASS/ANAKIE INTERCHANGE,INT,Melway,431F09,,,,
5132,GEELONG BYPASS/ANAKIE INTERCHANGE,INT,Melway,431F09,,,,
5132,GEELONG BYPASS/ANAKIE INTERCHANGE,INT,Melway,431F09,,,,
5134,GEELONG BYPASS/BACCHUS MARSH,INT,Melway,432B04,,,,
5134,GEELONG BYPASS/BACCHUS MARSH,INT,Melway,432B04,,,,
5134,GEELONG BYPASS/BACCHUS MARSH,INT,Melway,432B04,,,,
5134,GEELONG BYPASS/BACCHUS MARSH,INT,Melway,432B04,,,,
5142,GEELONG RING RD/BARRABOOL RD,INT,Unknown,Unknown,,,,
5142,GEELONG RING RD/BARRABOOL RD,INT,Unknown,Unknown,,,,
5116,GEELONG-PORTARLINGTON/CHRISTIES,INT,Melway,454H11,,,,
5116,GEELONG-PORTARLINGTON/CHRISTIES,INT,Melway,454H11,,,,
5213,GEELONG-PORTARLINGTON/POINT HENRY,INT,Melway,453F09,,,,
5213,GEELONG-PORTARLINGTON/POINT HENRY,INT,Melway,453F09,,,,
5051,GEELONG-PT'TON/RYIE/BOUNDARY,INT,Melway,452H06,,,,
5051,GEELONG-PT'TON/RYIE/BOUNDARY,INT,Melway,452H06,,,,
805,GEORGE/CHURCH,INT,Melway,033H10,,,,
1076,GEORGIANA/WURUNDJERI,INT,Melway,2EJ08,,,,
4144,GERTRUDE/LANGRIDGE/SMITH,INT,Melway,2C-D11,,,,
5039,GHERINGHAP/MALOP/MERCER,INT,Melway,401G03,,,,
5039,GHERINGHAP/MALOP/MERCER,INT,Melway,401G03,,,,
5039,GHERINGHAP/MALOP/MERCER,INT,Melway,401G03,,,,
5039,GHERINGHAP/MALOP/MERCER,INT,Melway,401G03,,,,
5039,GHERINGHAP/MALOP/MERCER,INT,Melway,401G03,,,,
5039,GHERINGHAP/MALOP/MERCER,INT,Melway,401G03,,,,
5074,GHERINGHAP/MCKILLOP,INT,Melway,452A05,,,,
4788,GILBERT/CRAMER,INT,Melway,018D11,,,,
4787,GILBERT/MURRAY,INT,Melway,018D11,,,,
4786,GILBERT/REGENT,INT,Melway,018D09,,,,
5837,GILLIES/ LAKE GARDENS AVE,INT,VicRoads,254F09,,,,
5828,GILLIES/WINTER,INT,VicRoads,5265Q9,,,,
969,GLADESTONE/PERKIN/GATEWAY,INT,Melway,090C04,,,,
490,GLADSTONE RD/HALTON RD,INT,Melway,081C11,,,,
676,GLADSTONE/BRADY,INT,Melway,081C10,,,,
5986,GLADSTONE/INKERMAN/PEKIN,INT,VicRoads,247O5,,,,
808,GLADSTONE/OUTLOOK,INT,Melway,81C06,,,,
4079,GLEN EIRA/KOOYONG,INT,Melway,067K02,,,,
5950,GLENELG HWY(DOVETON)/DANA,INT,Melway,255M12,,,,
5951,GLENELG HWY(DOVETON)/EYRE,INT,Melway,257M13,,,,
5959,GLENELG HWY/ALFRED,INT,VicRoads,Unknown,,,,
5942,GLENELG HWY/COX ST/FRENCH ST (HAMILTON),INT,VicRoads,230H08,,,,
5958,GLENELG HWY/LEITH,INT,VicRoads,256K16,,,,
4284,GLENFERRIE / WAKEFIELD,INT,Melway,045D10,,,,
4275,GLENFERRIE/CALLANTINA,INT,Melway,059D01,,,,
3850,GLENFERRIE/EVANDALE,INT,Melway,059B10,,,,
4270,GLENFERRIE/RIVERSDALE,INT,Melway,045D12,,,,
4356,GLENFERRIE/TOORAK,INT,Melway,059C04,,,,
4365,GLENFERRIE/WATTLETREE,INT,Melway,059B09,,,,
4328,GLENFERRIE/WELLINGTON,INT,Melway,045D07,,,,
4092,GLENHUNTLY/BAMBRA,INT,Melway,068B04,,,,
4093,GLENHUNTLY/BOORAN,INT,Melway,068D04,,,,
3291,GLENHUNTLY/GRANGE/WATSON,INT,Melway,068F05,,,,
4089,GLENHUNTLY/KOOYONG,INT,Melway,067J04,,,,
4088,GLENHUNTLY/ORRONG,INT,Melway,067G03,,,,
4106,GLENHUNTLY/TRUGANINI,INT,Melway,068H05,,,,
3988,GLENROY/WHEATSHEAF/HART'TON,INT,Melway,016H02,,,,
6260,GOLDEN SQUARE-LONG GULLY/SYMONDS,INT,VicRoads,282F17,,,,
2781,GORDON / EDGEWATER / MITCHELL,INT,Melway,028A12,,,,
6074,GOULBURN VALLEY HWY/KIALLA LAKES,INT,VicRoads,274K16,,,,
6074,GOULBURN VALLEY HWY/KIALLA LAKES,INT,VicRoads,274K16,,,,
6088,GOULBURN VALLEY HWY/SOBRAON,INT,VicRoads,273L10,,,,
6077,GOULBURN VALLEY/NIXON         SHEPPARTON,INT,VicRoads,273L08,,,,
6089,GOULBURN VLY HWY/WILMOT/LONGSTAFF,INT,VicRoads,273L13,,,,
6086,GOULBURN VLY/BALACLAVA        SHEPPARTON,INT,VicRoads,273M06,,,,
6083,GOULBURN VLY/FRYERS           SHEPPARTON,INT,Unknown,273L09,,,,
6085,GOULBURN VLY/KNIGHT           SHEPPARTON,INT,VicRoads,273L08,,,,
6082,GOULBURN VLY/MIDLAND(HIGH),INT,Melway,273L09,,,,
2548,GOURLAY/HUME DRIVE,INT,Unknown,Unknown,,,,
4952,GRAHAM ST STH/WRIGHT/ANDERSON RD,INT,Melway,040G03,,,,
4727,GRAHAM/PICKLES,INT,Melway,2J-G07,,,,
3755,GRAHAM/PLUMMER,INT,Melway,Unknown,,,,
4667,GRANGE/DAREBIN,INT,Melway,031B07,,,,
3290,GRANGE/NEERIM,INT,Melway,068F04,,,,
4671,GRANGE/SEPARATION,INT,Melway,031B09,,,,
4653,GRANGE/WINGROVE,INT,Melway,031B10,,,,
4425,GRATTAN/BOUVERIE,INT,Melway,2B-D08,,,,
4395,GRATTAN/CARDIGAN,INT,Melway,2B-F08,,,,
1029,GRATTAN/DRUMMOND,INT,Melway,2BG08,,,,
4396,GRATTAN/LYGON,INT,Melway,2B-F08,,,,
4394,GRATTAN/MELBOURNE UNIVERSITY,INT,Melway,2B-D08,,,,
4386,GRATTAN/ROYAL,INT,Melway,2B-B08,,,,
4391,GRATTAN/SWANSTON,INT,Melway,2B-E08,,,,
5232,GREAT OCEAN RD/DUFFIELDS RD,INT,Melway,237D07,,,,
5199,GREAT OCEAN/HOYLAKE,INT,Melway,505H08,,,,
2736,GREEN GULLY(ST ALBANS)/DRISCOLLS,INT,Melway,014E08,,,,
2722,GREEN GULLY(ST ALBANS)/SUNSHINE/TAYLORS,INT,Melway,014D09,,,,
1240,GREENS RD/KEY DVE,INT,Unknown,Unknown,,,,
1113,GREENS/EASTLINK,INT,Melway,Unknown,,,,
1113,GREENS/EASTLINK,INT,Melway,Unknown,,,,
754,GREENS/KITCHEN,INT,Melway,095G03,,,,
727,GREENS/LANYON,INT,Melway,095F03,,,,
595,GREENS/SOUTH PARK DEVELOPMENT ACCESS,INT,Melway,095B02,,,,
3912,GREENSBOROUGH BYPASS/ELDER,INT,Melway,020E04,,,,
3341,GREENSBOROUGH BYPASS/WATSONIA,INT,Melway,020E04,,,,
3357,GREENSBOROUGH HWY/METROPOLITAN RING RD,INT,Melway,010G11,,,,
3357,GREENSBOROUGH HWY/METROPOLITAN RING RD,INT,Melway,010G11,,,,
3350,GREENSBOROUGH/ERSKINE,INT,Melway,020D09,,,,
3333,GREENSBOROUGH/LWR PLENTY,INT,Melway,020D10,,,,
3340,GREENSBOROUGH/YALLAMBIE,INT,Melway,020D06,,,,
3907,GRIEVE/PINNACLE/TOYOTA ENT GATE 7,INT,Melway,054G03,,,,
3910,GRIEVE/TARAS,INT,Melway,Unknown,,,,
3906,GRIEVE/THE GATEWAY,INT,Melway,054G03,,,,
3908,GRIEVE/TOYOTA ENT GATE 4,INT,Melway,054G01,,,,
3909,GRIMSHAW/CHURCH,INT,Melway,020J02,,,,
4188,GRIMSHAW/CONCORDE,INT,Melway,020B01,,,,
3344,GRIMSHAW/GREENSBOROUGH,INT,Melway,020G02,,,,
4187,GRIMSHAW/GREENSBOROUGH BYPASS,INT,Melway,020F02,,,,
3345,GRIMSHAW/HENRY/CIRCUIT,INT,Melway,020J02,,,,
3911,GRIMSHAW/MAIN,INT,Melway,020J02,,,,
4172,GRIMSHAW/WATSONIA/MACORNA,INT,Melway,020E02,,,,
5138,GRR/HAMILTON HWY,INT,Melway,450G02,,,,
5138,GRR/HAMILTON HWY,INT,Melway,450G02,,,,
5143,GRR/PRINCES/ROSSACK,INT,Melway,Unknown,,,,
6081,GVH/PINE/BRAUMAN,INT,VicRoads,273M04,,,,
6138,GVH/RIVERVIEW,INT,VicRoads,675N03,,,,
617,HALL/CADLES,INT,Melway,100G02,,,,
557,HALLAM NTH/BELGRAVE-HALLAM,INT,Melway,091H08,,,,
558,HALLAM NTH/JAMES COOK,INT,Melway,091H07,,,,
992,HALLAM SOUTH/KEPPEL/EMPIRE,INT,Melway,096G03,,,,
303,HALLAM/CORAL/FORDHOLM,INT,Melway,096F08,,,,
1208,HALLAM/ORMOND,INT,Melway,Unknown,,,,
400,HALLAM/POUND,INT,Melway,096F06,,,,
5308,HAMILTON(ABERDEEN)/MINERVA,INT,Melway,451E03,,,,
665,HAMMOND/GREENS,INT,Melway,095B02,,,,
655,HAMMOND/KIRKHAM,INT,Melway,090C10,,,,
667,HAMMOND/WEBSTER,INT,Melway,090C09,,,,
4957,HAMPSHIRE/DERBY,INT,Melway,040H02,,,,
4960,HAMPSHIRE/HERTFORD,INT,Melway,026H11,,,,
4953,HAMPSHIRE/WRIGHT,INT,Melway,040H03,,,,
4937,HAMPSTEAD/MITCHELL/OMAR,INT,Melway,027G11,,,,
4936,HAMPSTEAD/WESTS/WILLIAMSON,INT,Melway,027J09,,,,
3568,HAMPTON/DURRANT/CLUDEN,INT,Melway,067H11,,,,
4861,HAMPTON/WILLIS,INT,Melway,076G05,,,,
1068,HARBOUR ESP/COMTECHPORT ENT,INT,Melway,2EG4,,,,
1066,HARBOUR ESP/LATROBE,INT,Melway,2E-G04,,,,
4372,HARBOUR/BOURKE/PIGOTT,INT,Melway,2E-H06,,,,
1223,HARVESTER/SUNSHINE MARKETPLACE SHOPPING,INT,Unknown,Unknown,,,,
4080,HAWTHORN/GLEN EIRA,INT,Melway,068A02,,,,
4091,HAWTHORN/GLENHUNTLY,INT,Melway,068A04,,,,
4072,HAWTHORN/INKERMAN,INT,Melway,059B11,,,,
3546,HAWTHORN/UNION,INT,Melway,67K10,,,,
519,HEATHERTON/BELGRAVE-HALLAM,INT,Melway,108F06,,,,
959,HEATHERTON/BOYD/CLEELAND,INT,Melway,090E03,,,,
656,HEATHERTON/CHANDLER,INT,Melway,089H02,,,,
929,HEATHERTON/CORRIGAN,INT,Melway,089D01,,,,
657,HEATHERTON/GLADSTONE,INT,Melway,090B02,,,,
613,HEATHERTON/HANNA/FAWKNER,INT,Melway,091G05,,,,
663,HEATHERTON/JAMES,INT,Melway,090C02,,,,
930,HEATHERTON/KELVINSIDE,INT,Melway,089F01,,,,
3212,HEATHERTON/KINGSTON/CLAYTON/BOUNDARY RD,INT,Melway,079A11,,,,
1181,HEATHERTON/LINK,INT,Melway,089K02,,,,
607,HEATHERTON/MATTHEW FLINDERS,INT,Melway,091D04,,,,
605,HEATHERTON/POWER,INT,Melway,091A03,,,,
947,HEATHERTON/SPRINGVALE PLAZA,INT,Melway,079H12,,,,
279,HEATHERTON/TOOTAL,INT,Melway,079E12,,,,
976,HEATHERTON/VIEW,INT,Melway,89A1,,,,
932,HEATHERTON/WESTALL,INT,Melway,079G12,,,,
5244,HEATHS/MOSSFIEL,INT,Melway,206G02,,,,
5269,HEATHS/ROSELLA,INT,Melway,206B01,,,,
5239,HEATHS/WERRIBEE PLAZA,INT,Melway,206C01,,,,
5237,HEATHS/WERRIBEE PLAZA REGIONAL S.C. ENT.,INT,Melway,206C01,,,,
3308,HEIDELBERG/CHANDLER/GRANGE,INT,Melway,031B11,,,,
3304,HEIDELBERG/FENWICK,INT,Melway,030F12,,,,
3311,HEIDELBERG/LWR HEIDELBERG/UPP HEIDELBERG,INT,Melway,031E09,,,,
3306,HEIDELBERG/STATION,INT,Melway,030K12,,,,
1150,HEIDELBERG/WESTGARTH,INT,Unknown,Unknown,,,,
3305,HEIDELBERG/YARRA BEND/JEFFREY,INT,Melway,030H12,,,,
3305,HEIDELBERG/YARRA BEND/JEFFREY,INT,Melway,030H12,,,,
3309,HEIDELBERG/YARRALEA,INT,Melway,031C11,,,,
1212,HENRY/VILLAGE WAY/CAVERSHAM,INT,Melway,215D07,,,,
6261,HIGH (CALDER HWY)/DON (CALDER)/MYRTLE,INT,VicRoads,282J15,,,,
6207,HIGH (MCIVOR HWY)/SHORT,INT,VicRoads,282K14,,,,
4736,HIGH / EPPING PLAZA SHOPPING ACCESS 1,INT,Melway,182A12,,,,
365,HIGH ST RD/CAPITAL AVENUE,INT,Melway,071H01,,,,
361,HIGH ST RD/GALLAGHERS,INT,Melway,071F01,,,,
463,HIGH ST RD/HUNTINGDALE,INT,Melway,061A11,,,,
466,HIGH ST RD/LAWRENCE,INT,Melway,061H12,,,,
464,HIGH ST RD/STEPHENSONS,INT,Melway,061F11,,,,
460,HIGH ST RD/VANNAM/JORDAN,INT,Melway,060J10,,,,
469,HIGH ST RD/WESLEY COLLEGE,INT,Melway,062A12,,,,
5058,HIGH ST/BARWON HEADS/BARRABOOL,INT,Melway,451K09,,,,
4775,HIGH ST/BUNNINGS ACCESS RD,INT,Melway,182A12,,,,
209,HIGH ST/GLOUCESTER AVE,INT,Melway,111D07,,,,
3243,HIGH ST/RESERVOIR STATION ENTRY,INT,Melway,008H06,,,,
2042,HIGH ST/SUMMERHILL,INT,Melway,060C09,,,,
383,HIGH STREET RD/CATHIES LANE NORTH,INT,Melway,072E01,,,,
383,HIGH STREET RD/CATHIES LANE NORTH,INT,Melway,072E01,,,,
448,HIGH STREET RD/SNEDDEN DR,INT,Melway,062C12,,,,
3777,HIGH STREET/COOPER,INT,Melway,Unknown,,,,
1117,HIGH STREET/GEORGE,INT,Melway,072C01,,,,
6098,HIGH(MIDLAND)/NORTH,INT,VicRoads,273M09,,,,
3217,HIGH/ALLENBY,INT,Melway,018H02,,,,
3234,HIGH/AUSTARC,INT,Melway,008J09,,,,
2683,HIGH/BARRIES,INT,Melway,336F09,,,,
3224,HIGH/BROADHURST,INT,Melway,018H03,,,,
3225,HIGH/BROADWAY,INT,Melway,018H05,,,,
4363,HIGH/BURKE,INT,Melway,059H08,,,,
4762,HIGH/CHAPEL,INT,Melway,2L-H12,,,,
4335,HIGH/CHARLES,INT,Melway,045D05,,,,
3236,HIGH/CHILDS,INT,Melway,008K02,,,,
4681,HIGH/CLARKE,INT,Melway,030E10,,,,
4662,HIGH/DAREBIN,INT,Melway,030F06,,,,
3662,HIGH/DENMARK/PRINCESS/S'PARK,INT,Melway,045C06,,,,
4678,HIGH/DENNIS,INT,Melway,030F07,,,,
3820,HIGH/GLEN IRIS,INT,Melway,060A09,,,,
4357,HIGH/GLENFERRIE,INT,Melway,059C08,,,,
3221,HIGH/GOWER/CRAMER,INT,Melway,018G12,,,,
4321,HIGH/HARP/VALERIE,INT,Melway,045G04,,,,
4999,HIGH/HEYINGTON/SPRING,INT,Melway,008J08,,,,
4763,HIGH/HORNBY/BANGS,INT,Melway,2L-K12,,,,
3237,HIGH/KINGSWAY (see 3233),INT,Melway,008K03,,,,
4768,HIGH/KOOYONG,INT,Melway,059A07,,,,
706,HIGH/LYNNWOOD,INT,Melway,033C08,,,,
3229,HIGH/MAHONEYS/KEON,INT,Melway,008J11,,,,
3231,HIGH/MAIN,INT,Melway,008J07,,,,
678,HIGH/MANNINGHAM,INT,Melway,033B09,,,,
3232,HIGH/MANNS CROSSING,INT,Melway,008K05,,,,
2653,HIGH/MELTON VALLEY DVE,INT,Melway,337D08,,,,
2773,HIGH/MEMORIAL,INT,Melway,182B10,,,,
5059,HIGH/MT PLEASANT,INT,Melway,451J10,,,,
3222,HIGH/MURRAY,INT,Melway,018G11,,,,
2651,HIGH/O'NEILLS/STATION,INT,Melway,115A09,,,,
4766,HIGH/ORRONG,INT,Melway,058K07,,,,
2650,HIGH/PALMERSTON,INT,Melway,337B08,,,,
3233,HIGH/PASCHKE/KINGSWAY,INT,Melway,008K04,,,,
5060,HIGH/REGENT,INT,Melway,451J11,,,,
3223,HIGH/REGENT/TYLER,INT,Melway,018G09,,,,
5062,HIGH/ROSLYN/CORIO,INT,Melway,451H11,,,,
4669,HIGH/SEPARATION/ARTHURTON,INT,Melway,030F08,,,,
3230,HIGH/SETTLEMENT,INT,Melway,008J09,,,,
3740,HIGH/SPRING/CHEDDAR,INT,Melway,018H05,,,,
4761,HIGH/ST EDMONDS,INT,Melway,2L-H12,,,,
4329,HIGH/STEVENSON,INT,Melway,045B07,,,,
4360,HIGH/TOORONGA,INT,Melway,059E08,,,,
1080,HIGH/WARNER,INT,Melway,Unknown,,,,
4682,HIGH/WESTGARTH,INT,Melway,030E11,,,,
4764,HIGH/WILLIAMS,INT,Melway,058G07,,,,
3214,HIGH/WOOD/SPENCER,INT,Melway,018G10,,,,
356,HIGHBURY/BLACKBURN,INT,Melway,061K08,,,,
3196,HIGHBURY/STEPHENSONS/MIDDLEB,INT,Melway,061F08,,,,
4825,HIGHETT/LENNOX,INT,Melway,2G-J04,,,,
3386,HODDLE/ALBERT/ELIZABETH,INT,Melway,2G-G02,,,,
3389,HODDLE/FREEMAN,INT,Melway,2G-G04,,,,
3383,HODDLE/GIPPS,INT,Melway,2C-H10,,,,
3382,HODDLE/JOHNSTON,INT,Melway,2C-H08,,,,
3384,HODDLE/LANGRIDGE,INT,Melway,2C-H12,,,,
4140,HODDLE/QUEENS,INT,Melway,030E12,,,,
4146,HODDLE/RAMSDEN/NORTH TCE,INT,Melway,2C-J02,,,,
4145,HODDLE/ROSENEATH/SOUTH TCE,INT,Melway,2C-J04,,,,
3381,HODDLE/TRURO,INT,Melway,2C-H07,,,,
3385,HODDLE/VICTORIA,INT,Melway,2G-H01,,,,
3385,HODDLE/VICTORIA,INT,Melway,2G-H01,,,,
5216,HODGSON/ THE TERRACE,INT,Melway,483H12,,,,
1149,HOGANS ROAD / DOWLING AVENUE,INT,Unknown,Unknown,,,,
5282,HOGANS/TARNEIT,INT,Melway,202A09,,,,
6250,HOLDSWORTH/HOLMES/SANDHURST,INT,VicRoads,280J09,,,,
6814,HOPKINS HWY NR HAYLEY,INT,VicRoads,241N05,,,,
4237,HOPKINS/IRVING/MOORE,INT,Melway,042D04,,,,
4247,HOPKINS/LEEDS,INT,Melway,042D05,,,,
4236,HOPKINS/WHITEHALL,INT,Melway,042E04,,,,
4847,HOTHAM/ALMA,INT,Melway,058F09,,,,
4853,HOTHAM/CARLISLE/BALACLAVA,INT,Melway,058F11,,,,
4855,HOTHAM/GLEN EIRA,INT,Melway,067F01,,,,
4850,HOTHAM/INKERMAN,INT,Melway,058F10,,,,
5902,HOWITT/FOREST,INT,VicRoads,254H07,,,,
5902,HOWITT/FOREST,INT,VicRoads,254H07,,,,
5903,HOWITT/LEARMONTH/GILLIES,INT,VicRoads,254F07,,,,
5903,HOWITT/LEARMONTH/GILLIES,INT,VicRoads,254F07,,,,
118,HULL/MOOROOLBARK,INT,Melway,037K09,,,,
2589,HUME DRIVE/COPPERFIELD,INT,Melway,13D4,,,,
2179,HUME FWY/KINGSWOOD DR,INT,Melway,387C07,,,,
6152,HUME FWY/LINCOLN CAUSEWAY(SIGS)[WODONGA],INT,VicRoads,323Q03,,,,
2184,HUME HWY/AMAROO/GRAND,INT,Melway,387C05,,,,
2184,HUME HWY/AMAROO/GRAND,INT,Melway,387C05,,,,
2160,HUME HWY/ANDERSON,INT,Melway,007G11,,,,
2181,HUME HWY/AUSTRAK,INT,Melway,180E08,,,,
2147,HUME HWY/AXIOM BUSINESS PARK DR,INT,Melway,007E01,,,,
2150,HUME HWY/BAKERS,INT,Melway,017H08,,,,
2159,HUME HWY/BARRY,INT,Melway,007F04,,,,
2153,HUME HWY/BOUNDARY/QUEENS,INT,Melway,017H06,,,,
2155,HUME HWY/BOX FOREST,INT,Melway,017G02,,,,
2149,HUME HWY/CAMPBELLFIELD SHOPPING CENTRE,INT,Melway,007G10,,,,
2185,HUME HWY/CRAIGIEBURN,INT,Melway,387C09,,,,
6149,HUME HWY/ELGIN/HIGH      [WODONGA],INT,VicRoads,323P05,,,,
2145,HUME HWY/GRASSLANDS,INT,Melway,Unknown,,,,
6121,HUME HWY/GRETA,INT,VicRoads,312K06,,,,
6121,HUME HWY/GRETA,INT,VicRoads,312K06,,,,
2162,HUME HWY/JUKES,INT,Melway,017G01,,,,
2163,HUME HWY/LYNCH,INT,Melway,017G04,,,,
2163,HUME HWY/LYNCH,INT,Melway,017G04,,,,
2157,HUME HWY/MAHONEYS/CAMP,INT,Melway,007G10,,,,
2146,HUME HWY/MAJOR,INT,Melway,17G3,,,,
2178,HUME HWY/NORTHBOURNE,INT,Melway,180E11,,,,
6151,HUME HWY/OSBURN                [WODONGA],INT,VicRoads,323Q04,,,,
6154,HUME HWY/QUARRY ENTRANCE     [WODONGA],INT,VicRoads,320G21,,,,
2151,HUME HWY/SHORTS/KEADY,INT,Melway,017H07,,,,
6120,HUME HWY/SISELY                  WANG.,INT,VicRoads,312J06,,,,
6120,HUME HWY/SISELY                  WANG.,INT,VicRoads,312J06,,,,
2158,HUME HWY/SOMERSET,INT,Melway,007F07,,,,
2161,HUME HWY/SOMERTON/COOPER,INT,Melway,180E09,,,,
6150,HUME HWY/SOUTH                 [WODONGA],INT,VicRoads,323P05,,,,
2183,HUME HWY/STANLEY/STH PACIFIC TYRES,INT,Melway,180D05,,,,
6122,HUME HWY/WARBY,INT,VicRoads,313L06,,,,
6122,HUME HWY/WARBY,INT,VicRoads,313L06,,,,
2167,HUME/BOLINDA,INT,Melway,007F08,,,,
2187,HUME/MITRE 10 ENTRY,INT,Melway,07F09,,,,
2173,HUME/WESTERN RING ROAD,INT,Melway,007G11,,,,
2173,HUME/WESTERN RING ROAD,INT,Melway,007G11,,,,
348,Huntingdale Rd/Proposed Access Rd,INT,Melway,061A08,,,,
2958,HUNTINGDALE/BURLINGTON,INT,Melway,069K08,,,,
3935,HUNTINGDALE/HIGHBURY/GILLARD,INT,Melway,061B07,,,,
4710,HUNTINGDALE/WAVERLEY,INT,Melway,070A03,,,,
4189,HURSTBRIDGE-MAIN/SHOPPING CENTRE ACCESS,INT,Melway,012B06,,,,
812,HUTCHINSON/JOHN,INT,Melway,038E05,,,,
395,HUTTON RD/ CHAPEL RD,INT,Melway,094B02,,,,
495,HUTTON RD/ GREEN RD/ PERRY RD,INT,Melway,094E02,,,,
3431,HYDE/FRANCIS,INT,Melway,042C10,,,,
4232,HYDE/NAPIER,INT,Melway,042C05,,,,
4720,INGLES/CROCKFORD,INT,Melway,2J-H03,,,,
4876,INGLES/LIGHT RAIL XING,INT,Melway,2J-G01,,,,
4872,INKERMAN/ALEXANDER,INT,Melway,058G10,,,,
4071,INKERMAN/KOOYONG,INT,Melway,058K11,,,,
4103,INKERMAN/ORRONG,INT,Melway,058H11,,,,
4849,INKERMAN/WESTBURY,INT,Melway,058E10,,,,
6264,IRONBARK/BARNARD/WATTLE,INT,VicRoads,607Q06,,,,
4245,IRVING/LEEDS,INT,Melway,042C05,,,,
1207,JACKSONS RD/ST MARYS SEMINARY/ACCESS,INT,Melway,80K04,,,,
3440,JASPER/MCKINNON,INT,Melway,068F11,,,,
3439,JASPER/PATTERSON,INT,Melway,077E03,,,,
498,JELLS/GRANDVIEW,INT,Melway,071H11,,,,
499,JELLS/WHEELERS HILL SHOPPING CENTRE,INT,Melway,071J10,,,,
3452,JOHNSTON NR GEORGE,INT,Melway,2C-C07,,,,
4149,JOHNSTON/GOLD/DIGHT,INT,Melway,2C-G07,,,,
3457,JOHNSTON/NICHOLSON           COLLINGWOOD,INT,Melway,2C-K08,,,,
3449,JOHNSTON/PATTERSON,INT,Melway,2DB08,,,,
3453,JOHNSTON/SMITH,INT,Melway,2C-D07,,,,
3454,JOHNSTON/WELLINGTON,INT,Melway,2C-F07,,,,
3998,JOHNSTONE/PEARCEDALE,INT,Melway,006G08,,,,
3364,KARINGAL/WEIDLICH,INT,Melway,2100,,,,
2738,KEILOR PARK DRIVE/THE LINK,INT,Melway,015C06,,,,
2733,KEILOR PARK DVE / CALDER FWY O/B ON/OFF,INT,Melway,015B08,,,,
2732,KEILOR PARK DVE/CALDER FWY I/B ON/OFF,INT,Melway,015B08,,,,
2731,KEILOR PARK DVE/FULLARTON RD,INT,Melway,015B08,,,,
2878,KEILOR PARK EXT/NB ON-OFF RAMPS,INT,Melway,015B11,,,,
2817,KEILOR PARK/GYMKHANA,INT,Melway,15B6,,,,
2879,KEILOR PARK/SLATER/SB ON-RAMP,INT,Melway,015C11,,,,
1000,KEILOR/HOFFMANS,INT,Melway,016B11,,,,
2720,KEILOR/MATTHEWS,INT,Melway,016A11,,,,
1081,KELLETS/NAPOLEON,INT,Melway,073G11,,,,
800,KELLETTS NR ST LAWRENCE WAY,INT,Melway,073D11,,,,
824,KELLETTS/TAYLORS,INT,Melway,073B11,,,,
3404,KENSINGTON/HOBSONS/CHILDERS,INT,Melway,042H04,,,,
3742,KEON PARADE/DALTON,INT,Melway,009A12,,,,
2929,KING / FLINDERS ST,INT,Melway,2F-B07,,,,
4601,KING/BOURKE ST,INT,Melway,2F-A05,,,,
4584,KING/COLLINS,INT,Melway,2F-B06,,,,
4517,KING/DUDLEY,INT,Melway,2E-K01,,,,
4574,KING/FLINDERS LANE,INT,Melway,2F-B06,,,,
4524,KING/HAWKE,INT,Melway,2A-H11,,,,
2925,KING/LATROBE,INT,Melway,2F-A03,,,,
4609,KING/LITTLE BOURKE,INT,Melway,2F-A04,,,,
4592,KING/LITTLE COLLINS,INT,Melway,2F-B05,,,,
2917,KING/LITTLE LONSDALE,INT,Melway,2F-A03,,,,
2909,KING/LONSDALE,INT,Melway,2F-A04,,,,
4514,KING/ROSSLYN/CHETWYND,INT,Melway,2A-K12,,,,
1048,KING/VICTORIA,INT,Melway,033J09,,,,
2762,KINGS RD/WELLESLEY DV/PALMERSTON CR,INT,Unknown,Unknown,,,,
2587,KINGS/DELAHEY VILLAGE NORTH ENTRANCE,INT,Melway,013F08,,,,
2728,KINGS/GILLESPIE,INT,Melway,013G10,,,,
2586,KINGS/GOLDSMITH,INT,Melway,013F05,,,,
2585,KINGS/HUME,INT,Melway,013F04,,,,
2583,KINGS/WATERGARDENS ENTRANCE 4,INT,Melway,013F01,,,,
2584,KINGS/WATERGARDENS ENTRANCE 5,INT,Melway,013F02,,,,
2592,KINGS/WATERGARDENS SHOP CENTRE ENT 3,INT,Melway,13F01,,,,
3879,KINGSBURY/RING RD,INT,Melway,019F06,,,,
4290,KINGSBURY/RUTHVEN/WAIORA/ORR,INT,Melway,019K09,,,,
4290,KINGSBURY/RUTHVEN/WAIORA/ORR,INT,Melway,019K09,,,,
4796,KINGSBURY/WATERDALE,INT,Melway,019G08,,,,
3644,KINGSTON/BALL/ACCESS RD,INT,Melway,078E10,,,,
4618,KINGSTON/OLD DANDENONG,INT,Melway,078J11,,,,
407,KINGSWAY/RAILWAY PDE NTH,INT,Melway,071C02,,,,
2397,KINGSWAY/SOUTHERN LINK,INT,Melway,2F-D11,,,,
273,KLAUER/HARTNETT,INT,Melway,099H07,,,,
1017,KOO WEE RUP/LIVESTOCK WAY/STH EAST BLVD,INT,Melway,323F02,,,,
1244,KOO WEE RUP-LONGWARRY/ROSSITER/STATION,INT,Unknown,Unknown,,,,
2442,KOORNANG/ARAWATTA,INT,Melway,Unknown,,,,
4084,KOORNANG/NEERIM,INT,Melway,068J04,,,,
2745,KOORNANG/ROSSTOWN,INT,Melway,068J04,,,,
4099,KOORNANG/TRUGANINI,INT,Melway,068J06,,,,
4070,KOOYONG/ALMA,INT,Melway,058K10,,,,
4778,KOOYONG/WATTLETREE,INT,Melway,058K09,,,,
3480,KOROROIT CK/MAIDSTONE,INT,Melway,054C05,,,,
3899,KOROROIT CREEK/BURNS,INT,Melway,053J04,,,,
3904,KOROROIT CREEK/DOW CHEMICAL/PRIXCAR,INT,Melway,054B05,,,,
3482,KOROROIT CREEK/DRAKE,INT,Melway,Unknown,,,,
1197,KOROROIT/FERGUSON,INT,Melway,056A08,,,,
4735,LAKESIDE DR/ LINK RD,INT,Melway,2L-A11,,,,
5023,LATROBE/FYANS/WEST FYANS,INT,Melway,541K07,,,,
5023,LATROBE/FYANS/WEST FYANS,INT,Melway,541K07,,,,
5017,LATROBE/GORDON,INT,Melway,452A03,,,,
5021,LATROBE/KILGOUR/NOBLE,INT,Melway,451K05,,,,
5021,LATROBE/KILGOUR/NOBLE,INT,Melway,451K05,,,,
5020,LATROBE/MCKILLOP,INT,Melway,451K05,,,,
5020,LATROBE/MCKILLOP,INT,Melway,451K05,,,,
5019,LATROBE/MYERS/ROEBUCK,INT,Melway,451K04,,,,
5018,LATROBE/RYRIE/ABERDEEN,INT,Melway,451K03,,,,
6157,LAWRENCE/HUME,INT,VicRoads,323P06,,,,
1262,LEAKES RD/BANFIELD CT,INT,Unknown,Unknown,,,,
3719,LEAKES/ESTATE ROAD,INT,Melway,Unknown,,,,
1218,LEAKES/MORRIS,INT,Melway,202K02,,,,
5243,LITTLE BOUNDARY/PIPE,INT,Melway,040E09,,,,
1225,LIVERPOOL/GLASGOW,INT,Melway,51H12,,,,
6232,LODDON VALLEY/CREETH,INT,VicRoads,280G11,,,,
6235,LODDON VALLEY/SANDHURST,INT,VicRoads,280G07,,,,
6236,LODDON VALLEY/VICTORIA ST,INT,VicRoads,280F05,,,,
2888,LORIMER/GRAHAM,INT,Melway,042K10,,,,
4732,LORIMER/SALMON,INT,Melway,042H10,,,,
7006,LOUGHNAN/CONSTRUCTION ACCESS,INT,Melway,49E07,,,,
911,LOUGHNANS / MONTALBO,INT,Melway,049E07,,,,
3148,LOWER DANDENONG/HOWARD,INT,Melway,088C07,,,,
3147,LOWER DANDENONG/WOODLANDS,INT,Melway,088B07,,,,
5041,LT MALOP/GHERINGHAP,INT,Melway,452B04,,,,
4645,LWR DANDENONG / THRIFT PARK EXIT,INT,Melway,087C06,,,,
944,LWR DANDENONG/CTR DANDENONG,INT,Melway,088H08,,,,
4648,LWR DANDENONG/DEHAVILLAND,INT,Melway,087J07,,,,
4649,LWR DANDENONG/SOUTHERN,INT,Melway,087F06,,,,
4646,LWR DANDENONG/WARREN,INT,Melway,087G07,,,,
3312,LWR HEIDELBERG/MARSHALL,INT,Melway,031G08,,,,
3337,LWR PLENTY/CREW/MARTINS,INT,Melway,020E10,,,,
3337,LWR PLENTY/CREW/MARTINS,INT,Melway,020E10,,,,
3335,LWR PLENTY/GRANTHAM,INT,Melway,020G09,,,,
3332,LWR PLENTY/ROSANNA,INT,Melway,020C11,,,,
3336,LWR PLENTY/TURNHAM/RAILWAY CROSSING,INT,Melway,020A12,,,,
3330,LWR PLENTY/UPP.HEIDELBERG/WAIORA/ALTONA,INT,Melway,031J02,,,,
3334,LWR PLENTY/YALLAMBIE,INT,Melway,020J09,,,,
3334,LWR PLENTY/YALLAMBIE,INT,Melway,020J09,,,,
5836,LYDIARD/RAIL CROSSING,INT,VicRoads,255N11,,,,
4007,LYGON/ALBION/HOLMES,INT,Melway,029K06,,,,
4017,LYGON/BLYTH,INT,Melway,029K07,,,,
4408,LYGON/ELGIN,INT,Melway,2B-G06,,,,
4407,LYGON/FARADAY,INT,Melway,2B-G07,,,,
4020,LYGON/GLENLYON,INT,Melway,029K09,,,,
4423,LYGON/PIGDON,INT,Melway,029J11,,,,
4399,LYGON/QUEENSBERRY,INT,Melway,2B-F10,,,,
4018,LYGON/VICTORIA,INT,Melway,029K07,,,,
1147,LYSTERFIELD/ WELLINGTON,INT,Melway,083D05,,,,
787,LYSTERFIELD/NAPOLEON/GLENFERN,INT,Melway,074C08,,,,
4480,MACAULAY/EPSOM/KENSINGTON,INT,Melway,042K03,,,,
4484,MACAULAY/STUBBS,INT,Melway,2A-B05,,,,
1228,MACKENZIE/DP WORLD EXIT,INT,Unknown,Unknown,,,,
4992,MAHONEYS/EDGARS,INT,Melway,008F11,,,,
4991,MAHONEYS/HUGHES,INT,Melway,008D11,,,,
2770,MAHONEYS/INDUSTRIAL,INT,Melway,008A11,,,,
2168,MAHONEYS/PIPEWORKS MARKET,INT,Melway,007J10,,,,
3352,MAIN HURSTBRIDGE/ELIZABETH,INT,Melway,012A05,,,,
713,MAIN NR DIAMOND,INT,Melway,021K04,,,,
714,MAIN RD /DUDLEY STREET,INT,Melway,021J05,,,,
4928,MAIN RD EAST/COLLINS,INT,Melway,026A01,,,,
4931,MAIN RD WEST/MCKECHNIE,INT,Melway,026A01,,,,
2729,MAIN ROAD EAST / GRANTHAM PDE,INT,Melway,026F02,,,,
4964,MAIN/ALFREIDA,INT,Melway,026A01,,,,
712,MAIN/BOLTON,INT,Melway,021F10,,,,
715,MAIN/BRIDGE,INT,Melway,021J06,,,,
4164,MAIN/COLLINS/HYDE,INT,Melway,011K05,,,,
4930,MAIN/KINGS/STATION,INT,Melway,013F12,,,,
5241,MAIN/MURNONG,INT,Melway,Unknown,,,,
718,MAIN/PANORAMA/GR BLVD,INT,Melway,021D08,,,,
719,MAIN/PARA,INT,Melway,021B08,,,,
3347,MAIN/PARA/CIRCUIT/HAILES,INT,Melway,020K01,,,,
3347,MAIN/PARA/CIRCUIT/HAILES,INT,Melway,020K01,,,,
4932,MAIN/ST ALBANS/ESPLANADE,INT,Melway,026A01,,,,
711,MAIN/WATTLETREE/PARK WEST,INT,Melway,022A02,,,,
5911,MAIR/ARMSTRONG,INT,VicRoads,255M12,,,,
5911,MAIR/ARMSTRONG,INT,VicRoads,255M12,,,,
5807,MAIR/HUMFFRAY,INT,VicRoads,255O12,,,,
5912,MAIR/LYDIARD,INT,VicRoads,255N12,,,,
5912,MAIR/LYDIARD,INT,VicRoads,255N12,,,,
5913,MAIR/PEEL,INT,VicRoads,255O12,,,,
5075,MALOP/BELLERINE ST,INT,Melway,452C04,,,,
5078,MALOP/YARRA,INT,Melway,452C04,,,,
4430,MALVERN/BELGRAVE,INT,Melway,069A02,,,,
4754,MALVERN/BENDIGO/SURREY,INT,Melway,2M-A10,,,,
4351,MALVERN/BURKE,INT,Melway,059H07,,,,
4753,MALVERN/CHAPEL/COMMERCIAL/BRAY,INT,Melway,2L-J09,,,,
4758,MALVERN/CLENDON,INT,Melway,2M-H11,,,,
4348,MALVERN/DARLING/DENE,INT,Melway,059K11,,,,
4355,MALVERN/GLENFERRIE,INT,Melway,059C06,,,,
4350,MALVERN/HIGH,INT,Melway,059J09,,,,
4759,MALVERN/KOOYONG,INT,Melway,059A06,,,,
3855,MALVERN/MOIRA,INT,Melway,059K11,,,,
4757,MALVERN/ORRONG,INT,Melway,2M-G11,,,,
4353,MALVERN/TOORONGA,INT,Melway,059F07,,,,
4349,MALVERN/WATTLETREE,INT,Melway,059J10,,,,
4342,MALVERN/WAVERLEY/BELGRAVE,INT,Melway,069A02,,,,
4755,MALVERN/WILLIAMS,INT,Melway,2M-C10,,,,
4347,MALVERN/WINTON,INT,Melway,060A12,,,,
151,MANCHESTER/BELLARA,INT,Melway,037G09,,,,
148,MANCHESTER/BRICE,INT,Melway,037F12,,,,
705,MANNINGHAM/AYR,INT,Melway,032K09,,,,
683,MANNINGHAM/BRIDGE,INT,Melway,032D05,,,,
686,MANNINGHAM/BULLEEN,INT,Melway,032E06,,,,
682,MANNINGHAM/GRANT OLSEN,INT,Melway,032G07,,,,
592,MANNINGHAM/MACEDON,INT,Melway,033A09,,,,
680,MANNINGHAM/THOMPSONS,INT,Melway,032H08,,,,
317,MANNINGHAM/WILLIAMSONS,INT,Melway,033D10,,,,
4205,MARIBYRNONG/ASCOT VALE,INT,Melway,028J09,,,,
4203,MARIBYRNONG/EPSOM/SCOTIA,INT,Melway,028E08,,,,
4202,MARIBYRNONG/ORFORD/WALTER,INT,Melway,028D08,,,,
4204,MARIBYRNONG/UNION,INT,Melway,028G08,,,,
763,MARINE PDE / BARCLAY,INT,Melway,154J06,,,,
3019,MARINE/BARKLY/GLENHUNTLY,INT,Melway,067A02,,,,
3018,MARINE/CAVELL,INT,Melway,058A11,,,,
4838,MARINE/DICKENS/MARINA ENT,INT,Melway,067A01,,,,
4894,MARKET/MORAY,INT,Melway,2F-D12,,,,
2621,MARKET/SOMERVILLE,INT,Melway,040J06,,,,
157,MAROONDAH HWY/ KIMBERLEY/ FLETCHER,INT,Melway,037F05,,,,
297,MAROONDAH HWY/BRAND SMART,INT,Melway,4.8E+10,,,,
1100,MAROONDAH HWY/EASTLINK,INT,Melway,Unknown,,,,
1100,MAROONDAH HWY/EASTLINK,INT,Melway,Unknown,,,,
1101,MAROONDAH HWY/HILLCREST/CARPARK,INT,Melway,Unknown,,,,
1018,MAROONDAH HWY/LANDSCAPE,INT,Melway,037K05,,,,
2212,MAROONDAH HWY/MARKET ST/MURRAY PL,INT,Melway,049F09,,,,
3763,MAROONDAH HWY/MELBA HWY,INT,Unknown,Unknown,,,,
130,MAROONDAH HWY/MELBOURNE/RAILWAY,INT,Melway,049H08,,,,
111,MAROONDAH HWY/METROPOLITAN AVE,INT,Melway,048D09,,,,
549,MAROONDAH HWY/OLD MELBOURNE/BUNNING,INT,Melway,037E07,,,,
145,MAROONDAH/ANDERSON,INT,Melway,038F04,,,,
140,MAROONDAH/BLACK SPRINGS(CHIRNSIDE SC),INT,Melway,037G05,,,,
114,MAROONDAH/CHAPEL,INT,Melway,048A09,,,,
153,MAROONDAH/CIVIC CENTRE,INT,Melway,048G09,,,,
105,MAROONDAH/COCHRANE/COOK,INT,Melway,049B09,,,,
137,MAROONDAH/CROYDON/WARRIEN,INT,Melway,036K11,,,,
124,MAROONDAH/DEEP CREEK,INT,Melway,049C09,,,,
2207,MAROONDAH/DORKING,INT,Melway,047E09,,,,
138,MAROONDAH/DORSET/BELLARA/EXETER,INT,Melway,037C08,,,,
138,MAROONDAH/DORSET/BELLARA/EXETER,INT,Melway,037C08,,,,
141,MAROONDAH/EDWARDS/MANCHESTER,INT,Melway,037G05,,,,
2203,MAROONDAH/ELGAR,INT,Melway,047B09,,,,
104,MAROONDAH/GREEN,INT,Melway,278C01,,,,
125,MAROONDAH/HEATHERDALE,INT,Melway,049D09,,,,
2202,MAROONDAH/HIGH,INT,Melway,046K09,,,,
134,MAROONDAH/KALINDA/BEAUFORT,INT,Melway,050D03,,,,
134,MAROONDAH/KALINDA/BEAUFORT,INT,Melway,050D03,,,,
107,MAROONDAH/KALLAY/BRENTNALL,INT,Melway,050E02,,,,
136,MAROONDAH/KENT,INT,Melway,050H01,,,,
2209,MAROONDAH/LINSLEY,INT,Melway,047E10,,,,
2208,MAROONDAH/MIDDLEBOROUGH,INT,Melway,047G10,,,,
121,MAROONDAH/MITCHAM,INT,Melway,048K09,,,,
126,MAROONDAH/MT DANDENONG,INT,Melway,049K07,,,,
2204,MAROONDAH/NELSON,INT,Melway,047C09,,,,
102,MAROONDAH/NELSON/GOODALL,INT,Melway,38J03,,,,
127,MAROONDAH/NEW,INT,Melway,049F09,,,,
133,MAROONDAH/OBAN,INT,Melway,050C04,,,,
888,MAROONDAH/OLIVER,INT,Melway,049K07,,,,
119,MAROONDAH/ROOKS,INT,Melway,048H09,,,,
117,MAROONDAH/SPRINGVALE,INT,Melway,048F09,,,,
2206,MAROONDAH/STATION,INT,Melway,047D09,,,,
2206,MAROONDAH/STATION,INT,Melway,047D09,,,,
112,MAROONDAH/STATION,INT,Melway,048J09,,,,
113,MAROONDAH/STATION/WILLIAMS,INT,Melway,047K09,,,,
115,MAROONDAH/SURREY,INT,Melway,048A09,,,,
2200,MAROONDAH/UNION,INT,Melway,046H08,,,,
142,MAROONDAH/VICTORIA,INT,Melway,038B05,,,,
129,MAROONDAH/WANTIRNA/RINGWOOD,INT,Melway,049F09,,,,
147,MAROONDAH/WARBURTON,INT,Melway,038K02,,,,
131,MAROONDAH/WARRANDYTE,INT,Melway,049H08,,,,
295,MAROONDAH/YARRA,INT,Melway,036J12,,,,
1176,MAROONDAHHWY/DON/STLEONARDS,INT,Melway,270D12,,,,
2866,MATTHEWS NR MASCOMA,INT,Melway,016A04,,,,
2865,MATTHEWS/DROMANA,INT,Melway,016A05,,,,
6200,Mc IVOR/VIEW/MITCHELL,INT,VicRoads,283L14,,,,
6831,MC MEEKIN/ALBERT/KOROIT,INT,VicRoads,514F06,,,,
1160,MCCLELLAND DRV/QUARRYRD,INT,Melway,Unknown,,,,
986,MCCLELLAND/NORTH,INT,Melway,103D06,,,,
7539,MCCLELLAND/QUARRY,INT,Melway,100G10,,,,
6203,MCCRAE (MIDLAND HWY)/CHAPEL (MCIVOR HWY),INT,VicRoads,281M13,,,,
648,MCCRAE/FOSTER,INT,Melway,090E08,,,,
1304,MCDONALDS ROAD / CIVIC DRIVE,INT,Unknown,Unknown,,,,
3897,MCDONALDS/FERRES,INT,Melway,Unknown,,,,
2710,MCDONALDS/OLEANDER/DANAHER,INT,Melway,183D11,,,,
3896,MCDONALDS/PLENTY VALLEY SC ACCESS 2,INT,Melway,Unknown,,,,
3898,MCDONALDS/PLENTY VALLEY SC ACCESS1,INT,Melway,Unknown,,,,
2990,MCG ACCESS/BRUNTON,INT,Melway,2GC07,,,,
1184,MCGREGOR/HENRY,INT,Melway,Unknown,,,,
4939,MCINTYRE/BERKSHIRE,INT,Melway,026H06,,,,
4934,MCINTYRE/FURLONG,INT,Melway,026H06,,,,
2054,MCINTYRE/MARKET ENT,INT,Melway,026G09,,,,
2644,MCINTYRE/PHOENIX,INT,Unknown,026H09,,,,
2634,MCINTYRE/SUFFOLK,INT,Melway,026H08,,,,
2050,MCINTYRE/WHITEHILL,INT,Melway,26H04,,,,
6223,MCIVOR HWY/STERNBERG,INT,VicRoads,283N14,,,,
6287,MCIVOR/POWELLS/RESERVOIR,INT,VicRoads,281P10,,,,
5198,MCKILLOP/SWANSTON,INT,Melway,452C06,,,,
5196,MCKILLOP/YARRA,INT,Melway,452B05,,,,
6196,MCLVOR HWY/ATLAS/LORDS RACEWAY ENTRANCE,INT,Unknown,Unknown,,,,
4529,MELBOURNE PARK NTH ACCESS/FED SQ ACCESS,INT,Melway,2G-A06,,,,
4965,MELBOURNE RD/HUDSONS,INT,Melway,041J12,,,,
1303,MELBOURNE ROAD/THE AVENUE,INT,Unknown,Unknown,,,,
4976,MELBOURNE/CENTRE,INT,Melway,005C05,,,,
4967,MELBOURNE/MASON,INT,Melway,055K04,,,,
3901,MELBOURNE/VIC TRACK MAINT FACILITY ACCES,INT,Melway,Unknown,,,,
2190,MELROSE/APAC,INT,Melway,05D07,,,,
2867,MELROSE/MALVERN/EXIT RAMP/CATERPILLAR,INT,Melway,016A03,,,,
2867,MELROSE/MALVERN/EXIT RAMP/CATERPILLAR,INT,Melway,016A03,,,,
2873,MELROSE/SHARPS/ENT RAMP,INT,Melway,015K03,,,,
2177,MELROSE/TRADE PARK,INT,Melway,5H11,,,,
6146,MELROSE/VISY & UNCLE BENS,INT,Unknown,Unknown,,,,
2597,MELTON HWY/CALDER PARK DRIVE,INT,Melway,003A11,,,,
2595,MELTON HWY/GOURLAY RD,INT,Melway,354H11,,,,
2638,MELTON HWY/KINGS RD,INT,Melway,003G12,,,,
2640,MELTON HWY/MCCUBBIN DR/SHOP CENTRE ENT 1,INT,Melway,003E12,,,,
2640,MELTON HWY/MCCUBBIN DR/SHOP CENTRE ENT 1,INT,Melway,003E12,,,,
2640,MELTON HWY/MCCUBBIN DR/SHOP CENTRE ENT 1,INT,Melway,003E12,,,,
2640,MELTON HWY/MCCUBBIN DR/SHOP CENTRE ENT 1,INT,Melway,003E12,,,,
2645,MELTON HWY/OVERTON LEA BLVD,INT,Melway,003C11,,,,
2637,MELTON HWY/PARMELIA DR,INT,Melway,013H01,,,,
2639,MELTON HWY/SHOPPING CENTRE ENT 2,INT,Melway,003F12,,,,
2636,MELTON HWY/VERONA DR,INT,Melway,013K01,,,,
2636,MELTON HWY/VERONA DR,INT,Melway,013K01,,,,
4005,MELVILLE/ALBION,INT,Melway,029D05,,,,
4015,MELVILLE/DAWSON,INT,Melway,029C08,,,,
4029,MELVILLE/HOPE,INT,Melway,029C06,,,,
4000,MELVILLE/MORELAND,INT,Melway,029D03,,,,
4124,MELVILLE/REYNARD,INT,Melway,029C02,,,,
4008,MELVILLE/VICTORIA,INT,Melway,029C06,,,,
5036,MERCER / RAILWAY TCE,INT,Melway,452B03,,,,
5050,MERCER/BROUGHAM,INT,Melway,452A02,,,,
3478,MERTON/NEWLAND,INT,Melway,53F10,,,,
3744,METROPOLITAN RING ROAD/DALTON,INT,Melway,009C09,,,,
3744,METROPOLITAN RING ROAD/DALTON,INT,Melway,009C09,,,,
2857,MICKLEHAM/ALANBRAE/CAMBRIDGE,INT,Melway,005K05,,,,
2854,MICKLEHAM/BARRYMORE,INT,Melway,005J01,,,,
2894,MICKLEHAM/DPI DRIVEWAY,INT,Melway,5K03,,,,
2858,MICKLEHAM/FAWKNER,INT,Melway,005K07,,,,
2175,MICKLEHAM/GARDEN,INT,Melway,005H10,,,,
2871,MICKLEHAM/GLADSTONE PARK/INTERNATIONAL,INT,Melway,005J10,,,,
3771,MICKLEHAM/GREENVALE,INT,Melway,178J08,,,,
2869,MICKLEHAM/RYLANDES/WESTERN,INT,Melway,005K09,,,,
1073,MIDDLE/CAPON,INT,Melway,069E04,,,,
3193,MIDDLEBOROUGH NR ALBION,INT,Melway,047G11,,,,
2010,MIDDLEBOROUGH/AILSA,INT,Melway,061F03,,,,
3119,MIDDLEBOROUGH/CLARICE,INT,Melway,61F02,,,,
3195,MIDDLEBOROUGH/ELEY,INT,Melway,061F05,,,,
3136,MIDDLEBOROUGH/LEXTON,INT,Melway,047H08,,,,
581,MIDDLEBOROUGH/SPRINGFIELD,INT,Melway,047H07,,,,
6288,MIDLAND HWY / NAPIER / LYONS,INT,VicRoads,281Q08,,,,
6301,MIDLAND HWY(BARKER)/PYRENEES HWY(FOREST),INT,VicRoads,286Q06,,,,
5106,MIDLAND HWY/ANAKIE,INT,Melway,441E07,,,,
6094,MIDLAND HWY/ARCHER            SHEPPARTON,INT,VicRoads,273O10,,,,
6017,MIDLAND HWY/ARUNDEL             BENALLA,INT,VicRoads,309O08,,,,
5102,MIDLAND HWY/CHURCH,INT,Melway,441H11,,,,
6092,MIDLAND HWY/CORIO             SHEPPARTON,INT,VicRoads,273M09,,,,
6080,MIDLAND HWY/FLORENCE,INT,VicRoads,273Q10,,,,
6078,MIDLAND HWY/FRYERS           SHEPPARTON,INT,VicRoads,272E06,,,,
5310,MIDLAND HWY/GLENLEITH,INT,Melway,441K11,,,,
5151,MIDLAND HWY/GRR NB RAMPS,INT,Melway,441C04,,,,
5151,MIDLAND HWY/GRR NB RAMPS,INT,Melway,441C04,,,,
5133,MIDLAND HWY/GRR SB RAMPS/ROLLINS,INT,Melway,441C04,,,,
5133,MIDLAND HWY/GRR SB RAMPS/ROLLINS,INT,Melway,441C04,,,,
6290,MIDLAND HWY/HOWARD,INT,VicRoads,281R02,,,,
5312,MIDLAND HWY/JASMINE/WAIORA,INT,Melway,441F08,,,,
5135,MIDLAND HWY/KARDINIA COLLEGE ENTRANCE,INT,Melway,441D05,,,,
6302,MIDLAND HWY/LYTTLETON,INT,VicRoads,628G06,,,,
5877,MIDLAND HWY/MACARTHUR,INT,VicRoads,255L10,,,,
5877,MIDLAND HWY/MACARTHUR,INT,VicRoads,255L10,,,,
5875,MIDLAND HWY/MAIR,INT,VicRoads,255M12,,,,
5875,MIDLAND HWY/MAIR,INT,VicRoads,255M12,,,,
6091,MIDLAND HWY/MAUDE             SHEPPARTON,INT,VicRoads,273L09,,,,
6205,MIDLAND HWY/NOLAN,INT,VicRoads,281N12,,,,
5879,MIDLAND HWY/NORMAN,INT,VicRoads,255L06,,,,
6018,MIDLAND HWY/NUNN                BENALLA,INT,VicRoads,309Q08,,,,
6337,MIDLAND HWY/O'BRIEN,INT,VicRoads,272E12,,,,
6337,MIDLAND HWY/O'BRIEN,INT,VicRoads,272E12,,,,
5100,MIDLAND HWY/PAKINGTON/STUBBS,INT,Melway,441K11,,,,
6292,MIDLAND HWY/POWELL,INT,VicRoads,608B02,,,,
5103,MIDLAND HWY/SHANNON/THOMPSON,INT,Melway,441G10,,,,
6093,MIDLAND HWY/ST GEORGES        SHEPPARTON,INT,VicRoads,273N09,,,,
5878,MIDLAND HWY/SUNRAYSIA/HOWITT,INT,VicRoads,255L08,,,,
5878,MIDLAND HWY/SUNRAYSIA/HOWITT,INT,VicRoads,255L08,,,,
5878,MIDLAND HWY/SUNRAYSIA/HOWITT,INT,VicRoads,255L08,,,,
5878,MIDLAND HWY/SUNRAYSIA/HOWITT,INT,VicRoads,255L08,,,,
6097,MIDLAND HWY/WELSFORD          SHEPPARTON,INT,VicRoads,273L10,,,,
6336,MIDLAND HWY/YOUNG/MORRELL,INT,VicRoads,272D12,,,,
6336,MIDLAND HWY/YOUNG/MORRELL,INT,VicRoads,272D12,,,,
6338,MIDLAND/ECHUCA/TOOLAMBA,INT,VicRoads,272C12,,,,
6338,MIDLAND/ECHUCA/TOOLAMBA,INT,VicRoads,272C12,,,,
6101,MIDLAND/LOCKWOOD,INT,VicRoads,273O10,,,,
6101,MIDLAND/LOCKWOOD,INT,VicRoads,273O10,,,,
4315,MILITARY/DAVIS,INT,Melway,027D05,,,,
2737,MILITARY/TEMPLEWOOD,INT,Melway,027E06,,,,
2726,MILLEARA/BUCKLEY,INT,Melway,027E03,,,,
2718,MILLEARA/DENNIS/BRADMAN,INT,Melway,015E11,,,,
2724,MILLEARA/DINAH/STERLING,INT,Melway,015E12,,,,
2724,MILLEARA/DINAH/STERLING,INT,Melway,015E12,,,,
2715,MILLEARA/KEILOR PARK EXTN,INT,Melway,015E12,,,,
2798,MILLEARA/THE CROSSWAY,INT,Melway,027E02,,,,
2893,MILLERS/BEURON,INT,Melway,041B12,,,,
3501,MILLERS/BLACKSHAWS,INT,Melway,055B01,,,,
2882,MILLERS/DUOSA/MARIGOLD,INT,Melway,041B11,,,,
3502,MILLERS/MASON,INT,Melway,055B03,,,,
3900,MILLERS/MCARTHURS,INT,Melway,055B02,,,,
345,MITCHAM/DONCASTER EAST,INT,Melway,048K07,,,,
590,MITCHAM/PARK,INT,Melway,048J05,,,,
596,MITCHAM/PREMIER/REDLAND,INT,Melway,062K01,,,,
343,MITCHAM/SPRINGFIELD,INT,Melway,048J06,,,,
346,MITCHAM/VICTORIA,INT,Melway,048K08,,,,
6270,MITCHELL/HARGREAVES,INT,VicRoads,283L14,,,,
6274,MITCHELL/MILLER/PYKE,INT,VicRoads,283M16,,,,
6273,MITCHELL/QUEEN,INT,VicRoads,283L14,,,,
4940,MITCHELL/ROSAMOND,INT,Melway,027K11,,,,
6272,MITCHELL/WILLS/MYERS,INT,VicRoads,283L15,,,,
6647,MOE-GLENGARRY(JOHN FIELD)/OLD SALE,INT,VicRoads,339P08,,,,
6645,MOE-GLENGARRY(john field)/Shanahan,INT,VicRoads,339N10,,,,
6643,MOE-GLENGARRY/DINWOODIE,INT,Unknown,Unknown,,,,
6641,MOE-GLENGARRY/OLLERTON,INT,VicRoads,339M09,,,,
530,MONASH (Hallam Bypass)/PHE,INT,Melway,110H06,,,,
530,MONASH (Hallam Bypass)/PHE,INT,Melway,110H06,,,,
2841,MONASH ENTRY RAMP/BARKLY/GIBDON      VM5,INT,Melway,2H-F12,,,,
405,MONASH EXIT RAMP/POLICE,INT,Melway,080K06,,,,
512,MONASH FWY/BELGRAVE-HALLAM,INT,Melway,091H10,,,,
512,MONASH FWY/BELGRAVE-HALLAM,INT,Melway,091H10,,,,
594,MONASH FWY/NARRE WARREN NTH,INT,Melway,110E04,,,,
594,MONASH FWY/NARRE WARREN NTH,INT,Melway,110E04,,,,
509,MONASH FWY/TINKS,INT,Melway,108B11,,,,
509,MONASH FWY/TINKS,INT,Melway,108B11,,,,
2619,MONASH ST/DUKE/SOUTH,INT,Melway,041A01,,,,
6664,MONASH WAY/GEORGINA PLACE,INT,VicRoads,341R05,,,,
264,MONASH/BLACKBURN,INT,Melway,070H06,,,,
264,MONASH/BLACKBURN,INT,Melway,070H06,,,,
2845,MONASH/BURKE,INT,Melway,059H07,,,,
2845,MONASH/BURKE,INT,Melway,059H07,,,,
2845,MONASH/BURKE,INT,Melway,059H07,,,,
263,MONASH/FORSTER,INT,Melway,070E05,,,,
263,MONASH/FORSTER,INT,Melway,070E05,,,,
614,MONASH/HEATHERTON (NB RAMPS),INT,Melway,090K03,,,,
615,MONASH/HEATHERTON (SB RAMPS),INT,Melway,090K03,,,,
2846,MONASH/HIGH/WILLS,INT,Melway,059J08,,,,
2846,MONASH/HIGH/WILLS,INT,Melway,059J08,,,,
2846,MONASH/HIGH/WILLS,INT,Melway,059J08,,,,
262,MONASH/HUNTINGDALE,INT,Melway,069K04,,,,
262,MONASH/HUNTINGDALE,INT,Melway,069K04,,,,
266,MONASH/JACKSONS,INT,Melway,080J05,,,,
7081,MONASH/LOYOLA GVE ON RAMP/HAUL RD,INT,Melway,2H-J12,,,,
265,MONASH/SPRINGVALE,INT,Melway,071B10,,,,
265,MONASH/SPRINGVALE,INT,Melway,071B10,,,,
267,MONASH/STUD (SOUTH),INT,Melway,081G12,,,,
2843,MONASH/TOORAK/AUBURN          RAMP SIGNS,INT,Melway,059E04,,,,
2843,MONASH/TOORAK/AUBURN          RAMP SIGNS,INT,Melway,059E04,,,,
3678,MONASH/WARRIGAL (WB RAMPS)       DD 3681,INT,Melway,069F03,,,,
3681,MONASH/WARRIGAL RD,INT,Melway,069F03,,,,
820,MONBULK/CLEGG,INT,Melway,120D01,,,,
4068,MONT ALBERT/UNION,INT,Melway,046H10,,,,
4902,MONTAGUE/LORIMER,INT,Melway,2E-H10,,,,
4902,MONTAGUE/LORIMER,INT,Melway,2E-H10,,,,
3541,MONTAGUE/NORMANBY,INT,Melway,2E-H12,,,,
3541,MONTAGUE/NORMANBY,INT,Melway,2E-H12,,,,
5053,MOORABOOL NR MALL - [LT MALOP],INT,Melway,452B04,,,,
5057,MOORABOOL/FYANS,INT,Melway,452A07,,,,
5056,MOORABOOL/KILGOUR,INT,Melway,452A06,,,,
5052,MOORABOOL/MALOP,INT,Melway,452B03,,,,
5055,MOORABOOL/MCKILLOP,INT,Melway,452B05,,,,
5054,MOORABOOL/MYERS,INT,Melway,452B05,,,,
2782,MOORE/DONALD,INT,Melway,042D04,,,,
511,MOOROODUC HWY/GERTRUDE,INT,Melway,102F03,,,,
743,MOOROODUC HWY/HEATHERHILL,INT,Melway,102F06,,,,
756,MOOROODUC HWY/ROBINSONS,INT,Melway,102G10,,,,
520,MOOROODUC/SAGES,INT,Melway,106F04,,,,
4893,MORAY/YORK,INT,Melway,2K-C01,,,,
3887,MORELAND/CAMERON,INT,Melway,029G04,,,,
3592,MORELAND/PASCOE VALE,INT,Melway,028J03,,,,
6673,MOREWELL-TRARALGON/BRIDLE/CENTRE VALLEY,INT,VicRoads,340K06,,,,
6673,MOREWELL-TRARALGON/BRIDLE/CENTRE VALLEY,INT,VicRoads,340K06,,,,
5274,MORRIS/BELLBRIDGE,INT,Melway,206J01,,,,
5274,MORRIS/BELLBRIDGE,INT,Melway,206J01,,,,
5252,MORRIS/HEATHS,INT,Melway,206J02,,,,
5275,MORRIS/HOGANS,INT,Melway,202J10,,,,
5321,MORRIS/THOMAS CARR/SPRING HAVEN,INT,Melway,202K05,,,,
6657,MORWELL-THORPDALE/COMMERCIAL,INT,VicRoads,340C06,,,,
6675,MORWELL-TRARALGON/ALEXANDER TRAMWAY,INT,VicRoads,340M05,,,,
6675,MORWELL-TRARALGON/ALEXANDER TRAMWAY,INT,VicRoads,340M05,,,,
6665,MORWELL-TRARALGON/CHURCH ST,INT,VicRoads,340E06,,,,
6655,MORWELL-TRARALGON/JANE  (Rail Opass),INT,VicRoads,340C06,,,,
6660,MORWELL-TRARALGON/MCDONALD,INT,VicRoads,340F06,,,,
6670,MORWELL-TRARALGON/MONASH WAY,INT,VicRoads,340H06,,,,
6670,MORWELL-TRARALGON/MONASH WAY,INT,VicRoads,340H06,,,,
2570,MOUNT DERRIMUT/AUSTRALIS,INT,Melway,Unknown,,,,
775,MOUNTAIN HWY/BORONIA,INT,Melway,063H05,,,,
778,MOUNTAIN HWY/DORSET,INT,Melway,065A02,,,,
773,MOUNTAIN HWY/HAROLD,INT,Melway,063F06,,,,
791,MOUNTAIN HWY/HIGH/VALENTINE,INT,Melway,064F03,,,,
766,MOUNTAIN HWY/JERSEY,INT,Melway,064J03,,,,
777,MOUNTAIN HWY/SCORESBY/BAYSWA,INT,Melway,064G03,,,,
790,MOUNTAIN HWY/STUD,INT,Melway,064B04,,,,
774,MOUNTAIN HWY/WANTIRNA,INT,Melway,063G05,,,,
721,MOUNTAIN VIEW/SHERBOURNE,INT,Melway,021C03,,,,
3353,MOUNTAIN VIEW/ST HELENA,INT,Melway,021B01,,,,
3515,MT ALEXANDER/BREWSTER/THISTLE,INT,Melway,028G03,,,,
3513,MT ALEXANDER/BUCKLEY,INT,Melway,028H04,,,,
3511,MT ALEXANDER/KELLAWAY/TAYLORS,INT,Melway,028J06,,,,
4470,MT ALEXANDER/MOOLTAN,INT,Melway,029B12,,,,
4206,MT ALEXANDER/ORMOND/MARIBRYNONG,INT,Melway,028J09,,,,
3510,MT ALEXANDER/PUCKLE/DEAN,INT,Melway,028J07,,,,
3518,MT ALEXANDER/TRAM DEPOT,INT,Melway,028K10,,,,
4471,MT ALEXANDER/WELLINGTON,INT,Melway,029A11,,,,
122,MT DANDENONG / HAWTHORY,INT,Melway,051F05,,,,
900,MT DANDENONG NR MIRABEL,INT,Melway,050D06,,,,
635,MT DANDENONG/BAYSWATER,INT,Melway,050H04,,,,
637,MT DANDENONG/CIVIC,INT,Melway,050K04,,,,
639,MT DANDENONG/COLCHESTER,INT,Melway,051F05,,,,
901,MT DANDENONG/DUBLIN,INT,Melway,050B07,,,,
815,MT DANDENONG/DURHAM/LIVERPOOL,INT,Melway,051G05,,,,
815,MT DANDENONG/DURHAM/LIVERPOOL,INT,Melway,051G05,,,,
551,MT DANDENONG/EASTFIELD,INT,Melway,50C6,,,,
551,MT DANDENONG/EASTFIELD,INT,Melway,50C6,,,,
640,MT DANDENONG/MAIN,INT,Melway,050J04,,,,
634,MT DANDENONG/WICKLOW,INT,Melway,050H04,,,,
2682,MT DERRIMUT/ PARAMOUNT BLVD,INT,Melway,390,,,,
2713,MT DERRIMUT/FOLEYS,INT,Melway,Unknown,,,,
6311,MURRAY VALLEY HWY/CAMPBELL ST/BURKE ST,INT,VicRoads,210F05,,,,
6311,MURRAY VALLEY HWY/CAMPBELL ST/BURKE ST,INT,VicRoads,210F05,,,,
4116,MURRAY/CHAMP,INT,Melway,017J10,,,,
4794,MURRAY/CHIFLEY,INT,Melway,019C12,,,,
4119,MURRAY/ELIZABETH,INT,Melway,018B11,,,,
4117,MURRAY/NEWLANDS,INT,Melway,017K10,,,,
3877,MURRAY/NORTHLAND EXIT,INT,Melway,019B12,,,,
3259,MURRAY/NORTHLAND SHOP EAST ACCESS RD,INT,Melway,019C12,,,,
4158,MURRAY/STOCKADE,INT,Melway,017J10,,,,
3567,MURRUMBEENA/KANGAROO,INT,Melway,069A07,,,,
4085,MURRUMBEENA/NEERIM,INT,Melway,069A05,,,,
6411,MVH/BUTCHER/BRIDLINGTON,INT,VicRoads,596D08,,,,
5044,MYERS/FENWICK,INT,Melway,452A04,,,,
5040,MYERS/GHERINGHAP,INT,Melway,452A04,,,,
5027,MYERS/SWANSTON,INT,Melway,401K07,,,,
5136,MYERS/YARRA,INT,Melway,401H06,,,,
6283,MYERS-WILLS/ARTHUR,INT,VicRoads,607R07,,,,
6289,MYRTLE/HARGREAVES,INT,VicRoads,282K15,,,,
6284,MYRTLE/WILLS-MYERS,INT,VicRoads,228K16,,,,
4231,NAPIER/WHITEHALL,INT,Melway,042D06,,,,
4190,NAPIER/WOODLANDS,INT,Melway,016H12,,,,
3173,NARRE WARREN - CRANBOURNE/KINGDOM,INT,Melway,130B12,,,,
401,NARRE WARREN NTH/ERNST WANKE,INT,Melway,108F10,,,,
403,NARRE WARREN NTH/MAGID/RYELANDS,INT,Melway,110E03,,,,
396,NARRE WARREN NTH/MARAMBA,INT,Melway,110F01,,,,
506,NARRE WARREN-CRANB/ORMOND/LITTLECROFT,INT,Melway,130C05,,,,
3174,NARRE WARREN-CRANBOURNE ROAD/GREAVES RD,INT,Melway,130D02,,,,
532,NARRE WARREN-CRANBOURNE/CENTRE,INT,Melway,110D11,,,,
533,NARRE WARREN-CRANBOURNE/FULLARD,INT,Melway,110E07,,,,
3175,NARRE WARREN-CRANBOURNE/GLASSCOCKS,INT,Melway,130C06,,,,
3652,NARRE WARREN-CRANBOURNE/LINSELL,INT,Melway,134B02,,,,
2746,NEERIM/QUEENS,INT,Melway,068F04,,,,
2356,NEPEAN HWY NR OAK,INT,Melway,Unknown,,,,
2025,NEPEAN HWY/BALCOMBE G-SCHOOL ACC/BAY,INT,Unknown,Unknown,,,,
2019,NEPEAN HWY/BENTONS,INT,Melway,Unknown,,,,
2019,NEPEAN HWY/BENTONS,INT,Melway,Unknown,,,,
2023,NEPEAN HWY/BRUCE,INT,Melway,151C8,,,,
307,NEPEAN HWY/BUNNINGS ENT/SCHOOL ENT,INT,Melway,104J11,,,,
507,NEPEAN HWY/STATION (CARRUM NORTH),INT,Melway,097C06,,,,
2334,NEPEAN NR STATION (CHELTENHAM),INT,Melway,086J02,,,,
2343,NEPEAN NR TANTI,INT,Melway,104G12,,,,
2301,NEPEAN(ST KILDA RD)/PUNT RD,INT,Melway,058B07,,,,
2301,NEPEAN(ST KILDA RD)/PUNT RD,INT,Melway,058B07,,,,
2304,NEPEAN/ALMA,INT,Melway,058B09,,,,
221,NEPEAN/ARGYLE/MAURY,INT,Melway,097C02,,,,
221,NEPEAN/ARGYLE/MAURY,INT,Melway,097C02,,,,
2303,NEPEAN/BARKLY,INT,Melway,058B08,,,,
2326,NEPEAN/BAY/KAREN,INT,Melway,077H11,,,,
2317,NEPEAN/BAY/MILROY/HAMPTON,INT,Melway,067H09,,,,
2317,NEPEAN/BAY/MILROY/HAMPTON,INT,Melway,067H09,,,,
230,NEPEAN/BEACH,INT,Melway,102C01,,,,
222,NEPEAN/BONDI,INT,Melway,097C04,,,,
248,NEPEAN/BONEO,INT,Melway,170A01,,,,
237,NEPEAN/BUNGOWER,INT,Melway,104J11,,,,
235,NEPEAN/CANADIAN BAY,INT,Melway,105G03,,,,
2306,NEPEAN/CARLISLE,INT,Melway,058C11,,,,
2320,NEPEAN/CENTRE,INT,Melway,067K12,,,,
2328,NEPEAN/CENTRE DANDENONG,INT,Melway,086J01,,,,
2308,NEPEAN/CHAPEL,INT,Melway,058D11,,,,
218,NEPEAN/CHELSEA,INT,Melway,097B01,,,,
2327,NEPEAN/CHESTERVILLE/CHARMAN,INT,Melway,086J01,,,,
2337,NEPEAN/CUMMINS/PATTERSON,INT,Melway,077B02,,,,
2337,NEPEAN/CUMMINS/PATTERSON,INT,Melway,077B02,,,,
233,NEPEAN/DAVEY,INT,Melway,102C02,,,,
2336,NEPEAN/DENDY,INT,Melway,077B02,,,,
247,NEPEAN/DUNDAS,INT,Melway,168E04,,,,
216,NEPEAN/EDITHVALE,INT,Melway,092K09,,,,
2302,NEPEAN/FITZROY/WELLINGTON,INT,Melway,058B08,,,,
274,NEPEAN/FLETCHER,INT,Melway,102D01,,,,
525,NEPEAN/FRANKSTON PIER ACCESS,INT,Melway,102B03,,,,
2310,NEPEAN/GLEN EIRA/BYRON,INT,Melway,067D01,,,,
2312,NEPEAN/GLENHUNTLY/HOTHAM,INT,Melway,067E03,,,,
2319,NEPEAN/HAWTHORN,INT,Melway,067J11,,,,
2325,NEPEAN/HIGHETT/ROWANS,INT,Melway,077F09,,,,
278,NEPEAN/HUMPHRIES,INT,Melway,101J08,,,,
2305,NEPEAN/INKERMAN,INT,Melway,058C10,,,,
244,NEPEAN/JETTY,INT,Melway,158F12,,,,
214,NEPEAN/LINCOLN,INT,Melway,092J06,,,,
215,NEPEAN/LOCHIEL/STATION,INT,Melway,092K08,,,,
555,NEPEAN/LONSDALE,INT,Melway,158H11,,,,
2330,NEPEAN/LWR DANDENONG,INT,Melway,087C06,,,,
239,NEPEAN/MAIN/MORNINGTON-TYABB,INT,Melway,145F01,,,,
2321,NEPEAN/MARRIAGE/THOMAS,INT,Melway,077A01,,,,
2321,NEPEAN/MARRIAGE/THOMAS,INT,Melway,077A01,,,,
2315,NEPEAN/MARTIN/GARDENVALE,INT,Melway,067G07,,,,
2316,NEPEAN/NORTH,INT,Melway,067G07,,,,
1165,NEPEAN/OAKBANK/EAGLE,INT,Melway,Unknown,,,,
2331,NEPEAN/PARKERS/IMES,INT,Melway,087D08,,,,
232,NEPEAN/PLAYNE,INT,Melway,102C02,,,,
2313,NEPEAN/RUSDEN,INT,Melway,067F04,,,,
228,NEPEAN/SEAFORD,INT,Melway,099D05,,,,
2322,NEPEAN/SOUTH,INT,Melway,077D04,,,,
2339,NEPEAN/SOUTHLAND NTH ENT,INT,Melway,077H11,,,,
2340,NEPEAN/SOUTHLAND SHOPPING,INT,Melway,077H11,,,,
211,NEPEAN/STATION (ASPENDALE),INT,Melway,092F02,,,,
224,NEPEAN/STATION (CARRUM SOUTH),INT,Melway,097D07,,,,
227,NEPEAN/STATION (SEAFORD),INT,Melway,099D03,,,,
2323,NEPEAN/STATION/KEILLER,INT,Melway,077D05,,,,
2329,NEPEAN/WARRIGAL/BALCOMBE,INT,Melway,087B06,,,,
231,NEPEAN/WELLS,INT,Melway,102C02,,,,
2332,NEPEAN/WHITE,INT,Melway,087E10,,,,
2324,NEPEAN/WICKHAM,INT,Melway,077F08,,,,
236,NEPEAN/WOORALLA/MT ELIZA WAY,INT,Melway,105F04,,,,
2351,NEW/HEAD,INT,Melway,067E05,,,,
3950,NEW/MARTIN,INT,Melway,067E06,,,,
4023,NICHOLSON/ARTHURTON/BLYTH,INT,Melway,030A07,,,,
3450,NICHOLSON/ELGIN/JOHNSTON       (FITZROY),INT,Melway,2B-K07,,,,
4419,NICHOLSON/GERTRUDE,INT,Melway,2B-K11,,,,
4147,NICHOLSON/GIPPS,INT,Melway,2C-K11,,,,
4024,NICHOLSON/GLENLYON,INT,Melway,030A09,,,,
4132,NICHOLSON/HARDING,INT,Melway,030A01,,,,
4244,NICHOLSON/IRVING,INT,Melway,042C05,,,,
4004,NICHOLSON/MORELAND/HOLMES,INT,Melway,029K04,,,,
4426,NICHOLSON/RICHARDSON/REID,INT,Melway,030A12,,,,
4421,NICHOLSON/SCOTCHMER/PIGDON,INT,Melway,030A11,,,,
3117,NORMANBY AV/LEINSTER GVE,INT,Melway,030C05,,,,
3544,NORMANBY/MELB CONVENTION CENTRE,INT,Melway,2EJ11,,,,
3292,NORMANBY/QUEENS,INT,Melway,068F02,,,,
3024,NORTH RD/ST KILDA ST,INT,Melway,067D07,,,,
3554,NORTH/BAMBRA/THOMAS,INT,Melway,068B08,,,,
3555,NORTH/BOORAN/WHEATLEY,INT,Melway,068D08,,,,
3560,NORTH/EAST BOUNDARY/M'BEEENA,INT,Melway,068K09,,,,
3564,NORTH/GOLF/GOLF LINKS,INT,Melway,069F10,,,,
3553,NORTH/HAWTHORN,INT,Melway,067K08,,,,
3558,NORTH/JASPER/GRANGE,INT,Melway,068F09,,,,
3559,NORTH/KOORNANG/TUCKER,INT,Melway,068H09,,,,
3551,NORTH/KOOYONG,INT,Melway,067J08,,,,
3566,NORTH/MILGATE/FENTON,INT,Melway,070A11,,,,
3550,NORTH/NEW,INT,Melway,067E07,,,,
3561,NORTH/POATH/POET,INT,Melway,069C10,,,,
6324,NORTHERN (OGILVIE)/HAVERFIELD,INT,VicRoads,569H10,,,,
6320,NORTHERN /  PAKENHAM,INT,VicRoads,266E04,,,,
6303,NORTHERN HWY / UNION ST,INT,Unknown,Unknown,,,,
7000,NORTHERN HWY STH OF HEATHCOTE,INT,VicRoads,044D09,,,,
6321,NORTHERN HWY/MURRAY HWY,INT,VicRoads,266F07,,,,
6211,NORTHERN HWY/RUTLEDGE,INT,VicRoads,293N10,,,,
6214,NORTHERN HWY/WILLIAM,INT,Melway,646A08,,,,
6332,NORTHERN/QUEEN,INT,VicRoads,295P10,,,,
6333,NORTHERN/WATSON,INT,VicRoads,638D09,,,,
980,OBAN/ NTH RINGWOOD SHOPPING CENTRE,INT,Melway,049K03,,,,
2568,O'HERNS/MILLAR/GREAT BROME,INT,Unknown,Unknown,,,,
2052,OLD CALDER HWY/GREEN GULLY[ST ALBANS],INT,Melway,014G05,,,,
3639,OLD DANDENONG/BOURKE,INT,Melway,078F07,,,,
3895,OLD DANDENONG/CLARINDA,INT,Melway,078H08,,,,
6137,OLD DOOKIE/WHEELER,INT,VicRoads,673S08,,,,
5323,OLD GEELONG / COSTA,INT,Unknown,Unknown,,,,
5238,OLD GEELONG/BUNNINGS WAREHOUSE ENT,INT,Melway,207A01,,,,
5240,OLD GEELONG/DUNLOP,INT,Melway,203D12,,,,
1186,OLD GEELONG/KMART DISTRIBUTION CENTRE,INT,Melway,2.03E+13,,,,
6208,OLINDA/RUSSELL,INT,VicRoads,283L16,,,,
4303,ORIEL/LIVINGSTONE,INT,Melway,031D07,,,,
3021,ORMOND ESP/ELWOOD BEACH CAR,INT,Melway,067C04,,,,
3022,ORMOND ESP/ST KILDA/HEAD,INT,Melway,067D05,,,,
5206,ORMOND/GARDEN/MYERS,INT,Melway,452E05,,,,
5206,ORMOND/GARDEN/MYERS,INT,Melway,452E05,,,,
5206,ORMOND/GARDEN/MYERS,INT,Melway,452E05,,,,
5206,ORMOND/GARDEN/MYERS,INT,Melway,452E05,,,,
5207,ORMOND/McKILLOP,INT,Melway,452E06,,,,
2870,ORMOND/MYRNONG/PATTISON,INT,Melway,029A09,,,,
4105,ORRONG/ALMA,INT,Melway,058H10,,,,
4078,ORRONG/GLEN EIRA,INT,Melway,067H01,,,,
2980,ORRONG/ST GEORGES,INT,Melway,2M-H02,,,,
4256,PAISLEY/FRENCH,INT,Melway,042C04,,,,
5139,PAKINGTON / WARATAH/WELLINGTON,INT,Melway,451K01,,,,
5097,PAKINGTON/ALBERT,INT,Melway,451J02,,,,
5301,PAKINGTON/NICHOLAS,INT,Melway,451J06,,,,
5303,PAKINGTON/NOBLE,INT,Melway,451J05,,,,
5304,PAKINGTON/WEST FYANS,INT,Melway,451J07,,,,
6201,PALL MALL (MC IVOR HWY)/WILLIAMSON,INT,VicRoads,283L14,,,,
3776,PALMERS/DUNNINGS,INT,Melway,Unknown,,,,
5279,PALMERS/LEAKES,INT,Melway,203J03,,,,
5299,PALMERS/THE STRAND,INT,Melway,Unknown,,,,
4186,PARA/FLINTOFF,INT,Melway,020K02,,,,
4903,PARK/FERRARS,INT,Melway,2K-B04,,,,
4906,PARK/MORAY,INT,Melway,2K-E03,,,,
1043,PARK/TRAMWAY CROSSING,INT,Melway,029E10,,,,
2166,PASCOE VALE / GIRGARRE,INT,Melway,006J05,,,,
3590,PASCOE VALE/ALBION/FLETCHER,INT,Melway,028J04,,,,
3616,PASCOE VALE/BARRY,INT,Melway,006H03,,,,
3610,PASCOE VALE/BROADMEADOWS SHOPPING ENT 2,INT,Melway,006H08,,,,
3606,PASCOE VALE/BUCKLEY,INT,Melway,028J05,,,,
3615,PASCOE VALE/COLERAINE,INT,Melway,006H07,,,,
3640,PASCOE VALE/COOLAROO STATION ACCESS,INT,Melway,006J02,,,,
3597,PASCOE VALE/DEVON/WINIFRED,INT,Melway,016H07,,,,
3600,PASCOE VALE/DIMBOOLA,INT,Melway,006H08,,,,
3599,PASCOE VALE/GLENROY,INT,Melway,016G03,,,,
3605,PASCOE VALE/KELLAWAY,INT,Melway,028J06,,,,
3617,PASCOE VALE/PARINGA,INT,Melway,179K12,,,,
3594,PASCOE VALE/PECK,INT,Melway,016J09,,,,
3618,PASCOE VALE/SHANKLAND/RESERVOIR,INT,Melway,179K09,,,,
3595,PASCOE VALE/STEWART,INT,Melway,016J09,,,,
3619,PASCOE VALE/TAGGERTY CRES (NTH),INT,Melway,006J01,,,,
3612,PASCOE VALE/TAGGERTY CRES STH,INT,Melway,6H03,,,,
3831,PASCOE VALE/WILSON,INT,Melway,028J06,,,,
3593,PASCOE VALE/WOODLAND,INT,Melway,028K01,,,,
4651,PASCOEVALE/SUNSET BVD,INT,Melway,006G10,,,,
5156,PATULLOS/KEES,INT,Unknown,Unknown,,,,
3624,PEARCEDALE/BROADMEADOWS TOWN CENTRE,INT,Melway,06G07,,,,
5915,PEEL/EASTWOOD,INT,VicRoads,257N13,,,,
3086,PENTRIDGE/STOCKADE,INT,Melway,17J11,,,,
6824,PERCY ST / HENTY ST,INT,VicRoads,237N07,,,,
619,PFE/CLYDE (STH) EXIT,INT,Melway,111C11,,,,
10149,PFE/DARNUM INTERCHANGE,INT,VicRoads,Unknown,,,,
1234,PHE (EAST) / BEACONSFIELD-BERWICK MAIN,INT,Unknown,Unknown,,,,
6671,PHE EXIT RAMP (EAST BOUND)/MONASH WAY,INT,VicRoads,340J07,,,,
610,PHE NR TIVENDALE,INT,Melway,214H04,,,,
6672,PHE ON RAMP (WEST BOUND)/MONASH WAY,INT,VicRoads,340J08,,,,
5607,PHE(YORK)/MACALISTER,INT,VicRoads,345N06,,,,
5607,PHE(YORK)/MACALISTER,INT,VicRoads,345N06,,,,
2405,PHE/ALBERT,INT,Melway,2K-H03,,,,
2428,PHE/ATHERTON/HUNTINGDALE,INT,Melway,069K08,,,,
2426,PHE/ATKINSON,INT,Melway,069G06,,,,
5657,PHE/BAILEY,INT,VicRoads,348J07,,,,
5657,PHE/BAILEY,INT,VicRoads,348J07,,,,
203,PHE/BELGRAVE-HALLAM/HALLAM,INT,Melway,096G01,,,,
208,PHE/BERWICK-CRANBOURNE/LYALL,INT,Melway,111C07,,,,
2431,PHE/BLACKBURN,INT,Melway,079G01,,,,
6685,PHE/BREED,INT,VicRoads,342G09,,,,
189,PHE/BROWNS,INT,Melway,080F10,,,,
567,PHE/BRUNT/WHITESIDE,INT,Melway,214D2,,,,
567,PHE/BRUNT/WHITESIDE,INT,Melway,214D2,,,,
2419,PHE/BURKE/SIR JOHN MONASH DR,INT,Melway,068G01,,,,
2419,PHE/BURKE/SIR JOHN MONASH DR,INT,Melway,068G01,,,,
2437,PHE/CHADSTONE ENT 3,INT,Melway,069D04,,,,
190,PHE/CHANDLER/ELONERA,INT,Melway,080J12,,,,
2409,PHE/CHAPEL,INT,Melway,058D08,,,,
2429,PHE/CLAYTON,INT,Melway,070D11,,,,
194,PHE/CLOW,INT,Melway,090D07,,,,
618,PHE/CLYDE (NTH) EXIT,INT,Melway,111C11,,,,
188,PHE/CORRIGAN,INT,Melway,080E08,,,,
2421,PHE/DARLING/KOORNANG,INT,Melway,068J03,,,,
205,PHE/DECOR,INT,Melway,091E12,,,,
394,PHE/DOHERTY ST,INT,Melway,215K04,,,,
2427,PHE/FERNTREE GULLY,INT,Melway,069H06,,,,
2418,PHE/FINCH/DERBY,INT,Melway,068F01,,,,
600,PHE/FITZGERALD/HINRICHSEN,INT,Melway,096J01,,,,
196,PHE/FOSTER,INT,Melway,090D08,,,,
6686,PHE/FRANKLIN,INT,VicRoads,342H08,,,,
198,PHE/FRANKSTON-DANDENONG,INT,Melway,090E10,,,,
192,PHE/GLADSTONE,INT,Melway,090B04,,,,
2414,PHE/GLENFERRIE/HAWTHORN,INT,Melway,059B10,,,,
2420,PHE/GRANGE,INT,Melway,068G02,,,,
2420,PHE/GRANGE,INT,Melway,068G02,,,,
6688,PHE/GREY,INT,VicRoads,342J08,,,,
6688,PHE/GREY,INT,VicRoads,342J08,,,,
602,PHE/HARMER/WEDGEWOOD,INT,Melway,091D12,,,,
191,PHE/HEATHERTON,INT,Melway,089K02,,,,
2411,PHE/HOTHAM/WILLIAMS,INT,Melway,058F08,,,,
981,PHE/JAMES,INT,Melway,090C05,,,,
2413,PHE/KOOYONG,INT,Melway,058K09,,,,
313,PHE/LAKESIDE,INT,Melway,215H04,,,,
313,PHE/LAKESIDE,INT,Melway,215H04,,,,
6695,PHE/LIDDIARD,INT,VicRoads,342K11,,,,
6695,PHE/LIDDIARD,INT,VicRoads,342K11,,,,
1182,PHE/LINK,INT,Melway,089K02,,,,
611,PHE/LONE STAR/GMH ENTRANCE,INT,Melway,091B12,,,,
2407,PHE/LORNE (X LAKESIDE),INT,Melway,2L-B11,,,,
5606,PHE/MACARTHUR,INT,VicRoads,345N06,,,,
5606,PHE/MACARTHUR,INT,VicRoads,345N06,,,,
204,PHE/MAGID,INT,Melway,110C04,,,,
612,PHE/MANSFIELD,INT,Melway,110J07,,,,
535,PHE/MANUKA/BYRN MAWR,INT,Melway,111G10,,,,
535,PHE/MANUKA/BYRN MAWR,INT,Melway,111G10,,,,
5659,PHE/MCCULLOCH,INT,VicRoads,348H08,,,,
5659,PHE/MCCULLOCH,INT,VicRoads,348H08,,,,
300,PHE/MCGREGOR/THE AVENUE,INT,Melway,317C06,,,,
300,PHE/MCGREGOR/THE AVENUE,INT,Melway,317C06,,,,
2432,PHE/MCNAUGHTON,INT,Melway,079H02,,,,
2422,PHE/MURRUMBEENA/BELGRAVE,INT,Melway,069A03,,,,
5658,PHE/MYER,INT,VicRoads,353N06,,,,
604,PHE/NARRE WARREN-CRANBOURNE,INT,Melway,110E06,,,,
2416,PHE/NORMANBY/STATION,INT,Melway,059C11,,,,
2416,PHE/NORMANBY/STATION,INT,Melway,059C11,,,,
2430,PHE/NORTH/WELLINGTON,INT,Melway,070E11,,,,
1094,PHE/OLIVE,INT,Melway,091A11,,,,
2412,PHE/ORRONG,INT,Melway,058H09,,,,
445,PHE/OVERLAND,INT,Melway,110D05,,,,
608,PHE/PAKENHAM/DUNCAN,INT,Melway,317A05,,,,
608,PHE/PAKENHAM/DUNCAN,INT,Melway,317A05,,,,
2404,PHE/PARK,INT,Melway,2K-G02,,,,
199,PHE/PLUNKETT,INT,Melway,090F11,,,,
2424,PHE/POATH/CHADSTONE,INT,Melway,069D04,,,,
201,PHE/POWER,INT,Melway,090J11,,,,
599,PHE/PROGRESS,INT,Melway,090J11,,,,
2406,PHE/QUEENS,INT,Melway,2K-J04,,,,
547,PHE/RACECOURSE,INT,Melway,317G06,,,,
547,PHE/RACECOURSE,INT,Melway,317G06,,,,
5603,PHE/RAYMOND,INT,VicRoads,345N07,,,,
5603,PHE/RAYMOND,INT,VicRoads,345N07,,,,
5610,PHE/SALE-MAFFRA,INT,VicRoads,345N03,,,,
5654,PHE/SERVICE,INT,VicRoads,348J07,,,,
5654,PHE/SERVICE,INT,VicRoads,348J07,,,,
6692,PHE/SEYMOUR,INT,VicRoads,342J08,,,,
6692,PHE/SEYMOUR,INT,VicRoads,342J08,,,,
6631,PHE/SHADY CREEK/RAILWAY/ROLLO (YARRAGON),INT,VicRoads,335T09,,,,
6631,PHE/SHADY CREEK/RAILWAY/ROLLO (YARRAGON),INT,VicRoads,335T09,,,,
290,PHE/SMITH,INT,Melway,080C07,,,,
2435,PHE/SMITH/RAILWAY/NORMANBY,INT,Melway,068E01,,,,
185,PHE/SPRINGVALE,INT,Melway,080A04,,,,
185,PHE/SPRINGVALE,INT,Melway,080A04,,,,
185,PHE/SPRINGVALE,INT,Melway,080A04,,,,
948,PHE/SPRINGVALE BYPASS,INT,Melway,079H02,,,,
948,PHE/SPRINGVALE BYPASS,INT,Melway,079H02,,,,
200,PHE/STH GIPPS HWY            HWY NOT FWY,INT,Melway,090G11,,,,
2403,PHE/STURT,INT,Melway,2K-F01,,,,
601,PHE/TINKS,INT,Melway,110A03,,,,
2417,PHE/TOORONGA,INT,Melway,059D12,,,,
6689,PHE/TRARALGON-MAFFRA/EASTERN RD,INT,VicRoads,697M05,,,,
6689,PHE/TRARALGON-MAFFRA/EASTERN RD,INT,VicRoads,697M05,,,,
2408,PHE/UNION,INT,Melway,058A07,,,,
2408,PHE/UNION,INT,Melway,058A07,,,,
598,PHE/VICTOR,INT,Melway,110F06,,,,
195,PHE/WALKER,INT,Melway,090D08,,,,
2425,PHE/WARRIGAL,INT,Melway,069F06,,,,
2433,PHE/WATTLETREE,INT,Melway,058J09,,,,
2434,PHE/WAVERLEY,INT,Melway,068F01,,,,
206,PHE/WEBB,INT,Melway,110D06,,,,
197,PHE/WEBSTER,INT,Melway,090E09,,,,
2402,PHE/WEST GATE FWY EXIT,INT,Melway,2F-E12,,,,
2400,PHE/YORK,INT,Melway,2F-E12,,,,
5033,PHW (MURRAY)/CORANGAMITE,INT,VicRoads,263P04,,,,
5032,PHW (MURRAY)/GELLIBRAND,INT,VicRoads,263P04,,,,
6828,PHW (RAGLAN PDE)/LAVEROCK,INT,VicRoads,240J06,,,,
6827,PHW (RAGLAN PDE)/MORRISS,INT,VicRoads,240H05,,,,
5092,PHW (WERRIBEE ST)/ WATTON ST,INT,Melway,205H09,,,,
5035,PHW(MURRAY)/QUEEN,INT,VicRoads,263Q04,,,,
6817,PHW(RAGLAN)/KEPLER,INT,VicRoads,241L08,,,,
6817,PHW(RAGLAN)/KEPLER,INT,VicRoads,241L08,,,,
6818,PHW(RAGLAN)/LIEBIG,INT,VicRoads,241M08,,,,
6818,PHW(RAGLAN)/LIEBIG,INT,VicRoads,241M08,,,,
2501,PHW(SMITHFIELD)/EPSOM,INT,Melway,042J01,,,,
5250,PHW(SYNNOT)/WEDGE,INT,Melway,205J09,,,,
5007,PHW/BACCHUS MARSH/COX,INT,Melway,432B10,,,,
5007,PHW/BACCHUS MARSH/COX,INT,Melway,432B10,,,,
5007,PHW/BACCHUS MARSH/COX,INT,Melway,432B10,,,,
5007,PHW/BACCHUS MARSH/COX,INT,Melway,432B10,,,,
6812,PHW/BANYAN,INT,VicRoads,241M08,,,,
6812,PHW/BANYAN,INT,VicRoads,241M08,,,,
2506,PHW/BARKLY/VICTORIA,INT,Melway,042B04,,,,
5015,PHW/BELL,INT,Melway,441K10,,,,
5015,PHW/BELL,INT,Melway,441K10,,,,
5004,PHW/BRODERICK,INT,Melway,432G05,,,,
5004,PHW/BRODERICK,INT,Melway,432G05,,,,
2511,PHW/BURGESS/OLD GEELONG,INT,Melway,040H10,,,,
6819,PHW/CARAMUT/WALSH,INT,VicRoads,240G05,,,,
6819,PHW/CARAMUT/WALSH,INT,VicRoads,240G05,,,,
2519,PHW/CEMETERY,INT,Melway,041D08,,,,
2505,PHW/DROOP,INT,Melway,042C03,,,,
6815,PHW/FAIRY/JAMIESON,INT,VicRoads,241L08,,,,
6815,PHW/FAIRY/JAMIESON,INT,VicRoads,241L08,,,,
2507,PHW/GEELONG ST,INT,Melway,041K05,,,,
5016,PHW/GLENLEITH,INT,Melway,441K12,,,,
5016,PHW/GLENLEITH,INT,Melway,441K12,,,,
2512,PHW/GRIEVE,INT,Melway,040H10,,,,
6813,PHW/KING/HENNA,INT,VicRoads,241L07,,,,
6813,PHW/KING/HENNA,INT,VicRoads,241L07,,,,
6820,PHW/K-MART ENTRANCE,INT,VicRoads,241R09,,,,
2513,PHW/LITTLE BOUNDARY,INT,Melway,040F11,,,,
5013,PHW/MACKEY,INT,Melway,442A07,,,,
6822,PHW/MAHONEYS/HORNE,INT,VicRoads,515T08,,,,
2510,PHW/MCDONALD,INT,Melway,041A09,,,,
2509,PHW/MILLERS/FRANCIS,INT,Melway,041B09,,,,
5011,PHW/NORTH SHORE/THE BOULEVARD,INT,Melway,442A02,,,,
5065,PHW/PIONEER/SOUTH VALLEY,INT,Melway,465C05,,,,
5065,PHW/PIONEER/SOUTH VALLEY,INT,Melway,465C05,,,,
5005,PHW/PLANTATION/SCHOOL,INT,Melway,432F06,,,,
5006,PHW/PURNELL/STATION,INT,Melway,432D08,,,,
5066,PHW/REYNOLDS,INT,Melway,465E03,,,,
5066,PHW/REYNOLDS,INT,Melway,465E03,,,,
5077,PHW/SETTLEMENT/HIGH,INT,Melway,465G01,,,,
6821,PHW/SIMPSON/GLENROWE,INT,VicRoads,241Q09,,,,
6821,PHW/SIMPSON/GLENROWE,INT,VicRoads,241Q09,,,,
2508,PHW/SOMERVILLE/ROBERTS,INT,Melway,041G07,,,,
5009,PHW/SPARKS,INT,Melway,432A12,,,,
5154,PHW/SWINBURNE,INT,Melway,Unknown,,,,
5014,PHW/VICTORIA,INT,Melway,441K09,,,,
2504,PHW/WESTERN HWY,INT,Melway,042D03,,,,
5111,PHW/YOORINGA/FORSTER,INT,Melway,442A01,,,,
4729,PICKLES/LIARDET/RICHARDSON,INT,Melway,2JG06,,,,
5131,PIONEER/CHURCH,INT,Melway,4.65E+08,,,,
5029,PIONEER/WAURNVALE S C EAST ENT,INT,Melway,465C05,,,,
5031,PIONEER/WAURNVALE S C WEST ENT,INT,Melway,465C05,,,,
3219,PLENTY /EAST PRESTON TRAM DEPOT,INT,Melway,030G01,,,,
3732,PLENTY/ALBERT/BOLDREWOOD,INT,Melway,019A08,,,,
3736,PLENTY/BENT/SETTLEMENT,INT,Melway,009J12,,,,
4987,PLENTY/BETULA,INT,Melway,010B08,,,,
3242,PLENTY/BUSH/DEVELOPMENT,INT,Melway,010D01,,,,
2945,PLENTY/CENTENARY/UNIVERSITY,INT,Melway,010C01,,,,
2763,PLENTY/CHILDS,INT,Melway,010B05,,,,
4986,PLENTY/CLEMENTS,INT,Melway,010B08,,,,
2760,PLENTY/DALY,INT,Melway,009J12,,,,
3734,PLENTY/DUNNE/KINGSBURY,INT,Melway,019F05,,,,
3746,PLENTY/FRANKLINS ACCESS RD,INT,Melway,019B08,,,,
4791,PLENTY/GOWER,INT,Melway,018H12,,,,
3727,PLENTY/GRANGE/SNAKE GULLY,INT,Melway,019G03,,,,
4166,PLENTY/GREENHILLS,INT,Melway,009K11,,,,
4181,PLENTY/GREENWOOD,INT,Melway,019H03,,,,
3745,PLENTY/GREMEL,INT,Melway,019C07,,,,
3735,PLENTY/GRIMSHAW,INT,Melway,019J01,,,,
4688,PLENTY/HAWKSTOWE,INT,Melway,183H04,,,,
3220,PLENTY/HIGH/DUNDAS/MILLER,INT,Melway,030F03,,,,
4896,PLENTY/INDUSTRIAL,INT,Melway,10B9,,,,
3739,PLENTY/LODDON/TARGET ENT.,INT,Melway,019B07,,,,
4184,PLENTY/MAIN DRIVE,INT,Melway,019F05,,,,
1236,PLENTY/MASONS/HAZEL GLEN DRV,INT,Melway,390J06,,,,
3946,PLENTY/MCDONALDS/GORGE,INT,Melway,183F12,,,,
4995,PLENTY/MCKIMMIES,INT,Melway,010B07,,,,
2764,PLENTY/MCLEANS/MILTON,INT,Melway,009K11,,,,
4412,PLENTY/MERNDA VILLAGE,INT,Melway,390J08,,,,
4169,PLENTY/METROPOLITAN RING RD,INT,Melway,010A09,,,,
4169,PLENTY/METROPOLITAN RING RD,INT,Melway,010A09,,,,
3741,PLENTY/MT COOPER,INT,Melway,019J02,,,,
4790,PLENTY/MURRAY,INT,Melway,018J11,,,,
3976,PLENTY/OLD PLENTY,INT,Melway,183G10,,,,
4165,PLENTY/PARADE COLLEGE,INT,Melway,010A10,,,,
3081,PLENTY/RAGLAN,INT,Melway,030G02,,,,
3915,PLENTY/STAGECOACH,INT,Melway,183H09,,,,
3737,PLENTY/TAUNTON,INT,Melway,010A10,,,,
4919,PLENTY/THE LAKES,INT,Melway,183H06,,,,
3730,PLENTY/TYLER,INT,Melway,018J09,,,,
4789,PLENTY/WOOD,INT,Melway,018J10,,,,
2897,PLUMMER/PROHASKY,INT,Melway,Unknown,,,,
2896,PLUMMER/SALMON,INT,Melway,Unknown,,,,
301,PLYMOUTH/YARRA,INT,Melway,036H12,,,,
4086,POATH/NEERIM,INT,Melway,069C05,,,,
4101,POATH/RAILWAY/WILLESDEN,INT,Melway,069C06,,,,
5236,POINT COOK/DUNNINGS,INT,Melway,Unknown,,,,
299,POINT NEPEAN ROAD/NINTH AVENUE,INT,Melway,158D12,,,,
308,POINT NEPEAN/HYGEIA,INT,Melway,168H04,,,,
563,POINT NEPEAN/LYONS,INT,Melway,168F04,,,,
834,POINT NEPEAN/MARINE DR,INT,Melway,159K04,,,,
243,POINT NEPEAN/PIER (DROMANA),INT,Melway,159H06,,,,
501,POINT NEPEAN/TRUEMANS,INT,Melway,169000,,,,
527,POLICE RD / HANSWORTH ST,INT,Melway,080H06,,,,
472,POLICE/BROWNS,INT,Melway,080J06,,,,
659,POLICE/JACKSONS,INT,Melway,080J06,,,,
285,POLICE/WANDA/GRACE,INT,Melway,080C05,,,,
1246,POUND RD/VANESSA DRIVE,INT,Melway,96 B6,,,,
3176,POUND/SEEBECK,INT,Melway,130C01,,,,
4890,POWER/KAVANAGH,INT,Melway,2F-E09,,,,
606,POWER/PAPERBARK/BOX,INT,Melway,090K10,,,,
4268,POWER/RIVERSDALE/WALLEN,INT,Melway,045B12,,,,
4887,POWER/STURT,INT,Melway,2F-F10,,,,
3485,PRINCES FWY NB RAMPS/KOROROIT CREEK,INT,Melway,053G04,,,,
3483,PRINCES FWY SB RAMPS/KOROROIT CREEK,INT,Melway,053H05,,,,
5273,PRINCES FWY WB/FORSYTH,INT,Melway,207G01,,,,
5286,PRINCES FWY/EASTBOUND RAMP/FORSYTH,INT,Melway,203G12,,,,
565,PRINCES HIGHWAY EAST/WINDERMERE,INT,Melway,317K05,,,,
565,PRINCES HIGHWAY EAST/WINDERMERE,INT,Melway,317K05,,,,
5105,PRINCES HW/GRANT/HART,INT,VicRoads,520D04,,,,
597,PRINCES HWY/ARMY,INT,Melway,317H05,,,,
6697,PRINCES HWY/ASHBY,INT,VicRoads,335M03,,,,
6697,PRINCES HWY/ASHBY,INT,VicRoads,335M03,,,,
5026,PRINCES HWY/PIGDONS,INT,Melway,464K06,,,,
6656,PRINCES HWY/VILLAGE AVE,INT,VicRoads,097J05,,,,
6656,PRINCES HWY/VILLAGE AVE,INT,VicRoads,097J05,,,,
5158,PRINCES WAY/COLEMAN,INT,VicRoads,704D06,,,,
6654,PRINCES/VINCENT,INT,VicRoads,340F07,,,,
3622,PRINCESS/DUKE,INT,Melway,045C03,,,,
3801,PROSP.HILL/STANHOPE/TRAFALGAR,INT,Melway,046A12,,,,
1006,PUCKLE/MOORE/MARGARET/HOLMES,INT,Melway,028H07,,,,
1006,PUCKLE/MOORE/MARGARET/HOLMES,INT,Melway,028H07,,,,
3395,PUNT/ALEXANDRA,INT,Melway,2G-F12,,,,
3390,PUNT/BRIDGE/HODDLE/WELLINGTON,INT,Melway,2G-G05,,,,
3392,PUNT/BRUNTON,INT,Melway,2G-G08,,,,
3399,PUNT/COMMERCIAL,INT,Melway,2L-E09,,,,
3396,PUNT/DOMAIN,INT,Melway,2L-F03,,,,
1038,PUNT/GATE 6,INT,Melway,2G-G08,,,,
3401,PUNT/HIGH,INT,Melway,2L-D11,,,,
3400,PUNT/MOUBRAY/GREVILLE,INT,Melway,2L-E10,,,,
3391,PUNT/ROWENA,INT,Melway,2G-G07,,,,
3393,PUNT/SWAN,INT,Melway,2G-F09,,,,
3397,PUNT/TOORAK,INT,Melway,2L-E05,,,,
3387,PUNT/UNION,INT,Melway,058B07,,,,
5985,PYRENEES HWY(TUAGGRA)/HIGH,INT,VicRoads,247Q06,,,,
4556,QUEEN/A'BECKETT,INT,Melway,2F-C01,,,,
4599,QUEEN/BOURKE,INT,Melway,2F-D04,,,,
4581,QUEEN/COLLINS,INT,Melway,2F-D05,,,,
4572,QUEEN/FLINDERS LANE,INT,Melway,2F-D06,,,,
4564,QUEEN/FLINDERS ST,INT,Melway,2F-E06,,,,
2923,QUEEN/LATROBE,INT,Melway,2F-C02,,,,
4607,QUEEN/LITTLE BOURKE,INT,Melway,2F-D03,,,,
4590,QUEEN/LITTLE COLLINS,INT,Melway,2F-D04,,,,
2915,QUEEN/LITTLE LONSDALE,INT,Melway,2F-C02,,,,
2907,QUEEN/LONSDALE,INT,Melway,2F-C03,,,,
4734,QUEENS RD/ LINK RD,INT,Melway,2L-B11,,,,
3302,QUEENS/GOLD/MICHAEL,INT,Melway,2C-G02,,,,
3303,QUEENS/HEIDELBERG,INT,Melway,2C-H01,,,,
2107,QUEENS/RUSHALL,INT,Melway,044D01,,,,
3300,QUEENS/SMITH,INT,Melway,2C-E03,,,,
3301,QUEENS/WELLINGTON/DELBRIDGE,INT,Melway,2C-F02,,,,
1037,QUEENSBERRY ST/LEICESTER ST,INT,Melway,2B-C10,,,,
4496,QUEENSBERRY/ABBOTSFORD,INT,Melway,2A-G09,,,,
1039,QUEENSBERRY/CARDIGAN,INT,Melway,2B-F10,,,,
4507,QUEENSBERRY/CHETWYND,INT,Melway,2A-K10,,,,
4497,QUEENSBERRY/CURZON,INT,Melway,2A-H09,,,,
1036,QUEENSBERRY/DRUMMOND,INT,Melway,2BG11,,,,
4499,QUEENSBERRY/PEEL,INT,Melway,2B-B10,,,,
4921,QUEENSBRIDGE/QUEENSWHARF/BANANA ALLEY,INT,Melway,2F-D07,,,,
4895,QUEENSBRIDGE/SOUTHBANK BLVD,INT,Melway,2F-D07,,,,
4879,QUEENSBRIDGE/WHITEMAN/POWER,INT,Melway,2F-D08,,,,
4475,RACECOURSE/BOUNDARY,INT,Melway,2A-D02,,,,
4472,RACECOURSE/EASTWOOD,INT,Melway,042K01,,,,
2939,RACECOURSE/NEWMARKET,INT,Melway,042K01,,,,
2500,RACECOURSE/SMITHFIELD,INT,Melway,042J01,,,,
4474,RACECOURSE/STUBBS,INT,Melway,2A-C02,,,,
4473,RACECOURSE/WELLINGTON,INT,Melway,042K01,,,,
1064,RACECOURSE/WESTERN LINK ON/OFF RAMPS,INT,Melway,2A-C02,,,,
1064,RACECOURSE/WESTERN LINK ON/OFF RAMPS,INT,Melway,2A-C02,,,,
328,RAILWAY/CHAPEL,INT,Melway,048A09,,,,
739,RAILWAY/STATION/MCKENZIE,INT,Melway,099E03,,,,
2618,RALEIGH NR WESTS/TRAM CROSSING,INT,Melway,027K08,,,,
2626,RALEIGH/CLYDE,INT,Melway,28C08,,,,
2664,RALEIGH/RANDALL,INT,Melway,028A08,,,,
4942,RALEIGH/ROSAMOND,INT,Melway,027K08,,,,
4944,RALEIGH/VAN NESS,INT,Melway,028B08,,,,
4409,RATHDOWNE/ELGIN,INT,Melway,2B-H06,,,,
4397,RATHDOWNE/GRATTAN,INT,Melway,2B-H08,,,,
4422,RATHDOWNE/PIGDON,INT,Melway,029K11,,,,
4381,RATHDOWNE/PRINCES,INT,Melway,2B-H04,,,,
4400,RATHDOWNE/QUEENSBERRY,INT,Melway,2B-H11,,,,
3653,RESERVE/PARK/TULIP,INT,Melway,Unknown,,,,
3653,RESERVE/PARK/TULIP,INT,Melway,Unknown,,,,
704,REYNOLDS/ANDERSON CREEK,INT,Melway,034E06,,,,
4123,REYNOLDS/REYNARD/COONANS,INT,Melway,029B01,,,,
703,REYNOLDS/THE PINES SHOPPING CENTRE,INT,Melway,034D06,,,,
867,RINGWOOD BYPASS/WARRANDYTE,INT,Melway,049H07,,,,
896,RINGWOOD/BOND,INT,Melway,049G08,,,,
866,RINGWOOD/EASTLAND SHOP,INT,Melway,049G07,,,,
913,RINGWOOD/LOUGHNANS,INT,Melway,049G06,,,,
869,RINGWOOD/RINGWOOD BYPASS,INT,Melway,049G07,,,,
1203,RINGWOOD-WARRANDYTE/MILNE,INT,Melway,35J12,,,,
2708,RIVER/GORDON,INT,Melway,028A11,,,,
3925,RIVERSDALE/ELGAR,INT,Melway,061A03,,,,
3979,RIVERSDALE/FAIRHOLM,INT,Melway,059J01,,,,
3914,RIVERSDALE/HAVELOCK/REDFERN,INT,Melway,059H01,,,,
3808,RIVERSDALE/HIGHFIELD,INT,Melway,060E02,,,,
3924,RIVERSDALE/PARK/ELGAR,INT,Melway,061A02,,,,
4272,RIVERSDALE/TOORONGA,INT,Melway,045G12,,,,
3804,RIVERSDALE/TRAFALGAR,INT,Melway,059K01,,,,
3807,RIVERSDALE/WATTLEVALLEY,INT,Melway,060D02,,,,
2655,ROBINSONS/AUSTRALAND,INT,Melway,360K05,,,,
2688,ROBINSONS/CALARCO,INT,Melway,Unknown,,,,
2681,ROBINSONS/HATCHLANDS,INT,Melway,025A11,,,,
2679,ROBINSONS/RIDING BOUNDARY,INT,Melway,358K11,,,,
2690,ROBINSONS/WINDSOR,INT,Melway,Unknown,,,,
2624,ROSAMOND/HIGHPOINT CITY NORTH ENT,INT,Melway,027K09,,,,
2625,ROSAMOND/HIGHPOINT CITY SHOP ENT,INT,Melway,027K09,,,,
4961,ROSAMOND/WILLIAMSON,INT,Melway,027K09,,,,
3316,ROSANNA/BANYULE,INT,Melway,032B01,,,,
3314,ROSANNA/DAREBIN,INT,Melway,032B04,,,,
2941,ROSANNA/STATION,INT,Melway,032B01,,,,
5090,ROSLYN/ROBERTS,INT,Melway,451E11,,,,
4384,ROYAL PDE/CEMETERY/MACARTHUR,INT,Melway,2B-C02,,,,
4383,ROYAL PDE/GATEHOUSE/COLLEGE,INT,Melway,2B-C04,,,,
4385,ROYAL PDE/MELBOURNE HOSPITAL ENTRANCE,INT,Melway,2B-C06,,,,
3783,ROYAL/PARK,INT,Melway,029G10,,,,
1044,ROYAL/WALKER,INT,Melway,029G12,,,,
4595,RUSSELL/BOURKE,INT,Melway,2F-G03,,,,
4577,RUSSELL/COLLINS,INT,Melway,2F-H04,,,,
4569,RUSSELL/FLINDERS LANE,INT,Melway,2F-H04,,,,
4561,RUSSELL/FLINDERS ST,INT,Melway,2F-H05,,,,
2920,RUSSELL/LATROBE,INT,Melway,2F-F01,,,,
4604,RUSSELL/LITTLE BOURKE,INT,Melway,2F-G02,,,,
4587,RUSSELL/LITTLE COLLINS,INT,Melway,2F-G03,,,,
2903,RUSSELL/LONSDALE,INT,Melway,2F-G02,,,,
2912,RUSSELL/LT LONSDALE,INT,Melway,2F-F01,,,,
3354,RYANS/WALLOWA/ALLENDALE,INT,Melway,011H09,,,,
5197,RYRIE(BELLARINE)/FENWICK,INT,Melway,452A04,,,,
5204,RYRIE/BELLERINE ST,INT,Melway,452C04,,,,
5089,RYRIE/GARDEN,INT,Melway,452E05,,,,
5089,RYRIE/GARDEN,INT,Melway,452E05,,,,
5089,RYRIE/GARDEN,INT,Melway,452E05,,,,
5089,RYRIE/GARDEN,INT,Melway,452E05,,,,
5201,RYRIE/GHERINGHAP,INT,Melway,452B04,,,,
5202,RYRIE/MOORABOOL,INT,Melway,452B04,,,,
5203,RYRIE/YARRA,INT,Melway,452C04,,,,
1047,SALMON/HOLDEN ACCESS,INT,Melway,42H11,,,,
5277,SAYERS Rd/DOUBELL Boulevard,INT,Melway,203C06,,,,
5292,SAYERS/FEDERATION TRAIL,INT,Melway,203J07,,,,
5283,SAYERS/FORSYTH,INT,Melway,203G07,,,,
5271,SAYERS/MARQUANDS,INT,Melway,203D07,,,,
5268,SAYERS/MORRIS,INT,Melway,202K06,,,,
5284,SAYERS/PALMERS,INT,Melway,203H07,,,,
5316,SAYERS/TARNEIT,INT,Melway,202A05,,,,
788,SCORESBY/POWER/STATION,INT,Melway,064G04,,,,
788,SCORESBY/POWER/STATION,INT,Melway,064G04,,,,
742,SEAFORD/HARTNETT,INT,Melway,099H05,,,,
753,SEAFORD/RAILWAY/FORTESCUE,INT,Melway,099E05,,,,
516,SEAFORD/WELLS,INT,Melway,099G05,,,,
4687,SEPARATION/CAR PARK,INT,Melway,030F08,,,,
5101,SEPARATION/DOURO,INT,Melway,441K06,,,,
3268,SEPARATION/STATION,INT,Melway,030K08,,,,
5098,SEPARATION/THOMPSON,INT,Melway,441H06,,,,
4670,SEPARATION/VICTORIA,INT,Melway,030J08,,,,
3239,SETTLEMENT/APEX,INT,Melway,009D11,,,,
5079,SETTLEMENT/BARWON HEADS,INT,Melway,451K11,,,,
3245,SETTLEMENT/BRAND,INT,Melway,9D11,,,,
5069,SETTLEMENT/BREAKWATER,INT,Melway,451K11,,,,
5069,SETTLEMENT/BREAKWATER,INT,Melway,451K11,,,,
2778,SETTLEMENT/BROWNHILL,INT,Melway,009J12,,,,
2769,SETTLEMENT/GREENHILLS,INT,Melway,009F11,,,,
2796,SETTLEMENT/NORTHGATE,INT,Melway,009E11,,,,
5068,SETTLEMENT/TORQUAY/CORIO,INT,Melway,465J01,,,,
5068,SETTLEMENT/TORQUAY/CORIO,INT,Melway,465J01,,,,
5068,SETTLEMENT/TORQUAY/CORIO,INT,Melway,465J01,,,,
2765,SETTLEMENT/WOOD,INT,Melway,009C11,,,,
6690,SEYMOUR/FRANKLIN,INT,VicRoads,342H08,,,,
5228,SHANNON/ALBERT,INT,Melway,451G01,,,,
5307,SHANNON/APHRASIA,INT,Melway,452F04,,,,
5222,SHANNON/AUTUMN,INT,Melway,451G02,,,,
5221,SHANNON/CHURCH,INT,Melway,441G11,,,,
5306,SHANNON/NOBLE,INT,Melway,451F05,,,,
5305,SHANNON/WEST FYANS,INT,Melway,451F07,,,,
2749,SHARPS RD/SCHIAVELLO ENTRANCE,INT,Melway,015J03,,,,
2649,SHARPS/AIRPORT DR,INT,Melway,015F03,,,,
5287,SHAWS/MARKET,INT,Melway,Unknown,,,,
397,SHRIVES/CENTRE,INT,Melway,110C07,,,,
3989,SIMPLOT ACCESS/LLOYD,INT,Melway,043A04,,,,
5881,SKIPTON/DARLING/DRUMMOND,INT,VicRoads,256K15,,,,
2502,SMITHFIELD RD/GATEHOUSE DRIVE,INT,Melway,042H02,,,,
2499,SMITHFIELD/SPEAKMEN,INT,Melway,2TC5,,,,
364,SNEDDEN/THE GLEN CAR PARK,INT,Melway,071C01,,,,
1146,SNEYDES RD / BOARDWALK BLVD,INT,Melway,2.07E+09,,,,
2189,SOMERTON/AUSTRAK,INT,Melway,180D09,,,,
2194,SOMERTON/PASCOE VALE,INT,Melway,Unknown,,,,
2180,SOMERTON/ROXBURGH PARK SHOP CENTRE,INT,Melway,180A09,,,,
2188,SOMERTON/UNION,INT,Melway,180C09,,,,
2685,SOMERVILLE/ALICK,INT,Melway,Unknown,,,,
6275,SOMERVILLE/ELLIS,INT,VicRoads,283N17,,,,
4252,SOMERVILLE/GAMON,INT,Melway,042A08,,,,
3430,SOMERVILLE/HYDE,INT,Melway,042C08,,,,
2660,SOMERVILLE/MCDONALD,INT,Melway,041B07,,,,
2514,SOMERVILLE/PARAMOUNT,INT,Melway,041E07,,,,
4923,SOUTH BANK BLVD/KAVANAGH,INT,Melway,2F-F08,,,,
4923,SOUTH BANK BLVD/KAVANAGH,INT,Melway,2F-F08,,,,
2684,SOUTH CENTRE/ANNANDALE/BELLATERRA,INT,Melway,015D02,,,,
310,SOUTH GIPPSLAND HWY/LESDON,INT,Melway,129H11,,,,
256,SOUTH GIPPSLAND HWY/THOMPSONS,INT,Melway,129H09,,,,
3028,SOUTH/BEACH,INT,Melway,076C03,,,,
3634,SOUTH/BLUFF/CUMMINS,INT,Melway,077B04,,,,
3638,SOUTH/CHESTERVILLE,INT,Melway,077K05,,,,
3637,SOUTH/EAST BOUNDARY,INT,Melway,077J05,,,,
3632,SOUTH/HAMPTON,INT,Melway,076G04,,,,
3635,SOUTH/JASPER/TAYLOR,INT,Melway,077E05,,,,
3631,SOUTH/NEW,INT,Melway,076E03,,,,
3642,SOUTH/STATION,INT,Melway,077D05,,,,
3643,SOUTH/TAFE COLLEGE EXIT,INT,Melway,077G05,,,,
4922,SOUTHBANK BLVD/RIVERSIDE QUAY,INT,Melway,2F-E08,,,,
4294,SOUTHERN/LIBERTY,INT,Melway,019D12,,,,
4295,SOUTHERN/ORIEL,INT,Melway,019F12,,,,
4297,SOUTHERN/WAIORA,INT,Melway,031J01,,,,
4296,SOUTHERN/WATERDALE,INT,Melway,019G12,,,,
4519,SPENCER/ABBOTSFORD,INT,Melway,2A-G11,,,,
4602,SPENCER/BOURKE,INT,Melway,2E-K05,,,,
4585,SPENCER/COLLINS,INT,Melway,2F-A06,,,,
4521,SPENCER/DUDLEY,INT,Melway,2E-J01,,,,
4567,SPENCER/FLINDERS,INT,Melway,2F-A07,,,,
4520,SPENCER/HAWKE,INT,Melway,2A-H12,,,,
2926,SPENCER/LATROBE,INT,Melway,2E-K03,,,,
2900,SPENCER/LITTLE BOURKE,INT,Melway,2E-K05,,,,
2835,SPENCER/LITTLE COLLINS,INT,Melway,2FA06,,,,
2910,SPENCER/LONSDALE,INT,Melway,2E-K04,,,,
4593,SPRING/BOURKE,INT,Melway,2F-J02,,,,
4575,SPRING/COLLINS,INT,Melway,2F-K03,,,,
4780,SPRING/EDWARDES,INT,Melway,018H05,,,,
2901,SPRING/LONSDALE,INT,Melway,2F-J01,,,,
4781,SPRING/REGENT,INT,Melway,018F09,,,,
586,SPRINGFIELD/WILLIAMS,INT,Melway,047K07,,,,
2956,SPRINGVALE BY-PASS/CENTRE,INT,Melway,079H04,,,,
2956,SPRINGVALE BY-PASS/CENTRE,INT,Melway,079H04,,,,
439,SPRINGVALE/ATHOL,INT,Melway,088K03,,,,
417,SPRINGVALE/CANTERBURY,INT,Melway,062E02,,,,
442,SPRINGVALE/CHELTENHAM,INT,Melway,088J08,,,,
440,SPRINGVALE/CLARKE/PATERSON,INT,Melway,088J05,,,,
423,SPRINGVALE/COLEMAN/GLEN/RAILWAY PDE,INT,Melway,071C02,,,,
423,SPRINGVALE/COLEMAN/GLEN/RAILWAY PDE,INT,Melway,071C02,,,,
430,SPRINGVALE/DUNLOP,INT,Melway,071B10,,,,
429,SPRINGVALE/FERNTREE GULLY,INT,Melway,071B08,,,,
283,SPRINGVALE/GOVERNOR/HUTTON,INT,Melway,093H02,,,,
994,SPRINGVALE/HAROLD,INT,Melway,088J04,,,,
411,SPRINGVALE/HAWTHORN,INT,Melway,062D05,,,,
438,SPRINGVALE/HEATHERTON,INT,Melway,079K12,,,,
422,SPRINGVALE/HIGH STREET RD,INT,Melway,071D01,,,,
420,SPRINGVALE/HIGHBURY,INT,Melway,062D09,,,,
3151,SPRINGVALE/KEYLANA,INT,Melway,88H12,,,,
433,SPRINGVALE/KINGSWAY,INT,Melway,071C03,,,,
435,SPRINGVALE/LIGHTWOOD,INT,Melway,079K09,,,,
431,SPRINGVALE/MAGID,INT,Melway,071B09,,,,
987,SPRINGVALE/MILES,INT,Melway,080A02,,,,
339,SPRINGVALE/MITCHAM,INT,Melway,048F03,,,,
280,SPRINGVALE/MORN PEN FWY,INT,Melway,093F06,,,,
1164,SPRINGVALE/OLD WARRANDYTE,INT,Melway,034G12,,,,
314,SPRINGVALE/REYNOLDS,INT,Melway,034G07,,,,
943,SPRINGVALE/SPOTLIGHT CENTRE,INT,Melway,080A05,,,,
413,SPRINGVALE/SPRINGFIELD,INT,Melway,048F08,,,,
441,SPRINGVALE/SPRINGVALE BYPASS,INT,Melway,088J06,,,,
441,SPRINGVALE/SPRINGVALE BYPASS,INT,Melway,088J06,,,,
288,SPRINGVALE/ST JAMES,INT,Melway,079K10,,,,
408,SPRINGVALE/THE GLEN SHOPPING,INT,Melway,071C01,,,,
500,SPRINGVALE/THE WATERWAYS,INT,Melway,093G03,,,,
426,SPRINGVALE/WAVERLEY,INT,Melway,071C04,,,,
432,SPRINGVALE/WELLINGTON,INT,Melway,080B01,,,,
281,SPRINGVALE/WELLS/EDITHVALE,INT,Melway,093F06,,,,
436,SPRINGVALE/WINDSOR,INT,Melway,079K10,,,,
2705,ST ALBANS NR MULHALL,INT,Melway,026C05,,,,
4668,ST GEORGES/ARTHURTON,INT,Melway,030D08,,,,
4668,ST GEORGES/ARTHURTON,INT,Melway,030D08,,,,
4783,ST GEORGES/CRAMER,INT,Melway,018F12,,,,
4212,ST GEORGES/HOLDEN,INT,Melway,030C11,,,,
4675,ST GEORGES/HUTTON,INT,Melway,030E04,,,,
4675,ST GEORGES/HUTTON,INT,Melway,030E04,,,,
3671,ST GEORGES/MERRI/CHARLES,INT,Melway,Unknown,,,,
4686,ST GEORGES/MILLER,INT,Melway,030E03,,,,
4782,ST GEORGES/MURRAY,INT,Melway,018F11,,,,
4660,ST GEORGES/NORMANBY,INT,Melway,030D05,,,,
4660,ST GEORGES/NORMANBY,INT,Melway,030D05,,,,
4784,ST GEORGES/OAKOVER,INT,Melway,030E02,,,,
4214,ST GEORGES/SCOTCHMER,INT,Melway,030B12,,,,
3355,ST HELENA/KARINGAL,INT,Melway,021D01,,,,
3025,ST KILDA ST/BAY,INT,Melway,067C08,,,,
4844,ST KILDA ST/G'HUNTLY/TENNYSON,INT,Melway,067D03,,,,
3026,ST KILDA ST/GROSVENOR,INT,Melway,067C10,,,,
3023,ST KILDA ST/MARTIN,INT,Melway,067D06,,,,
4553,ST KILDA/ARTHUR/SLATER,INT,Melway,2L-A05,,,,
4541,ST KILDA/COMMERCIAL,INT,Melway,2L-B08,,,,
4543,ST KILDA/HIGH/LORNE,INT,Melway,2L-C11,,,,
4538,ST KILDA/KINGSWAY,INT,Melway,2K-K04,,,,
4540,ST KILDA/LEOPOLD,INT,Melway,2L-A07,,,,
4542,ST KILDA/MOUBRAY,INT,Melway,2L-B10,,,,
4536,ST KILDA/PARK/DOMAIN,INT,Melway,2K-J02,,,,
4532,ST KILDA/SOUTHBANK BLVD,INT,Melway,2F-H08,,,,
4539,ST KILDA/TOORAK,INT,Melway,2L-A04,,,,
2300,ST KILDA/UNION,INT,Melway,058B07,,,,
4476,STADIUM DR/BOURKE/STADIUM STH ENTRANCE,INT,Melway,2E-H06,,,,
1072,STADIUM/COLLINS,INT,Melway,2E-H07,,,,
160,STATION ST/ALPINE,INT,Melway,074C03,,,,
2706,STATION/BILLINGHAM,INT,Melway,025F05,,,,
3939,STATION/CARRINGTON/RUTLAND,INT,Melway,047D10,,,,
4656,STATION/DEER PARK SHOPPING CENTRE,INT,Melway,025F03,,,,
3941,STATION/ELEY,INT,Melway,061C04,,,,
3247,STATION/EVANS,INT,Melway,Unknown,,,,
3937,STATION/HIGHBURY,INT,Melway,061C08,,,,
223,STATION/MCLEOD,INT,Melway,097D08,,,,
4962,STATION/NEALE,INT,Melway,025F03,,,,
2662,STATION/RICHARD,INT,Melway,336K12,,,,
3930,STATION/RIVERSDALE,INT,Melway,061C03,,,,
3927,STATION/THAMES,INT,Melway,047D08,,,,
510,STATION/THAMES PROMENADE,INT,Melway,097B01,,,,
2623,STATION/TILBURN,INT,Melway,025E10,,,,
3926,STATION/WOODHOUSE,INT,Melway,047E05,,,,
480,STEPHENSONS/MILLERS,INT,Melway,070E01,,,,
482,STEPHENSONS/VIRGINIA,INT,Melway,070E02,,,,
481,STEPHENSONS/WAIMARIE,INT,Melway,070E01,,,,
483,STEPHENSONS/WAVERLEY,INT,Melway,070E03,,,,
252,STH GIPPS HWY/GREENS,INT,Melway,095J03,,,,
251,STH GIPPS HWY/SLADEN(CRAN-DAND),INT,Melway,133K06,,,,
254,STH GIPPS HWY/STAWELL,INT,Melway,133K04,,,,
569,STH GIPPS'D HWY/MCDOWALL/COMMERCIAL,INT,Melway,96C10,,,,
974,STH GIPPS'D HWY/POUND,INT,Melway,96A06,,,,
1247,STH GIPPSLAND FWY/ON-RAMP/POUND RD,INT,Unknown,Unknown,,,,
270,STH GIPPSLAND FWY/PHE,INT,Melway,091C12,,,,
270,STH GIPPSLAND FWY/PHE,INT,Melway,091C12,,,,
291,STH GIPPSLAND FWY/POUND RD,INT,Melway,096B06,,,,
961,STH GIPPSLAND HWY/ABBOTTS RD,INT,Melway,096A08,,,,
258,STH GIPPSLAND HWY/CAMMS,INT,Melway,133K02,,,,
398,STH GIPPSLAND HWY/HUON PARK/WENTWORTH,INT,Melway,129G07,,,,
305,STH GIPPSLAND HWY/LYNBROOK BLVD,INT,Melway,129D01,,,,
965,STH GIPPSLAND HWY/WATERVIEW,INT,Melway,095K05,,,,
6279,STRATHFIELDSAYE/EDWARDS/CONDON,INT,VicRoads,283Q17,,,,
171,STUD RD/KNOX CITY ENT 1,INT,Melway,063J10,,,,
2022,STUD/ACCESS,INT,Melway,Unknown,,,,
782,STUD/AVALON,INT,Melway,081J02,,,,
2017,STUD/BERGINS,INT,Melway,81H04,,,,
662,STUD/BRADY,INT,Melway,081G11,,,,
391,STUD/CENTRE,INT,Melway,072J08,,,,
646,STUD/CLOW,INT,Melway,090F07,,,,
783,STUD/COLEMAN/HAROLD,INT,Melway,063K09,,,,
671,STUD/DAVID,INT,Melway,090F05,,,,
781,STUD/GEORGE,INT,Melway,072J05,,,,
661,STUD/HEATHERTON,INT,Melway,090F03,,,,
785,STUD/HIGH STREET RD,INT,Melway,072J01,,,,
786,STUD/KELLETTS,INT,Melway,072K10,,,,
175,STUD/KNOX TAFE COLLEGE ENT,INT,Melway,063J12,,,,
795,STUD/LAKEVIEW/FULHAM,INT,Melway,072J12,,,,
710,STUD/MONASH FWY RAMPS (NORTH),INT,Melway,081G12,,,,
799,STUD/NUBRICK ENTRANCE,INT,Melway,072J03,,,,
801,STUD/STUD PARK SHOPPING CENTRE,INT,Melway,081J01,,,,
784,STUD/WELLINGTON,INT,Melway,081J03,,,,
3661,STUDLEY PARK/CARSON,INT,Melway,045A06,,,,
6440,STURT HWY (DEAKIN)/TWELTH ST,INT,VicRoads,203O07,,,,
6440,STURT HWY (DEAKIN)/TWELTH ST,INT,VicRoads,203O07,,,,
6442,STURT(DEAKIN)/EIGHTH,INT,VicRoads,203P06,,,,
6442,STURT(DEAKIN)/EIGHTH,INT,VicRoads,203P06,,,,
6445,STURT(DEAKIN)/ELEVENTH,INT,VicRoads,203P07,,,,
6445,STURT(DEAKIN)/ELEVENTH,INT,VicRoads,203P07,,,,
6449,STURT(DEAKIN)/FOURTEENTH,INT,VicRoads,203N08,,,,
6449,STURT(DEAKIN)/FOURTEENTH,INT,VicRoads,203N08,,,,
6443,STURT(DEAKIN)/NINTH,INT,VicRoads,203P06,,,,
6443,STURT(DEAKIN)/NINTH,INT,VicRoads,203P06,,,,
6206,STURT(DEAKIN)/SEVENTH,INT,VicRoads,203Q05,,,,
6206,STURT(DEAKIN)/SEVENTH,INT,VicRoads,203Q05,,,,
6444,STURT(DEAKIN)/TENTH,INT,VicRoads,203P06,,,,
6444,STURT(DEAKIN)/TENTH,INT,VicRoads,203P06,,,,
6447,STURT(DEAKIN)/THIRTEENTH,INT,VicRoads,203O07,,,,
6447,STURT(DEAKIN)/THIRTEENTH,INT,VicRoads,203O07,,,,
5163,STURT/ARMSTRONG,INT,VicRoads,566D08,,,,
5163,STURT/ARMSTRONG,INT,VicRoads,566D08,,,,
5842,STURT/DAWSON,INT,VicRoads,255M12,,,,
5842,STURT/DAWSON,INT,VicRoads,255M12,,,,
5820,STURT/DRUMMOND,INT,VicRoads,255L12,,,,
5820,STURT/DRUMMOND,INT,VicRoads,255L12,,,,
5824,STURT/GILLIES,INT,VicRoads,254F11,,,,
4889,STURT/KAVANAGH,INT,Melway,2F-G08,,,,
5821,STURT/PLEASANT,INT,VicRoads,254J12,,,,
5821,STURT/PLEASANT,INT,VicRoads,254J12,,,,
5833,STURT/RING,INT,Unknown,Unknown,,,,
5832,STURT/RIPON,INT,Unknown,Unknown,,,,
5832,STURT/RIPON,INT,Unknown,Unknown,,,,
4888,STURT/SOUTHBANK BLVD,INT,Melway,2F-G09,,,,
4888,STURT/SOUTHBANK BLVD,INT,Melway,2F-G09,,,,
5904,SUNRAYSIA (HOWITT)/BURNBANK,INT,VicRoads,254K08,,,,
5904,SUNRAYSIA (HOWITT)/BURNBANK,INT,VicRoads,254K08,,,,
5905,SUNRAYSIA (HOWITT)/DOWLING,INT,VicRoads,254J08,,,,
5905,SUNRAYSIA (HOWITT)/DOWLING,INT,VicRoads,254J08,,,,
2629,SUNSHINE AVE/MAIN ROAD EAST,INT,Melway,026H02,,,,
2891,SUNSHINE/APOLLO,INT,Melway,014B03,,,,
2735,SUNSHINE/CALVERTON,INT,Melway,014E11,,,,
2741,SUNSHINE/COPERNICUS WAY,INT,Melway,014C07,,,,
4955,SUNSHINE/MARKET/WRIGHT,INT,Melway,040K03,,,,
2892,SUNSHINE/ODESSA,INT,Melway,014B05,,,,
1152,SUNSHINE/OLYMPIA,INT,Melway,Unknown,,,,
2518,SUNSHINE/ROBERTS,INT,Melway,041G04,,,,
5230,SURF COAST HWY/GROSSMANS/DARIAN,INT,Melway,237G03,,,,
5230,SURF COAST HWY/GROSSMANS/DARIAN,INT,Melway,237G03,,,,
5088,SURFCOAST HWY / PIONEER,INT,Melway,465H07,,,,
5088,SURFCOAST HWY / PIONEER,INT,Melway,465H07,,,,
5087,SURFCOAST HWY/ MARSHALLTOWN,INT,Melway,465H05,,,,
5248,SURFCOAST/BEACON,INT,Melway,493C11,,,,
5083,SURFCOAST/HEYERS,INT,Melway,465H08,,,,
585,SURREY/SPRINGFIELD,INT,Melway,048B07,,,,
3074,SUSSEX/O'HEA,INT,Melway,017D11,,,,
7047,SWALLOW/LIGHT RAIL XING,INT,Melway,2J-C04,,,,
4551,SWAN/BATMAN,INT,Melway,2G-B08,,,,
4810,SWAN/BURNLEY,INT,Melway,2H-E10,,,,
4809,SWAN/COPPIN,INT,Melway,2H-C10,,,,
3861,SWAN/CREMORNE,INT,Melway,2G-G09,,,,
4807,SWAN/LENNOX,INT,Melway,2G-J09,,,,
4812,SWAN/MADDEN,INT,Melway,2H-J11,,,,
3408,SWAN/MELBOURNE PARK/OLYMPIC PARK,INT,Melway,2G-E09,,,,
4558,SWAN/TRAM ACCESS,INT,Melway,2G-F09,,,,
4224,SWAN/YARRA/AMRAD,INT,Melway,044K11,,,,
106,SWANSEA/BIRMINGHAM,INT,Melway,038H11,,,,
109,SWANSEA/HULL,INT,Melway,038H10,,,,
4392,SWANSTON / FARADAY,INT,Melway,2B-E07,,,,
4596,SWANSTON/BOURKE ST,INT,Melway,2F-F03,,,,
4711,SWANSTON/CEMETERY RD EAST/COLLEGE,INT,Melway,2B-F04,,,,
4711,SWANSTON/CEMETERY RD EAST/COLLEGE,INT,Melway,2B-F04,,,,
4711,SWANSTON/CEMETERY RD EAST/COLLEGE,INT,Melway,2B-F04,,,,
4578,SWANSTON/COLLINS ST,INT,Melway,2F-F04,,,,
4393,SWANSTON/ELGIN,INT,Melway,2B-E06,,,,
4570,SWANSTON/FLINDERS LANE,INT,Melway,2F-G05,,,,
4562,SWANSTON/FLINDERS ST,INT,Melway,2F-G05,,,,
4523,SWANSTON/FRANKLIN ST,INT,Melway,2B-E12,,,,
2921,SWANSTON/LATROBE ST,INT,Melway,2F-E01,,,,
4605,SWANSTON/LITTLE BOURKE ST,INT,Melway,2F-F03,,,,
4588,SWANSTON/LITTLE COLLINS ST,INT,Melway,2F-F04,,,,
2913,SWANSTON/LITTLE LONSDALE ST,INT,Melway,2F-E02,,,,
2904,SWANSTON/LONSDALE,INT,Melway,2F-F02,,,,
4390,SWANSTON/QUEENSBERRY,INT,Melway,2B-E10,,,,
4013,SYDNEY/ALBERT,INT,Melway,029G08,,,,
4006,SYDNEY/ALBION,INT,Melway,029H05,,,,
3054,SYDNEY/BELL,INT,Melway,017H12,,,,
4010,SYDNEY/BLYTH,INT,Melway,029G07,,,,
3112,SYDNEY/BRUNSWICK,INT,Melway,029G10,,,,
4115,SYDNEY/GAFFNEY/MURRAY,INT,Melway,017H10,,,,
4014,SYDNEY/GLENLYON/DAWSON,INT,Melway,029G08,,,,
4130,SYDNEY/HARDING/MUNRO,INT,Melway,029H01,,,,
2191,SYDNEY/LORNE,INT,Melway,Unknown,,,,
2191,SYDNEY/LORNE,INT,Melway,Unknown,,,,
4001,SYDNEY/MORELAND,INT,Melway,029H04,,,,
4121,SYDNEY/O'HEAS,INT,Melway,017G11,,,,
4126,SYDNEY/REYNARD/EDWARD,INT,Melway,029H02,,,,
5205,SYDNEY/SWANSTON/RYRIE,INT,Melway,452D05,,,,
4128,SYDNEY/URQUHART,INT,Melway,017J12,,,,
4011,SYDNEY/VICTORIA,INT,Melway,029G07,,,,
4022,SYDNEY/WESTON,INT,Melway,029G09,,,,
5317,TARNEIT/LEAKES,INT,Unknown,Unknown,,,,
5276,TARNEIT/PARRAMATTA,INT,Melway,205K04,,,,
2659,TAYLORS/CARBINE,INT,Melway,013K08,,,,
2567,TAYLORS/COPPERFIELD,INT,Melway,Unknown,,,,
2580,TAYLORS/EAST ESPLANADE,INT,Melway,Unknown,,,,
2721,TAYLORS/KEILOR DOWNS S/C EAST ENT,INT,Melway,014C09,,,,
2877,TAYLORS/KEILOR DOWNS S/C WEST ENT,INT,Melway,014B09,,,,
2579,TAYLORS/KERRISON/REGAN,INT,Melway,Unknown,,,,
685,TEMPLESTOWE/ SHEAHANS,INT,Melway,032G04,,,,
3358,THE CIRCUIT/LORIMER/G'BOROURGH SHOP,INT,Melway,020J02,,,,
4180,THE CIRCUIT/VALLEY CENTRAL/HAILES ST E,INT,Melway,020K01,,,,
1264,THOMPSON RD/ALAN BIRD DRV,INT,Unknown,Unknown,,,,
5025,THOMPSON/BOULEVARD,INT,Melway,441J01,,,,
5072,THOMPSON/COX,INT,Melway,431J10,,,,
5115,THOMPSON/DONNYBROOK,INT,Melway,431J11,,,,
1114,THOMPSON/EASTLINK,INT,Melway,Unknown,,,,
1114,THOMPSON/EASTLINK,INT,Melway,Unknown,,,,
5108,THOMPSON/MORGAN,INT,Melway,441J03,,,,
7541,THOMPSON/TRUCK ACCESS,INT,Melway,98G06,,,,
5085,THOMPSON/VICTORIA,INT,Melway,441H09,,,,
1901,THOMPSONS/FEATHERTOP/WELLINGTON,INT,Melway,32K07,,,,
320,THOMPSONS/FOOTE/TEMPLESTOWE,INT,Melway,033B05,,,,
3169,THOMPSONS/LYNDHURST,INT,VicRoads,129A8,,,,
548,THOMPSONS/ROSEBANK/SPRINGHILL,INT,Melway,129K10,,,,
1198,THOMPSONS/WILLIAM THWAITES BVD,INT,Melway,130G11,,,,
311,THOMPSONS/WOODBINE,INT,Melway,129J09,,,,
2633,TILBURN NR FITZGERALD,INT,Melway,025J11,,,,
2898,TODD OFF RAMP/PROHASKY/SERVICE CENTRE,INT,Melway,Unknown,,,,
2847,TOORAK/AUBURN,INT,Melway,059E04,,,,
4012,TOORAK/CAMBERWELL                DD 4046,INT,Melway,060C06,,,,
4012,TOORAK/CAMBERWELL                DD 4046,INT,Melway,060C06,,,,
4743,TOORAK/CHAPEL,INT,Melway,2L-K05,,,,
4045,TOORAK/GLEN IRIS,INT,Melway,060A05,,,,
4747,TOORAK/GRANGE/CANTERBURY,INT,Melway,2M-F06,,,,
4048,TOORAK/HIGHFIELD/LITHGOW,INT,Melway,060D05,,,,
4750,TOORAK/KOOYONG,INT,Melway,059A04,,,,
4748,TOORAK/ORRONG,INT,Melway,2M-H07,,,,
2987,TOORAK/PARK,INT,Melway,2L-C04,,,,
2982,TOORAK/RIVER,INT,Melway,2L-K05,,,,
4046,TOORAK/SUMMERHILL,INT,Melway,060C06,,,,
4273,TOORAK/TOORONGA,INT,Melway,059F05,,,,
4283,TOORAK/TOORONGA OFFICE PARK,INT,Melway,059G05,,,,
4745,TOORAK/WILLIAMS,INT,Melway,2M-D06,,,,
3673,TOORONGA/TOORONGA VILLAGE ACCESS,INT,Melway,059F05,,,,
4367,TOORONGA/WATTLETREE,INT,Melway,059E10,,,,
5217,TOWNSEND/WILSON,INT,Melway,466J01,,,,
6693,TRARALGON CREEK/BARTONS LANE,INT,VicRoads,098A06,,,,
6693,TRARALGON CREEK/BARTONS LANE,INT,VicRoads,098A06,,,,
2895,TULLAMARINE FWY/BULLA WB EXIT RAMP,INT,Melway,16D11,,,,
2860,TULLAMARINE FWY/FLEMINGTON/BOUNDARY,INT,Melway,2A-E01,,,,
2860,TULLAMARINE FWY/FLEMINGTON/BOUNDARY,INT,Melway,2A-E01,,,,
2864,TULLAMARINE/ENGLISH/MATTHEWS,INT,Melway,016B08,,,,
2864,TULLAMARINE/ENGLISH/MATTHEWS,INT,Melway,016B08,,,,
2868,TULLAMARINE/MICKLEHAM,INT,Melway,005J10,,,,
2868,TULLAMARINE/MICKLEHAM,INT,Melway,005J10,,,,
2862,TULLAMARINE/MORELAND/COONANS,INT,Melway,029A03,,,,
2862,TULLAMARINE/MORELAND/COONANS,INT,Melway,029A03,,,,
2861,TULLAMARINE/ORMOND/BRUNSWICK,INT,Melway,029B09,,,,
2861,TULLAMARINE/ORMOND/BRUNSWICK,INT,Melway,029B09,,,,
2863,TULLAMARINE/PASCOE VALE/LOEMAN,INT,Melway,016J10,,,,
2944,UPPER HEIDELBERG/BELL ENT. RAMP,INT,Melway,031J04,,,,
2949,UPPER HEIDELBERG/KIERNAN,INT,Melway,3100000000,,,,
4305,UPPER HEIDELBERG/WATERDALE/LIVINGSTONE,INT,Melway,031F07,,,,
3241,VICTORIA RD/DUNDAS ST,INT,Melway,030J04,,,,
4501,VICTORIA/ABBOTSFORD,INT,Melway,2A-G10,,,,
4672,VICTORIA/BASTINGS,INT,Melway,030H09,,,,
4402,VICTORIA/BOUVERIE,INT,Melway,2B-D11,,,,
4441,VICTORIA/BRUNSWICK/GISBORNE,INT,Melway,2C-A12,,,,
4441,VICTORIA/BRUNSWICK/GISBORNE,INT,Melway,2C-A12,,,,
4821,VICTORIA/BURNLEY/WALMER,INT,Melway,2H-F02,,,,
4403,VICTORIA/CARDIGAN/FRANKLIN,INT,Melway,2B-E11,,,,
4504,VICTORIA/CHETWYND,INT,Melway,2A-K11,,,,
4816,VICTORIA/CHURCH,INT,Melway,2H-B02,,,,
2933,VICTORIA/CLARENDON,INT,Melway,2GD01,,,,
2933,VICTORIA/CLARENDON,INT,Melway,2GD01,,,,
4500,VICTORIA/DRYBURGH,INT,Melway,2A-F10,,,,
1051,VICTORIA/ERROL,INT,Melway,2A-J11,,,,
4820,VICTORIA/FLOCKHART,INT,Melway,2H-E02,,,,
5806,VICTORIA/FUSSELL/WATER,INT,VicRoads,076G02,,,,
5806,VICTORIA/FUSSELL/WATER,INT,VicRoads,076G02,,,,
692,VICTORIA/GEORGE,INT,Melway,033J11,,,,
4818,VICTORIA/JOHNSON,INT,Melway,2H-D02,,,,
4502,VICTORIA/KING/CURZON,INT,Melway,2A-H10,,,,
4455,VICTORIA/LANSDOWNE,INT,Melway,2C-B12,,,,
4455,VICTORIA/LANSDOWNE,INT,Melway,2C-B12,,,,
2918,VICTORIA/LATROBE,INT,Melway,2B-H12,,,,
4814,VICTORIA/LENNOX/NICHOLSON,INT,Melway,2G-K01,,,,
4503,VICTORIA/LEVESON,INT,Melway,2A-J11,,,,
4404,VICTORIA/LYGON,INT,Melway,2B-F12,,,,
4406,VICTORIA/NICHOLSON,INT,Melway,2BJ12,,,,
4406,VICTORIA/NICHOLSON,INT,Melway,2BJ12,,,,
2783,VICTORIA/PAISLEY,INT,Melway,042B04,,,,
4009,VICTORIA/PEARSON,INT,Melway,029E07,,,,
4506,VICTORIA/PEEL,INT,Melway,2B-B11,,,,
5810,VICTORIA/PRINCES,INT,VicRoads,255P12,,,,
5808,VICTORIA/QUEEN,INT,VicRoads,255Q12,,,,
4405,VICTORIA/RATHDOWNE,INT,Melway,2B-G12,,,,
4654,VICTORIA/RIVER,INT,Melway,2H-H02,,,,
4218,VICTORIA/SMITH,INT,Melway,2G-D01,,,,
4218,VICTORIA/SMITH,INT,Melway,2G-D01,,,,
4817,VICTORIA/SOUTH AUDLEY/MCKAY,INT,Melway,2H-C02,,,,
4389,VICTORIA/SWANSTON,INT,Melway,2B-E11,,,,
4443,VICTORIA/WELLINGTON,INT,Melway,2G-E01,,,,
4443,VICTORIA/WELLINGTON,INT,Melway,2G-E01,,,,
2970,VICTORIA/WESTGARTH/JEFFREY,INT,Melway,030H11,,,,
4505,VICTORIA/WILLIAM/HOWARD,INT,Melway,2B-A11,,,,
5150,VINES/CAREY,INT,Melway,4.41E+12,,,,
3255,VINEYARD/HORNE/MITCHELLS,INT,Melway,382C06,,,,
1200,VINEYARD/MCDOUGALL,INT,Melway,382A7,,,,
4293,WAIORA/DOUGHARTY,INT,Melway,019K10,,,,
1238,WALKER/GEORGE/CADLE,INT,Melway,91A C7,,,,
1177,WALKER/LANGHORNE,INT,Unknown,Unknown,,,,
1237,WALKER/MASON,INT,Melway,91A C7,,,,
649,WALKER/THOMAS,INT,Melway,090D08,,,,
6124,WANGARATTA/REID,INT,VicRoads,313M05,,,,
6124,WANGARATTA/REID,INT,VicRoads,313M05,,,,
895,WANTIRNA/STATION,INT,Melway,049G09,,,,
154,WARBURTON HWY/YARRA JUNCTION-NOOJEE RD,INT,Melway,288E08,,,,
572,WARBURTON/HEALESVILLE-KOO WEE RUP,INT,Melway,286F11,,,,
707,WARRANDYTE - RINGWOOD/FALCONER,INT,Melway,035H08,,,,
891,WARRANDYTE/EASTLAND NORTH ACCESS,INT,Melway,049H08,,,,
910,WARRANDYTE/LOUGHNAN,INT,Melway,049H05,,,,
892,WARRANDYTE/WONGA,INT,Melway,049J04,,,,
3689,WARRIGAL NR BATESFORD,INT,Melway,069G01,,,,
3691,WARRIGAL/ATHERTON,INT,Melway,069F07,,,,
3690,WARRIGAL/BATESFORD,INT,Melway,069G01,,,,
3700,WARRIGAL/CENTRE DANDENONG,INT,Melway,087C02,,,,
3703,WARRIGAL/COCHRANES,INT,Melway,078D08,,,,
3677,WARRIGAL/ENTRANCE NO.1,INT,Melway,069G01,,,,
3704,WARRIGAL/FARM,INT,Melway,087C01,,,,
970,WARRIGAL/HIGH ST RD,INT,Melway,060G10,,,,
3685,WARRIGAL/HIGHBURY,INT,Melway,060G07,,,,
3697,WARRIGAL/KEYS/CORPORATE DVE,INT,Melway,078C09,,,,
3698,WARRIGAL/KINGSTON,INT,Melway,078C10,,,,
3706,WARRIGAL/MIDDLE,INT,Melway,069F04,,,,
3693,WARRIGAL/NORTH,INT,Melway,069E10,,,,
3711,WARRIGAL/OAK/VOLTRI,INT,Melway,087B04,,,,
3695,WARRIGAL/OLD DANDENONG,INT,Melway,078D04,,,,
3682,WARRIGAL/RIVERSDALE,INT,Melway,060H02,,,,
3696,WARRIGAL/SOUTH,INT,Melway,078D06,,,,
3680,WARRIGAL/WAVERLEY,INT,Melway,069F02,,,,
2947,WATERDALE/ALTONA,INT,Melway,031G01,,,,
4292,WATERDALE/DOUGHARTY,INT,Melway,019G10,,,,
2967,WATERVIEW/CENTRAL,INT,Unknown,Unknown,,,,
4366,WATTLETREE/COONIL,INT,Melway,059D09,,,,
4856,WATTLETREE/DUNCRAIG/MALVERN CENTRAL,INT,Melway,059B09,,,,
4340,WAVERLEY/BATESFORD,INT,Melway,069E01,,,,
4341,WAVERLEY/CHADSTONE,INT,Melway,069D02,,,,
4343,WAVERLEY/DARLING,INT,Melway,068J01,,,,
487,WAVERLEY/FORSTER,INT,Melway,070F03,,,,
4199,WAVERLEY/HOLMES,INT,Melway,028E07,,,,
4451,WELLINGTON PDE S./JOLIMONT,INT,Melway,2G-C05,,,,
491,WELLINGTON RD/COLES MYER HOUSE,INT,Melway,080B01,,,,
493,WELLINGTON/BRANDON PK,INT,Melway,080G01,,,,
4327,WELLINGTON/CHARLES,INT,Melway,045D07,,,,
1052,WELLINGTON/CLARENDON,INT,Melway,2G-D05,,,,
798,WELLINGTON/CORPORATE/JAYDEE,INT,Melway,081F03,,,,
1108,WELLINGTON/EASTLINK,INT,Melway,081D02,,,,
1108,WELLINGTON/EASTLINK,INT,Melway,081D02,,,,
3377,WELLINGTON/GIPPS,INT,Melway,2C-E10,,,,
268,WELLINGTON/JACKSONS,INT,Melway,080K02,,,,
492,WELLINGTON/JELLS,INT,Melway,080H02,,,,
2934,WELLINGTON/JOLIMONT,INT,Melway,2G-B05,,,,
4142,WELLINGTON/LANGRIDGE,INT,Melway,2C-E11,,,,
4454,WELLINGTON/LANSDOWNE,INT,Melway,2G-A04,,,,
3720,WELLINGTON/MONASH UNIVERSITY BUS ENT,INT,Melway,070F12,,,,
3721,WELLINGTON/MONASH UNIVERSITY ENTRY,INT,Melway,070F12,,,,
1093,WELLINGTON/NANTILLA,INT,Melway,Unknown,,,,
789,WELLINGTON/NAPOLEON,INT,Melway,82F03,,,,
881,WELLINGTON/PIONEER ACCESS,INT,Melway,82E03,,,,
4453,WELLINGTON/POWLETT,INT,Melway,2G-E05,,,,
873,WELLINGTON/SILKWOOD/BRAEBURN,INT,Melway,82C03,,,,
2932,WELLINGTON/SPRING/FLINDERS,INT,Melway,2F-K04,,,,
803,WELLINGTON/TAYLORS,INT,Melway,082A03,,,,
489,WELLINGTON/WANDA/MONASH DR,INT,Melway,080C01,,,,
967,WELLS RD/ AMAROO DR (SOUTH),INT,Melway,093G09,,,,
101,WELLS/CHELSEA HEIGHTS HOTEL,INT,Melway,93F07,,,,
542,WELLS/ENTERPRIZE,INT,Melway,93F08,,,,
312,WELLS/NURTEN/ROYAL PALMS,INT,Melway,093D05,,,,
309,WELLS/PALM/NARELLE,INT,Melway,093C04,,,,
6079,WELSFORD/FRYERS,INT,VicRoads,273L09,,,,
5093,WERRIBEE MAIN RD(PHW)/CHERRY/SYNNOT,INT,Melway,206A08,,,,
5257,WERRIBEE MAIN RD(PHW)/DERRIMUT,INT,Melway,206D06,,,,
5003,WERRIBEE MAIN RD(PHW)/OLD GEELONG RD,INT,Melway,206H03,,,,
5003,WERRIBEE MAIN RD(PHW)/OLD GEELONG RD,INT,Melway,206H03,,,,
5249,WERRIBEE MAIN RD(PHW)/SYNNOT/BRIDGE,INT,Melway,205K09,,,,
5259,WERRIBEE/COTTRELL/PHW,INT,Melway,205H08,,,,
3626,WEST GATE FWY EXIT RAMP/COOK,INT,Melway,42H12,,,,
4702,WESTALL/FAIRBANK,INT,Melway,079G07,,,,
4702,WESTALL/FAIRBANK,INT,Melway,079G07,,,,
936,WESTALL/OSBORNE,INT,Melway,079G08,,,,
936,WESTALL/OSBORNE,INT,Melway,079G08,,,,
962,WESTALL/ROSEBANK,INT,Melway,079H07,,,,
962,WESTALL/ROSEBANK,INT,Melway,079H07,,,,
5113,WESTERN BEACH / GHERINGHAP STREET,INT,Melway,452B02,,,,
5043,WESTERN BEACH/ EASTERN BEACH/ MOORABOOL,INT,Melway,452C03,,,,
5801,WESTERN FWY/BACCHUS MARSH-GISBORNE RD,INT,VicRoads,077H04,,,,
5801,WESTERN FWY/BACCHUS MARSH-GISBORNE RD,INT,VicRoads,077H04,,,,
2658,WESTERN FWY/CHRISTIES/CAROLINE SPRING,INT,Melway,358G04,,,,
2658,WESTERN FWY/CHRISTIES/CAROLINE SPRING,INT,Melway,358G04,,,,
2850,WESTERN FWY/ROBINSONS,INT,Melway,Unknown,,,,
5815,WESTERN HWY NR GRENVILLE STH,INT,VicRoads,255N12,,,,
5999,WESTERN HWY(HIGH)/PYRENEES(VINCENT),INT,VicRoads,226E08,,,,
2607,WESTERN HWY/ASHLEY,INT,Melway,027F11,,,,
2666,WESTERN HWY/CAIRNLEA,INT,Melway,25J08,,,,
2565,WESTERN HWY/CHISHOLM DRIVE,INT,Melway,358J05,,,,
2606,WESTERN HWY/CHURCHILL,INT,Melway,027F11,,,,
2876,WESTERN HWY/CORNWALL,INT,Melway,026K10,,,,
5812,WESTERN HWY/CURTIS/PEEL,INT,VicRoads,255O12,,,,
5819,WESTERN HWY/DOVETON,INT,VicRoads,255M12,,,,
5819,WESTERN HWY/DOVETON,INT,VicRoads,255M12,,,,
2602,WESTERN HWY/DROOP/FARNSWORTH,INT,Melway,042B02,,,,
2602,WESTERN HWY/DROOP/FARNSWORTH,INT,Melway,042B02,,,,
2609,WESTERN HWY/DUKE,INT,Melway,027A10,,,,
2604,WESTERN HWY/ELEANOR,INT,Melway,041K01,,,,
6404,WESTERN HWY/FIREBRACE,INT,VicRoads,219Q05,,,,
2603,WESTERN HWY/GORDON,INT,Melway,042A02,,,,
5803,WESTERN HWY/GRANT/GISBORNE,INT,Melway,333H06,,,,
2612,WESTERN HWY/HAMPSHIRE,INT,Melway,026H10,,,,
2641,WESTERN HWY/HARVESTER RD,INT,Melway,026H10,,,,
2616,WESTERN HWY/HOLT/G & F ENT,INT,Melway,026A08,,,,
5330,WESTERN HWY/LAWRENCE,INT,VicRoads,556H09,,,,
5811,WESTERN HWY/LITTLE-BRIDGE/PEEL,INT,VicRoads,255O12,,,,
5817,WESTERN HWY/LYDIARD,INT,VicRoads,255N12,,,,
5817,WESTERN HWY/LYDIARD,INT,VicRoads,255N12,,,,
2613,WESTERN HWY/MCINTYRE/ANDERSON,INT,Melway,026G10,,,,
2610,WESTERN HWY/NORTHUMBERLAND,INT,Melway,026K10,,,,
2714,WESTERN HWY/ROBINSONS,INT,Melway,025A06,,,,
2605,WESTERN HWY/ROSAMOND/S'HILL,INT,Melway,041K01,,,,
2614,WESTERN HWY/STATION RD,INT,Melway,025E08,,,,
2601,WESTERN HWY/TIERNAN/HOADLEY,INT,Melway,042C02,,,,
6403,WESTERN HWY/URQUHART (Horsham - Kalkee),INT,VicRoads,219Q05,,,,
6409,WESTERN HWY/WAWUNNA,INT,VicRoads,219P05,,,,
2627,WESTERN HWY/WESTERN RING ROAD,INT,Melway,025K08,,,,
2627,WESTERN HWY/WESTERN RING ROAD,INT,Melway,025K08,,,,
2656,WESTERN HWY/WESTWOOD DRIVE,INT,Melway,025A06,,,,
6408,WESTERN HWY/WILLIAMS/DUFF,INT,VicRoads,219R08,,,,
6400,WESTERN HWY/WIMMERA HWY,INT,VicRoads,Unknown,,,,
4478,WESTERN LINK NB ENTRY / MT ALEXANDER,INT,Melway,029B12,,,,
4487,WESTERN LINK/DYNON OFF RAMP SOUTH BD,INT,Melway,2A-C11,,,,
4486,WESTERN LINK/DYNON ON RAMP NORTH BD,INT,Melway,2A-B10,,,,
529,WESTERN PORT HWY/MORETON BAY,INT,Melway,129A02,,,,
4971,WESTERN RING ROAD(WRR)/FURLONG,INT,Melway,026F06,,,,
4971,WESTERN RING ROAD(WRR)/FURLONG,INT,Melway,026F06,,,,
2631,WESTERN RING ROAD/BOUNDARY,INT,Melway,040C08,,,,
2631,WESTERN RING ROAD/BOUNDARY,INT,Melway,040C08,,,,
2789,WESTERN RING ROAD/EDGARS,INT,Melway,008F09,,,,
2628,WESTERN RING ROAD/SUNSHINE/MCINTYRE,INT,Melway,026H03,,,,
2628,WESTERN RING ROAD/SUNSHINE/MCINTYRE,INT,Melway,026H03,,,,
2172,WESTERN RING/PASCOE VALE,INT,Melway,006G11,,,,
2172,WESTERN RING/PASCOE VALE,INT,Melway,006G11,,,,
6407,WESTERN/MCPHERSON/HENTY,INT,VicRoads,219R05,,,,
6407,WESTERN/MCPHERSON/HENTY,INT,VicRoads,219R05,,,,
4489,WESTGATE FWY / POWER ST,INT,Melway,2F-F10,,,,
2886,WESTGATE FWY EB/LORIMER,INT,Melway,2E-G10,,,,
4901,WESTGATE FWY WB/MONTAGUE,INT,Melway,2E-H10,,,,
4901,WESTGATE FWY WB/MONTAGUE,INT,Melway,2E-H10,,,,
2883,WESTGATE FWY/GRIEVE,INT,Melway,040G12,,,,
2883,WESTGATE FWY/GRIEVE,INT,Melway,040G12,,,,
2881,WESTGATE FWY/MILLERS,INT,Melway,041B11,,,,
2881,WESTGATE FWY/MILLERS,INT,Melway,041B11,,,,
2880,WESTGATE FWY/WILLIAMSTOWN RD,INT,Melway,041J11,,,,
2880,WESTGATE FWY/WILLIAMSTOWN RD,INT,Melway,041J11,,,,
4938,WESTS RD/WATERFORD GREEN,INT,Melway,027J09,,,,
1205,WESTWOOD DR/INGLEWOOD DR/COMMERCIAL RD,INT,Unknown,Unknown,,,,
2353,WHITE/TREEBY BUD,INT,Melway,087J11,,,,
3435,WHITEHALL/SOMERVILLE,INT,Melway,042C08,,,,
4063,WHITEHORSE/BALWYN,INT,Melway,046D08,,,,
4925,WHITEMAN/CASINO/KINGSWAY RAMPS,INT,Melway,2F-C09,,,,
4925,WHITEMAN/CASINO/KINGSWAY RAMPS,INT,Melway,2F-C09,,,,
2350,WICKHAM/BLUFF,INT,Melway,077A07,,,,
4616,WICKHAM/ROWANS,INT,Melway,077H08,,,,
4600,WILLIAM/BOURKE,INT,Melway,2F-C04,,,,
4583,WILLIAM/COLLINS,INT,Melway,2F-C05,,,,
4566,WILLIAM/FLINDERS,INT,Melway,2F-C06,,,,
4573,WILLIAM/FLINDERS LANE,INT,Melway,2F-C06,,,,
2924,WILLIAM/LATROBE,INT,Melway,2F-B02,,,,
4608,WILLIAM/LITTLE BOURKE,INT,Melway,2F-B04,,,,
4591,WILLIAM/LITTLE COLLINS,INT,Melway,2F-C05,,,,
2916,WILLIAM/LITTLE LONSDALE,INT,Melway,2F-B03,,,,
2908,WILLIAM/LONSDALE,INT,Melway,2F-B03,,,,
6276,WILLIAMSON/MYERS,INT,VicRoads,283M14,,,,
701,WILLIAMSONS NR EUCALYPT,INT,Melway,033E08,,,,
2040,WILLIAMSONS/AQUARENA,INT,Melway,033E09,,,,
700,WILLIAMSONS/FOOTE,INT,Melway,033F05,,,,
687,WILLIAMSONS/GEORGE,INT,Melway,033D10,,,,
691,WILLIAMSONS/LYNNWOOD/KING,INT,Melway,033E08,,,,
318,WILLIAMSONS/SHOP TOWN ENT N,INT,Melway,033D12,,,,
319,WILLIAMSONS/SHOP TOWN ENT S,INT,Melway,033D12,,,,
3486,WILLIAMSTOWN/ SHOPPING CENTRE ENTRY,INT,Melway,041J09,,,,
4257,WILLIAMSTOWN/ANDERSON,INT,Melway,041K08,,,,
4249,WILLIAMSTOWN/CHARLES/DICKSON,INT,Melway,041K06,,,,
4230,WILLIAMSTOWN/FRANCIS,INT,Melway,041J10,,,,
3750,WILLIAMSTOWN/GRAHAM,INT,Melway,2J-A02,,,,
3542,WILLIAMSTOWN/INGLES/NORMANBY,INT,Melway,2J-F01,,,,
4251,WILLIAMSTOWN/SOMERVILLE,INT,Melway,041K08,,,,
2887,WILLIAMSTOWN/TODD,INT,Melway,056G02,,,,
6271,WILLS/EDWARDS,INT,VicRoads,283L15,,,,
6421,WILSON/FIREBRACE,INT,VicRoads,219Q06,,,,
2697,WINDSOR/CAPESTHORNE/LENNON PARKWAY,INT,Melway,39B02,,,,
1248,WINTON ROAD / PITT STREET,INT,Unknown,Unknown,,,,
4835,WITHERS/DICKSON,INT,Melway,040H01,,,,
6410,WOMBELANO/ILUKA MINE HAUL,INT,VicRoads,54F04,,,,
3274,WOOD/HANNAH,INT,Melway,019C11,,,,
2630,WRR/FITZGERALD (WESTERN RING RD),INT,Melway,039J04,,,,
2630,WRR/FITZGERALD (WESTERN RING RD),INT,Melway,039J04,,,,
4437,WURUNDJERI/BOURKE,INT,Melway,2E-J06,,,,
4488,WURUNDJERI/DUDLEY,INT,Melway,2E-G02,,,,
4526,WURUNDJERI/FLINDERS,INT,Melway,2E-K08,,,,
7212,WURUNDJERI/SPENCER STN,INT,Melway,2EK07,,,,
4370,WURUNDJERI/STADIUM DR,INT,Melway,2E-J08,,,,
4527,WURUNDJERI/STADIUM N/E ENTRANCE,INT,Melway,2E-H03,,,,
1065,WURUNDJERI/STADIUM SE ENTRANCE,INT,Melway,2E-J05,,,,
6075,WYNDHAM ST/VAUGHAN,INT,VicRoads,273L10,,,,
4107,YAN YEAN/IRONBARK,INT,Melway,184F08,,,,
5048,YARRA/EASTERN BEACH,INT,Melway,401J03,,,,
5081,YARRA/LT MALOP,INT,Melway,452C04,,,,
4897,YORK/FERRARS,INT,Melway,2K-A01,,,,
