SCATS_ID,Station_Name
964,ABBOTTS/CLELANDS DEVELOPMENTS
968,ABBOTTS/GAINE/MONASH
972,ABBOTTS/NATIONAL
983,ABBOTTS/REMINGTON
1053,ABBOTTSFORD/HAINES
5300,ABERDEEN/PAKINGTON
5302,ABERDEEN/SHANNON
4975,AIRPORT DR/CENTRE RD
1154,AITKEN/GRAND
768,ALBERT NR BAMBURY
4440,ALBERT NR EADES
4234,ALBERT/BUCKLEY
4911,ALBERT/CECIL/OLD AUGHTIE
4912,ALBERT/CLARENDON
4447,ALBERT/CLARENDON
3265,ALBERT/DUNDAS/STATION
4445,ALBERT/GISBORNE
3263,ALBERT/GOWER
4243,ALBERT/IRVING
4733,ALBERT/LAKESIDE DRV
4446,ALBERT/LANSDOWNE
4913,ALBERT/MORAY
2294,ALBERT/MSAC ACCESS ROAD EXIT
3262,ALBERT/MURRAY
4444,ALBERT/NICHOLSON/LONSDALE
4448,ALBERT/POWLETT
3264,ALBERT/RAGLAN
4449,ALBERT/SIMPSON
3260,ALBERT/TYLER
3261,ALBERT/WOOD
3785,ALBION NR HOWARD
3787,ALBION NR THISTLE
4552,ALEXANDRA/ANDERSON
4549,ALEXANDRA/LINLITHGOW
4550,ALEXANDRA/SWAN BRIDGE                 VM6
4739,ALEXANDRA/WILLIAMS NTH
2678,ALFRIEDA NR MAIN EAST
6322,ALLAN NR ALBION
6323,ALLAN NR LAKE
4846,ALMA/WESTBURY
2186,AMAROO/CRAIGIEBURN BYPASS NB EXIT R
2799,AMIS BTN VISTA & BUCKLEY
5045,ANAKIE (BELL POST SC)
5110,ANAKIE NR BARTON
5127,ANAKIE NR KINLOCK
5099,ANAKIE/SEPARATION
4555,ANDERSON NR ACLAND
4945,ANDERSON NR RIDLEY
2642,ANDERSON RD/FOUNDRY RD
4956,ANDERSON/DURHAM/GLENGALA
4959,ANDERSON/FORREST/SUN/FRASER
1299,ANDERSON/GARDINER
149,ANDERSON/HARDY
6084,ANDREW FAIRLEY/SPC CROSSING
1055,APPLETON DOCK LINK/ENTERPRIZE
3665,APPLETON DOCK/ENTERPRIZE
2578,AQUATIC DR NR ROSAMOND RD
2549,AQUATIC NR ROSAMOND
1168,AQUEDUCT RD NR ERINNE CT
7093,AQUEDUCT/ST HELENA SHOP CENTRE
6069,ARCHER/WILMOT/POPLAR
6069,ARCHER/WILMOT/POPLAR
4493,ARDEN/ABBOTSFORD
4494,ARDEN/CURZON
4492,ARDEN/DRYBURGH/MACAULAY
4495,ARDEN/ERROL
3947,ARDEN/LAURENS
3764,ARDEN/LLOYD
6210,ARNOLD NR STEWART
6202,ARNOLD NR STEWART
2198,ARNOLD/SPRING
2734,ARTHUR/TAYLORS
1013,ASCOT VALE NR EDINBURGH
3832,ASCOT VALE NR MOONEE
1005,ASCOT VALE/GLADSTONE
1011,ASCOT VALE/KENT
2520,ASHLEY ST/CENTRAL WEST PLAZA
4950,ASHLEY/BARKLY
4948,ASHLEY/CHURCHILL
4949,ASHLEY/SOUTH
4951,ASHLEY/SUNSHINE/DEMPSTER
4690,ATHERTON NR DRUMMOND
2959,ATHERTON NR REGENT (OAK FIRE STATION)
4691,ATHERTON/ATKINSON/HANOVER
2957,ATHERTON/STATION
4276,AUBURN NR AIREDALE
2848,AUBURN NR BURGESS
4286,AUBURN NR CATO
4260,AUBURN/RATHMINES/LIDDIARD
4271,AUBURN/RIVERSDALE
5096,AUTUMN/PAKINGTON/GORDON
5096,AUTUMN/PAKINGTON/GORDON
5247,AVIATION NR RAILWAY (TRIHOLM)
5261,AVIATION ROAD/MAHER ROAD
5067,BACCHUS MARSH/CORIO VILL. SH.
5160,BACCHUS MARSH/GISBORNE(ROBERTSON)
5073,BACCHUS MARSH/PURNELL
5157,BACCHUS MARSH-GEELONG NR STATION
5800,BACCHUS-GISBORNE BTW MAIN & BENNETT
2055,BAKER NR JOHNSON
4134,BAKERS NR CATHERINE
2693,BALACLAVA NR EMPRESS
4096,BALACLAVA NR KINROSS
2691,BALACLAVA NR LABASSA
2748,BALACLAVA/BAMBRA
4075,BALACLAVA/HAWTHORN
4076,BALACLAVA/KAMBROOK
4074,BALACLAVA/KOOYONG
4077,BALACLAVA/NORMANBY
4073,BALACLAVA/ORRONG
3078,BALCOMBE BETWEEN BLUFF AND EBDEN
4873,BALCOMBE NR COMO PDE WEST
4865,BALCOMBE NR HAYDENS
4870,BALCOMBE NR MICHAEL
4619,BALCOMBE NR MOREY
4640,BALCOMBE/CHARMAN
4866,BALCOMBE/RESERVE
4641,BALCOMBE/SWANSTON
1157,BALLAN/BOLTON
5255,BALLAN/CAMBRIDGE
2503,BALLARAT RD/MOORE
5872,BALLARAT-BUNINYONG RD NR DAMACUS COLLEGE
5876,BALLARAT-BUNINYONG/BARKLY
5873,BALLARAT-BUNINYONG/HOCKING
5874,BALLARAT-BUNINYONG/RECREATION
517,BALLARTO RD NR GREENWOOD
761,BALLARTO/MCCLELLAND
2686,BALLARTO/MCCORMICKS
4069,BALWYN NR MILLAH
4057,BALWYN/BELMORE
4066,BALWYN/MONT ALBERT
4098,BAMBRA NR BUNDEERA
4081,BAMBRA/GLEN EIRA
3363,BANKSIA NR MOUNT
3362,BANKSIA/CAPE
3361,BANKSIA/DORA
3360,BANKSIA/LWR HEIDELBERG
4301,BANKSIA/STUDLEY
4301,BANKSIA/STUDLEY
4300,BANKSIA/UPPER HEIDELBERG
4299,BANKSIA/WATERDALE
3338,BANYULE NR BEVERLEY
3000,BARKERS NR FINDON
3005,BARKERS NR KILDARE
3004,BARKERS/AUBURN/WRIXON
3001,BARKERS/CHURCH/HIGH
3002,BARKERS/DENMARK/POWER
3003,BARKERS/GLENFERRIE
3434,BARKLY NR ALBERT
4253,BARKLY NR ARGYLE
4259,BARKLY NR CLARKE
2999,BARKLY NR SHELLEY
4246,BARKLY NR VICTORIA
5841,BARKLY NR VINCENT
4248,BARKLY NR WARLEIGH
336,BARKLY ST / RAILWAY GVE / RING RD
3427,BARKLY/ACLAND/MITFORD
3424,BARKLY/ALMA/PRINCES
3426,BARKLY/CARLISLE
4238,BARKLY/DROOP/HOPKINS/NICHOLS
4240,BARKLY/GORDON
3425,BARKLY/GREY/INKERMAN
1183,BARKLY/SUMMERHILL
5840,BARKLY/VINCENT
6231,BARNARD NR WATERLOO
6280,BARNARD/LUCAN/ARNOLD
6262,BARNARD/VIEW
5114,BARRABOOL RD / BELLEVUE AVE
3983,BARRY NR DUNSTAN
3980,BARRY/BLAIR
3996,BARRY/FORD ENTRANCE
3981,BARRY/KING/MAFFRA
3613,BARRY/KYABRAM
3611,BARRY/LONGFORD
2852,BARRYMORE NR ELGIN
5227,BARWON HEADS/BREAKWATER
5187,BARWON/SWANSTON
6681,BASS HWY/GRANTVILLE-GLEN ALVIE/PIER
6677,BASS HWY/STANLEY
4557,BATMAN NR GATE 2 MELBOURNE PARK TENNIS C
4528,BATMAN/MELB PARK NTH ACCESS
973,BAXTER-TOORADIN NR PERYMAN
1140,BAXTER-TOORADIN/FULTONS/HAWKINS
2318,BAY NR JACK
4863,BAY NR LANSELL
2663,BAY NR LIARDET
4724,BAY NR POOL
4862,BAY NR STATION
3954,BAY NR WILLANSBY
1364,BAY RD NR FERNHILL RD
2293,BAY STREET/ROUSE ST
4723,BAY/BEACH
3032,BAY/BEACH
3102,BAY/BLUFF
4721,BAY/BRIDGE
2341,BAY/CHELTENHAM MARKET
4722,BAY/GRAHAM
3951,BAY/NEW/BARKLY
4864,BAY/RESERVE
625,BAYSWATER NR BELMONT
889,BAYSWATER NR GLEN PARK
624,BAYSWATER/CENTRAL
626,BAYSWATER/EASTFIELD
3714,BEACH NR ANTIBES
4868,BEACH NR BALCOMBE
3043,BEACH NR BAY & HIGH
3033,BEACH NR BAYVIEW
3037,BEACH NR BLUFF
3543,BEACH NR CANBERRA
3708,BEACH NR DIXON
3040,BEACH NR HERBERT
4869,BEACH NR MASEFIELD
3031,BEACH NR MELROSE
3035,BEACH NR NAPLES
3709,BEACH NR NEPEAN
3104,BEACH NR ORLANDO
3039,BEACH NR PRINCES
3087,BEACH NR RESERVE
3029,BEACH NR SMALL
3034,BEACH NR TRAMWAY PDE
3093,"BEACH RD - NEW ST, BAYSIDE"
3036,BEACH/CENTREWAY
3030,BEACH/HAMPTON/BRIDGE
751,BEACH/MCMAHONS
751,BEACH/MCMAHONS
730,BEACH/YOUNG/DANDENONG
3538,BEACONSFIELD NR HAROLD
3539,BEACONSFIELD NR LANGRIDGE
3014,BEACONSFIELD NR MCGREGOR
3038,BEACONSFIELD NR MILLS
3011,BEACONSFIELD NR VICTORIA
4836,BEACONSFIELD/ACLAND/JACKA
3010,BEACONSFIELD/BEACH/PICKLES
2311,BEACONSFIELD/COWDEROY
2311,BEACONSFIELD/COWDEROY
3012,BEACONSFIELD/KERFORD
513,BEACONSFIELD-BERWICK/B'FIELD-EMERALD
904,BEDFORD NR LENA
905,BEDFORD NR TAGGELL
914,BEDFORD/DUBLIN
897,BEDFORD/WARRANDYTE
6158,BEECHWORTH NR NILMAR
6158,BEECHWORTH NR NILMAR
184,BELGRAVE-GEM NR EMERALD RES
521,BELGRAVE-HALLAM/FRAWLEY
534,BELGRAVE-HALLAM/YOUNG (CFA)
3075,BELL NR ALICE
3083,BELL NR GILMOUR (UPFIELD RAILWAY)
152,BELL NR HERBERT  (YARRA GLEN)
3057,BELL NR JESSIE
2946,BELL NR ORIEL & PLUNKETT
3064,BELL/ALBERT
3042,BELL/ALVA
3089,BELL/BREARLEY RESERVE(NTH SEWER PROJECT)
3069,BELL/BURGUNDY/UPR HEIDELBERG
3065,BELL/CHIFLEY
3050,BELL/CUMBERLAND
3068,BELL/EDWIN
3048,BELL/ELIZABETH
3055,BELL/ELM
3058,BELL/GILBERT
3060,BELL/HIGH
3076,BELL/HUDSON/MAIN
3052,BELL/MELVILLE/TURNER
3056,BELL/NICHOLSON/ELIZABETH
3066,BELL/ORIEL NTH
3077,BELL/ORIEL STH
3061,BELL/PLENTY
3051,BELL/REYNOLDS
3059,BELL/ST GEORGES
3053,BELL/SUSSEX
3091,BELL/THE BELL CENTRE ACCESS
3041,BELL/TURNER
3063,BELL/VICTORIA
3067,BELL/WATERDALE
5120,"Bellarine Hwy nr Murray Rd, Pt. Lonsdale"
5140,BELLARINE HWY NR PT LONSDALE
5192,BELLARINE HWY(Ormond Rd)/HUMBLE ST
5192,BELLARINE HWY(Ormond Rd)/HUMBLE ST
5212,BELLARINE HWY/ASH/SIMONS
5209,BELLARINE HWY/BOUNDARY/ORMOND
5209,BELLARINE HWY/BOUNDARY/ORMOND
5194,BELLARINE HWY/CHRISTIES RD/CLAREMONT DR
5194,BELLARINE HWY/CHRISTIES RD/CLAREMONT DR
5208,BELLARINE HWY/COPPARDS
5193,BELLARINE HWY/KENSINGTON
5193,BELLARINE HWY/KENSINGTON
5191,BELLARINE HWY/MELALUKA
5167,BELLARINE HWY/RAIL TRAIL NR EARLS RD
5167,BELLARINE HWY/RAIL TRAIL NR EARLS RD
5190,BELLARINE HWY/WALLINGTON-OCEAN GROVE RD
5190,BELLARINE HWY/WALLINGTON-OCEAN GROVE RD
5210,BELLARINE HWY/WILSONS
5210,BELLARINE HWY/WILSONS
5218,BELLARINE NR NELSON
5218,BELLARINE NR NELSON
5215,BELLARINE/MOOLAP STATION
5215,BELLARINE/MOOLAP STATION
6102,BELMORE BTW ORR & PIPER
4058,BELMORE NR ALANDALE
4056,BELMORE NR BUCHANAN
3932,BELMORE NR McCOLL
3800,BELMORE NR UNION
4059,BELMORE/GREYTHORN
6282,BENDIGO-REDESDALE NR MOLLISON
645,BENNET/JONES/RAILWAY
2027,BENTONS NEAR DUNNS
3936,BERESFORD NR EARLE
2668,BERKSHIRE/BUNNETT
4629,BERNARD NR CAVANAGH
4628,BERNARD NR WINGROVE
1082,BERWICK_BEACONSFIELD NR GLOUCESTER
1023,BERWICK-BEACONSFIELD/GOFF
503,BERWICK-CRANBOURNE (CLYDE)/KANGAN
399,BERWICK-CRANBOURNE/BEMERSYDE (NTH)
3177,BERWICK-CRANBOURNE/GLASSCOCKS/GRICES
355,BLACKBURN NR BINDY
342,BLACKBURN NR CANOPUS
350,BLACKBURN NR CASSOWARY
362,BLACKBURN NR CHERRY
357,BLACKBURN NR HAWTHORN
544,BLACKBURN NR MATTHEW
352,BLACKBURN NR MONTGOMERY
453,BLACKBURN NR TAMBO
708,BLACKBURN/ANDERSON CREEK
353,BLACKBURN/CENTREWAY
359,BLACKBURN/COLEMAN
363,BLACKBURN/DUERDIN
351,BLACKBURN/GEORGE
358,BLACKBURN/HIGH ST RD
340,BLACKBURN/KING
4717,BLACKBURN/NORMANBY
321,BLACKBURN/RAILWAY
698,BLACKBURN/REYNOLDS
354,BLACKBURN/SOUTH PDE
571,BLACKBURN/THE PINES SHOPPING ACCESS
360,BLACKBURN/WAVERLEY
3722,BLACKBURN/WELLINGTON
3902,BLACKSHAWS NR BEGONIA
3508,BLACKSHAWS/CHAMBERS
3905,BLACKSHAWS/GRIEVE
3499,BLACKSHAWS/MILLS/KYLE
3991,BLAIR NR KIEWA
3990,BLAIR NR KING WILLIAM
3092,BLUFF BETWEEN BALCOMBE AND KARRAKATTA
3106,BLUFF NR ABBOTT
3100,BLUFF NR APEX
3103,BLUFF NR ARKARINGA
3636,BLUFF NR HOLLOWAY
3101,BLUFF/HIGHETT
3099,BLUFF/LUDSTONE STREET
3779,BLYTH NR EDMENDS  (FIRE STATION)
3766,BOARDWALK/MAIN
3765,BOARDWALK/MURNONG
5214,BOARDWALK/TOM ROBERTS
4795,BOLDREWOOD NR GENOA
1167,BOLTON ST NR WITHERS ST
985,BONEO NR CAIN
988,BONEO/BUNNINGS ACCESS
554,BONEO/MCCOMBE
2569,BOORAN NR MARARA
2755,BOORAN NR MIRIAM
4082,BOORAN/NEERIM
1144,BORONIA NR AMESBURY & ROXBURGH
370,BORONIA NR DINSDALE
366,BORONIA NR LUSK
372,BORONIA NR ROSE
373,BORONIA NR TORMORE
388,BORONIA/CFA FIRE STATION
1104,BORONIA/EASTLINK
1104,BORONIA/EASTLINK
375,BORONIA/ERICA
376,BORONIA/FLORISTON/HASTINGS
371,BORONIA/SCORESBY
369,BORONIA/STUD
367,BORONIA/WANTIRNA
4638,BOUNDARY NR LOWER DANDENONG
2652,BOUNDARY RD / EAST OF MT DERRIMUT RD
3993,BOUNDARY/CUMBERLAND
2689,BOUNDARY/FAIRBAIRN/LITTLE BOUNDARY
3715,BOUNDARY/GOVERNOR  (ROUNDABOUT)
5280,BOUNDARY/HUME
5290,BOUNDARY/LOT E ACCESS
4490,BOUNDARY/MACAULAY
4647,BOUNDARY/MALCOLM/WHITE
3203,BOUNDARY/OLD DANDENONG
2176,BOUNDARY/PASCOE/WEST
2647,BOUNDARY/PLUMMER/INDUSTRIAL DR
4111,BOUNDARY/SUSSEX
5263,BOUNDARY/WILLIAM ANGLISS DR/MARWEN DR
4598,BOURKE NR HARDWARE
1319,BOURKE STREET NR SPRING STREET
1318,BOURKE STREET NR SPRING STREET
2951,BOURKE/AURORA
4636,BOURKE/CLAYTON/OSBORNE
4594,BOURKE/EXHIBITION
4398,BOUVERIE/QUEENSBERRY
672,BRADY NR SHALIMAR
6620,BRANDY CREEK RD (VICTORIA ST)/ALBERT RD
6620,BRANDY CREEK RD (VICTORIA ST)/ALBERT RD
6619,BRANDY CREEK(VICTORIA ST)NR SMITH
4442,BRAY NR GREY
5229,BREAKWATER/TUCKER/CURRIER
809,BRICE NR GEORGE & BATHURST
810,BRICE NR STATION
4802,BRIDGE NR RICHMOND TOWN HALL
6021,BRIDGE NR SALISBURY             BENALLA
3868,BRIDGE NR VERITY
4806,BRIDGE NR YARRA BOULEVARD
4805,BRIDGE/BURNLEY
4801,BRIDGE/CHURCH
4803,BRIDGE/COPPIN
4800,BRIDGE/LENNOX
4877,BRIDGE/LIGHT RAIL XING
990,BRIDGE/SILVER
2295,BRIDPORT NR MONTAGUE
4875,BRIDPORT/LIGHT RAIL XING
2171,BROADMEADOWS DEV/NTH CIRCULAR
3999,BROADMEADOWS/SHARPS/BARRIE
3216,BROADWAY NR MARCHANT
6100,BROADWAY NR O'DWYER
1231,BROADWAY NTH OF GLENHUNTLY RD
5046,Bromfield St Nr Gelibrand Street
5112,BROUGHAM / GHERINGHAP
5070,BROUGHAM/MOORABOOL
5049,BROUGHAM/YARRA
4219,BRUNSWICK NR CHURCH
3793,BRUNSWICK NR EWING
4221,BRUNSWICK NR HANOVER
4217,BRUNSWICK NR LEICESTER
4220,BRUNSWICK NR PALMER
3114,BRUNSWICK NR RATHDOWNE
3109,BRUNSWICK NR WATSON
3110,BRUNSWICK/FLEMING
4216,BRUNSWICK/GERTRUDE
3118,BRUNSWICK/GIBSON
3111,BRUNSWICK/GRANTHAM
3451,BRUNSWICK/JOHNSTON
3113,BRUNSWICK/LYGON
3115,BRUNSWICK/NICHOLSON/HOLDEN
3791,BRUNSWICK/STRANGER
3834,BUCKLEY (STH) NR LESLIE
4239,BUCKLEY NR ARRAN
3044,BUCKLEY NR BATMAN
4242,BUCKLEY NR CUTHBERT
4197,BUCKLEY NR McCRACKEN
2780,BUCKLEY NR PHW
4196,BUCKLEY/COOPER/FAWKNER
3047,BUCKLEY/DICKSON
2719,BUCKLEY/HOFFMANS
4233,BUCKLEY/NICHOLSON
4235,BUCKLEY/VICTORIA
4198,BUCKLEY/WAVERLEY/LINCOLN
4198,BUCKLEY/WAVERLEY/LINCOLN
3521,BULLA NR CARNARVON
3516,BULLA ROAD NR HOLYROOD
1214,BULLA/SOMERTON(GREEN ST)
1007,BULLA/TULLAMARINE FWY EB ON/OFF RAMP
1012,BULLA/WOODLAND
4054,BULLEEN NR HILLVIEW
4055,BULLEEN NR LEONIS
1151,BURGUNDY NR CAPE
3071,BURGUNDY/CAPE
3070,BURGUNDY/HAWDON
3090,BURGUNDY/MOUNT
3072,BURGUNDY/ROSANNA/LWR H'BERG
3317,BURGUNDY/STUDLEY/STRADBROKE
3846,BURKE NR BEAVER
4039,BURKE NR BURKE AVE (RIVERSDALE)
4041,BURKE NR CAMPBELL
4431,BURKE NR CARROLL
3821,BURKE NR COOKSON
3826,BURKE NR GORDON
3884,BURKE NR KARDELLA
4031,BURKE NR KEW HIGH SCHOOL
2034,BURKE NR PINE
3845,BURKE NR RANFURLIE
4037,BURKE NR TORRINGTON
4033,BURKE NR TREGARRON
1257,BURKE RD NTH BTW KEAM AND MACKENNEL
4035,BURKE/BARKERS/MONT ALBERT
4032,BURKE/BELMORE/HARP
1031,BURKE/BURWOOD
4040,BURKE/CAMBERWELL/RIVERSDALE
3120,BURKE/CANTERBURY
4369,BURKE/CARROLL/WILLS
6614,BURKE/COLEMAN
4034,BURKE/COTHAM/WHITEHORSE
4030,BURKE/DONCASTER/KILBY/HIGH
4038,BURKE/HAROLD/PROSPECT HILL
4307,BURKE/MCARTHUR
3977,BURKE/MONT ALBERT
2826,BURKE/OLD BURKE/BOULEVARD
4042,BURKE/PLEASANT/SEYMOUR
4043,BURKE/TOORAK
4368,BURKE/WATTLETREE
4346,BURKE/WAVERLEY
4153,BURNLEY NR BOYD
3863,BURNLEY NR KENT
4150,BURNLEY/BARKLY
3656,BURNLEY/HIGHETT
3657,BURNLEY/MURPHY
3878,BURNLEY/NORTHERN ACCESS RD
167,BURWOOD HWY NR BENWERRIN
579,BURWOOD HWY NR CROW
578,BURWOOD HWY NR HIGHVIEW
825,BURWOOD HWY NR KELVIN
100,BURWOOD HWY NR LIVINGSTONE
2002,BURWOOD HWY NR MILLICENT
2020,BURWOOD HWY NR MILPERA
2003,BURWOOD HWY NR PLC
2003,BURWOOD HWY NR PLC
103,BURWOOD HWY NR REYNOLDS
163,BURWOOD HWY NR SEVEN OAKS
2007,BURWOOD HWY NR STARLING
2007,BURWOOD HWY NR STARLING
181,BURWOOD HWY NR WILLOW
162,BURWOOD HWY/BLACKBURN
179,BURWOOD HWY/BRENOCK PARK/SELMAN
2018,BURWOOD HWY/BUNNINGS
182,BURWOOD HWY/DAWSON
2005,BURWOOD HWY/DEAKIN UNIVERSITY
381,BURWOOD HWY/DOBSON (AMBULANCE DEPOT)
177,BURWOOD HWY/DORSET
2004,BURWOOD HWY/ELGAR/McINTYRE
176,BURWOOD HWY/FERNTREE GULLY
872,BURWOOD HWY/FIRE STATION
2001,BURWOOD HWY/GILMOUR/SOMERS
919,BURWOOD HWY/GLENFERN (TECOMA)
166,BURWOOD HWY/HANOVER/HARTLAND
166,BURWOOD HWY/HANOVER/HARTLAND
2012,BURWOOD HWY/HIGH STREET RD/LEWIS
577,BURWOOD HWY/HOLLAND/K-MART ENT
172,BURWOOD HWY/KNOX CITY ENT 2/TYNER
173,BURWOOD HWY/KNOX CITY ENT 3/LYNNE
180,BURWOOD HWY/KNOX CITY ENT 4
178,BURWOOD HWY/KNOX CITY ENT 5/TYNER
161,BURWOOD HWY/LAKESIDE DR
159,BURWOOD HWY/LAKEWOOD DVE
2008,BURWOOD HWY/MIDDLEBOROUGH
168,BURWOOD HWY/MORACK RD
920,BURWOOD HWY/MORRIS/MAST GULLY
169,BURWOOD HWY/MOUNTAIN HWY
868,BURWOOD HWY/MT DANDENONG TOURIST RD
165,BURWOOD HWY/SAFEWAY ENTRANCE/RSPCA ENT
921,BURWOOD HWY/SANDELLS
174,BURWOOD HWY/SCORESBY
164,BURWOOD HWY/SPRINGVALE
538,BURWOOD HWY/STANLEY/FORTESCUE
2006,BURWOOD HWY/STATION
723,BURWOOD HWY/STATION
170,BURWOOD HWY/STUD
2009,BURWOOD HWY/TEMPLETON/RENOU
2000,BURWOOD HWY/WARRIGAL
4289,BURWOOD NR BARTON
4265,BURWOOD NR LAUNDER
4279,BURWOOD NR MORANG
4266,BURWOOD/AUBURN
3668,BURWOOD/BUNNINGS ACCESS
4285,BURWOOD/CAMBERWELL
4262,BURWOOD/CHURCH
764,BURWOOD/GLENFERN (FERNTREE GULLY)
4264,BURWOOD/GLENFERRIE
4263,BURWOOD/POWER
4280,BURWOOD/WILLIAM
2059,CAIRNLEA/WOODBURN
2743,CALDER FREEWAY OFF RAMP/MCNAMARA
6452,CALDER HWY (FIFTEENTH ST) NR ELIZABETH
6257,CALDER HWY / THISTLE STREET - BENDIGO
6258,CALDER HWY NR CAMP
6446,CALDER HWY NR MILDURA PLAZA
5937,CALDER HWY(HIGH ST)/MOLLISON
6256,CALDER HWY/ALDER STREET
6233,CALDER HWY/IRONBARK
6451,CALDER HWY/KARADOC
2730,CALDER HWY/KEILOR PARK DVE
6259,CALDER HWY[HIGH ST]/LAUREL.
6285,CALDER(DON)/BARNARD
5936,CALDER/ASHBOURNE/QUARRY
6254,CALDER/LANSELL PLAZA
6253,CALDER/LOCKWOOD/CAMP
6230,CALDER/LODDON VLY
6255,CALDER/OAK
6450,CALDER/SAN MATEO
6461,CALDER/SANDILONG
6252,CALDER/TAYLOR/WESLEY
6252,CALDER/TAYLOR/WESLEY
3829,CAMBERWELL NR BOWEN
3810,CAMBERWELL NR BUTLER
2839,CAMBERWELL NR EVANS
3813,CAMBERWELL NR GLEN IRIS
3811,CAMBERWELL NR INGLESBY
4281,CAMBERWELL NR MAYSTON
4267,CAMBERWELL/HAROLD
3812,CAMBERWELL/SEYMOUR/TRAFALGAR
3978,CAMP NR HARTLEY (FIRE STN)
3984,CAMP NR JOSEPH
3986,CAMP NR SMILEY
3969,CAMP RD/NORTHCORP BLD
3964,CAMP/ MAYGAR / CSL ACCESS
3985,CAMP/BLAIR/WIDFORD
3997,CAMP/MAIN
6310,CAMPBELL ST NR MCCRAE
836,CANADIAN BAY/MT ELIZA WAY
4410,CANNING/ELGIN
2716,CANNING/MILITARY
854,CANTERBURY NR ALLENS
850,CANTERBURY NR ANDREW
4910,CANTERBURY NR ARMSTRONG
861,CANTERBURY NR BALFOUR
2011,CANTERBURY NR BALMORAL
841,CANTERBURY NR BRANKSOME
847,CANTERBURY NR BRENTFORD
3124,CANTERBURY NR CHAUCER
3137,CANTERBURY NR CLYDESDALE
110,CANTERBURY NR CRESTVIEW
4841,CANTERBURY NR FRASER
3133,CANTERBURY NR GIBSON
999,CANTERBURY NR GREEN HILL
858,CANTERBURY NR HEATHWOOD (ARMSTRONG)
3129,CANTERBURY NR KENNEALY
3121,CANTERBURY NR LOCH
3123,CANTERBURY NR MANGARRA
4830,CANTERBURY NR MARY
842,CANTERBURY NR ORCHARD
3128,CANTERBURY NR ROCHESTER
4924,CANTERBURY NR WRIGHT
971,CANTERBURY RD/GREAT RYRIE STREET
3127,CANTERBURY/BALWYN
139,CANTERBURY/BAYFIELD
860,CANTERBURY/BAYSWATER
857,CANTERBURY/BEDFORD/ARINGA
844,CANTERBURY/BLACKBURN
158,CANTERBURY/BUNNINGS HARDWARE ACCESS
893,CANTERBURY/CADBURY SCHWEPPES ENTRANCE
863,CANTERBURY/COLCHESTER
3130,CANTERBURY/ELGAR
4831,CANTERBURY/FITZROY/GREY
859,CANTERBURY/GATWICK
845,CANTERBURY/GLEBE
851,CANTERBURY/HEATHERDALE
855,CANTERBURY/HEATHMONT
4909,CANTERBURY/KERFERD/ALBERT/FERRARS
864,CANTERBURY/LIVERPOOL
846,CANTERBURY/MAHONEYS
3132,CANTERBURY/MIDDLEBOROUGH
4918,CANTERBURY/MILLS
849,CANTERBURY/MITCHAM/BORONIA
146,CANTERBURY/MT DANDENONG
843,CANTERBURY/PACIFIC WAY
3085,CANTERBURY/RAMSAY
865,CANTERBURY/ROOKS
3122,CANTERBURY/STANHOPE
3131,CANTERBURY/STATION
848,CANTERBURY/STEVENS
3138,CANTERBURY/SURREY DVE
871,CANTERBURY/TERRARA
3125,CANTERBURY/UNION
853,CANTERBURY/WANTIRNA
3126,CANTERBURY/WARRIGAL
6825,CAPE NELSON/MUST
477,CAPITAL NR WESTLANDS
1211,CARDINIA/HENRY/RIX
4858,CARLISLE NR ACLAND
2297,CARLISLE NR ST KILDA (LIBRARY)
4852,CARLISLE NR WOODSTOCK
4837,CARLISLE/WESTBURY
1172,CAROLINE SPRING BTW BRIDGEWATER/WENDOURE
2591,CAROLINE SPRINGS/COLLEGE
2680,CAROLINE SPRINGS/COMMERCIAL
2593,CAROLINE SPRINGS/LAKE
5174,CARTWRIGHT NR KELLIHER
3179,C'BOURNE-NARRE WARREN BTW LYALL & STAWEL
3168,C'BOURNE-NARRE WARREN/CAMMS/ROCHESTER
4904,CECIL/PARK
4382,CEMETERY/COLLEGE
4380,CEMETERY/LYGON/PRINCES
3476,CENTRAL NR KIORA
3140,CENTRE DANDENONG NR COOLAC
949,CENTRE DANDENONG NR HARLEY
2345,CENTRE DANDENONG NR NEPEAN
3204,CENTRE DANDENONG/BOUNDARY
3145,CENTRE DANDENONG/CHIFLEY DVE
3145,CENTRE DANDENONG/CHIFLEY DVE
3139,CENTRE DANDENONG/DFO ACCESS RD
3141,CENTRE DANDENONG/GRANGE
3143,CENTRE DANDENONG/HOWARD
3142,CENTRE DANDENONG/MARCUS
4697,CENTRE NR AUDSLEY
4614,CENTRE NR BIGNELL
4692,CENTRE NR CAMERON
4639,CENTRE NR CHESTER
3443,CENTRE NR GILBERT
4631,CENTRE NR GODFREY
4699,CENTRE NR KIONGA
4612,CENTRE NR LILAC
2347,CENTRE NR LORANNE
4695,CENTRE NR MELALEUCA
4693,CENTRE NR WINDSOR
4655,CENTRE/BRADY
3144,CENTRE/BUCKLAND
4694,CENTRE/CLARINDA/HUNTINGDALE
3198,CENTRE/CLAYTON
2961,CENTRE/COOKE
4613,CENTRE/EAST BOUNDARY
3199,CENTRE/ESKAY
3960,CENTRE/HAMPTON
4698,CENTRE/HAUGHTON/CARINISH
4698,CENTRE/HAUGHTON/CARINISH
3441,CENTRE/JASPER
3189,CENTRE/KNIGHT
4615,CENTRE/MACKIE
4700,CENTRE/MCNAUGHTON/KOMBI
2349,CENTRE/MONASH MEDICAL CENTRE
2960,CENTRE/SPRINGS
3959,CENTRE/THOMAS
4610,CENTRE/TUCKER
3694,CENTRE/WARRIGAL
3847,CHADSTONE NR ABBOTSFORD
2486,CHADSTONE SHOPPING CENTRE POS AT ENT 1
2483,CHADSTONE SHOPPING CENTRE WEST MALL
3851,CHADSTONE/EXIT CHAD SHOPS
2824,CHANDLER HWY NR YARRA BLVD
2823,CHANDLER HWY/EAST FWY E OFF
2822,CHANDLER HWY/EAST FWY E ON
2821,CHANDLER HWY/EAST FWY WB
2820,CHANDLER HWY/PRINCESS ST
1375,CHANDLER NR GENISTA
644,CHANDLER NR ISAAC
877,CHANDLER ROAD / KMART
954,CHANDLER/DOUGLAS/RAILWAY
954,CHANDLER/DOUGLAS/RAILWAY
6199,CHAPEL (MCIVOR HWY)/HARGREAVES
4773,CHAPEL NR KING
4738,CHAPEL NR MADDOCK
4774,CHAPEL NR UNION
4740,CHAPEL/ALEXANDRA/CHURCH
4845,CHAPEL/ALMA
4851,CHAPEL/CARLISLE
4772,CHAPEL/CHATHAM/PRINCES
4737,CHAPEL/DALY
4770,CHAPEL/GARDEN (*** USE 4771 ***)
4848,CHAPEL/INKERMAN
3654,CHAPEL/MALCOLM
3917,CHAPEL/PALERMO
4771,CHAPEL/WILSON/GARDEN
1191,CHARLES GRIMES BRIDGE OFF RAMP
2521,CHARLES ST NR VICTORIA ST
6204,CHARLESTON/NOLAN
4627,CHARMAN NR GLEBE
2348,CHARMAN NR STATION
4626,CHARMAN/PARK
1019,CHELTENHAM/ALLAN
668,CHELTENHAM/BENNET
3146,CHELTENHAM/BUNNINGS ACCESS RD
979,CHELTENHAM/CAMBRIA
670,CHELTENHAM/CHANDLER
923,CHELTENHAM/CORRIGAN
269,CHELTENHAM/DINGLEY/SINCLAIR
3150,CHELTENHAM/FIVEWAYS/LAKE VIEW
650,CHELTENHAM/FOSTER/THOMAS
651,CHELTENHAM/HAMMOND
564,CHELTENHAM/KENEALLY
924,CHELTENHAM/KINGSCLERE
963,CHELTENHAM/PARKMORE SHOP CENTRE
5289,CHERRY NR WATTON
5260,CHERRY/RAILWAY
3045,CHESTER nr EATON
4637,CHESTERVILLE NR RADCLIFFE
4625,CHESTERVILLE/ARGUS/TENNYSON
4624,CHESTERVILLE/BERNARD
4635,CHESTERVILLE/COCHRANES
4617,CHESTERVILLE/WICKHAM/KEYS
2776,CHILDS NR BEAUMONT
2777,CHILDS NR SUPPLY
2809,CHILDS RD/BETULA AVE
2808,CHILDS RD/PRINCE OF WALES AVE
2779,CHILDS/REDLEAP
2772,CHILDS/STABLES SHOPPING CENTRE
5220,CHURCH NR BAYVIEW
4829,CHURCH NR BROUGHAM
4828,CHURCH NR CAMERON
3548,CHURCH NR CARPENTER
4152,CHURCH NR GIBBONS
4282,CHURCH NR GROVE
3864,CHURCH NR HOWARD                     VM9
3547,CHURCH NR ST ANDREWS
3860,CHURCH/BALMAIN/COTTER
4824,CHURCH/ELIZABETH/BAKER
4826,CHURCH/HIGHETT
5080,CHURCH/MINERVA
4808,CHURCH/SWAN
5152,CHURCH/VINES
5226,CHURCH/WEDDELL
3629,CHURCHILL NR BRAYBROOK COMMUNITY CENTRE
2620,CHURCHILL NR DOBSON
3348,CHUTE NR INGLES
1401,CITY LINK/GIBDON ENTRY
4159,CITY NR FANNING
4884,CITY/CECIL/BALLANTINE
4883,CITY/CLARENDON
4885,CITY/FERRARS/MARKET
4886,CITY/MONTAGUE/YORK
4882,CITY/MORAY/QUEENSBRIDGE
4881,CITY/POWER
4920,CITY/SOUTH GATE AVE
4880,CITY/SOUTHBANK BLVD
4880,CITY/SOUTHBANK BLVD
1403,CITYLINK/YARRA BVD EAST BD ENTRY
4719,CLARENDON NR HUNTINGDALE
4726,CLARENDON NR MELBOURNE EXHIBITION CENTRE
4891,CLARENDON/BALLANTYNE
3536,CLARENDON/COVENTRY
4916,CLARENDON/DORCAS
4661,CLARENDON/HIGH/NORMANBY
4905,CLARENDON/PARK
4878,CLARENDON/WHITEMAN/NORMANBY
4892,CLARENDON/YORK
4674,CLARKE NR OXFORD
3774,CLAYTON BTW BAYVIEW & STEWART
3207,CLAYTON NR BRENTWOOD
3205,CLAYTON NR COLONEL
3197,CLAYTON NR DUNSTAN
2344,CLAYTON NR SYLVANDER (FIRE STN)
3191,CLAYTON/DUNSTAN
3200,CLAYTON/FAIRBANK
3206,CLAYTON/HAUGHTON/CARINISH
3208,CLAYTON/MONASH MEDICAL CENTRE
3570,CLAYTON/NORTH
3209,CLAYTON/RYANS
955,CLEELAND NR KING
5123,CLIFTON SPRINGS/HANCOCK
6047,CLIFTON/ANDERSON
6047,CLIFTON/ANDERSON
642,CLOW NR ARATULA
960,CLOW NR CLEELAND
952,CLOW NR STUART
669,CLOW/WALKER
502,CLYDE RD NR CENTRE RD
556,CLYDE/CRESTHAVEN
3178,CLYDE/ENTERPRISE
508,CLYDE/GREAVES/O'SHEA
537,CLYDE/MOONDARRA/MEADOWLANDS
2546,COBURNS RD BTW PERRY AND CARINA
2646,COBURNS/BARRIES
2661,COBURNS/RICHARD
2654,COBURNS/SHOP CENTRE ACCESS
4982,COBURNS/WESTERN FWY (NTH)
4983,COBURNS/WESTERN FWY (STH)
1252,COLBY NR BELGRAVE-HALLAM
890,COLCHESTER NR COLLIER
461,COLEMAN NR FIANDER
1158,COLEMANS/PRODUCE
1062,COLLEGE NR CEMETERY
3460,COLLINS BTW SPENCER & KING
4579,COLLINS NR ELIZABETH
1188,COLLINS NR KARLSRUHE LA (FMRL GEOGRAPHE)
1075,COLLINS NR SPENCER ST STATION
1074,COLLINS NR STADIUM DR
4576,COLLINS/EXHIBITION
1141,COLLINS/HARBOUR
4582,COLLINS/MARKET
1142,COLLINS/NAVIGATION DR
4544,COMMERCIAL NR ALFRED HOSP
6809,COMMERCIAL NR HIGH
6658,COMMERCIAL NR TARWIN
4751,COMMERCIAL NR TYRONE
2983,COMMERCIAL/BALMORAL
6663,COMMERCIAL/HAZELWOOD
4537,COMMERCIAL/IZETT
2571,COMMERCIAL/LAKE
3717,COMO PDE WEST NR BIRDWOOD
4643,COMO PDE WEST NR MENTONE PDE
6291,CONDON/RESERVOIR
2695,COOPER BTW DAVISSON/HOWARD
1311,COOPER ST/ DAVISSON ST
1310,COOPER ST/DALTON RD
2814,COOPER/EDGARS
2813,COOPER/FREIGHT/REX
2812,COOPER/GATEWAY BLVD
2838,COOPER/METROLINK CIRCUIT
2787,COOPER/MILLER/EPPING PLAZA SHOP C ACC 4
3238,COOPER/NORTHERN HOSPITAL ENTRANCE
2818,COOPER/SCANLON
2811,COOPER/TIP ACCESS RD
2964,COOPER/WILLANDRA
2712,CORDITE/AMRL/WATERFORD GRN EST ENTRANCE
931,CORRIGAN NR COLLEGE
925,CORRIGAN/ATHOL
942,CORRIGAN/KINGSCLERE
927,CORRIGAN/LIGHTWOOD
933,CORRIGAN/NOBLE
4326,COTHAM NR BRADFORD
4325,COTHAM NR FLORENCE
4337,COTHAM NR HIGH
4332,COTHAM NR JOHN
4333,COTHAM NR MARSHALL
4323,COTHAM/CHARLES
4324,COTHAM/GLENFERRIE
5251,COTTRELL ST (EAST)/MARKET
5024,COX NR NEVADA
2815,CRAIGIEBURN BYPASS/COOPER
2815,CRAIGIEBURN BYPASS/COOPER
2815,CRAIGIEBURN BYPASS/COOPER
2815,CRAIGIEBURN BYPASS/COOPER
2819,CRAIGIEBURN BYPASS/CRAIGIEBURN RD EAST
2164,CRAIGIEBURN ROAD WEST NR BENSTON
2834,CRAIGIEBURN/BRIDGEWATER
3871,CRAMER NR JESSIE
746,CRANBOURNE NR WATTLETREE
1145,CRANBOURNE/CLARENDON
272,CRANBOURNE/FLETCHER/FIRE STN
276,CRANBOURNE/KARINGAL
747,CRANBOURNE/KARINGAL HUB ENT
271,CRANBOURNE/LEE
744,CRANBOURNE/MCCLELLAND
731,CRANBOURNE/MCMAHONS/FRANKSTON FWY
1091,CRANBOURNE/PEN.POWER CENTRE ACCESS
750,CRANBOURNE/PLAYNE
302,CRANBOURNE-FRANK/SOUTHGATEWAY
255,CRANBOURNE-FRANK/WARRANDYTE
259,CRANBOURNE-FRANKSTON NR JOSEPHINE
1056,CRANBOURNE-FRANKSTON/AMSTEL GC
1261,CRANBOURNE-FRANKSTON/CENTRE/POTTS
1077,CRANBOURNE-FRANKSTON/FAIRBAIRN
570,CRANBOURNE-FRANKSTON/HALL
261,CRANBOURNE-FRANKSTON/LONG ST
1260,CRANBOURNE-FRANKSTON/NORTHGATEWAY/QUARRY
1078,CRANBOURNE-FRANKSTON/SCOTT
505,CRANBOURNE-FRANKSTON/SLADEN/MONAHANS
514,CRANBOURNE-FRANKSTON/UNION/PINDARA
1116,CRANBOURNE-FRANKSTON/WESTERN PORT
627,CROYDON NR SURREY
887,CROYDON/LINCOLN (see site no. 137)
4127,CUMBERLAND NR OLIVE
4491,CURZON/HAINES
2792,DALTON NR DAVID
2698,DALTON NR GUILA
2768,DALTON/DAREBIN/ALEXANDER
4994,DALTON/THE BOULEVARD
5839,DANA/ARMSTRONG
1119,DANDENDONG SOUTH BYPASS/CHANDLER
1120,DANDENONG SOUTHERN BYPASS/HAMMOND
1118,DANDENONG SOUTHERN BYPASS/PERRY
1121,DANDENONG STH BYPASS/DAND_FRANSTON
1122,DANDENONG STH BYPASS/STH GIPPSLAND HWY
621,DANDENONG VALLEY/MONTEREY/ELLIOTT
1079,DANDENONG-FRANKSTON NR KLAUER
515,DANDENONG-FRANKSTON RD NR WILLOW
702,DANDENONG-FRANKSTON/EXCELSIOR
541,DANDENONG-FRANKSTON/QUALITY/COJO
3172,DANDENONG-HASTINGS/THOMPSONS
4652,DAREBIN NR ARTHUR
4666,DAREBIN NR SPARKS
4663,DAREBIN NR WALES
3267,DAREBIN/STATION
4664,DAREBIN/VICTORIA
745,DAVEY/BAXTER/HASTINGS
728,DAVEY/YOUNG
528,DAVEY-HASTINGS NR FRANKSTON HOSP ENT
1162,DAVID MUNROE DR/STAINSBY CR
2775,DAVISSON NR WEDGE
3788,DAWSON NR DALY
3786,DAWSON NR FALLON
3795,DAWSON WEST OF SAXON
4016,DAWSON/GRANTHAM
3027,DENDY/ESPLANADE
3957,DENDY/HAMPTON
1190,DENMARK/STEVENSON
3663,DENMARK/WELLINGTON
4135,DERBY NR KENT
5000,DERRIMUT/BAGGOTT
5254,DERRIMUT/HEATHS
5313,DERRIMUT/HOGANS
5235,DERRIMUT/LEAKES
3767,DERRIMUT/POPLAR/BADEN POWELL
5262,DERRIMUT/RAILWAY AVE
5281,DERRIMUT/VIRGILIA/SYCAMORE
5281,DERRIMUT/VIRGILIA/SYCAMORE
5246,DERRIMUT/WARRINGA
5265,DERRIMUT/WILLMOTT
5604,DESAILLY NR CUNNINGHAME
2711,DEVONSHIRE / WITHERS
2709,DEVONSHIRE/CORNWALL
4947,DEVONSHIRE/DUKE
4946,DEVONSHIRE/HAMPSHIRE
2643,DEVONSHIRE/HARVESTER RD
4167,DIAMOND CREEK NR SUNRISE
2816,DIAMOND CREEK RD/GREENSBOROUGH HWY/CIVIC
3339,DIAMOND CREEK/PLENTY RIVER
3349,DIAMOND CREEK/ST HELENA
4176,DIAMOND CREEK/YAN YEAN/AQUEDUCT
4926,DICKSON NR CLARKE (HAMPSHIRE RD)
3672,DIMBOOLA/MAIN
3995,DIMBOOLA/PEARCEDALE
3967,DOCKLANDS/DOEPEL/WATERFRONT
4163,DOCKLANDS/PEARL RIVER ROAD
1069,DOCKLANDS/SAINT MANGOS
4436,DOCKLANDS/WESTERN LINK NB ON & OFF RAMP
3479,DOHERTYS NR WESTGATE
5294,DOHERTYS/FEDERATION TRAIL
5266,DOHERTYS/HUME
3473,DOHERTYS/JESSICA
4547,DOMAIN NR DOMAIN ST
4546,DOMAIN NR ST KILDA RD
4548,DOMAIN/PARK/BIRDWOOD
2182,DONALD CAMERON/LINCOLN/THOMAS BRUNTON
344,DONCASTER EAST NR MITCHAM
4053,DONCASTER NR BUCHANAN
2041,DONCASTER NR CENTREWAY
323,DONCASTER NR HENDER
332,DONCASTER NR LEEDS
4052,DONCASTER NR MARWAL
3181,DONCASTER NR SYLVANDER
3827,DONCASTER NR VIEWHILL
3180,DONCASTER/BALWYN
335,DONCASTER/BLACKBURN
4051,DONCASTER/BULLEEN/SEVERN
329,DONCASTER/CHURCH
327,DONCASTER/COUNCIL
334,DONCASTER/DONCASTER BUS DEPOT
333,DONCASTER/DRYDEN
324,DONCASTER/ELGAR  (SLAVED 325)
326,DONCASTER/FREDERICK/SHOPPING
2829,DONCASTER/GREYTHORN
2830,DONCASTER/HIGH
331,DONCASTER/JACKSON CRT
338,DONCASTER/MITCHAM/OLD W'DYTE
325,DONCASTER/TRAM/WILLIAMSONS
337,DONCASTER/TUNSTALL
330,DONCASTER/WETHERBY/VICTORIA
2043,DONCASTER/WHITTENS
2193,DONNYBROOK/HUME FWY NB RAMPS
3418,DORCAS NR ST LUKE
4899,DORCAS/FERRARS
4898,DORCAS/MONTAGUE
4915,DORCAS/PICKLES/INGLES
630,DORSET NR DUMOSA
770,DORSET NR ELSIE
807,DORSET RD / FRANCIS CR
772,DORSET RD NR ALMA RD
771,DORSET RD NR CHANDLER
806,DORSET RD/LANDSCAPE DRV
797,DORSET ROAD NR WES CRES
374,DORSET/BORONIA
631,DORSET/CANTERBURY
767,DORSET/CHANDLER
1123,DORSET/CLIPSAL
623,DORSET/EASTFIELD
1139,DORSET/GOLF LINKS/THE RANGE BVD
628,DORSET/HULL/HEWISH
641,DORSET/LINCOLN (NORTH)
633,DORSET/LINCOLN (SOUTH)
629,DORSET/MT DANDENONG
945,DOUGLAS NR BUCKLEY
946,DOUGLAS NR FRANK
928,DOUGLAS NR LEONARD
4968,DOUGLAS NR STEVEDORE
3210,DOUGLAS/NORTH
5827,DOVETON BTW NORMAN & LANSBOROUGH
2516,DROOP NR FOOTSCRAY FIRE ST
2515,DROOP/DONALD
6615,DROUIN-WARRAGUL NR LATROBE
5166,DROUIN-WARRAGUL/DROUIN-KORUMBURRA
5826,DRUMMOND NR MAIR
2937,DRYBURGH/QUEENSBERRY
4518,DRYBURGH/SPENCER/MILLER
5165,DRYSDALE-ST LEONARDS RD NTH OF BLANCHE
1112,DSB/EASTLINK
918,DUBLIN NR RAILWAY
916,DUBLIN/ALEXANDRA
1063,DUDLEY NR WILLIAM
4522,DUDLEY/ADDERLEY
2677,DUKE/SURREY
5242,DUNCANS/COLLEGE
5291,DUNCANS/FEDERATION TRAIL
5253,DUNCANS/SYNNOT
5001,DUNCANS/WATTON
2044,DUNLOP NEAR FRANCIS
5234,DUNNINGS/BOARDWALK
811,DURHAM NR ANITA
3955,DURRANT NR MALE
3405,DYNON/DOCK LINK
4482,DYNON/KENSINGTON
4483,DYNON/LLOYD
4622,EAST BOUNDARY NR JULIANA
4623,EAST BOUNDARY NR MARGARETTA
1209,EAST BOUNDARY RD/ARDENA CRT
2667,EAST ESPLANADE NR POWER
3726,EAST RING RD STH OF NTH RING MONASH UNI
3080,EAST ST NR MIDDLE ST (FITZROY ST)
550,EASTBOURNE NR THE VILLAGE GLEN
998,EASTBOURNE NR WHITEHEAD
524,EASTBOURNE RD btw SPRAY St & Nineth Av
5042,EASTERN BEACH/BELLARINE/BROUGHAM
3380,EASTERN FWY OFF RAMP/HODDLE
3378,EASTERN FWY ON NR HODDLE         DD 3380
3378,EASTERN FWY ON NR HODDLE         DD 3380
709,EASTERN FWY RAMP/THOMPSONS
575,EASTERN FWY/BLACKBURN
575,EASTERN FWY/BLACKBURN
2827,EASTERN FWY/BULLEEN/THOMPSONS
2827,EASTERN FWY/BULLEEN/THOMPSONS
2833,EASTERN FWY/BURKE
2828,EASTERN FWY/DONCASTER
2828,EASTERN FWY/DONCASTER
2899,EASTERN FWY/DONCASTER RAMP I/B
3918,EASTERN FWY/ELGAR
3918,EASTERN FWY/ELGAR
574,EASTERN FWY/MIDDLEBOROUGH
574,EASTERN FWY/MIDDLEBOROUGH
576,EASTERN FWY/SPRINGVALE
576,EASTERN FWY/SPRINGVALE
1900,EASTERN FWY/THOMPSONS ON RAMP OB
3919,EASTERN FWY/TRAM
3919,EASTERN FWY/TRAM
2105,EASTERN HWY NR GOLD
2102,EASTERN HWY NR NAPIER
2106,EASTERN HWY/BRUNSWICK
2108,EASTERN HWY/GEORGE
2108,EASTERN HWY/GEORGE
2101,EASTERN HWY/QUEENS/BRUNSWICK
2103,EASTERN HWY/SMITH
2103,EASTERN HWY/SMITH
2104,EASTERN HWY/WELLINGTON
2104,EASTERN HWY/WELLINGTON
2110,EASTERN NR GOLD (WEST BOUND)
2109,EASTERN NR YOUNG (WEST BOUND)
2832,EASTERN/BULLEEN OFF RAMP         DD 2827
2831,EASTERN/BURKE OFF RAMP           DD 2825
2825,EASTERN/BURKE ON RAMP
2100,EASTERN/NICHOLSON/PRINCES
1103,EASTLINK/BURWOOD HWY INTERCHANGE
1103,EASTLINK/BURWOOD HWY INTERCHANGE
1102,EASTLINK/CANTERBURY INTERCHANGE
1102,EASTLINK/CANTERBURY INTERCHANGE
1111,EASTLINK/CHELTENHAM INTERCHANGE
1111,EASTLINK/CHELTENHAM INTERCHANGE
1107,EASTLINK/FERNTREE GULLY INTERCHANGE
1107,EASTLINK/FERNTREE GULLY INTERCHANGE
1105,EASTLINK/HIGH STREET ROAD INTERCHANGE
1105,EASTLINK/HIGH STREET ROAD INTERCHANGE
1109,EASTLINK/POLICE INTERCHANGE
1109,EASTLINK/POLICE INTERCHANGE
5818,EASTWOOD NR ANDERSON
6334,ECHUCA-MOOROOPNA NR ANN
6341,ECHUCA-MOOROOPNA NR BAKER
6335,ECHUCA-MOOROOPNA NR HIGH SCHL
3975,EDGARS RD / KINGSWAY DR
3982,EDGARS/BARRY
2788,EDGARS/COMALCO ACCESS
4990,EDGARS/MAIN
2766,EDGARS/VICTORIA
284,EDITHVALE NR KINROSS       BICYCLE TRACK
155,EDWARD RD/VIEWPOINT DR
4797,EDWARDES NR COMPTON
3882,EDWARDES NR OLIVE
3881,EDWARDES NR SPRATLING
3874,EDWARDES/BANBURY
3875,EDWARDES/NEWLANDS
2590,ELEANOR NR STANLAKE
3923,ELGAR NR ERASMUS
3921,ELGAR NR LORAINE
2219,ELGAR NR MAROONDAH
3934,ELGAR NR SEVERN
3943,ELGAR/ARNOLD
3920,ELGAR/BELMORE
3940,ELGAR/CARRINGTON
3922,ELGAR/MONT ALBERT
3916,ELGAR/UGANDA
3417,ELGIN NR DRUMMOND
6401,ELIZABETH NR AMOS
4133,ELIZABETH NR MURPHY
1060,ELIZABETH NR PELHAM
4823,ELIZABETH NR WILLIAMS
4512,ELIZABETH/A'BECKETT ST
4597,ELIZABETH/BOURKE ST
4580,ELIZABETH/COLLINS
4571,ELIZABETH/FLINDERS LANE
4563,ELIZABETH/FLINDERS ST
4511,ELIZABETH/FRANKLIN ST
2922,ELIZABETH/LATROBE ST
4822,ELIZABETH/LENNOX
4606,ELIZABETH/LITTLE BOURKE ST
4589,ELIZABETH/LITTLE COLLINS ST
2914,ELIZABETH/LITTLE LONSDALE ST
2906,ELIZABETH/LONSDALE
1061,ELIZABETH/PEEL/FLEM/BEDFORD
4387,ELIZABETH/QUEENSBERRY ST
4510,ELIZABETH/THERRY ST
4388,ELIZABETH/VICTORIA ST
4467,ELLIOT/TRAMWAY CROSSING
4477,ELLIOTT/BRENS
953,ELONERA NR TITCHER
2566,EPPING NR TAGGERTY
2692,EPPING/HAYSTON/LYNDARUM
2524,EPSOM NR BANGALORE
4207,EPSOM NR DONCASTER
1014,EPSOM NR ROSEBERRY
1166,EPSOM ROAD/SHOPPING CENTRE ACCESS
1009,EPSOM/FLEMINGTON RACECOURSE ENT
1002,EPSOM/LANGS
1010,EPSOM/UNION
760,ERAMOSA NR FRANK-FLINDERS
3869,ERIN NR NORMANBY
4498,ERROL/QUEENSBERRY
3256,ESPLANADE BTW PIER/BENT
4973,EVANS NR STATION
3246,EVANS/BROOK
4979,EXFORD NR STAUGHTON
4980,EXFORD RD NR MORSHEAD
4568,EXHIBITION/FLINDERS LANE
4560,EXHIBITION/FLINDERS ST
2919,EXHIBITION/LATROBE
4603,EXHIBITION/LITTLE BOURKE
4586,EXHIBITION/LITTLE COLLINS
2911,EXHIBITION/LITTLE LONSDALE
2902,EXHIBITION/LONSDALE
2700,FAIRBAIRN NR TALLINTYRE
2694,FAIRBAIRN/INDUSTRIAL/NORTHERN ACCESS
3948,FAIRBANK NR FURY
4706,FAIRBANK NR MONASH CRES
1034,FARADAY/DRUMMOND
3437,FARNSWORTH/MEYERS
5225,FELLMONGERS NR HITCHCOCK
5195,FENWICK/GORDON/RAILWAY
3525,FERGUSON BTW LYONS/BATH
4969,FERGUSON NR CECIL
377,FERNTREE GULLY / ENT BUNNINGS (KNOX)
452,FERNTREE GULLY NR AVONHURST
446,FERNTREE GULLY NR HOWLEYS
1185,FERNTREE GULLY NR KATHRYN
4714,FERNTREE GULLY NR MACRINA
451,FERNTREE GULLY/BLACKBURN
378,FERNTREE GULLY/BORG
450,FERNTREE GULLY/BRANDON PK
796,FERNTREE GULLY/CARIBBEAN/NYADALE
4715,FERNTREE GULLY/CLAYTON/STEPH
4716,FERNTREE GULLY/FORSTER/GARDN
3725,FERNTREE GULLY/GILBY
384,FERNTREE GULLY/HENDERSON/DAIRY ENTRANCE
3280,FERNTREE GULLY/HUNTINGDALE
455,FERNTREE GULLY/JELLS
449,FERNTREE GULLY/LUM
765,FERNTREE GULLY/LYNTON/JANINE
457,FERNTREE GULLY/MOUNTAIN GATE
459,FERNTREE GULLY/SCORESBY
456,FERNTREE GULLY/STUD
454,FERNTREE GULLY/WATSONS/STRADA
827,FERNTREE GULLY/WINDERMERE
4907,FERRARS NR BRIDPORT
3537,FERRARS NR COVENTRY
6413,FIREBRACE/ROBERTS
2577,FITZGERALD/ALLISON/DAVID
4989,FITZGERALD/FEDERATION TRAIL
5258,FITZGERALD/GILBERTSON
2581,FITZGERALD/WRR IB RAMP
5002,FITZGERALDS/LEAKES/KOROROIT CREEK
4833,FITZROY NR PARK
3428,FITZROY/ACLAND
3016,FITZROY/JACKA/ESPLANADE
4832,FITZROY/PRINCES/LAKESIDE
725,FITZSIMONS NR PORTER
4464,FLEMINGTON NR CHILDREN'S HOS
4462,FLEMINGTON NR MELROSE
4468,FLEMINGTON NR PARK DR
4456,FLEMINGTON RD/VILLIERS (ROYAL MELB HOSP)
4463,FLEMINGTON/ABBOTSFORD
4460,FLEMINGTON/CHURCH
4465,FLEMINGTON/GATEHOUSE/HARKER
4466,FLEMINGTON/GRATTAN/WRECKYN
4461,FLEMINGTON/RACECOURSE/ELLIOT
1178,FLEMINGTON/RC-HOSPITAL ENTRANCE
387,FLETCHER NR BEACH
748,FLETCHER/BEACH/RAILWAY
4525,FLINDERS EXT/WORLD TRADE CENTRE ACCESS
2950,FLINDERS LANE nr KING ST
3410,FLINDERS LANE/MARKET
4565,FLINDERS/MARKET
2931,FLINDERS/WELLINGTON PDE STH
3716,FLORENCE NR BAKERY LANE
1219,FOLEYS/LENNON PARKWAY/CENTRAL PARK BVD
697,FOOTE NR ELSA
681,FOOTE/HIGH
4374,FOOTSCRAY/APPLETON DOCK
4378,FOOTSCRAY/FCL ACCESS
4434,FOOTSCRAY/GATE E (NEW)
4458,FOOTSCRAY/GATE F (STA ENTRANCE NO.1)
3778,FOOTSCRAY/MARKET GATE 1.
4376,FOOTSCRAY/MARKET GATE 2
4375,FOOTSCRAY/MARKET GATE 4
4377,FOOTSCRAY/SWANSON DOCK/DOCK LINK (COODE)
4435,FOOTSCRAY/WESTERN LINK STH-BND OFF RAMP
4373,FOOTSCRAY/WURUNDJERI/DOCKLANDS/HARBOUR
380,FOREST NR ALPINE
883,FOREST NR CONYERS
385,FOREST NR DOYSAL
3963,FORSTER/RICKETTS/HARDNER
1174,FORSYTH / FEDERATION BLVD
253,FOSTER/ENT CAPITAL CENTRE
673,FOSTER/ROBINSON
3432,FRANCIS NR BALLARAT
4255,FRANCIS/STEPHEN
4254,FRANCIS/WEMBLEY
3438,FRANCIS/WHITEHALL
734,FRANK-DAND NR BAWDEN
1028,FRANK-DANDY/KIRKHAM
758,FRANK-FLIND NR ERAMOSA
737,FRANK-FLIND/GOLF LINK/TOWERHILL
738,FRANK-FLIND/MCMAHONS(MOOROODUC/DAVEY)
6683,FRANKLIN NR POST OFFICE PLACE
4509,FRANKLIN NR QUEEN
3966,FRANKLIN NR QUEEN
1059,FRANKLIN/PEEL/WILLIAM
545,FRANKSTON FWY/SKYE
522,FRANKSTON-CRANBOURNE RD/ BROOKLAND GREEN
2687,FRANKSTON-CRANBOURNE/BEACH
304,FRANKSTON-DANDENONG/ABBOTTS
1171,FRANKSTON-DANDENONG/COLEMAN
275,FRANKSTON-DANDENONG/FRANKSTON FWY RAMPS
275,FRANKSTON-DANDENONG/FRANKSTON FWY RAMPS
275,FRANKSTON-DANDENONG/FRANKSTON FWY RAMPS
664,FRANKSTON-DANDENONG/GREENS
982,FRANKSTON-DANDENONG/JAYCO
729,FRANKSTON-DANDENONG/KLAUER
752,FRANKSTON-DANDENONG/LATHAMS/HALL
749,FRANKSTON-DANDENONG/O'GRADYS
733,FRANKSTON-DANDENONG/SEAFORD/BALLARTO
735,FRANKSTON-DANDENONG/SKYE/OVERTON/WELLS
735,FRANKSTON-DANDENONG/SKYE/OVERTON/WELLS
620,FRANKSTON-DANDENONG/THOMPSONS
531,FRANKSTON-FLINDERS/MORNINGTON-TYABB
821,FRANKSTON-FLINDERS/STONY POINT
2786,FRENCH/BARKLY
802,FULHAM NR PEPPER TREE HILL
2723,FULLARTON/MOORNA/CALDER FWY
3670,FURLONG NR BOND
2670,FURLONG NR CAMPERDOWN
2671,FURLONG NR FORD
2675,FURLONG/BROWNE
2674,FURLONG/CAIRNLEA
4935,FURLONG/ST ALBANS
4776,FURLONG/SUNSHINE HOSPITAL ENT
5200,FYANS/SWANSTON
5189,FYANS/YARRA
3892,GAFFNEY NR BATMAN
4113,GAFFNEY NR LANDELLS
4136,GAFFNEY NR MOLESWORTH
4112,GAFFNEY/CUMBERLAND
3769,GAFFNEY/DAWSON
4114,GAFFNEY/DERBY
462,GALLAGHERS NR TOWNSEND
3249,GAP/HORNE (WEST SIDE HORNE)
5071,GARDEN/MCKILLOP
5132,GEELONG BYPASS/ANAKIE INTERCHANGE
5132,GEELONG BYPASS/ANAKIE INTERCHANGE
5132,GEELONG BYPASS/ANAKIE INTERCHANGE
5132,GEELONG BYPASS/ANAKIE INTERCHANGE
5134,GEELONG BYPASS/BACCHUS MARSH
5134,GEELONG BYPASS/BACCHUS MARSH
5134,GEELONG BYPASS/BACCHUS MARSH
5134,GEELONG BYPASS/BACCHUS MARSH
5142,GEELONG RING RD/BARRABOOL RD
5142,GEELONG RING RD/BARRABOOL RD
5153,GEELONG/PORTARLINGTON ROAD NEAR HERMSLEY
5153,GEELONG/PORTARLINGTON ROAD NEAR HERMSLEY
5121,GEELONG-PORTARLINGTON NR EVERSLEY
5116,GEELONG-PORTARLINGTON/CHRISTIES
5116,GEELONG-PORTARLINGTON/CHRISTIES
5213,GEELONG-PORTARLINGTON/POINT HENRY
5213,GEELONG-PORTARLINGTON/POINT HENRY
5051,GEELONG-PT'TON/RYIE/BOUNDARY
5051,GEELONG-PT'TON/RYIE/BOUNDARY
341,GEORGE NR DEHNERT
6639,GEORGE NR MOORE
805,GEORGE/CHURCH
1076,GEORGIANA/WURUNDJERI
4222,GERTRUDE NR NAPIER
4144,GERTRUDE/LANGRIDGE/SMITH
5039,GHERINGHAP/MALOP/MERCER
5039,GHERINGHAP/MALOP/MERCER
5039,GHERINGHAP/MALOP/MERCER
5039,GHERINGHAP/MALOP/MERCER
5039,GHERINGHAP/MALOP/MERCER
5039,GHERINGHAP/MALOP/MERCER
5074,GHERINGHAP/MCKILLOP
3873,GILBERT NR JACKA
4785,GILBERT NR LOCKSLEY
3872,GILBERT NR MILLER
4798,GILBERT NR OAKOVER
4788,GILBERT/CRAMER
4787,GILBERT/MURRAY
4786,GILBERT/REGENT
5829,GILLIES ST NR NORMAN ST
5837,GILLIES/ LAKE GARDENS AVE
5828,GILLIES/WINTER
6306,GISBORNE-KILMORE NR SUNBURY-RIDDELLS
5799,GISBOURNE NR LERDERDERG
969,GLADESTONE/PERKIN/GATEWAY
653,GLADSTONE NR GLADSVILLE
643,GLADSTONE NR JANICE
951,GLADSTONE NR MURRAY
654,GLADSTONE NR O'MALLEYS
4047,GLADSTONE NR PRATT
2855,GLADSTONE PARK NR BELMONT
490,GLADSTONE RD/HALTON RD
676,GLADSTONE/BRADY
5986,GLADSTONE/INKERMAN/PEKIN
808,GLADSTONE/OUTLOOK
1204,GLEN EIRA NR QUAT QUATTA AVE
4108,GLEN EIRA NR ST GEORGES
4079,GLEN EIRA/KOOYONG
1030,GLEN IRIS NR FERNDALE PARK
3814,GLEN IRIS NR KERFERD
5952,GLENELG HWY NR BELL
5830,GLENELG HWY NR STURT STREET
5950,GLENELG HWY(DOVETON)/DANA
5951,GLENELG HWY(DOVETON)/EYRE
5959,GLENELG HWY/ALFRED
5942,GLENELG HWY/COX ST/FRENCH ST (HAMILTON)
5958,GLENELG HWY/LEITH
4284,GLENFERRIE / WAKEFIELD
3842,GLENFERRIE NR EDSALL
4330,GLENFERRIE NR FITZWILLIAM
2485,GLENFERRIE NR GARDINER
2484,GLENFERRIE NR JOHNSON
3841,GLENFERRIE NR KOOYONG STN
4274,GLENFERRIE NR URQUHART
4275,GLENFERRIE/CALLANTINA
3850,GLENFERRIE/EVANDALE
4270,GLENFERRIE/RIVERSDALE
4356,GLENFERRIE/TOORAK
4365,GLENFERRIE/WATTLETREE
4328,GLENFERRIE/WELLINGTON
2673,GLENGALA BTN SIMMIE & OLDFIELD
2699,GLENGALA NR DINNELL
2622,GLENGALA NR SIMMIE
4839,GLENHUNTLY NR BROADWAY
4109,GLENHUNTLY NR CARRE
4090,GLENHUNTLY NR CEDAR
4087,GLENHUNTLY NR GORDON
2742,GLENHUNTLY NR MANCHESTER
1232,"GLENHUNTLY RD , WEST OF BROADWAY"
4092,GLENHUNTLY/BAMBRA
4093,GLENHUNTLY/BOORAN
3291,GLENHUNTLY/GRANGE/WATSON
4089,GLENHUNTLY/KOOYONG
4088,GLENHUNTLY/ORRONG
4106,GLENHUNTLY/TRUGANINI
4026,GLENLYON NR GARDEN
3988,GLENROY/WHEATSHEAF/HART'TON
6260,GOLDEN SQUARE-LONG GULLY/SYMONDS
2781,GORDON / EDGEWATER / MITCHELL
4241,GORDON NR SHEPHERD
6090,GOULBURN VALLEY HWY NR GUTHRIE
6048,GOULBURN VALLEY HWY NR PRENTICE
6048,GOULBURN VALLEY HWY NR PRENTICE
6074,GOULBURN VALLEY HWY/KIALLA LAKES
6074,GOULBURN VALLEY HWY/KIALLA LAKES
6088,GOULBURN VALLEY HWY/SOBRAON
6077,GOULBURN VALLEY/NIXON         SHEPPARTON
6072,GOULBURN VLY HWY NR GRANT
6071,GOULBURN VLY HWY NR MADELINE
6071,GOULBURN VLY HWY NR MADELINE
6089,GOULBURN VLY HWY/WILMOT/LONGSTAFF
6076,GOULBURN VLY NR  NIXON        SHEPPARTON
6086,GOULBURN VLY/BALACLAVA        SHEPPARTON
6083,GOULBURN VLY/FRYERS           SHEPPARTON
6085,GOULBURN VLY/KNIGHT           SHEPPARTON
6082,GOULBURN VLY/MIDLAND(HIGH)
2582,GOURLAY NR COMMUNITY HUB
2548,GOURLAY/HUME DRIVE
3713,GOVERNOR NR CHUTE
4728,GRAHAM NR CLARKE
4952,GRAHAM ST STH/WRIGHT/ANDERSON RD
4727,GRAHAM/PICKLES
3755,GRAHAM/PLUMMER
3293,GRANGE BTW GARDEN/WATTLE
3318,GRANGE NR EVANS
4667,GRANGE/DAREBIN
3290,GRANGE/NEERIM
4671,GRANGE/SEPARATION
4653,GRANGE/WINGROVE
5831,GRANT NR PILMER
3780,GRANTHAM NR UNION
4161,GRATTAN ST NR BERKELEY ST
4425,GRATTAN/BOUVERIE
4395,GRATTAN/CARDIGAN
1029,GRATTAN/DRUMMOND
4396,GRATTAN/LYGON
4394,GRATTAN/MELBOURNE UNIVERSITY
4386,GRATTAN/ROYAL
4391,GRATTAN/SWANSTON
5941,GRAY ST NR BROWN ST
5124,Great Ocean Rd Nr Mc Laren Pde
5232,GREAT OCEAN RD/DUFFIELDS RD
5122,GREAT OCEAN ROAD nr HARDY
5199,GREAT OCEAN/HOYLAKE
2736,GREEN GULLY(ST ALBANS)/DRISCOLLS
2722,GREEN GULLY(ST ALBANS)/SUNSHINE/TAYLORS
1240,GREENS RD/KEY DVE
1113,GREENS/EASTLINK
1113,GREENS/EASTLINK
754,GREENS/KITCHEN
727,GREENS/LANYON
595,GREENS/SOUTH PARK DEVELOPMENT ACCESS
3912,GREENSBOROUGH BYPASS/ELDER
3341,GREENSBOROUGH BYPASS/WATSONIA
3357,GREENSBOROUGH HWY/METROPOLITAN RING RD
3357,GREENSBOROUGH HWY/METROPOLITAN RING RD
3350,GREENSBOROUGH/ERSKINE
3333,GREENSBOROUGH/LWR PLENTY
3340,GREENSBOROUGH/YALLAMBIE
4175,GREENWOOD NR MAPLE
6682,GREY BTN FRANKLIN & WRIGHT
4840,GREY NR ROBE
4060,GREYTHORN NR YENEDA
3913,GRIEVE/DOHERTYS
3907,GRIEVE/PINNACLE/TOYOTA ENT GATE 7
3910,GRIEVE/TARAS
3906,GRIEVE/THE GATEWAY
3908,GRIEVE/TOYOTA ENT GATE 4
4170,GRIMSHAW NR BALAKA
4178,GRIMSHAW NR DENDARYL
4182,GRIMSHAW NR JESSOP
4171,GRIMSHAW NR PATRICIA
3909,GRIMSHAW/CHURCH
4188,GRIMSHAW/CONCORDE
3344,GRIMSHAW/GREENSBOROUGH
4187,GRIMSHAW/GREENSBOROUGH BYPASS
3345,GRIMSHAW/HENRY/CIRCUIT
3911,GRIMSHAW/MAIN
4172,GRIMSHAW/WATSONIA/MACORNA
5138,GRR/HAMILTON HWY
5138,GRR/HAMILTON HWY
5143,GRR/PRINCES/ROSSACK
5608,GUTHRIDGE NR STEAD
6081,GVH/PINE/BRAUMAN
6138,GVH/RIVERVIEW
617,HALL/CADLES
559,HALLAM NR SOMERVILLE
557,HALLAM NTH/BELGRAVE-HALLAM
558,HALLAM NTH/JAMES COOK
975,HALLAM SOUTH NR HALLAM STATION
992,HALLAM SOUTH/KEPPEL/EMPIRE
1148,HALLAM STH BTW WILLOW & CENTRE
303,HALLAM/CORAL/FORDHOLM
1208,HALLAM/ORMOND
400,HALLAM/POUND
5308,HAMILTON(ABERDEEN)/MINERVA
665,HAMMOND/GREENS
655,HAMMOND/KIRKHAM
667,HAMMOND/WEBSTER
2648,HAMPSHIRE NR HARVESTER
4433,HAMPSHIRE NR SERVICE
4957,HAMPSHIRE/DERBY
4960,HAMPSHIRE/HERTFORD
4953,HAMPSHIRE/WRIGHT
2707,HAMPSTEAD NR KEITH
4937,HAMPSTEAD/MITCHELL/OMAR
4936,HAMPSTEAD/WESTS/WILLIAMSON
4860,HAMPTON NR HOLYROOD
4867,HAMPTON NR THOMAS
3958,HAMPTON NR WERE
3568,HAMPTON/DURRANT/CLUDEN
4861,HAMPTON/WILLIS
4713,HANOVER NR PORTMAN           C
1067,HARBOUR ESP NR LATROBE
1068,HARBOUR ESP/COMTECHPORT ENT
1066,HARBOUR ESP/LATROBE
4372,HARBOUR/BOURKE/PIGOTT
7215,HARE NR PAKENHAM
6319,HARE NR PAKENHAM
1223,HARVESTER/SUNSHINE MARKETPLACE SHOPPING
4707,HAUGHTON NR JOHNSON
6096,HAWDON NR REA                 SHEPPARTON
1155,HAWTHORN NR AUTUMN
3961,HAWTHORN NR CHARLES
3962,HAWTHORN NR CLIVE
4097,HAWTHORN NR ELLINGTON
4080,HAWTHORN/GLEN EIRA
4091,HAWTHORN/GLENHUNTLY
4072,HAWTHORN/INKERMAN
3546,HAWTHORN/UNION
546,HEATHERDALE NR RAIL STATION
1239,HEATHERHILL NR HILLCREST
940,HEATHERTON NR COOPER
3108,HEATHERTON NR JAMES COOK
1180,HEATHERTON NR LIEGE
938,HEATHERTON NR MEMORIAL
519,HEATHERTON/BELGRAVE-HALLAM
959,HEATHERTON/BOYD/CLEELAND
656,HEATHERTON/CHANDLER
929,HEATHERTON/CORRIGAN
1235,HEATHERTON/DOUGLAS/LIGHTWOOD
657,HEATHERTON/GLADSTONE
613,HEATHERTON/HANNA/FAWKNER
663,HEATHERTON/JAMES
930,HEATHERTON/KELVINSIDE
3212,HEATHERTON/KINGSTON/CLAYTON/BOUNDARY RD
1181,HEATHERTON/LINK
607,HEATHERTON/MATTHEW FLINDERS
605,HEATHERTON/POWER
947,HEATHERTON/SPRINGVALE PLAZA
279,HEATHERTON/TOOTAL
976,HEATHERTON/VIEW
932,HEATHERTON/WESTALL
5244,HEATHS/MOSSFIEL
5269,HEATHS/ROSELLA
5239,HEATHS/WERRIBEE PLAZA
5237,HEATHS/WERRIBEE PLAZA REGIONAL S.C. ENT.
3310,HEIDELBERG NR MERTON
3299,HEIDELBERG NR THE ESPLANADE
3307,HEIDELBERG NR YARRAFORD
3308,HEIDELBERG/CHANDLER/GRANGE
3304,HEIDELBERG/FENWICK
3311,HEIDELBERG/LWR HEIDELBERG/UPP HEIDELBERG
3306,HEIDELBERG/STATION
1150,HEIDELBERG/WESTGARTH
3305,HEIDELBERG/YARRA BEND/JEFFREY
3305,HEIDELBERG/YARRA BEND/JEFFREY
3309,HEIDELBERG/YARRALEA
3356,HEIDELBERG-KINGLAKE NR THE PARKWAY
956,HEMMINGS NR WILMA
1212,HENRY/VILLAGE WAY/CAVERSHAM
6826,HENTY HWY NR FAWTHROP
6261,HIGH (CALDER HWY)/DON (CALDER)/MYRTLE
6207,HIGH (MCIVOR HWY)/SHORT
4736,HIGH / EPPING PLAZA SHOPPING ACCESS 1
1050,HIGH BTW CLYDE & GLOUCESTER
3226,HIGH NR BARTON
3818,HIGH NR CAROOL
4767,HIGH NR CHEEL
4336,HIGH NR CHILDERS
3228,HIGH NR CHURCH
2669,HIGH NR COBURNS
3880,HIGH NR DAVID
5063,HIGH NR DOROTHY
4362,HIGH NR ERICA
3227,HIGH NR GLASGOW
4765,HIGH NR HIGHBURY
3816,HIGH NR HIGHGATE
3843,HIGH NR HUNTINGTOWER
4322,HIGH NR KEW HIGH SCHOOL
4657,HIGH NR LAWRY
4677,HIGH NR MANSFIELD
677,HIGH NR MAYFAIR
4679,HIGH NR MITCHELL
4358,HIGH NR NORTHBROOK
3667,HIGH NR PAKINGTON
2657,HIGH NR PALMERSTON & ALEXANDRA
4359,HIGH NR PARK
4320,HIGH NR PARK HILL
4760,HIGH NR PERTH
875,HIGH NR PINE
1049,HIGH NR PINE (250M)
3235,HIGH NR QUEEN
5061,HIGH NR ROSLYN
3828,HIGH NR SEATON
2965,HIGH NR SMITH
4157,HIGH NR UNION
762,HIGH NR VICTORIA & KING
316,HIGH NR VILLAGE
4361,HIGH NR VINCENT
4155,HIGH NR WALKER
4334,HIGH NR WALPOLE
3817,HIGH NR WARD
4680,HIGH NR WESTBOURNE
4339,HIGH NR WESTBROOK
4364,HIGH NR WILLS
5935,HIGH ST NR ANSLOW ST
2785,HIGH ST NR COULSTOCK
5400,HIGH ST NR HAMILTON ST (BROADFORD)
496,HIGH ST RD NR ALVIE
465,HIGH ST RD NR CHARLES
467,HIGH ST RD NR HUNTER
473,HIGH ST RD NR TECK
365,HIGH ST RD/CAPITAL AVENUE
361,HIGH ST RD/GALLAGHERS
463,HIGH ST RD/HUNTINGDALE
466,HIGH ST RD/LAWRENCE
464,HIGH ST RD/STEPHENSONS
460,HIGH ST RD/VANNAM/JORDAN
469,HIGH ST RD/WESLEY COLLEGE
5058,HIGH ST/BARWON HEADS/BARRABOOL
4775,HIGH ST/BUNNINGS ACCESS RD
209,HIGH ST/GLOUCESTER AVE
3243,HIGH ST/RESERVOIR STATION ENTRY
2042,HIGH ST/SUMMERHILL
874,HIGH STREET NR BAYSWATER VILLAGE
379,HIGH STREET RD NR FONTEYN
383,HIGH STREET RD/CATHIES LANE NORTH
383,HIGH STREET RD/CATHIES LANE NORTH
448,HIGH STREET RD/SNEDDEN DR
3777,HIGH STREET/COOPER
1117,HIGH STREET/GEORGE
6098,HIGH(MIDLAND)/NORTH
3217,HIGH/ALLENBY
3234,HIGH/AUSTARC
2683,HIGH/BARRIES
3224,HIGH/BROADHURST
3225,HIGH/BROADWAY
4363,HIGH/BURKE
4762,HIGH/CHAPEL
4335,HIGH/CHARLES
3236,HIGH/CHILDS
4681,HIGH/CLARKE
4662,HIGH/DAREBIN
3662,HIGH/DENMARK/PRINCESS/S'PARK
4678,HIGH/DENNIS
3820,HIGH/GLEN IRIS
4357,HIGH/GLENFERRIE
3221,HIGH/GOWER/CRAMER
4321,HIGH/HARP/VALERIE
4999,HIGH/HEYINGTON/SPRING
4763,HIGH/HORNBY/BANGS
3237,HIGH/KINGSWAY (see 3233)
4768,HIGH/KOOYONG
706,HIGH/LYNNWOOD
3229,HIGH/MAHONEYS/KEON
3231,HIGH/MAIN
678,HIGH/MANNINGHAM
3232,HIGH/MANNS CROSSING
2653,HIGH/MELTON VALLEY DVE
2773,HIGH/MEMORIAL
5059,HIGH/MT PLEASANT
3222,HIGH/MURRAY
2651,HIGH/O'NEILLS/STATION
4766,HIGH/ORRONG
2650,HIGH/PALMERSTON
3233,HIGH/PASCHKE/KINGSWAY
5060,HIGH/REGENT
3223,HIGH/REGENT/TYLER
5062,HIGH/ROSLYN/CORIO
4669,HIGH/SEPARATION/ARTHURTON
3230,HIGH/SETTLEMENT
3740,HIGH/SPRING/CHEDDAR
4761,HIGH/ST EDMONDS
4329,HIGH/STEVENSON
4360,HIGH/TOORONGA
1080,HIGH/WARNER
4682,HIGH/WESTGARTH
4764,HIGH/WILLIAMS
3214,HIGH/WOOD/SPENCER
468,HIGHBURY NR FINCH
3944,HIGHBURY NR HARRISON (FIRE STN)
3942,HIGHBURY NR MONTPELLIER
580,HIGHBURY NR NARMARA
356,HIGHBURY/BLACKBURN
3196,HIGHBURY/STEPHENSONS/MIDDLEB
2056,HIGHETT NR GARDNER
4827,HIGHETT NR GRIFFITHS
3107,HIGHETT NR RAILWAY
4871,HIGHETT NR SPRING
4825,HIGHETT/LENNOX
3388,HODDLE NR HOTHAM
3374,HODDLE NR STANTON (NORTH BOUND)
3373,HODDLE NR STANTON (SOUTH BOUND)
3376,HODDLE NR STUDLEY (NORTHBOUND)
3375,HODDLE NR STUDLEY (SOUTH BOUND)
3386,HODDLE/ALBERT/ELIZABETH
3389,HODDLE/FREEMAN
3383,HODDLE/GIPPS
3382,HODDLE/JOHNSTON
3384,HODDLE/LANGRIDGE
4140,HODDLE/QUEENS
4146,HODDLE/RAMSDEN/NORTH TCE
4145,HODDLE/ROSENEATH/SOUTH TCE
3381,HODDLE/TRURO
3385,HODDLE/VICTORIA
3385,HODDLE/VICTORIA
5216,HODGSON/ THE TERRACE
4194,HOFFMANS NR SPENCER
1149,HOGANS ROAD / DOWLING AVENUE
5282,HOGANS/TARNEIT
4213,HOLDEN NR DEAN
6250,HOLDSWORTH/HOLMES/SANDHURST
2026,HOLLAND AVE NR BURWOOD HWY
4028,HOLMES NR DONALD
6814,HOPKINS HWY NR HAYLEY
4237,HOPKINS/IRVING/MOORE
4247,HOPKINS/LEEDS
4236,HOPKINS/WHITEHALL
3250,HORNE NR CORNISH
3248,HORNE/GAP (NORTH SIDE GAP)
4854,HOTHAM NR GROSVENOR
4847,HOTHAM/ALMA
4853,HOTHAM/CARLISLE/BALACLAVA
4855,HOTHAM/GLEN EIRA
4850,HOTHAM/INKERMAN
6156,HOVELL NR JACKHORE  [WODONGA]
5901,HOWITT NR FOREST & SCHOOL LANE
5901,HOWITT NR FOREST & SCHOOL LANE
5902,HOWITT/FOREST
5902,HOWITT/FOREST
5903,HOWITT/LEARMONTH/GILLIES
5903,HOWITT/LEARMONTH/GILLIES
4970,HUDSONS NR FORREST
622,HULL NR MARION
632,HULL NR RUSKIN
818,HULL RD NR REAY
118,HULL/MOOROOLBARK
2589,HUME DRIVE/COPPERFIELD
2179,HUME FWY/KINGSWOOD DR
6152,HUME FWY/LINCOLN CAUSEWAY(SIGS)[WODONGA]
6155,HUME HWY (HIGH ST) NR STANLEY [WODONGA]
2154,HUME HWY NR LORNE
2154,HUME HWY NR LORNE
2152,HUME HWY NR MATHIESON
2184,HUME HWY/AMAROO/GRAND
2184,HUME HWY/AMAROO/GRAND
2160,HUME HWY/ANDERSON
2181,HUME HWY/AUSTRAK
2147,HUME HWY/AXIOM BUSINESS PARK DR
2150,HUME HWY/BAKERS
2159,HUME HWY/BARRY
2153,HUME HWY/BOUNDARY/QUEENS
2155,HUME HWY/BOX FOREST
2149,HUME HWY/CAMPBELLFIELD SHOPPING CENTRE
2185,HUME HWY/CRAIGIEBURN
6149,HUME HWY/ELGIN/HIGH      [WODONGA]
2145,HUME HWY/GRASSLANDS
6121,HUME HWY/GRETA
6121,HUME HWY/GRETA
2162,HUME HWY/JUKES
2163,HUME HWY/LYNCH
2163,HUME HWY/LYNCH
2157,HUME HWY/MAHONEYS/CAMP
2146,HUME HWY/MAJOR
2178,HUME HWY/NORTHBOURNE
6151,HUME HWY/OSBURN                [WODONGA]
6154,HUME HWY/QUARRY ENTRANCE     [WODONGA]
2151,HUME HWY/SHORTS/KEADY
6120,HUME HWY/SISELY                  WANG.
6120,HUME HWY/SISELY                  WANG.
2158,HUME HWY/SOMERSET
2161,HUME HWY/SOMERTON/COOPER
6150,HUME HWY/SOUTH                 [WODONGA]
2183,HUME HWY/STANLEY/STH PACIFIC TYRES
6122,HUME HWY/WARBY
6122,HUME HWY/WARBY
2167,HUME/BOLINDA
2187,HUME/MITRE 10 ENTRY
2173,HUME/WESTERN RING ROAD
2173,HUME/WESTERN RING ROAD
3281,HUNTINGDALE NR ESTELLE
4712,HUNTINGDALE NR HILLCREST
2955,HUNTINGDALE NR HUME
471,HUNTINGDALE NR MCLOCHLAN
474,HUNTINGDALE NR RAILWAY
470,HUNTINGDALE NR ROCKLANDS
4718,HUNTINGDALE NR STAFFORD
348,Huntingdale Rd/Proposed Access Rd
2958,HUNTINGDALE/BURLINGTON
3935,HUNTINGDALE/HIGHBURY/GILLARD
4710,HUNTINGDALE/WAVERLEY
4189,HURSTBRIDGE-MAIN/SHOPPING CENTRE ACCESS
812,HUTCHINSON/JOHN
395,HUTTON RD/ CHAPEL RD
495,HUTTON RD/ GREEN RD/ PERRY RD
3433,HYDE NR SCHILD
3431,HYDE/FRANCIS
4232,HYDE/NAPIER
6696,HYLAND NR DUNBAR
4720,INGLES/CROCKFORD
4876,INGLES/LIGHT RAIL XING
4872,INKERMAN/ALEXANDER
4071,INKERMAN/KOOYONG
4103,INKERMAN/ORRONG
4849,INKERMAN/WESTBURY
6264,IRONBARK/BARNARD/WATTLE
4245,IRVING/LEEDS
2298,JACKA BLVD NR  LWR ESPLANADE
2299,JACKA BLVD NTH LWR ESPLANADE
666,JACKSONS NR AHERN
658,JACKSONS NR JUSTIN
1207,JACKSONS RD/ST MARYS SEMINARY/ACCESS
679,JAMES NR ANDERSON
3442,JASPER NR BREWER
3440,JASPER/MCKINNON
3439,JASPER/PATTERSON
498,JELLS/GRANDVIEW
499,JELLS/WHEELERS HILL SHOPPING CENTRE
5660,JOHNSON NR PEARSON
3452,JOHNSTON NR GEORGE
3456,JOHNSTON NR LULIE
2453,JOHNSTON ST O/H LANE E BUDD    GANTRY 03
2466,JOHNSTON ST O/H LANE E CLARKE  GANTRY 16
2455,JOHNSTON ST O/H LANE E GOLD    GANTRY 05
2458,JOHNSTON ST O/H LANE E HODDLE  GANTRY 08
2462,JOHNSTON ST O/H LANE E HUNTER  GANTRY 12
2460,JOHNSTON ST O/H LANE E PARK    GANTRY 10
2461,JOHNSTON ST O/H LANE E RICH    GANTRY 11
2464,JOHNSTON ST O/H LANE E TRENERRY       14
2454,JOHNSTON ST O/H LANE E WELLINGTON     04
2451,JOHNSTON ST O/H LANE W BEDFORD GANTRY 01
2452,JOHNSTON ST O/H LANE W BUDD    GANTRY 02
2465,JOHNSTON ST O/H LANE W CLARKE  GANTRY 15
2456,JOHNSTON ST O/H LANE W HARMSWORTH     06
2459,JOHNSTON ST O/H LANE W PARK    GANTRY 09
2457,JOHNSTON ST O/H LANE W SYDNEY  GANTRY 07
2463,JOHNSTON ST O/H LANE W TRENERRY       13
3458,JOHNSTON ST O'HEAD SIGNALS - MASTER
4149,JOHNSTON/GOLD/DIGHT
3457,JOHNSTON/NICHOLSON           COLLINGWOOD
3449,JOHNSTON/PATTERSON
3453,JOHNSTON/SMITH
3454,JOHNSTON/WELLINGTON
3987,JOHNSTONE NR SORRENTO
1229,JOHNSTONE ST BTW PEARCEDALE PDE/LORRAINE
3998,JOHNSTONE/PEARCEDALE
523,JOSEPHINE nr MONASH FWY
1251,KANGAN DR (NEAR MCDONALDS ACCESS)
3364,KARINGAL/WEIDLICH
2989,KAVANAGH BTW POWER & SOUTHBANK
1366,KEILOR NEAR ELSTONE AVE
2727,KEILOR NR BIRDWOOD
2791,KEILOR NR COOPER
4191,KEILOR NR GILLIES
4310,KEILOR NR MATTHEWS
4193,KEILOR NR MT ALEXANDER
4309,KEILOR NR RYDER
2738,KEILOR PARK DRIVE/THE LINK
2733,KEILOR PARK DVE / CALDER FWY O/B ON/OFF
2732,KEILOR PARK DVE/CALDER FWY I/B ON/OFF
2731,KEILOR PARK DVE/FULLARTON RD
2878,KEILOR PARK EXT/NB ON-OFF RAMPS
2817,KEILOR PARK/GYMKHANA
2879,KEILOR PARK/SLATER/SB ON-RAMP
1000,KEILOR/HOFFMANS
2720,KEILOR/MATTHEWS
1081,KELLETS/NAPOLEON
800,KELLETTS NR ST LAWRENCE WAY
824,KELLETTS/TAYLORS
3436,KENSINGTON ROAD nr DEVON STREET
3404,KENSINGTON/HOBSONS/CHILDERS
3742,KEON PARADE/DALTON
3008,KILBY NR BELFORD
2929,KING / FLINDERS ST
4601,KING/BOURKE ST
4584,KING/COLLINS
4517,KING/DUDLEY
4574,KING/FLINDERS LANE
4524,KING/HAWKE
2925,KING/LATROBE
4609,KING/LITTLE BOURKE
4592,KING/LITTLE COLLINS
2917,KING/LITTLE LONSDALE
2909,KING/LONSDALE
4514,KING/ROSSLYN/CHETWYND
1048,KING/VICTORIA
4927,KINGS NR MCLEOD (STEVENSVILLE PRI SCH)
2762,KINGS RD/WELLESLEY DV/PALMERSTON CR
2587,KINGS/DELAHEY VILLAGE NORTH ENTRANCE
2728,KINGS/GILLESPIE
2586,KINGS/GOLDSMITH
2585,KINGS/HUME
2583,KINGS/WATERGARDENS ENTRANCE 4
2584,KINGS/WATERGARDENS ENTRANCE 5
2592,KINGS/WATERGARDENS SHOP CENTRE ENT 3
3879,KINGSBURY/RING RD
4290,KINGSBURY/RUTHVEN/WAIORA/ORR
4290,KINGSBURY/RUTHVEN/WAIORA/ORR
4796,KINGSBURY/WATERDALE
4632,KINGSTON NR BALL
3644,KINGSTON/BALL/ACCESS RD
4618,KINGSTON/OLD DANDENONG
2774,KINGSWAY NR LYNDON
404,KINGSWAY NR O'SULLIVAN
2927,KINGSWAY NR YARRA RIVER
407,KINGSWAY/RAILWAY PDE NTH
2397,KINGSWAY/SOUTHERN LINK
273,KLAUER/HARTNETT
6095,KNIGHT NR HAROLD              SHEPPARTON
1017,KOO WEE RUP/LIVESTOCK WAY/STH EAST BLVD
1244,KOO WEE RUP-LONGWARRY/ROSSITER/STATION
4102,KOORNANG NR JERSEY PDE
2442,KOORNANG/ARAWATTA
4084,KOORNANG/NEERIM
2745,KOORNANG/ROSSTOWN
4099,KOORNANG/TRUGANINI
4104,KOOYONG NR ALLISON
4095,KOOYONG NR CRIMEA
2744,KOOYONG NR HARTINGTON
3848,KOOYONG NR UNION
4070,KOOYONG/ALMA
4778,KOOYONG/WATTLETREE
6823,KOROIT ST NR LIEBIG & KEPLER
3480,KOROROIT CK/MAIDSTONE
3507,KOROROIT CREEK NR ADELINE
3899,KOROROIT CREEK/BURNS
3904,KOROROIT CREEK/DOW CHEMICAL/PRIXCAR
3482,KOROROIT CREEK/DRAKE
1197,KOROROIT/FERGUSON
5939,KYNETON MAIN ROAD JENNINGS AND LAURISTON
4735,LAKESIDE DR/ LINK RD
2988,LANSDOWNE/ST ANDREWS PL
5064,LATROBE nr LITTLE MALOP
5064,LATROBE nr LITTLE MALOP
4515,LATROBE NR WURUNDJERI WAY
5023,LATROBE/FYANS/WEST FYANS
5023,LATROBE/FYANS/WEST FYANS
5017,LATROBE/GORDON
5021,LATROBE/KILGOUR/NOBLE
5021,LATROBE/KILGOUR/NOBLE
5020,LATROBE/MCKILLOP
5020,LATROBE/MCKILLOP
5019,LATROBE/MYERS/ROEBUCK
5018,LATROBE/RYRIE/ABERDEEN
6157,LAWRENCE/HUME
1262,LEAKES RD/BANFIELD CT
3719,LEAKES/ESTATE ROAD
5293,LEAKES/FEDERATION TRAIL
1218,LEAKES/MORRIS
3867,LENNOX NR RICHMOND TCE
3865,LENNOX NR YORK
6811,LIEBIG NR LAVA
934,LIGHTWOOD NR LAWN
813,LILYDALE-MONTROSE NR MT DAND
4195,LINCOLN NR FLORENCE
3973,LINLITHGOW NR ST KILDA
5295,LITTLE BOUNDARY/FEDERATION TRAIL
5243,LITTLE BOUNDARY/PIPE
4752,LITTLE CHAPEL NR KING
4438,LITTLE CHAPEL NR PRINCES
1225,LIVERPOOL/GLASGOW
2943,LIVINGSTONE NR WATERDALE
6232,LODDON VALLEY/CREETH
6235,LODDON VALLEY/SANDHURST
6236,LODDON VALLEY/VICTORIA ST
2905,LONSDALE NR FRANCIS
2935,Lonsdale St nr Swanston St
2888,LORIMER/GRAHAM
4732,LORIMER/SALMON
7006,LOUGHNAN/CONSTRUCTION ACCESS
911,LOUGHNANS / MONTALBO
3885,LOUISA NR VICTORIA
3148,LOWER DANDENONG/HOWARD
3147,LOWER DANDENONG/WOODLANDS
1220,LOWER HEIDELBERG BTW CARLSBERG / GLENARD
3329,LOWER PLENTY NR GRANDVIEW
5041,LT MALOP/GHERINGHAP
4645,LWR DANDENONG / THRIFT PARK EXIT
4644,LWR DANDENONG NR IVY
4642,LWR DANDENONG NR MCSWAIN
3149,LWR DANDENONG NR WILLOWGLEN
944,LWR DANDENONG/CTR DANDENONG
4648,LWR DANDENONG/DEHAVILLAND
4649,LWR DANDENONG/SOUTHERN
4646,LWR DANDENONG/WARREN
3313,LWR HEIDELBERG NR BURTON
3312,LWR HEIDELBERG/MARSHALL
3331,LWR PLENTY NR BELLEVUE
3337,LWR PLENTY/CREW/MARTINS
3337,LWR PLENTY/CREW/MARTINS
3335,LWR PLENTY/GRANTHAM
3332,LWR PLENTY/ROSANNA
3336,LWR PLENTY/TURNHAM/RAILWAY CROSSING
3330,LWR PLENTY/UPP.HEIDELBERG/WAIORA/ALTONA
3334,LWR PLENTY/YALLAMBIE
3334,LWR PLENTY/YALLAMBIE
5836,LYDIARD/RAIL CROSSING
4019,LYGON NR ALBERT
4414,LYGON NR LYTTON
3797,LYGON NR PARK
4413,LYGON NR PELHAM
4424,LYGON NR RICHARDSON
3782,LYGON NR STEWART
4021,LYGON NR WESTON
4007,LYGON/ALBION/HOLMES
4017,LYGON/BLYTH
4408,LYGON/ELGIN
4407,LYGON/FARADAY
4020,LYGON/GLENLYON
4423,LYGON/PIGDON
4399,LYGON/QUEENSBERRY
4018,LYGON/VICTORIA
1147,LYSTERFIELD/ WELLINGTON
787,LYSTERFIELD/NAPOLEON/GLENFERN
6278,LYTTLETON NR MITCHELL
4450,MACARTHUR NR ST ANDREWS PL
4481,MACAULAY NR BELLAIR
1054,MACAULAY NR FOGARTY
4479,MACAULAY NR HAINES
4485,MACAULAY NR LANGFORD
4480,MACAULAY/EPSOM/KENSINGTON
4484,MACAULAY/STUBBS
3252,MACEDON NR EVANS
1228,MACKENZIE/DP WORLD EXIT
4633,MACKIE NR BEDDOE
2346,MACKIE NR DEAKIN
3866,MADDEN NR STAWELL
3474,MAHER NR THOMAS
856,MAHONEYS NR CANTERBURY
3994,MAHONEYS NR CHEVIOT
4988,MAHONEYS NR THOMASTOWN FIRE
4992,MAHONEYS/EDGARS
4991,MAHONEYS/HUGHES
2770,MAHONEYS/INDUSTRIAL
2168,MAHONEYS/PIPEWORKS MARKET
3484,MAIDSTONE NR GATE 6
5401,MAIN BTW ROBERTSON & VICTORIA
3359,MAIN HURSTBRIDGE RD NR GEORGE ST
3352,MAIN HURSTBRIDGE/ELIZABETH
2112,MAIN NR BAYFIELD
2111,MAIN NR DALTON
713,MAIN NR DIAMOND
5804,MAIN NR GISBORNE
5805,MAIN NR GRAHAM
3346,MAIN NR GREENSBOROUGH CENTRE
183,MAIN NR KILVINGTON
2810,MAIN NR LANTANA AVE
3497,MAIN NR MAHONEY
1194,MAIN NR MONBULK
922,MAIN NR MT PLEASANT
3351,MAIN NR PARKER
716,MAIN NR PROSPERITY
717,MAIN NR PRYOR
926,MAIN NR TERRYS
714,MAIN RD /DUDLEY STREET
4928,MAIN RD EAST/COLLINS
4931,MAIN RD WEST/MCKECHNIE
2729,MAIN ROAD EAST / GRANTHAM PDE
1202,MAIN ROAD EAST NR STRADBROKE DRIVE
2053,MAIN ROAD WEST NR AMY
2058,MAIN ROAD WEST NR PENNELL
4964,MAIN/ALFREIDA
712,MAIN/BOLTON
715,MAIN/BRIDGE
4164,MAIN/COLLINS/HYDE
984,MAIN/FITZSIMONS
4930,MAIN/KINGS/STATION
5241,MAIN/MURNONG
718,MAIN/PANORAMA/GR BLVD
719,MAIN/PARA
3347,MAIN/PARA/CIRCUIT/HAILES
3347,MAIN/PARA/CIRCUIT/HAILES
4932,MAIN/ST ALBANS/ESPLANADE
711,MAIN/WATTLETREE/PARK WEST
5911,MAIR/ARMSTRONG
5911,MAIR/ARMSTRONG
5807,MAIR/HUMFFRAY
5912,MAIR/LYDIARD
5912,MAIR/LYDIARD
5913,MAIR/PEEL
5125,MALOP NR CLARE
5082,MALOP NR YARRA
5075,MALOP/BELLERINE ST
5078,MALOP/YARRA
4756,MALVERN NR A'BECKETT
4352,MALVERN NR BELMONT
4779,MALVERN NR CHATSWORTH
4354,MALVERN NR ELIZABETH
3840,MALVERN NR MERCER
2984,MALVERN NR WESTBOURNE
4430,MALVERN/BELGRAVE
4754,MALVERN/BENDIGO/SURREY
4351,MALVERN/BURKE
4753,MALVERN/CHAPEL/COMMERCIAL/BRAY
4758,MALVERN/CLENDON
4348,MALVERN/DARLING/DENE
4355,MALVERN/GLENFERRIE
4350,MALVERN/HIGH
4759,MALVERN/KOOYONG
3855,MALVERN/MOIRA
4757,MALVERN/ORRONG
4353,MALVERN/TOORONGA
4349,MALVERN/WATTLETREE
4342,MALVERN/WAVERLEY/BELGRAVE
4755,MALVERN/WILLIAMS
4347,MALVERN/WINTON
151,MANCHESTER/BELLARA
148,MANCHESTER/BRICE
684,MANNINGHAM NR DERRECK
705,MANNINGHAM/AYR
683,MANNINGHAM/BRIDGE
686,MANNINGHAM/BULLEEN
682,MANNINGHAM/GRANT OLSEN
592,MANNINGHAM/MACEDON
680,MANNINGHAM/THOMPSONS
317,MANNINGHAM/WILLIAMSONS
4211,MARIBYRNONG NR LENNOX & BOWEN
4205,MARIBYRNONG/ASCOT VALE
4203,MARIBYRNONG/EPSOM/SCOTIA
4202,MARIBYRNONG/ORFORD/WALTER
4204,MARIBYRNONG/UNION
2410,MARINE NR ELWOOD CANAL
763,MARINE PDE / BARCLAY
3019,MARINE/BARKLY/GLENHUNTLY
3018,MARINE/CAVELL
4838,MARINE/DICKENS/MARINA ENT
4894,MARKET/MORAY
2621,MARKET/SOMERVILLE
157,MAROONDAH HWY/ KIMBERLEY/ FLETCHER
297,MAROONDAH HWY/BRAND SMART
1100,MAROONDAH HWY/EASTLINK
1100,MAROONDAH HWY/EASTLINK
116,MAROONDAH HWY/FIRE STATION
1101,MAROONDAH HWY/HILLCREST/CARPARK
1018,MAROONDAH HWY/LANDSCAPE
2212,MAROONDAH HWY/MARKET ST/MURRAY PL
3763,MAROONDAH HWY/MELBA HWY
130,MAROONDAH HWY/MELBOURNE/RAILWAY
111,MAROONDAH HWY/METROPOLITAN AVE
549,MAROONDAH HWY/OLD MELBOURNE/BUNNING
1250,MAROONDAH NR ANDERSON LILYDALE FIRE STAT
144,MAROONDAH NR CLARKE
389,MAROONDAH NR COMO
150,MAROONDAH NR GREEN ST
143,MAROONDAH NR LILYDALE STN
2205,MAROONDAH NR MARKET
2201,MAROONDAH NR MARLBOROUGH
123,MAROONDAH NR MONOMEETH
886,MAROONDAH NR RYLAND
2210,MAROONDAH NR WATTS
2210,MAROONDAH NR WATTS
145,MAROONDAH/ANDERSON
140,MAROONDAH/BLACK SPRINGS(CHIRNSIDE SC)
114,MAROONDAH/CHAPEL
153,MAROONDAH/CIVIC CENTRE
105,MAROONDAH/COCHRANE/COOK
137,MAROONDAH/CROYDON/WARRIEN
124,MAROONDAH/DEEP CREEK
2207,MAROONDAH/DORKING
138,MAROONDAH/DORSET/BELLARA/EXETER
138,MAROONDAH/DORSET/BELLARA/EXETER
141,MAROONDAH/EDWARDS/MANCHESTER
2203,MAROONDAH/ELGAR
104,MAROONDAH/GREEN
125,MAROONDAH/HEATHERDALE
2202,MAROONDAH/HIGH
134,MAROONDAH/KALINDA/BEAUFORT
134,MAROONDAH/KALINDA/BEAUFORT
107,MAROONDAH/KALLAY/BRENTNALL
136,MAROONDAH/KENT
2209,MAROONDAH/LINSLEY
2208,MAROONDAH/MIDDLEBOROUGH
121,MAROONDAH/MITCHAM
126,MAROONDAH/MT DANDENONG
2204,MAROONDAH/NELSON
102,MAROONDAH/NELSON/GOODALL
127,MAROONDAH/NEW
133,MAROONDAH/OBAN
888,MAROONDAH/OLIVER
119,MAROONDAH/ROOKS
117,MAROONDAH/SPRINGVALE
2206,MAROONDAH/STATION
2206,MAROONDAH/STATION
112,MAROONDAH/STATION
113,MAROONDAH/STATION/WILLIAMS
115,MAROONDAH/SURREY
2200,MAROONDAH/UNION
142,MAROONDAH/VICTORIA
129,MAROONDAH/WANTIRNA/RINGWOOD
147,MAROONDAH/WARBURTON
131,MAROONDAH/WARRANDYTE
295,MAROONDAH/YARRA
1176,MAROONDAHHWY/DON/STLEONARDS
3949,MARTIN NR SPINK
5128,MARYBOROUGH-DUNOLLY
1097,MASON NR MIRLS
6621,MASON STREET NR. BARKLY STREET
4318,MATTHEWS NR EARL
2890,MATTHEWS NR FULLARTON
2884,MATTHEWS NR HART
4319,MATTHEWS NR HAWKER
2866,MATTHEWS NR MASCOMA
2874,MATTHEWS NR VICTORY
2865,MATTHEWS/DROMANA
6222,Mc Ivor Hwy nr  Putnam (Pilcher)
6200,Mc IVOR/VIEW/MITCHELL
6831,MC MEEKIN/ALBERT/KOROIT
3894,MCARTHURS/BORRACK
1160,MCCLELLAND DRV/QUARRYRD
986,MCCLELLAND/NORTH
7539,MCCLELLAND/QUARRY
6203,MCCRAE (MIDLAND HWY)/CHAPEL (MCIVOR HWY)
648,MCCRAE/FOSTER
2342,MCDONALD NR NEPEAN
2794,MCDONALDS NR CIVIC
2771,MCDONALDS NR DERBY
2978,MCDONALDS RD NR MEADOW GLEN DRV
1304,MCDONALDS ROAD / CIVIC DRIVE
3897,MCDONALDS/FERRES
2710,MCDONALDS/OLEANDER/DANAHER
3896,MCDONALDS/PLENTY VALLEY SC ACCESS 2
3898,MCDONALDS/PLENTY VALLEY SC ACCESS1
2990,MCG ACCESS/BRUNTON
1184,MCGREGOR/HENRY
4963,MCINTYRE NR BARWON
4929,MCINTYRE NR SUNSHINE (FIRE STN)
4939,MCINTYRE/BERKSHIRE
4934,MCINTYRE/FURLONG
2054,MCINTYRE/MARKET ENT
2644,MCINTYRE/PHOENIX
2634,MCINTYRE/SUFFOLK
2050,MCINTYRE/WHITEHILL
6265,MCIVOR HWY NR VINE
6198,MCIVOR HWY/MYERS
6223,MCIVOR HWY/STERNBERG
6287,MCIVOR/POWELLS/RESERVOIR
2672,MCKECHNIE BTN MARSDEN & ENA
5198,MCKILLOP/SWANSTON
5196,MCKILLOP/YARRA
2767,MCKIMMIES NR CANBERRA
4993,McKIMMIES NR DAREBIN
3419,MCKINNON NR GLEN ORME
552,MCLEOD NR TENNYSON
6196,MCLVOR HWY/ATLAS/LORDS RACEWAY ENTRANCE
3211,MCNAUGHTON NR TORTEVAL
4977,MELBOURNE AIRPORT NR INTERNATIONAL TERM.
4977,MELBOURNE AIRPORT NR INTERNATIONAL TERM.
4981,MELBOURNE NR BUNBURY   (FIRE STATION)
2015,MELBOURNE NR HOBART PLACE (KNOX CITY)
1095,MELBOURNE NR HOSKING
1099,MELBOURNE NR MCROBERT
3760,MELBOURNE NR WILKINS
4529,MELBOURNE PARK NTH ACCESS/FED SQ ACCESS
6147,MELBOURNE RD NR CROYLAND      [WODONGA]
4966,MELBOURNE RD NR REED
4965,MELBOURNE RD/HUDSONS
1303,MELBOURNE ROAD/THE AVENUE
4976,MELBOURNE/CENTRE
4967,MELBOURNE/MASON
3901,MELBOURNE/VIC TRACK MAINT FACILITY ACCES
2190,MELROSE/APAC
2867,MELROSE/MALVERN/EXIT RAMP/CATERPILLAR
2867,MELROSE/MALVERN/EXIT RAMP/CATERPILLAR
2873,MELROSE/SHARPS/ENT RAMP
2177,MELROSE/TRADE PARK
6146,MELROSE/VISY & UNCLE BENS
2598,MELTON HWY nr ARRAN
2599,MELTON HWY NR SYDENHAM
2597,MELTON HWY/CALDER PARK DRIVE
2595,MELTON HWY/GOURLAY RD
2638,MELTON HWY/KINGS RD
2640,MELTON HWY/MCCUBBIN DR/SHOP CENTRE ENT 1
2640,MELTON HWY/MCCUBBIN DR/SHOP CENTRE ENT 1
2640,MELTON HWY/MCCUBBIN DR/SHOP CENTRE ENT 1
2640,MELTON HWY/MCCUBBIN DR/SHOP CENTRE ENT 1
2645,MELTON HWY/OVERTON LEA BLVD
2637,MELTON HWY/PARMELIA DR
2639,MELTON HWY/SHOPPING CENTRE ENT 2
2701,MELTON HWY/SUNSHINE AVE ROUNDABOUT
2701,MELTON HWY/SUNSHINE AVE ROUNDABOUT
2636,MELTON HWY/VERONA DR
2636,MELTON HWY/VERONA DR
3781,MELVILLE NR APPLEBY
3888,MELVILLE NR WOODLANDS
4005,MELVILLE/ALBION
4015,MELVILLE/DAWSON
4029,MELVILLE/HOPE
4000,MELVILLE/MORELAND
4124,MELVILLE/REYNARD
4008,MELVILLE/VICTORIA
4650,MENTONE NR FLORENCE
957,MENZIES NR CHIFLEY
958,MENZIES NR CURTIN
5036,MERCER / RAILWAY TCE
5119,MERCER NR GINN
5050,MERCER/BROUGHAM
6830,MERRI NR KEPLER
156,MERRINDALE NR CENTREWAY
3475,MERTON NR CENTRAL
3478,MERTON/NEWLAND
3744,METROPOLITAN RING ROAD/DALTON
3744,METROPOLITAN RING ROAD/DALTON
4972,MICKLEHAM NR SOMERTON
2872,MICKLEHAM NR TANGEMERE
2857,MICKLEHAM/ALANBRAE/CAMBRIDGE
2854,MICKLEHAM/BARRYMORE
2169,MICKLEHAM/BROADMEADOWS DEV
2894,MICKLEHAM/DPI DRIVEWAY
2858,MICKLEHAM/FAWKNER
2175,MICKLEHAM/GARDEN
2871,MICKLEHAM/GLADSTONE PARK/INTERNATIONAL
3771,MICKLEHAM/GREENVALE
2869,MICKLEHAM/RYLANDES/WESTERN
1073,MIDDLE/CAPON
3193,MIDDLEBOROUGH NR ALBION
3194,MIDDLEBOROUGH NR CLARICE
3190,MIDDLEBOROUGH NR KATRINA
3192,MIDDLEBOROUGH NR McKEAN
2010,MIDDLEBOROUGH/AILSA
3119,MIDDLEBOROUGH/CLARICE
3195,MIDDLEBOROUGH/ELEY
3136,MIDDLEBOROUGH/LEXTON
581,MIDDLEBOROUGH/SPRINGFIELD
6288,MIDLAND HWY / NAPIER / LYONS
6016,MIDLAND HWY NR CLARKE            BENALLA
5834,MIDLAND HWY NR HERTFORD
6293,MIDLAND HWY NR PLUMRIDGE
5104,MIDLAND HWY NR STODDART
5802,MIDLAND HWY NR VICKERS
5835,MIDLAND HWY NR VICTORIA
6301,MIDLAND HWY(BARKER)/PYRENEES HWY(FOREST)
5106,MIDLAND HWY/ANAKIE
6094,MIDLAND HWY/ARCHER            SHEPPARTON
6017,MIDLAND HWY/ARUNDEL             BENALLA
5102,MIDLAND HWY/CHURCH
6092,MIDLAND HWY/CORIO             SHEPPARTON
6080,MIDLAND HWY/FLORENCE
6078,MIDLAND HWY/FRYERS           SHEPPARTON
5310,MIDLAND HWY/GLENLEITH
5151,MIDLAND HWY/GRR NB RAMPS
5151,MIDLAND HWY/GRR NB RAMPS
5133,MIDLAND HWY/GRR SB RAMPS/ROLLINS
5133,MIDLAND HWY/GRR SB RAMPS/ROLLINS
6290,MIDLAND HWY/HOWARD
5312,MIDLAND HWY/JASMINE/WAIORA
5135,MIDLAND HWY/KARDINIA COLLEGE ENTRANCE
6302,MIDLAND HWY/LYTTLETON
5877,MIDLAND HWY/MACARTHUR
5877,MIDLAND HWY/MACARTHUR
5875,MIDLAND HWY/MAIR
5875,MIDLAND HWY/MAIR
6091,MIDLAND HWY/MAUDE             SHEPPARTON
6205,MIDLAND HWY/NOLAN
5879,MIDLAND HWY/NORMAN
6018,MIDLAND HWY/NUNN                BENALLA
6337,MIDLAND HWY/O'BRIEN
6337,MIDLAND HWY/O'BRIEN
5100,MIDLAND HWY/PAKINGTON/STUBBS
6292,MIDLAND HWY/POWELL
5103,MIDLAND HWY/SHANNON/THOMPSON
6093,MIDLAND HWY/ST GEORGES        SHEPPARTON
5878,MIDLAND HWY/SUNRAYSIA/HOWITT
5878,MIDLAND HWY/SUNRAYSIA/HOWITT
5878,MIDLAND HWY/SUNRAYSIA/HOWITT
5878,MIDLAND HWY/SUNRAYSIA/HOWITT
6097,MIDLAND HWY/WELSFORD          SHEPPARTON
6336,MIDLAND HWY/YOUNG/MORRELL
6336,MIDLAND HWY/YOUNG/MORRELL
5822,MIDLAND NR WATER
6338,MIDLAND/ECHUCA/TOOLAMBA
6338,MIDLAND/ECHUCA/TOOLAMBA
6101,MIDLAND/LOCKWOOD
6101,MIDLAND/LOCKWOOD
4316,MILITARY NR CLARENDON
2795,MILITARY NR RIVERSIDE
4315,MILITARY/DAVIS
2737,MILITARY/TEMPLEWOOD
4314,MILLEARA NR CHAUMONT
4312,MILLEARA NR CLARKS
2717,MILLEARA NR KEILOR FIRE STN
2726,MILLEARA/BUCKLEY
2718,MILLEARA/DENNIS/BRADMAN
2724,MILLEARA/DINAH/STERLING
2724,MILLEARA/DINAH/STERLING
2715,MILLEARA/KEILOR PARK EXTN
2798,MILLEARA/THE CROSSWAY
7538,MILLERS BTW KOROROIT CK & ROSS
2968,MILLERS BTW PRIMULA & CYPRESS
3500,MILLERS NR EAMES
3503,MILLERS NR HOBB
2893,MILLERS/BEURON
3501,MILLERS/BLACKSHAWS
2882,MILLERS/DUOSA/MARIGOLD
3506,MILLERS/KOROROIT CRK
3502,MILLERS/MASON
3900,MILLERS/MCARTHURS
3857,MILTON NR TOORONGA
108,MITCHAM BTW BRUNSWICK/BARKLEY
582,MITCHAM NR ORIENT
345,MITCHAM/DONCASTER EAST
590,MITCHAM/PARK
596,MITCHAM/PREMIER/REDLAND
343,MITCHAM/SPRINGFIELD
346,MITCHAM/VICTORIA
6270,MITCHELL/HARGREAVES
6274,MITCHELL/MILLER/PYKE
6273,MITCHELL/QUEEN
4940,MITCHELL/ROSAMOND
6272,MITCHELL/WILLS/MYERS
6647,MOE-GLENGARRY(JOHN FIELD)/OLD SALE
6645,MOE-GLENGARRY(john field)/Shanahan
6638,MOE-GLENGARRY(LLOYD) NR FOWLER
6643,MOE-GLENGARRY/DINWOODIE
6641,MOE-GLENGARRY/OLLERTON
530,MONASH (Hallam Bypass)/PHE
530,MONASH (Hallam Bypass)/PHE
2841,MONASH ENTRY RAMP/BARKLY/GIBDON      VM5
406,MONASH ENTRY RAMP/POLICE
405,MONASH EXIT RAMP/POLICE
1600,MONASH FWY IB 1KM W OF TOORAK
1606,MONASH FWY IB 200M E OF TOORAK
1603,MONASH FWY IB 200M W OF TOORAK
1608,MONASH FWY IB 500M W OF BURKE
1601,MONASH FWY IB 500M W OF TOORAK
1616,MONASH FWY IB BURKE RD ONRAMP
1618,MONASH FWY IB HIGH ST ONRAMP
1609,MONASH FWY IB ON BURKE RD BRIDGE
1614,MONASH FWY IB ON HIGH ST BRIDGE
1613,MONASH FWY IB ON HIGH ST BRIDGE
1611,MONASH FWY IB ON YORK ST PED BRIDGE
1649,MONASH FWY IB TOORAK RD ONRAMP
1605,MONASH FWY OB 200M E OF TOORAK
1604,MONASH FWY OB 200M W OF TOORAK
1607,MONASH FWY OB 500M W OF BURKE
1602,MONASH FWY OB 500M W OF TOORAK
1617,MONASH FWY OB BURKE RD ONRAMP
1610,MONASH FWY OB ON BURKE RD BRIDGE
1612,MONASH FWY OB ON YORK ST PED BRIDGE
1615,MONASH FWY OB TOORAK RD ONRAMP
536,MONASH FWY RAMP METERING/FTG I/B
512,MONASH FWY/BELGRAVE-HALLAM
512,MONASH FWY/BELGRAVE-HALLAM
539,MONASH FWY/BLACKBURN O/B
3675,MONASH FWY/HUNTINGDALE (ON RAMP O/B)
878,MONASH FWY/JACKSONS (IB)
594,MONASH FWY/NARRE WARREN NTH
594,MONASH FWY/NARRE WARREN NTH
603,MONASH FWY/STUD O/B RAMP
509,MONASH FWY/TINKS
509,MONASH FWY/TINKS
3674,MONASH FWY/WARRIGAL ON RAMP I/B
540,MONASH FWY/WELLINGTON IB
3394,MONASH ON RAMP NR PUNT
2635,MONASH ST NR WHITTY
2619,MONASH ST/DUKE/SOUTH
6662,MONASH WAY NR SWITCHBACK  (Churchill)
6664,MONASH WAY/GEORGINA PLACE
1127,MONASH/BELGRADE-HALLAM OB
1128,MONASH/BELGRAVE-HALLAM IB
264,MONASH/BLACKBURN
264,MONASH/BLACKBURN
3723,MONASH/BLACKBURN RAMP SIGNALS IB
2845,MONASH/BURKE
2845,MONASH/BURKE
2845,MONASH/BURKE
2962,MONASH/BURKE IB
2963,MONASH/BURKE OB
1132,MONASH/CLYDE IB
1129,MONASH/ERNST WANKE IB
263,MONASH/FORSTER
263,MONASH/FORSTER
3724,MONASH/FORSTER I/B RAMP (RAMP MTR)
3748,MONASH/FORSTER OB
614,MONASH/HEATHERTON (NB RAMPS)
615,MONASH/HEATHERTON (SB RAMPS)
1126,MONASH/HEATHERTON IB
1125,MONASH/HEATHERTON OB
2952,MONASH/HIGH IB
2846,MONASH/HIGH/WILLS
2846,MONASH/HIGH/WILLS
2846,MONASH/HIGH/WILLS
262,MONASH/HUNTINGDALE
262,MONASH/HUNTINGDALE
266,MONASH/JACKSONS
1115,MONASH/JACKSONS OB
7081,MONASH/LOYOLA GVE ON RAMP/HAUL RD
1124,MONASH/NARRE WARREN NORTH IB
1130,MONASH/PHE IB
265,MONASH/SPRINGVALE
265,MONASH/SPRINGVALE
1106,MONASH/SPRINGVALE O/B
267,MONASH/STUD (SOUTH)
1131,MONASH/STUD I/B
2954,MONASH/TOORAK IB
2953,MONASH/TOORAK OB
2843,MONASH/TOORAK/AUBURN          RAMP SIGNS
2843,MONASH/TOORAK/AUBURN          RAMP SIGNS
3676,MONASH/WARRIGAL (ON RAMP O/B)
3678,MONASH/WARRIGAL (WB RAMPS)       DD 3681
3681,MONASH/WARRIGAL RD
3728,MONASH/WELLINGTON OB
820,MONBULK/CLEGG
4067,MONT ALBERT NR BENSON
3135,MONT ALBERT NR LEOPOLD
4065,MONT ALBERT NR RUBENS
4068,MONT ALBERT/UNION
4900,MONTAGUE NR GLADSTONE
4902,MONTAGUE/LORIMER
4902,MONTAGUE/LORIMER
3541,MONTAGUE/NORMANBY
3541,MONTAGUE/NORMANBY
5053,MOORABOOL NR MALL - [LT MALOP]
5057,MOORABOOL/FYANS
5056,MOORABOOL/KILGOUR
5052,MOORABOOL/MALOP
5055,MOORABOOL/MCKILLOP
5054,MOORABOOL/MYERS
2782,MOORE/DONALD
755,MOOROODUC HWY NR BURNLEY
511,MOOROODUC HWY/GERTRUDE
743,MOOROODUC HWY/HEATHERHILL
756,MOOROODUC HWY/ROBINSONS
520,MOOROODUC/SAGES
4914,MORAY NR COBDEN
4893,MORAY/YORK
4003,MORELAND NR BARROW
4002,MORELAND NR DE CARLE
3891,MORELAND NR HAIG
3886,MORELAND NR MURDOCH
3887,MORELAND/CAMERON
3592,MORELAND/PASCOE VALE
6673,MOREWELL-TRARALGON/BRIDLE/CENTRE VALLEY
6673,MOREWELL-TRARALGON/BRIDLE/CENTRE VALLEY
5274,MORRIS/BELLBRIDGE
5274,MORRIS/BELLBRIDGE
5252,MORRIS/HEATHS
5275,MORRIS/HOGANS
5321,MORRIS/THOMAS CARR/SPRING HAVEN
3648,MORWELL nr WATSONIA
3648,MORWELL nr WATSONIA
6657,MORWELL-THORPDALE/COMMERCIAL
6661,MORWELL-TRARALGON NR BRIDLE
6661,MORWELL-TRARALGON NR BRIDLE
6675,MORWELL-TRARALGON/ALEXANDER TRAMWAY
6675,MORWELL-TRARALGON/ALEXANDER TRAMWAY
6665,MORWELL-TRARALGON/CHURCH ST
6655,MORWELL-TRARALGON/JANE  (Rail Opass)
6660,MORWELL-TRARALGON/MCDONALD
6670,MORWELL-TRARALGON/MONASH WAY
6670,MORWELL-TRARALGON/MONASH WAY
2570,MOUNT DERRIMUT/AUSTRALIS
562,MOUNTAIN GATE NR ADELE
882,MOUNTAIN HWY NR FOREST
776,MOUNTAIN HWY NR RACHELLE
884,MOUNTAIN HWY NR RAILWAY
794,MOUNTAIN HWY NR VIOLEN
120,MOUNTAIN HWY STH OF BARMAH
775,MOUNTAIN HWY/BORONIA
778,MOUNTAIN HWY/DORSET
773,MOUNTAIN HWY/HAROLD
791,MOUNTAIN HWY/HIGH/VALENTINE
766,MOUNTAIN HWY/JERSEY
777,MOUNTAIN HWY/SCORESBY/BAYSWA
790,MOUNTAIN HWY/STUD
774,MOUNTAIN HWY/WANTIRNA
721,MOUNTAIN VIEW/SHERBOURNE
3353,MOUNTAIN VIEW/ST HELENA
3517,MT ALEXANDER (E) NR CRAWFORD
3512,MT ALEXANDER (W) NR GRANDISON
3835,MT ALEXANDER NR BARODA
1003,MT ALEXANDER NR COMMU CENTRE
3659,MT ALEXANDER NR DAVIES
3833,MT ALEXANDER NR FENTON
3523,MT ALEXANDER NR FLETCHER
3609,MT ALEXANDER NR GLASS
3608,MT ALEXANDER NR LEAKE
3519,MT ALEXANDER NR LINCOLN
1001,MT ALEXANDER NR MOONEE PONDS
3522,MT ALEXANDER NR NAPIER
3607,MT ALEXANDER NR WINIFRED
3515,MT ALEXANDER/BREWSTER/THISTLE
3513,MT ALEXANDER/BUCKLEY
3511,MT ALEXANDER/KELLAWAY/TAYLORS
4470,MT ALEXANDER/MOOLTAN
3514,MT ALEXANDER/NAPIER/FLETCHER
4206,MT ALEXANDER/ORMOND/MARIBRYNONG
3510,MT ALEXANDER/PUCKLE/DEAN
3518,MT ALEXANDER/TRAM DEPOT
4471,MT ALEXANDER/WELLINGTON
5940,MT BAINBRIDGE RD NR STEWART (HAMILTON)
122,MT DANDENONG / HAWTHORY
636,MT DANDENONG NR ANZAC
814,MT DANDENONG NR LILYDALE-MON
900,MT DANDENONG NR MIRABEL
638,MT DANDENONG NR RUSKIN
635,MT DANDENONG/BAYSWATER
637,MT DANDENONG/CIVIC
639,MT DANDENONG/COLCHESTER
901,MT DANDENONG/DUBLIN
815,MT DANDENONG/DURHAM/LIVERPOOL
815,MT DANDENONG/DURHAM/LIVERPOOL
551,MT DANDENONG/EASTFIELD
551,MT DANDENONG/EASTFIELD
640,MT DANDENONG/MAIN
634,MT DANDENONG/WICKLOW
2682,MT DERRIMUT/ PARAMOUNT BLVD
2713,MT DERRIMUT/FOLEYS
732,MT ELIZA NR DAVIES
837,MT ELIZA WAY NR CANADIAN BAY
4118,MURRAY NR COBURG POOL
4793,MURRAY NR HIGHVIEW
4792,MURRAY NR JESSIE
3218,MURRAY NR MARY
6311,MURRAY VALLEY HWY/CAMPBELL ST/BURKE ST
6311,MURRAY VALLEY HWY/CAMPBELL ST/BURKE ST
4116,MURRAY/CHAMP
4794,MURRAY/CHIFLEY
4119,MURRAY/ELIZABETH
4117,MURRAY/NEWLANDS
3877,MURRAY/NORTHLAND EXIT
3259,MURRAY/NORTHLAND SHOP EAST ACCESS RD
4158,MURRAY/STOCKADE
4100,MURRUMBEENA NR OAKLEIGH
3567,MURRUMBEENA/KANGAROO
4085,MURRUMBEENA/NEERIM
6411,MVH/BUTCHER/BRIDLINGTON
5044,MYERS/FENWICK
5040,MYERS/GHERINGHAP
5027,MYERS/SWANSTON
5136,MYERS/YARRA
6283,MYERS-WILLS/ARTHUR
6289,MYRTLE/HARGREAVES
6284,MYRTLE/WILLS-MYERS
3509,NAPIER NR BREWSTER
4192,NAPIER NR LLOYD
6251,NAPIER NR TOMLINS ST BRIDGE
4231,NAPIER/WHITEHALL
4190,NAPIER/WOODLANDS
939,NAPOLEON NR LAKESFIELD
3173,NARRE WARREN - CRANBOURNE/KINGDOM
526,NARRE WARREN NTH RD/MEMORIAL DRV
401,NARRE WARREN NTH/ERNST WANKE
403,NARRE WARREN NTH/MAGID/RYELANDS
396,NARRE WARREN NTH/MARAMBA
506,NARRE WARREN-CRANB/ORMOND/LITTLECROFT
1314,NARRE WARREN-CRANBOURNE NR HILLSMEADE
3174,NARRE WARREN-CRANBOURNE ROAD/GREAVES RD
532,NARRE WARREN-CRANBOURNE/CENTRE
533,NARRE WARREN-CRANBOURNE/FULLARD
3175,NARRE WARREN-CRANBOURNE/GLASSCOCKS
3652,NARRE WARREN-CRANBOURNE/LINSELL
2754,NEERIM NR AMES
2758,NEERIM NR HOBART
2757,NEERIM NR TRUGANINI
2746,NEERIM/QUEENS
2199,NELSON NR THAMES
2352,NEPEAN HWY NR LATROBE
2356,NEPEAN HWY NR OAK
2025,NEPEAN HWY/BALCOMBE G-SCHOOL ACC/BAY
2019,NEPEAN HWY/BENTONS
2019,NEPEAN HWY/BENTONS
2023,NEPEAN HWY/BRUCE
307,NEPEAN HWY/BUNNINGS ENT/SCHOOL ENT
507,NEPEAN HWY/STATION (CARRUM NORTH)
226,NEPEAN NR ARMSTRONGS
2335,NEPEAN NR ARNOT
213,NEPEAN NR BAYVIEW
245,NEPEAN NR BEVERLEY
217,NEPEAN NR BRISTOL
4859,NEPEAN NR BURNS
249,NEPEAN NR CARMICHAEL
2333,NEPEAN NR CENTREWAY
2307,NEPEAN NR DICKENS
229,NEPEAN NR MCCULLOCH
2309,NEPEAN NR MILTON
238,NEPEAN NR MOOMBA
250,NEPEAN NR NAPIER (RYE)
225,NEPEAN NR RESERVE
2314,NEPEAN NR SCOTT
2334,NEPEAN NR STATION (CHELTENHAM)
220,NEPEAN NR SWANPOOL
2343,NEPEAN NR TANTI
212,NEPEAN NR THE STRAND
3710,NEPEAN NR THIRD
277,NEPEAN NR WELLS
242,NEPEAN NR WILSON
2301,NEPEAN(ST KILDA RD)/PUNT RD
2301,NEPEAN(ST KILDA RD)/PUNT RD
2304,NEPEAN/ALMA
221,NEPEAN/ARGYLE/MAURY
221,NEPEAN/ARGYLE/MAURY
2303,NEPEAN/BARKLY
2326,NEPEAN/BAY/KAREN
2317,NEPEAN/BAY/MILROY/HAMPTON
2317,NEPEAN/BAY/MILROY/HAMPTON
230,NEPEAN/BEACH
222,NEPEAN/BONDI
248,NEPEAN/BONEO
237,NEPEAN/BUNGOWER
235,NEPEAN/CANADIAN BAY
2306,NEPEAN/CARLISLE
2320,NEPEAN/CENTRE
2328,NEPEAN/CENTRE DANDENONG
2308,NEPEAN/CHAPEL
218,NEPEAN/CHELSEA
2327,NEPEAN/CHESTERVILLE/CHARMAN
240,NEPEAN/CRAIGIE
2337,NEPEAN/CUMMINS/PATTERSON
2337,NEPEAN/CUMMINS/PATTERSON
233,NEPEAN/DAVEY
2336,NEPEAN/DENDY
247,NEPEAN/DUNDAS
216,NEPEAN/EDITHVALE
2302,NEPEAN/FITZROY/WELLINGTON
274,NEPEAN/FLETCHER
525,NEPEAN/FRANKSTON PIER ACCESS
2310,NEPEAN/GLEN EIRA/BYRON
2312,NEPEAN/GLENHUNTLY/HOTHAM
2319,NEPEAN/HAWTHORN
2325,NEPEAN/HIGHETT/ROWANS
278,NEPEAN/HUMPHRIES
2305,NEPEAN/INKERMAN
244,NEPEAN/JETTY
214,NEPEAN/LINCOLN
215,NEPEAN/LOCHIEL/STATION
555,NEPEAN/LONSDALE
2330,NEPEAN/LWR DANDENONG
239,NEPEAN/MAIN/MORNINGTON-TYABB
2321,NEPEAN/MARRIAGE/THOMAS
2321,NEPEAN/MARRIAGE/THOMAS
2315,NEPEAN/MARTIN/GARDENVALE
2316,NEPEAN/NORTH
1165,NEPEAN/OAKBANK/EAGLE
2331,NEPEAN/PARKERS/IMES
232,NEPEAN/PLAYNE
2313,NEPEAN/RUSDEN
228,NEPEAN/SEAFORD
2322,NEPEAN/SOUTH
2339,NEPEAN/SOUTHLAND NTH ENT
2340,NEPEAN/SOUTHLAND SHOPPING
211,NEPEAN/STATION (ASPENDALE)
224,NEPEAN/STATION (CARRUM SOUTH)
227,NEPEAN/STATION (SEAFORD)
2323,NEPEAN/STATION/KEILLER
2329,NEPEAN/WARRIGAL/BALCOMBE
231,NEPEAN/WELLS
2332,NEPEAN/WHITE
2324,NEPEAN/WICKHAM
236,NEPEAN/WOORALLA/MT ELIZA WAY
3952,NEW NR CADBY
2338,NEW NR PARK
3953,NEW NR WINDERMERE
2351,NEW/HEAD
3950,NEW/MARTIN
4137,NEWLANDS NR CARR
5670,NICHOLSON BTN RAYMOND & LOCHIEL
3792,NICHOLSON NR ALBERT
4420,NICHOLSON NR BELL
4223,NICHOLSON NR FREEMAN
4428,NICHOLSON NR HANOVER
3796,NICHOLSON NR HARRISON
4427,NICHOLSON NR KAY
4025,NICHOLSON NR MILLER
3116,NICHOLSON NR PARK
4138,NICHOLSON NR RENNIE
4151,NICHOLSON NR VERE
4023,NICHOLSON/ARTHURTON/BLYTH
3450,NICHOLSON/ELGIN/JOHNSTON       (FITZROY)
4419,NICHOLSON/GERTRUDE
4147,NICHOLSON/GIPPS
4024,NICHOLSON/GLENLYON
4132,NICHOLSON/HARDING
4244,NICHOLSON/IRVING
4004,NICHOLSON/MORELAND/HOLMES
4426,NICHOLSON/RICHARDSON/REID
4421,NICHOLSON/SCOTCHMER/PIGDON
5311,NOBLE NR CLAREMONT
2940,NORMAN NR SEDDON
3117,NORMANBY AV/LEINSTER GVE
2740,NORMANBY NR QUEENS/CAULFIELD RACECOURSE
3544,NORMANBY/MELB CONVENTION CENTRE
3292,NORMANBY/QUEENS
3557,NORTH NR CARLYON
3556,NORTH NR DALMOR
3759,NORTH NR HALL
3563,NORTH NR JASSA
3552,NORTH NR LANDCOX
3562,NORTH NR SHAFTON
3549,NORTH NR ST JAMES
3565,NORTH NR WINDSOR
3024,NORTH RD/ST KILDA ST
3554,NORTH/BAMBRA/THOMAS
3555,NORTH/BOORAN/WHEATLEY
3560,NORTH/EAST BOUNDARY/M'BEEENA
3564,NORTH/GOLF/GOLF LINKS
3553,NORTH/HAWTHORN
3558,NORTH/JASPER/GRANGE
3559,NORTH/KOORNANG/TUCKER
3551,NORTH/KOOYONG
3566,NORTH/MILGATE/FENTON
3550,NORTH/NEW
3561,NORTH/POATH/POET
6324,NORTHERN (OGILVIE)/HAVERFIELD
6320,NORTHERN /  PAKENHAM
6303,NORTHERN HWY / UNION ST
6315,NORTHERN HWY BTN FRASER/GILLIES
7000,NORTHERN HWY STH OF HEATHCOTE
6321,NORTHERN HWY/MURRAY HWY
6211,NORTHERN HWY/RUTLEDGE
6214,NORTHERN HWY/WILLIAM
6330,NORTHERN NR MUNIC OFFICE
6332,NORTHERN/QUEEN
6333,NORTHERN/WATSON
3152,OAK NR GALADA
1258,OAK ST BTW GARRARD AND POPLAR
980,OBAN/ NTH RINGWOOD SHOPPING CENTRE
4120,OHEA NR BISHOP
2568,O'HERNS/MILLAR/GREAT BROME
2051,OLD CALDER HWY NR KENNEDY
2052,OLD CALDER HWY/GREEN GULLY[ST ALBANS]
3639,OLD DANDENONG/BOURKE
3895,OLD DANDENONG/CLARINDA
6137,OLD DOOKIE/WHEELER
5323,OLD GEELONG / COSTA
5238,OLD GEELONG/BUNNINGS WAREHOUSE ENT
5240,OLD GEELONG/DUNLOP
1186,OLD GEELONG/KMART DISTRIBUTION CENTRE
6208,OLINDA/RUSSELL
4974,OPERATIONS NR GATE 23
4302,ORIEL NR BANKSIA
2948,ORIEL NR FORD
4303,ORIEL/LIVINGSTONE
3020,ORMOND ESP NR BYRNE
3009,ORMOND ESP NR PINE
3021,ORMOND ESP/ELWOOD BEACH CAR
3022,ORMOND ESP/ST KILDA/HEAD
4843,ORMOND RD NR BEACH
3420,ORMOND RD NR BYRNE
3422,ORMOND RD NR DOCKER
4842,ORMOND RD NR GLEN HUNTLY
3423,ORMOND RD NR PINE
3421,ORMOND RD NR VAUTIER
5206,ORMOND/GARDEN/MYERS
5206,ORMOND/GARDEN/MYERS
5206,ORMOND/GARDEN/MYERS
5206,ORMOND/GARDEN/MYERS
5207,ORMOND/McKILLOP
2870,ORMOND/MYRNONG/PATTISON
2441,ORRONG NR AVALON
4094,ORRONG NR MERTON
3971,ORRONG NR SYDNEY
4105,ORRONG/ALMA
4078,ORRONG/GLEN EIRA
2980,ORRONG/ST GEORGES
3202,OSBORNE NR ROYAL
3251,O'SHANASSY NR STATION
402,O'SULLIVAN NR GLENWAY ARCADE
2588,OVERTON LEA NR COMMUNITY HUB
2784,PAISLEY NR FRENCH
4256,PAISLEY/FRENCH
5139,PAKINGTON / WARATAH/WELLINGTON
5094,PAKINGTON NR RETREAT
5097,PAKINGTON/ALBERT
5301,PAKINGTON/NICHOLAS
5303,PAKINGTON/NOBLE
5304,PAKINGTON/WEST FYANS
6201,PALL MALL (MC IVOR HWY)/WILLIAMSON
3776,PALMERS/DUNNINGS
5279,PALMERS/LEAKES
5299,PALMERS/THE STRAND
568,PAPERBARK NR HAWTHORN
720,PARA NR DOBSON
4186,PARA/FLINTOFF
3794,PARK WEST OF THE AVENUE
4903,PARK/FERRARS
4906,PARK/MORAY
1043,PARK/TRAMWAY CROSSING
2166,PASCOE VALE / GIRGARRE
3588,PASCOE VALE NR ANSELM
3603,PASCOE VALE NR BELAIR
2856,PASCOE VALE NR CHILWELL
3596,PASCOE VALE NR MAIN
3604,PASCOE VALE NR MEAKER
3830,PASCOE VALE NR MURRAY
3591,PASCOE VALE NR RALEIGH
3598,PASCOE VALE NR WILLET
3590,PASCOE VALE/ALBION/FLETCHER
3616,PASCOE VALE/BARRY
3610,PASCOE VALE/BROADMEADOWS SHOPPING ENT 2
3606,PASCOE VALE/BUCKLEY
3615,PASCOE VALE/COLERAINE
3640,PASCOE VALE/COOLAROO STATION ACCESS
3597,PASCOE VALE/DEVON/WINIFRED
3600,PASCOE VALE/DIMBOOLA
3599,PASCOE VALE/GLENROY
3605,PASCOE VALE/KELLAWAY
3617,PASCOE VALE/PARINGA
3594,PASCOE VALE/PECK
3618,PASCOE VALE/SHANKLAND/RESERVOIR
3595,PASCOE VALE/STEWART
3619,PASCOE VALE/TAGGERTY CRES (NTH)
3612,PASCOE VALE/TAGGERTY CRES STH
3831,PASCOE VALE/WILSON
3593,PASCOE VALE/WOODLAND
4651,PASCOEVALE/SUNSET BVD
566,PATRICK NORTHEAST NR MAGID
5156,PATULLOS/KEES
2165,PEARCEDALE NR COLERAINE
3624,PEARCEDALE/BROADMEADOWS TOWN CENTRE
4162,PEEL NR VICTORIA
5915,PEEL/EASTWOOD
3082,PENTRIDGE NR ACCESS ROAD
3086,PENTRIDGE/STOCKADE
6824,PERCY ST / HENTY ST
6816,PERTOBE NR PARK ENTRANCE
619,PFE/CLYDE (STH) EXIT
10149,PFE/DARNUM INTERCHANGE
2540,PFW/PHW ENTRY RAMP O/B
1234,PHE (EAST) / BEACONSFIELD-BERWICK MAIN
1356,PHE (LONSDALE)  NR  LANGHORNE
674,PHE (LONSDALE) NR LANGHORNE
6671,PHE EXIT RAMP (EAST BOUND)/MONASH WAY
2415,PHE NR CARNARVON
2985,PHE NR CLOSEBURN
6630,PHE NR CONTINGENT
609,PHE NR DEVENEY
193,PHE NR FIFTH (FIRE STN)
6676,PHE NR HOBSON
6676,PHE NR HOBSON
5611,PHE NR HOOD
2487,PHE nr IRVING (LANSDOWNE)
6691,PHE NR LAFAYETTE
6616,PHE NR LOCH
995,PHE NR PEEL
5609,PHE NR PINE
186,PHE NR REILLY
991,PHE NR ROBINSON
2423,PHE NR SUTHERLAND
2438,PHE NR THE AVENUE
610,PHE NR TIVENDALE
6672,PHE ON RAMP (WEST BOUND)/MONASH WAY
1357,PHE(LONSDALE) NR PULTNEY
5655,PHE(NTH) NR SERVICE
5607,PHE(YORK)/MACALISTER
5607,PHE(YORK)/MACALISTER
2405,PHE/ALBERT
2428,PHE/ATHERTON/HUNTINGDALE
2426,PHE/ATKINSON
5657,PHE/BAILEY
5657,PHE/BAILEY
203,PHE/BELGRAVE-HALLAM/HALLAM
208,PHE/BERWICK-CRANBOURNE/LYALL
2431,PHE/BLACKBURN
6685,PHE/BREED
189,PHE/BROWNS
567,PHE/BRUNT/WHITESIDE
567,PHE/BRUNT/WHITESIDE
2419,PHE/BURKE/SIR JOHN MONASH DR
2419,PHE/BURKE/SIR JOHN MONASH DR
2437,PHE/CHADSTONE ENT 3
190,PHE/CHANDLER/ELONERA
2409,PHE/CHAPEL
2429,PHE/CLAYTON
194,PHE/CLOW
618,PHE/CLYDE (NTH) EXIT
188,PHE/CORRIGAN
2421,PHE/DARLING/KOORNANG
205,PHE/DECOR
394,PHE/DOHERTY ST
553,PHE/EMERGENCY SERVICES PREC.
2427,PHE/FERNTREE GULLY
2418,PHE/FINCH/DERBY
600,PHE/FITZGERALD/HINRICHSEN
196,PHE/FOSTER
6686,PHE/FRANKLIN
198,PHE/FRANKSTON-DANDENONG
192,PHE/GLADSTONE
2414,PHE/GLENFERRIE/HAWTHORN
2420,PHE/GRANGE
2420,PHE/GRANGE
6688,PHE/GREY
6688,PHE/GREY
602,PHE/HARMER/WEDGEWOOD
191,PHE/HEATHERTON
1110,PHE/HIMBECK/AMBULANCE
2411,PHE/HOTHAM/WILLIAMS
981,PHE/JAMES
2413,PHE/KOOYONG
313,PHE/LAKESIDE
313,PHE/LAKESIDE
6695,PHE/LIDDIARD
6695,PHE/LIDDIARD
1182,PHE/LINK
611,PHE/LONE STAR/GMH ENTRANCE
2407,PHE/LORNE (X LAKESIDE)
5606,PHE/MACARTHUR
5606,PHE/MACARTHUR
204,PHE/MAGID
612,PHE/MANSFIELD
535,PHE/MANUKA/BYRN MAWR
535,PHE/MANUKA/BYRN MAWR
5659,PHE/MCCULLOCH
5659,PHE/MCCULLOCH
300,PHE/MCGREGOR/THE AVENUE
300,PHE/MCGREGOR/THE AVENUE
2432,PHE/MCNAUGHTON
2422,PHE/MURRUMBEENA/BELGRAVE
5658,PHE/MYER
604,PHE/NARRE WARREN-CRANBOURNE
2416,PHE/NORMANBY/STATION
2416,PHE/NORMANBY/STATION
2430,PHE/NORTH/WELLINGTON
1094,PHE/OLIVE
2412,PHE/ORRONG
445,PHE/OVERLAND
608,PHE/PAKENHAM/DUNCAN
608,PHE/PAKENHAM/DUNCAN
2404,PHE/PARK
199,PHE/PLUNKETT
2424,PHE/POATH/CHADSTONE
201,PHE/POWER
599,PHE/PROGRESS
2406,PHE/QUEENS
547,PHE/RACECOURSE
547,PHE/RACECOURSE
5603,PHE/RAYMOND
5603,PHE/RAYMOND
1300,PHE/RICHARDSON ST
5610,PHE/SALE-MAFFRA
5654,PHE/SERVICE
5654,PHE/SERVICE
6692,PHE/SEYMOUR
6692,PHE/SEYMOUR
6631,PHE/SHADY CREEK/RAILWAY/ROLLO (YARRAGON)
6631,PHE/SHADY CREEK/RAILWAY/ROLLO (YARRAGON)
290,PHE/SMITH
2435,PHE/SMITH/RAILWAY/NORMANBY
185,PHE/SPRINGVALE
185,PHE/SPRINGVALE
185,PHE/SPRINGVALE
948,PHE/SPRINGVALE BYPASS
948,PHE/SPRINGVALE BYPASS
200,PHE/STH GIPPS HWY            HWY NOT FWY
2403,PHE/STURT
601,PHE/TINKS
2417,PHE/TOORONGA
6689,PHE/TRARALGON-MAFFRA/EASTERN RD
6689,PHE/TRARALGON-MAFFRA/EASTERN RD
2408,PHE/UNION
2408,PHE/UNION
598,PHE/VICTOR
195,PHE/WALKER
2425,PHE/WARRIGAL
2433,PHE/WATTLETREE
2434,PHE/WAVERLEY
206,PHE/WEBB
197,PHE/WEBSTER
2402,PHE/WEST GATE FWY EXIT
2400,PHE/YORK
5076,PHW (LATROBE TCE) BTW BOND & CLARENDON
5076,PHW (LATROBE TCE) BTW BOND & CLARENDON
5034,PHW (MURRAY) NR MCLENNAN
5030,PHW (MURRAY) NR WOOD
5033,PHW (MURRAY)/CORANGAMITE
5032,PHW (MURRAY)/GELLIBRAND
6828,PHW (RAGLAN PDE)/LAVEROCK
6827,PHW (RAGLAN PDE)/MORRISS
5092,PHW (WERRIBEE ST)/ WATTON ST
5008,PHW NR BELLBIRD
6724,PHW NR HUNTER
5141,PHW NR KIDMAN
5141,PHW NR KIDMAN
2498,PHW NR WALES
5035,PHW(MURRAY)/QUEEN
6817,PHW(RAGLAN)/KEPLER
6817,PHW(RAGLAN)/KEPLER
6818,PHW(RAGLAN)/LIEBIG
6818,PHW(RAGLAN)/LIEBIG
2501,PHW(SMITHFIELD)/EPSOM
5250,PHW(SYNNOT)/WEDGE
5007,PHW/BACCHUS MARSH/COX
5007,PHW/BACCHUS MARSH/COX
5007,PHW/BACCHUS MARSH/COX
5007,PHW/BACCHUS MARSH/COX
6812,PHW/BANYAN
6812,PHW/BANYAN
2506,PHW/BARKLY/VICTORIA
5015,PHW/BELL
5015,PHW/BELL
5004,PHW/BRODERICK
5004,PHW/BRODERICK
2511,PHW/BURGESS/OLD GEELONG
6819,PHW/CARAMUT/WALSH
6819,PHW/CARAMUT/WALSH
2519,PHW/CEMETERY
2505,PHW/DROOP
6815,PHW/FAIRY/JAMIESON
6815,PHW/FAIRY/JAMIESON
5296,PHW/FEDERATION TRAIL
2507,PHW/GEELONG ST
5016,PHW/GLENLEITH
5016,PHW/GLENLEITH
2512,PHW/GRIEVE
6813,PHW/KING/HENNA
6813,PHW/KING/HENNA
6820,PHW/K-MART ENTRANCE
2513,PHW/LITTLE BOUNDARY
5013,PHW/MACKEY
6822,PHW/MAHONEYS/HORNE
2510,PHW/MCDONALD
2509,PHW/MILLERS/FRANCIS
5011,PHW/NORTH SHORE/THE BOULEVARD
5065,PHW/PIONEER/SOUTH VALLEY
5065,PHW/PIONEER/SOUTH VALLEY
5005,PHW/PLANTATION/SCHOOL
5006,PHW/PURNELL/STATION
5066,PHW/REYNOLDS
5066,PHW/REYNOLDS
5077,PHW/SETTLEMENT/HIGH
6821,PHW/SIMPSON/GLENROWE
6821,PHW/SIMPSON/GLENROWE
2508,PHW/SOMERVILLE/ROBERTS
5009,PHW/SPARKS
5154,PHW/SWINBURNE
5014,PHW/VICTORIA
2504,PHW/WESTERN HWY
5111,PHW/YOORINGA/FORSTER
4729,PICKLES/LIARDET/RICHARDSON
5131,PIONEER/CHURCH
5029,PIONEER/WAURNVALE S C EAST ENT
5031,PIONEER/WAURNVALE S C WEST ENT
1295,PLAYNE NR THOMPSON
5823,PLEASANT NR SOUTH
3219,PLENTY /EAST PRESTON TRAM DEPOT
3945,PLENTY NR BETHANY
3738,PLENTY NR BRADSHAW
3747,PLENTY NR BROWNING
4799,PLENTY NR DAVID
3731,PLENTY NR ETHEL
3733,PLENTY NR GREMEL
4183,PLENTY NR LARUNDEL
2790,PLENTY NR LAUREL  (WHITTLESEA)
2797,PLENTY NR MAYFIELD
3732,PLENTY/ALBERT/BOLDREWOOD
3736,PLENTY/BENT/SETTLEMENT
4987,PLENTY/BETULA
3242,PLENTY/BUSH/DEVELOPMENT
2945,PLENTY/CENTENARY/UNIVERSITY
2763,PLENTY/CHILDS
4986,PLENTY/CLEMENTS
2760,PLENTY/DALY
3734,PLENTY/DUNNE/KINGSBURY
3746,PLENTY/FRANKLINS ACCESS RD
4791,PLENTY/GOWER
3727,PLENTY/GRANGE/SNAKE GULLY
4166,PLENTY/GREENHILLS
4181,PLENTY/GREENWOOD
3745,PLENTY/GREMEL
3735,PLENTY/GRIMSHAW
4688,PLENTY/HAWKSTOWE
3220,PLENTY/HIGH/DUNDAS/MILLER
4896,PLENTY/INDUSTRIAL
3739,PLENTY/LODDON/TARGET ENT.
4184,PLENTY/MAIN DRIVE
1236,PLENTY/MASONS/HAZEL GLEN DRV
3946,PLENTY/MCDONALDS/GORGE
4995,PLENTY/MCKIMMIES
2764,PLENTY/MCLEANS/MILTON
4412,PLENTY/MERNDA VILLAGE
4169,PLENTY/METROPOLITAN RING RD
4169,PLENTY/METROPOLITAN RING RD
3741,PLENTY/MT COOPER
4790,PLENTY/MURRAY
3976,PLENTY/OLD PLENTY
4165,PLENTY/PARADE COLLEGE
3081,PLENTY/RAGLAN
3915,PLENTY/STAGECOACH
3737,PLENTY/TAUNTON
4919,PLENTY/THE LAKES
3730,PLENTY/TYLER
4789,PLENTY/WOOD
2897,PLUMMER/PROHASKY
2896,PLUMMER/SALMON
294,PLYMOUTH NR SANDGATE
301,PLYMOUTH/YARRA
4086,POATH/NEERIM
4101,POATH/RAILWAY/WILLESDEN
5297,POINT COOK NR CATHERINE (NORTH)
5298,POINT COOK NR CATHERINE (SOUTH)
3088,POINT COOK NR JAMIESON
5236,POINT COOK/DUNNINGS
879,POINT NEPEAN NR CAPEL
978,POINT NEPEAN NR FITZJOHNS
833,POINT NEPEAN nr SIXTH AVE
299,POINT NEPEAN ROAD/NINTH AVENUE
308,POINT NEPEAN/HYGEIA
563,POINT NEPEAN/LYONS
834,POINT NEPEAN/MARINE DR
243,POINT NEPEAN/PIER (DROMANA)
501,POINT NEPEAN/TRUEMANS
475,POLICE NR DUNOON
937,POLICE NR EDINBURGH
527,POLICE RD / HANSWORTH ST
472,POLICE/BROWNS
659,POLICE/JACKSONS
285,POLICE/WANDA/GRACE
3046,PORTMAN nr EATON
1246,POUND RD/VANESSA DRIVE
3176,POUND/SEEBECK
616,POWER NR ACER
3666,POWER NR BATESFORD
2842,POWER NR LISSON
966,POWER RD NR MONASH FWY
4890,POWER/KAVANAGH
606,POWER/PAPERBARK/BOX
4268,POWER/RIVERSDALE/WALLEN
4887,POWER/STURT
3485,PRINCES FWY NB RAMPS/KOROROIT CREEK
3483,PRINCES FWY SB RAMPS/KOROROIT CREEK
5273,PRINCES FWY WB/FORSYTH
5286,PRINCES FWY/EASTBOUND RAMP/FORSYTH
565,PRINCES HIGHWAY EAST/WINDERMERE
565,PRINCES HIGHWAY EAST/WINDERMERE
5105,PRINCES HW/GRANT/HART
5233,PRINCES HWY NR FARM
6810,PRINCES HWY WEST NR REGENT
597,PRINCES HWY/ARMY
6697,PRINCES HWY/ASHBY
6697,PRINCES HWY/ASHBY
5026,PRINCES HWY/PIGDONS
6656,PRINCES HWY/VILLAGE AVE
6656,PRINCES HWY/VILLAGE AVE
4415,PRINCES NR CANNING
977,PRINCES NR WOODS
5158,PRINCES WAY/COLEMAN
6654,PRINCES/VINCENT
3621,PRINCESS NR MOLESWORTH
3620,PRINCESS NR WILLS
3623,PRINCESS NR WILLSMERE
3622,PRINCESS/DUKE
3801,PROSP.HILL/STANHOPE/TRAFALGAR
3802,PROSPECT HILL NR CARINDA
3803,PROSPECT HILL NR MOLESWORTH
3799,PROSPECT HILL NR SCOTT
4200,PUCKLE NR PRATT
1006,PUCKLE/MOORE/MARGARET/HOLMES
1006,PUCKLE/MOORE/MARGARET/HOLMES
3398,PUNT NR PASLEY ST NTH
3395,PUNT/ALEXANDRA
3390,PUNT/BRIDGE/HODDLE/WELLINGTON
3392,PUNT/BRUNTON
3399,PUNT/COMMERCIAL
3396,PUNT/DOMAIN
1038,PUNT/GATE 6
3401,PUNT/HIGH
3400,PUNT/MOUBRAY/GREVILLE
3391,PUNT/ROWENA
3393,PUNT/SWAN
3397,PUNT/TOORAK
3387,PUNT/UNION
5985,PYRENEES HWY(TUAGGRA)/HIGH
6281,QUEEN NR KILLIANS WALK
3505,QUEEN NR SARGOOD
4556,QUEEN/A'BECKETT
4599,QUEEN/BOURKE
4581,QUEEN/COLLINS
4572,QUEEN/FLINDERS LANE
4564,QUEEN/FLINDERS ST
2923,QUEEN/LATROBE
4607,QUEEN/LITTLE BOURKE
4590,QUEEN/LITTLE COLLINS
2915,QUEEN/LITTLE LONSDALE
2907,QUEEN/LONSDALE
2440,QUEENS RD O'HEAD LANE CONTROL
2445,QUEENS RD O'HEAD N ARTHUR      GANTRY 02
2449,QUEENS RD O'HEAD N BEATRICE    GANTRY 06
2446,QUEENS RD O'HEAD N LEOPOLD     GANTRY 03
2467,QUEENS RD O'HEAD N LORNE       GANTRY 08
2447,QUEENS RD O'HEAD N LOUISE      GANTRY 04
2448,QUEENS RD O'HEAD N ROY         GANTRY 05
2450,QUEENS RD O'HEAD S BEATRICE    GANTRY 07
2444,QUEENS RD O'HEAD S KINGSWAY    GANTRY 01
4734,QUEENS RD/ LINK RD
3302,QUEENS/GOLD/MICHAEL
3303,QUEENS/HEIDELBERG
2107,QUEENS/RUSHALL
3300,QUEENS/SMITH
3301,QUEENS/WELLINGTON/DELBRIDGE
1037,QUEENSBERRY ST/LEICESTER ST
4496,QUEENSBERRY/ABBOTSFORD
1039,QUEENSBERRY/CARDIGAN
4507,QUEENSBERRY/CHETWYND
4497,QUEENSBERRY/CURZON
1036,QUEENSBERRY/DRUMMOND
4499,QUEENSBERRY/PEEL
4921,QUEENSBRIDGE/QUEENSWHARF/BANANA ALLEY
4895,QUEENSBRIDGE/SOUTHBANK BLVD
4879,QUEENSBRIDGE/WHITEMAN/POWER
4469,RACECOURSE NR CROWN
3524,RACECOURSE NR PIN OAK
4475,RACECOURSE/BOUNDARY
4472,RACECOURSE/EASTWOOD
2939,RACECOURSE/NEWMARKET
2500,RACECOURSE/SMITHFIELD
4474,RACECOURSE/STUBBS
4473,RACECOURSE/WELLINGTON
1064,RACECOURSE/WESTERN LINK ON/OFF RAMPS
1064,RACECOURSE/WESTERN LINK ON/OFF RAMPS
3477,RAILWAY BTW EPSOM & FITZROY
5270,RAILWAY NR AVIATION
838,RAILWAY NR BLACKBURN
3097,RAILWAY NR CYRIL
899,RAILWAY NR LOIS
902,RAILWAY NR STANLEY
839,RAILWAY NR STATION
328,RAILWAY/CHAPEL
739,RAILWAY/STATION/MCKENZIE
3992,RALEIGH NR RIDDELL
4943,RALEIGH NR WARRS
2618,RALEIGH NR WESTS/TRAM CROSSING
4201,RALEIGH RD NR WOODS
2626,RALEIGH/CLYDE
2664,RALEIGH/RANDALL
4942,RALEIGH/ROSAMOND
4944,RALEIGH/VAN NESS
6455,RANFURLY NR CALDER HWY
3406,RATHDOWNE NR MOTON PLACE
4417,RATHDOWNE NR NEILL
4429,RATHDOWNE NR NEWRY
4411,RATHDOWNE NR PALMERSTON
4416,RATHDOWNE NR PELHAM
4418,RATHDOWNE NR PRINCES
3444,RATHDOWNE ST NEAR RICHARSON ST
4409,RATHDOWNE/ELGIN
4397,RATHDOWNE/GRATTAN
4422,RATHDOWNE/PIGDON
4381,RATHDOWNE/PRINCES
4400,RATHDOWNE/QUEENSBERRY
4261,RATHMINES NR STANLEY
4701,RAYHUR NR KOMBI
3965,RESERVE NR GLENWOOD
3653,RESERVE/PARK/TULIP
3653,RESERVE/PARK/TULIP
4125,REYNARD NR BRUCE
4122,REYNARD NR MITCHELL
704,REYNOLDS/ANDERSON CREEK
4123,REYNOLDS/REYNARD/COONANS
703,REYNOLDS/THE PINES SHOPPING CENTRE
3253,RIDDELL NR HORNE
4703,RING ROAD EAST AT MONASH UNIVERSITY
4705,RING ROAD SOUTH AT MONASH UNIVERSITY
867,RINGWOOD BYPASS/WARRANDYTE
896,RINGWOOD/BOND
866,RINGWOOD/EASTLAND SHOP
913,RINGWOOD/LOUGHNANS
869,RINGWOOD/RINGWOOD BYPASS
1203,RINGWOOD-WARRANDYTE/MILNE
2708,RIVER/GORDON
3933,RIVERSDALE NR ALANDALE
4269,RIVERSDALE NR FORDHOLM
4278,RIVERSDALE NR KOOYONGKOOT
3806,RIVERSDALE NR QUANTOCK
3809,RIVERSDALE NR THROUGH ROAD
3805,RIVERSDALE NR WILLOW
3925,RIVERSDALE/ELGAR
3979,RIVERSDALE/FAIRHOLM
3914,RIVERSDALE/HAVELOCK/REDFERN
3808,RIVERSDALE/HIGHFIELD
3924,RIVERSDALE/PARK/ELGAR
4272,RIVERSDALE/TOORONGA
3804,RIVERSDALE/TRAFALGAR
3807,RIVERSDALE/WATTLEVALLEY
2655,ROBINSONS/AUSTRALAND
2688,ROBINSONS/CALARCO
2681,ROBINSONS/HATCHLANDS
2679,ROBINSONS/RIDING BOUNDARY
2690,ROBINSONS/WINDSOR
349,ROOKS NR CARWEEN
2016,Rooks Nr Maurice Court
4941,ROSAMOND NR FISHER
2624,ROSAMOND/HIGHPOINT CITY NORTH ENT
2625,ROSAMOND/HIGHPOINT CITY SHOP ENT
4961,ROSAMOND/WILLIAMSON
3315,ROSANNA NR ST JAMES
3316,ROSANNA/BANYULE
3314,ROSANNA/DAREBIN
2941,ROSANNA/STATION
5090,ROSLYN/ROBERTS
1057,ROYAL NR BAYLES
1046,ROYAL NR IEVERS
4384,ROYAL PDE/CEMETERY/MACARTHUR
4383,ROYAL PDE/GATEHOUSE/COLLEGE
4385,ROYAL PDE/MELBOURNE HOSPITAL ENTRANCE
3783,ROYAL/PARK
1044,ROYAL/WALKER
4227,RUSHALL NR ROWE
4595,RUSSELL/BOURKE
4577,RUSSELL/COLLINS
4569,RUSSELL/FLINDERS LANE
4561,RUSSELL/FLINDERS ST
2920,RUSSELL/LATROBE
4604,RUSSELL/LITTLE BOURKE
4587,RUSSELL/LITTLE COLLINS
2903,RUSSELL/LONSDALE
2912,RUSSELL/LT LONSDALE
4291,RUTHVEN NR BELLEVUE
3354,RYANS/WALLOWA/ALLENDALE
5117,RYRIE NR JAMES
5118,RYRIE NR UNION
5197,RYRIE(BELLARINE)/FENWICK
5204,RYRIE/BELLERINE ST
5089,RYRIE/GARDEN
5089,RYRIE/GARDEN
5089,RYRIE/GARDEN
5089,RYRIE/GARDEN
5201,RYRIE/GHERINGHAP
5202,RYRIE/MOORABOOL
5203,RYRIE/YARRA
4331,SACKVILLE NR THOMAS
1047,SALMON/HOLDEN ACCESS
5277,SAYERS Rd/DOUBELL Boulevard
5292,SAYERS/FEDERATION TRAIL
5283,SAYERS/FORSYTH
5271,SAYERS/MARQUANDS
5268,SAYERS/MORRIS
5284,SAYERS/PALMERS
5316,SAYERS/TARNEIT
779,SCORESBY NR APPLEGUM
792,SCORESBY NR ORANGE
780,SCORESBY NR VICTORIA
788,SCORESBY/POWER/STATION
788,SCORESBY/POWER/STATION
742,SEAFORD/HARTNETT
753,SEAFORD/RAILWAY/FORTESCUE
516,SEAFORD/WELLS
5137,SEPARATION NR TALLINN
2975,SEPARATION STREET NR BURT STREET
4687,SEPARATION/CAR PARK
5101,SEPARATION/DOURO
3268,SEPARATION/STATION
5098,SEPARATION/THOMPSON
4670,SEPARATION/VICTORIA
4996,SETTLEMENT NR COOK
5219,SETTLEMENT NR FRANCIS
5022,SETTLEMENT NR MERNDA
4998,SETTLEMENT NR NORRIS
3239,SETTLEMENT/APEX
5079,SETTLEMENT/BARWON HEADS
3245,SETTLEMENT/BRAND
5069,SETTLEMENT/BREAKWATER
5069,SETTLEMENT/BREAKWATER
2778,SETTLEMENT/BROWNHILL
2769,SETTLEMENT/GREENHILLS
2796,SETTLEMENT/NORTHGATE
5068,SETTLEMENT/TORQUAY/CORIO
5068,SETTLEMENT/TORQUAY/CORIO
5068,SETTLEMENT/TORQUAY/CORIO
2765,SETTLEMENT/WOOD
6684,SEYMOUR BTN FRANKLIN & CHURCH
6690,SEYMOUR/FRANKLIN
5223,SHANNON NR CATHERINE
5228,SHANNON/ALBERT
5307,SHANNON/APHRASIA
5222,SHANNON/AUTUMN
5221,SHANNON/CHURCH
5306,SHANNON/NOBLE
5305,SHANNON/WEST FYANS
2749,SHARPS RD/SCHIAVELLO ENTRANCE
2649,SHARPS/AIRPORT DR
5287,SHAWS/MARKET
724,SHERBOURNE NR OUTLOOK
397,SHRIVES/CENTRE
3989,SIMPLOT ACCESS/LLOYD
2759,SIR JOHN MONASH NR DERBY
2398,SIR JOHN MONASH NR QUEENS
5881,SKIPTON/DARLING/DRUMMOND
4143,SMITH NR CHARLES
4228,SMITH NR ST DAVID
2502,SMITHFIELD RD/GATEHOUSE DRIVE
2499,SMITHFIELD/SPEAKMEN
364,SNEDDEN/THE GLEN CAR PARK
1146,SNEYDES RD / BOARDWALK BLVD
2189,SOMERTON/AUSTRAK
2194,SOMERTON/PASCOE VALE
2180,SOMERTON/ROXBURGH PARK SHOP CENTRE
2188,SOMERTON/UNION
4250,SOMERVILLE NR BISHOP
3775,SOMERVILLE NR CORONATION
4229,SOMERVILLE NR POWELL
2685,SOMERVILLE/ALICK
6275,SOMERVILLE/ELLIS
4252,SOMERVILLE/GAMON
3430,SOMERVILLE/HYDE
2660,SOMERVILLE/MCDONALD
2514,SOMERVILLE/PARAMOUNT
4923,SOUTH BANK BLVD/KAVANAGH
4923,SOUTH BANK BLVD/KAVANAGH
2684,SOUTH CENTRE/ANNANDALE/BELLATERRA
4027,SOUTH DALY NR COLLIER
1135,SOUTH GIPPS FWY/POUND IB
1134,SOUTH GIPPS FWY/SOUTH GIPPS HWY IB
1156,SOUTH GIPPSLAND HWY BTW STATION/LOCH
6679,SOUTH GIPPSLAND HWY NR RADOVICK
6679,SOUTH GIPPSLAND HWY NR RADOVICK
310,SOUTH GIPPSLAND HWY/LESDON
256,SOUTH GIPPSLAND HWY/THOMPSONS
3630,SOUTH NR ESPLANADE AVE
3633,SOUTH NR HAMPTON
4689,SOUTH NR MASON
4958,SOUTH NR MELON
2703,SOUTH NR MYAMYN
4684,SOUTH NR WASTELL
840,SOUTH PARADE NR MAIN
3028,SOUTH/BEACH
3634,SOUTH/BLUFF/CUMMINS
3638,SOUTH/CHESTERVILLE
3637,SOUTH/EAST BOUNDARY
3632,SOUTH/HAMPTON
3635,SOUTH/JASPER/TAYLOR
3631,SOUTH/NEW
3642,SOUTH/STATION
3643,SOUTH/TAFE COLLEGE EXIT
4922,SOUTHBANK BLVD/RIVERSIDE QUAY
4294,SOUTHERN/LIBERTY
4295,SOUTHERN/ORIEL
4297,SOUTHERN/WAIORA
4296,SOUTHERN/WATERDALE
1045,SPENCER NR FLINDERS ST
4519,SPENCER/ABBOTSFORD
4602,SPENCER/BOURKE
4585,SPENCER/COLLINS
4521,SPENCER/DUDLEY
4567,SPENCER/FLINDERS
4520,SPENCER/HAWKE
2926,SPENCER/LATROBE
2900,SPENCER/LITTLE BOURKE
2835,SPENCER/LITTLE COLLINS
2910,SPENCER/LONSDALE
2024,SPRING BTW FLINDERS & FLINDERS LA
3876,SPRING NR VERDUN
3213,SPRING ST BTW VIOLA & CLEELAND
4593,SPRING/BOURKE
4575,SPRING/COLLINS
4780,SPRING/EDWARDES
2901,SPRING/LONSDALE
4781,SPRING/REGENT
589,SPRINGFIELD NR HEPPNER
584,SPRINGFIELD NR MARDION
583,SPRINGFIELD NR SELWYN
586,SPRINGFIELD/WILLIAMS
935,SPRINGVALE BYPASS NR ROWAN RD
935,SPRINGVALE BYPASS NR ROWAN RD
2956,SPRINGVALE BY-PASS/CENTRE
2956,SPRINGVALE BY-PASS/CENTRE
437,SPRINGVALE NR ANDREW
412,SPRINGVALE NR ASTELOT
287,SPRINGVALE NR BALMORAL
393,SPRINGVALE NR CAVES
418,SPRINGVALE NR JOLIMONT
434,SPRINGVALE NR LUCIAN
409,SPRINGVALE NR MILTON
416,SPRINGVALE NR STATION
443,SPRINGVALE NR SVALE FIRE STN
421,SPRINGVALE NR TOLMIE
414,SPRINGVALE NR TUNSTALL
415,SPRINGVALE NR WALKERS/SILVER
444,SPRINGVALE NR WAREHAM
427,SPRINGVALE NR WHITES LANE
424,SPRINGVALE NR WILSON
439,SPRINGVALE/ATHOL
417,SPRINGVALE/CANTERBURY
442,SPRINGVALE/CHELTENHAM
440,SPRINGVALE/CLARKE/PATERSON
423,SPRINGVALE/COLEMAN/GLEN/RAILWAY PDE
423,SPRINGVALE/COLEMAN/GLEN/RAILWAY PDE
1138,SPRINGVALE/DONVALE RETIRMENT VILLAGE ENT
430,SPRINGVALE/DUNLOP
429,SPRINGVALE/FERNTREE GULLY
283,SPRINGVALE/GOVERNOR/HUTTON
994,SPRINGVALE/HAROLD
411,SPRINGVALE/HAWTHORN
438,SPRINGVALE/HEATHERTON
422,SPRINGVALE/HIGH STREET RD
420,SPRINGVALE/HIGHBURY
3151,SPRINGVALE/KEYLANA
433,SPRINGVALE/KINGSWAY
435,SPRINGVALE/LIGHTWOOD
431,SPRINGVALE/MAGID
987,SPRINGVALE/MILES
339,SPRINGVALE/MITCHAM
280,SPRINGVALE/MORN PEN FWY
1164,SPRINGVALE/OLD WARRANDYTE
314,SPRINGVALE/REYNOLDS
943,SPRINGVALE/SPOTLIGHT CENTRE
413,SPRINGVALE/SPRINGFIELD
441,SPRINGVALE/SPRINGVALE BYPASS
441,SPRINGVALE/SPRINGVALE BYPASS
288,SPRINGVALE/ST JAMES
408,SPRINGVALE/THE GLEN SHOPPING
500,SPRINGVALE/THE WATERWAYS
426,SPRINGVALE/WAVERLEY
432,SPRINGVALE/WELLINGTON
281,SPRINGVALE/WELLS/EDITHVALE
436,SPRINGVALE/WINDSOR
2705,ST ALBANS NR MULHALL
2750,ST ALBANS ROAD NR DEBENHAM DR
4685,ST GEORGES NR BEAVERS
4685,ST GEORGES NR BEAVERS
3870,ST GEORGES NR BRUCE
3870,ST GEORGES NR BRUCE
4659,ST GEORGES NR CLARKE
4210,ST GEORGES NR CLAUSCEN
4160,ST GEORGES NR KEMP
4160,ST GEORGES NR KEMP
4226,ST GEORGES NR PARK
4215,ST GEORGES NR REID
3084,ST GEORGES NR SHOWER
4665,ST GEORGES NR SUMNER
4665,ST GEORGES NR SUMNER
4676,ST GEORGES NR WESTBOURNE
4676,ST GEORGES NR WESTBOURNE
4668,ST GEORGES/ARTHURTON
4668,ST GEORGES/ARTHURTON
4783,ST GEORGES/CRAMER
4212,ST GEORGES/HOLDEN
4675,ST GEORGES/HUTTON
4675,ST GEORGES/HUTTON
3671,ST GEORGES/MERRI/CHARLES
4686,ST GEORGES/MILLER
4782,ST GEORGES/MURRAY
4660,ST GEORGES/NORMANBY
4660,ST GEORGES/NORMANBY
4784,ST GEORGES/OAKOVER
4214,ST GEORGES/SCOTCHMER
3355,ST HELENA/KARINGAL
3017,ST KILDA NR ARGYLE
4554,ST KILDA NR BOWEN
4531,ST KILDA NR CONCERT HALL
4534,ST KILDA NR COVENTRY
4535,ST KILDA NR DORCAS
4533,ST KILDA NR GRANT
4857,ST KILDA NR OCTAVIA
4834,ST KILDA NR RALEIGH
2936,ST KILDA NR SOUTHBANK BLVD (NOLAN)
1241,ST KILDA RD NEAR COMMERCIAL RD
1243,ST KILDA RD NR HIGH ST
1242,ST KILDA RD NR UNION ST
3025,ST KILDA ST/BAY
4844,ST KILDA ST/G'HUNTLY/TENNYSON
3026,ST KILDA ST/GROSVENOR
3023,ST KILDA ST/MARTIN
4553,ST KILDA/ARTHUR/SLATER
4541,ST KILDA/COMMERCIAL
4543,ST KILDA/HIGH/LORNE
4538,ST KILDA/KINGSWAY
4540,ST KILDA/LEOPOLD
4542,ST KILDA/MOUBRAY
4536,ST KILDA/PARK/DOMAIN
4532,ST KILDA/SOUTHBANK BLVD
4539,ST KILDA/TOORAK
2300,ST KILDA/UNION
4476,STADIUM DR/BOURKE/STADIUM STH ENTRANCE
1072,STADIUM/COLLINS
3837,STANHOPE NR LORNE
2021,STATION BTW  BOARDMAN & GARDINER CK
5012,STATION LAKE NR WAVERLEY
2013,STATION NR BRONTE & DELANY
870,STATION NR CARRUM RAIL STATION
2761,STATION NR CEDAR
4634,STATION NR CENTRAL
3854,STATION NR CLAREMONT
3266,STATION NR CLARENDON
3272,STATION NR COLLINS
3929,STATION NR DUNCAN
3269,STATION NR DUNCAN
3679,STATION NR GLENFERRIE
3928,STATION NR HILL
898,STATION NR KENDALL
3134,STATION NR KENT
219,STATION NR LINCOLN
3271,STATION NR MANSFIELD
2211,STATION NR PAISLEY
292,STATION NR RETREAT
289,STATION NR SWANPOOL
4933,STATION NR TRINACRIA
2218,STATION NR WOOD
160,STATION ST/ALPINE
876,STATION STREET / BAYSWATER STATION
2706,STATION/BILLINGHAM
3939,STATION/CARRINGTON/RUTLAND
4656,STATION/DEER PARK SHOPPING CENTRE
3941,STATION/ELEY
3247,STATION/EVANS
3937,STATION/HIGHBURY
223,STATION/MCLEOD
4962,STATION/NEALE
2662,STATION/RICHARD
3930,STATION/RIVERSDALE
3927,STATION/THAMES
510,STATION/THAMES PROMENADE
2623,STATION/TILBURN
3926,STATION/WOODHOUSE
479,STEPHENSONS NR KEMP
476,STEPHENSONS NR SIMPSON
480,STEPHENSONS/MILLERS
482,STEPHENSONS/VIRGINIA
481,STEPHENSONS/WAIMARIE
483,STEPHENSONS/WAVERLEY
257,STH GIPPS HWY NR BAKEWELL
260,STH GIPPS HWY NR ELIZABETH
252,STH GIPPS HWY/GREENS
251,STH GIPPS HWY/SLADEN(CRAN-DAND)
254,STH GIPPS HWY/STAWELL
6701,STH GIPPS'D HWY NR YARRAM
6701,STH GIPPS'D HWY NR YARRAM
569,STH GIPPS'D HWY/MCDOWALL/COMMERCIAL
974,STH GIPPS'D HWY/POUND
1247,STH GIPPSLAND FWY/ON-RAMP/POUND RD
270,STH GIPPSLAND FWY/PHE
270,STH GIPPSLAND FWY/PHE
1136,STH GIPPSLAND FWY/PHE IB
1133,STH GIPPSLAND FWY/PHE OB
291,STH GIPPSLAND FWY/POUND RD
6680,STH GIPPSLAND HWY (BLAIR) NR CHURCH
3171,STH GIPPSLAND HWY (HIGH ST) NR LYALL
3170,STH GIPPSLAND HWY (HIGHST) NR CHILDERS
591,STH GIPPSLAND HWY NR LYALL
961,STH GIPPSLAND HWY/ABBOTTS RD
258,STH GIPPSLAND HWY/CAMMS
398,STH GIPPSLAND HWY/HUON PARK/WENTWORTH
305,STH GIPPSLAND HWY/LYNBROOK BLVD
965,STH GIPPSLAND HWY/WATERVIEW
6279,STRATHFIELDSAYE/EDWARDS/CONDON
660,STUD NR HERBERT
202,STUD NR OSWALD
996,STUD PK SHOP CENTRE CAR PARK NR BUS STOP
997,STUD PK SHOPPING CENTRE NR  MCDONALDS
171,STUD RD/KNOX CITY ENT 1
561,STUD(SERVICE) NR COLEMAN
2022,STUD/ACCESS
782,STUD/AVALON
2017,STUD/BERGINS
662,STUD/BRADY
391,STUD/CENTRE
646,STUD/CLOW
783,STUD/COLEMAN/HAROLD
671,STUD/DAVID
781,STUD/GEORGE
661,STUD/HEATHERTON
785,STUD/HIGH STREET RD
786,STUD/KELLETTS
175,STUD/KNOX TAFE COLLEGE ENT
795,STUD/LAKEVIEW/FULHAM
710,STUD/MONASH FWY RAMPS (NORTH)
799,STUD/NUBRICK ENTRANCE
801,STUD/STUD PARK SHOPPING CENTRE
1170,STUD/TIMBERTOP
784,STUD/WELLINGTON
3660,STUDLEY PARK NR HODGSON
3661,STUDLEY PARK/CARSON
6440,STURT HWY (DEAKIN)/TWELTH ST
6440,STURT HWY (DEAKIN)/TWELTH ST
3416,STURT NR GRANT
6442,STURT(DEAKIN)/EIGHTH
6442,STURT(DEAKIN)/EIGHTH
6445,STURT(DEAKIN)/ELEVENTH
6445,STURT(DEAKIN)/ELEVENTH
6449,STURT(DEAKIN)/FOURTEENTH
6449,STURT(DEAKIN)/FOURTEENTH
6443,STURT(DEAKIN)/NINTH
6443,STURT(DEAKIN)/NINTH
6206,STURT(DEAKIN)/SEVENTH
6206,STURT(DEAKIN)/SEVENTH
6444,STURT(DEAKIN)/TENTH
6444,STURT(DEAKIN)/TENTH
6447,STURT(DEAKIN)/THIRTEENTH
6447,STURT(DEAKIN)/THIRTEENTH
5163,STURT/ARMSTRONG
5163,STURT/ARMSTRONG
5842,STURT/DAWSON
5842,STURT/DAWSON
5820,STURT/DRUMMOND
5820,STURT/DRUMMOND
5824,STURT/GILLIES
4889,STURT/KAVANAGH
5821,STURT/PLEASANT
5821,STURT/PLEASANT
5833,STURT/RING
5832,STURT/RIPON
5832,STURT/RIPON
4888,STURT/SOUTHBANK BLVD
4888,STURT/SOUTHBANK BLVD
1213,SUNBURY/BULLA/WILDWOOD
1159,SUNBURY/BULLA-DIGGERS REST
5904,SUNRAYSIA (HOWITT)/BURNBANK
5904,SUNRAYSIA (HOWITT)/BURNBANK
5905,SUNRAYSIA (HOWITT)/DOWLING
5905,SUNRAYSIA (HOWITT)/DOWLING
6406,SUNRAYSIA NR WALKER (Raglan)
2629,SUNSHINE AVE/MAIN ROAD EAST
2875,SUNSHINE NR FOX
2891,SUNSHINE/APOLLO
2735,SUNSHINE/CALVERTON
2741,SUNSHINE/COPERNICUS WAY
4955,SUNSHINE/MARKET/WRIGHT
2892,SUNSHINE/ODESSA
1152,SUNSHINE/OLYMPIA
2518,SUNSHINE/ROBERTS
5231,SURF COAST HWY NR BEACH
5231,SURF COAST HWY NR BEACH
5230,SURF COAST HWY/GROSSMANS/DARIAN
5230,SURF COAST HWY/GROSSMANS/DARIAN
5088,SURFCOAST HWY / PIONEER
5088,SURFCOAST HWY / PIONEER
5087,SURFCOAST HWY/ MARSHALLTOWN
5248,SURFCOAST/BEACON
5083,SURFCOAST/HEYERS
587,SURREY NR JUNCTION
585,SURREY/SPRINGFIELD
4110,SUSSEX NR KENT
3074,SUSSEX/O'HEA
7047,SWALLOW/LIGHT RAIL XING
3445,SWAN NR BATMAN
3409,SWAN NR MELBOURNE PARK (EAST)
4811,SWAN NR STAWELL
4819,SWAN NR WAVERLEY
4551,SWAN/BATMAN
4810,SWAN/BURNLEY
4809,SWAN/COPPIN
3861,SWAN/CREMORNE
4807,SWAN/LENNOX
4812,SWAN/MADDEN
3408,SWAN/MELBOURNE PARK/OLYMPIC PARK
4558,SWAN/TRAM ACCESS
4224,SWAN/YARRA/AMRAD
106,SWANSEA/BIRMINGHAM
109,SWANSEA/HULL
4392,SWANSTON / FARADAY
4530,SWANSTON NR YARRA RIVER
4596,SWANSTON/BOURKE ST
4711,SWANSTON/CEMETERY RD EAST/COLLEGE
4711,SWANSTON/CEMETERY RD EAST/COLLEGE
4711,SWANSTON/CEMETERY RD EAST/COLLEGE
4578,SWANSTON/COLLINS ST
4393,SWANSTON/ELGIN
4570,SWANSTON/FLINDERS LANE
4562,SWANSTON/FLINDERS ST
4523,SWANSTON/FRANKLIN ST
2921,SWANSTON/LATROBE ST
4605,SWANSTON/LITTLE BOURKE ST
4588,SWANSTON/LITTLE COLLINS ST
2913,SWANSTON/LITTLE LONSDALE ST
2904,SWANSTON/LONSDALE
4390,SWANSTON/QUEENSBERRY
3790,SYDNEY NR DONALD
3893,SYDNEY NR PAGE
3784,SYDNEY NR STEWART
4131,SYDNEY NR THE AVENUE
4129,SYDNEY NR VICTORIA ST MALL
4013,SYDNEY/ALBERT
4006,SYDNEY/ALBION
3054,SYDNEY/BELL
4010,SYDNEY/BLYTH
3112,SYDNEY/BRUNSWICK
4115,SYDNEY/GAFFNEY/MURRAY
4014,SYDNEY/GLENLYON/DAWSON
4130,SYDNEY/HARDING/MUNRO
2191,SYDNEY/LORNE
2191,SYDNEY/LORNE
4001,SYDNEY/MORELAND
4121,SYDNEY/O'HEAS
4126,SYDNEY/REYNARD/EDWARD
5205,SYDNEY/SWANSTON/RYRIE
4128,SYDNEY/URQUHART
4011,SYDNEY/VICTORIA
4022,SYDNEY/WESTON
5272,SYNNOT BTN WEDGE & BRIDGE
3853,TALBOT NR GLENFERRIE
5317,TARNEIT/LEAKES
5276,TARNEIT/PARRAMATTA
1233,TAYLORS / CHIFLEY
2659,TAYLORS/CARBINE
2567,TAYLORS/COPPERFIELD
2580,TAYLORS/EAST ESPLANADE
2721,TAYLORS/KEILOR DOWNS S/C EAST ENT
2877,TAYLORS/KEILOR DOWNS S/C WEST ENT
2579,TAYLORS/KERRISON/REGAN
685,TEMPLESTOWE/ SHEAHANS
293,THAMES NR MULKARRA
4174,THE CIRCUIT NR HAILES
3358,THE CIRCUIT/LORIMER/G'BOROURGH SHOP
4180,THE CIRCUIT/VALLEY CENTRAL/HAILES ST E
3013,THE ESPLANADE NR POLLINGTON
3773,THE LAKES NR THE PROMENADE
241,THOMPSON NR GLADESVILLE BLVD
5181,THOMPSON NR HOLLYDENE
5028,THOMPSON NR SPARKS
5084,THOMPSON NR VISTULA
1264,THOMPSON RD/ALAN BIRD DRV
5025,THOMPSON/BOULEVARD
5072,THOMPSON/COX
5115,THOMPSON/DONNYBROOK
1114,THOMPSON/EASTLINK
1114,THOMPSON/EASTLINK
5108,THOMPSON/MORGAN
7541,THOMPSON/TRUCK ACCESS
5085,THOMPSON/VICTORIA
688,THOMPSONS NR BARAK
689,THOMPSONS NR FULLER
690,THOMPSONS NR JEFFREY
504,THOMPSONS NR LESDON
693,THOMPSONS NR WARATAH
1901,THOMPSONS/FEATHERTOP/WELLINGTON
320,THOMPSONS/FOOTE/TEMPLESTOWE
3169,THOMPSONS/LYNDHURST
548,THOMPSONS/ROSEBANK/SPRINGHILL
1198,THOMPSONS/WILLIAM THWAITES BVD
311,THOMPSONS/WOODBINE
2633,TILBURN NR FITZGERALD
2898,TODD OFF RAMP/PROHASKY/SERVICE CENTRE
2399,TODD/TODD CONNECTION
2399,TODD/TODD CONNECTION
21000,TOORAK DYNAMIC FAIRWAY SYSTEM
4044,TOORAK NR BOWEN
21003,TOORAK NR CAROLINE STH (DYNAMIC FAIRWAY)
21008,TOORAK NR CLARA (DYNAMIC FAIRWAY) WB
21006,TOORAK NR CLAREMONT (DYNAMIC FAIRWAY) EB
21009,TOORAK NR COMO (DYNAMIC FAIRWAY) EB
21007,TOORAK NR FOSTER (DYNAMIC FAIRWAY) W/B
21010,TOORAK NR FULHAM (DYNAMIC FAIRWAY) EB
4049,TOORAK NR GRANDVIEW
21014,TOORAK NR GRANGE (DYNAMIC FAIRWAY) EB
4749,TOORAK NR IRVING
21015,TOORAK NR KILSYTH (DYNAMIC FAIRWAY) WB
21001,TOORAK NR MARNE (DYNAMIC FAIRWAY) E/B
4746,TOORAK NR MATHOURA
4545,TOORAK NR MILLSWYN
4050,TOORAK NR MYRNIONG & QUEENS
4741,TOORAK NR MYRTLE
21004,TOORAK NR MYRTLE (DYNAMIC FAIRWAY W/B)
21016,TOORAK NR ORRONG (DYNAMIC FAIRWAY) WB
4742,TOORAK NR OSBORNE
4744,TOORAK NR SURREY
21012,TOORAK NR TINTERN (DYNAMIC FAIRWAY) WB
21011,TOORAK NR TINTERN (DYNAMIC FAIRWAY) WB
21013,TOORAK NR WALLACE (DYNAMIC FAIRWAY) EB
21002,TOORAK NR WALSH (DYNAMIC FAIRWAY) E/B
21005,TOORAK NR YARRA (DYNAMIC FAIRWAY) E/B
2847,TOORAK/AUBURN
4012,TOORAK/CAMBERWELL                DD 4046
4012,TOORAK/CAMBERWELL                DD 4046
4743,TOORAK/CHAPEL
4045,TOORAK/GLEN IRIS
4747,TOORAK/GRANGE/CANTERBURY
4048,TOORAK/HIGHFIELD/LITHGOW
4750,TOORAK/KOOYONG
4748,TOORAK/ORRONG
2987,TOORAK/PARK
2982,TOORAK/RIVER
4046,TOORAK/SUMMERHILL
4273,TOORAK/TOORONGA
4283,TOORAK/TOORONGA OFFICE PARK
4745,TOORAK/WILLIAMS
3664,TOORONGA NR BETHUNE
4277,TOORONGA NR BURGESS
4287,TOORONGA NR CAMPBELL
3844,TOORONGA NR COPPIN
7003,TOORONGA NR MARAQUITA
3856,TOORONGA NR MILTON
3673,TOORONGA/TOORONGA VILLAGE ACCESS
4367,TOORONGA/WATTLETREE
5086,TORQUAY NR CHERYL
5217,TOWNSEND/WILSON
6693,TRARALGON CREEK/BARTONS LANE
6693,TRARALGON CREEK/BARTONS LANE
6501,TUAGGRA NR ALMA
4621,TUCKER NR HINKLER
4620,TUCKER NR WALNUT
1084,TULLA FWY/BRISTOL (GANTRY B)
1083,TULLA FWY/ENGLISH (GANTRY C)
2192,TULLA SB ENTRY/MELROSE/WIRRAWAY
1085,TULLA/VAUGHAN (GANTRY D)
2851,TULLAMARINE FWY LANE SIGNALS (NR CALDER)
2895,TULLAMARINE FWY/BULLA WB EXIT RAMP
2860,TULLAMARINE FWY/FLEMINGTON/BOUNDARY
2860,TULLAMARINE FWY/FLEMINGTON/BOUNDARY
2864,TULLAMARINE/ENGLISH/MATTHEWS
2864,TULLAMARINE/ENGLISH/MATTHEWS
2868,TULLAMARINE/MICKLEHAM
2868,TULLAMARINE/MICKLEHAM
2862,TULLAMARINE/MORELAND/COONANS
2862,TULLAMARINE/MORELAND/COONANS
2861,TULLAMARINE/ORMOND/BRUNSWICK
2861,TULLAMARINE/ORMOND/BRUNSWICK
2863,TULLAMARINE/PASCOE VALE/LOEMAN
3743,TYLER NR BOWDEN
4208,UNION NR BLOOMFIELD
4209,UNION NR BURROWS
3822,UNION NR GUILDFORD
3836,UNION NR ST LEONARDS
4298,UPPER HEIDELBERG NR BROWN
3079,UPPER HEIDELBERG NR IVANHOE
4306,UPPER HEIDELBERG NR ST ELMO
2944,UPPER HEIDELBERG/BELL ENT. RAMP
2949,UPPER HEIDELBERG/KIERNAN
4305,UPPER HEIDELBERG/WATERDALE/LIVINGSTONE
2942,UPR HEIDELBERG NR KENILWORTH
4917,VICTORIA NR BRIDPORT
4154,VICTORIA NR CHARLES
2971,VICTORIA NR CLARENDON
2972,VICTORIA NR CLARKE
4908,VICTORIA NR DANKS
4813,VICTORIA NR JAMES
5809,VICTORIA NR KING & OTWAY
4815,VICTORIA NR LITHGOW
2973,VICTORIA NR MITCHELL
4508,VICTORIA NR O'CONNELL
4673,VICTORIA NR PENDER
3241,VICTORIA RD/DUNDAS ST
4501,VICTORIA/ABBOTSFORD
4672,VICTORIA/BASTINGS
4402,VICTORIA/BOUVERIE
4441,VICTORIA/BRUNSWICK/GISBORNE
4441,VICTORIA/BRUNSWICK/GISBORNE
4821,VICTORIA/BURNLEY/WALMER
4403,VICTORIA/CARDIGAN/FRANKLIN
4504,VICTORIA/CHETWYND
4816,VICTORIA/CHURCH
2933,VICTORIA/CLARENDON
2933,VICTORIA/CLARENDON
4500,VICTORIA/DRYBURGH
1051,VICTORIA/ERROL
4820,VICTORIA/FLOCKHART
5806,VICTORIA/FUSSELL/WATER
5806,VICTORIA/FUSSELL/WATER
692,VICTORIA/GEORGE
4818,VICTORIA/JOHNSON
4502,VICTORIA/KING/CURZON
4455,VICTORIA/LANSDOWNE
4455,VICTORIA/LANSDOWNE
2918,VICTORIA/LATROBE
4814,VICTORIA/LENNOX/NICHOLSON
4503,VICTORIA/LEVESON
4404,VICTORIA/LYGON
4406,VICTORIA/NICHOLSON
4406,VICTORIA/NICHOLSON
2783,VICTORIA/PAISLEY
4009,VICTORIA/PEARSON
4506,VICTORIA/PEEL
5810,VICTORIA/PRINCES
5808,VICTORIA/QUEEN
4405,VICTORIA/RATHDOWNE
4654,VICTORIA/RIVER
4218,VICTORIA/SMITH
4218,VICTORIA/SMITH
4817,VICTORIA/SOUTH AUDLEY/MCKAY
4389,VICTORIA/SWANSTON
4443,VICTORIA/WELLINGTON
4443,VICTORIA/WELLINGTON
2970,VICTORIA/WESTGARTH/JEFFREY
4505,VICTORIA/WILLIAM/HOWARD
5109,VINES NR MARLO
5150,VINES/CAREY
3255,VINEYARD/HORNE/MITCHELLS
1200,VINEYARD/MCDOUGALL
478,VIRGINIA NR STEPHENSONS
4293,WAIORA/DOUGHARTY
647,WALKER NR MCCRAE
1238,WALKER/GEORGE/CADLE
1177,WALKER/LANGHORNE
1237,WALKER/MASON
649,WALKER/THOMAS
484,WANDA NR SHAFTSBURY
6124,WANGARATTA/REID
6124,WANGARATTA/REID
906,WANTIRNA NR DAISY
907,WANTIRNA NR ELLISON
1344,WANTIRNA NR GORDON
915,WANTIRNA NR KIRK
793,WANTIRNA NR SELKIRK
895,WANTIRNA/STATION
822,WARBURTON  NR BELL
573,WARBURTON HWY NR DON
306,WARBURTON HWY NR HEARSE
5155,WARBURTON HWY NR SCHOOL LANE
5130,WARBURTON HWY NR WATER WHEEL
154,WARBURTON HWY/YARRA JUNCTION-NOOJEE RD
823,WARBURTON NR SEBIRE
572,WARBURTON/HEALESVILLE-KOO WEE RUP
707,WARRANDYTE - RINGWOOD/FALCONER
315,WARRANDYTE NR ALEXANDER
694,WARRANDYTE NR MELBOURNE HILL
908,WARRANDYTE NR OBAN/MELVIEW/DICKSON
912,WARRANDYTE NR POWRIE
917,WARRANDYTE NR WOODSIDE
891,WARRANDYTE/EASTLAND NORTH ACCESS
910,WARRANDYTE/LOUGHNAN
892,WARRANDYTE/WONGA
3712,WARREN NR BROWNFIELD
3689,WARRIGAL NR BATESFORD
3699,WARRIGAL NR BERNARD
3701,WARRIGAL NR DELIA
3686,WARRIGAL NR FAKENHAM
3683,WARRIGAL NR GLEESON
3702,WARRIGAL NR GLOVER
3692,WARRIGAL NR KANGAROO
3684,WARRIGAL NR LOUDON
3688,WARRIGAL NR MADELINE
3687,WARRIGAL NR POULTER
3691,WARRIGAL/ATHERTON
3690,WARRIGAL/BATESFORD
3700,WARRIGAL/CENTRE DANDENONG
3703,WARRIGAL/COCHRANES
2355,WARRIGAL/COMO
3677,WARRIGAL/ENTRANCE NO.1
3704,WARRIGAL/FARM
970,WARRIGAL/HIGH ST RD
3685,WARRIGAL/HIGHBURY
3697,WARRIGAL/KEYS/CORPORATE DVE
3698,WARRIGAL/KINGSTON
3706,WARRIGAL/MIDDLE
3693,WARRIGAL/NORTH
3711,WARRIGAL/OAK/VOLTRI
3695,WARRIGAL/OLD DANDENONG
3682,WARRIGAL/RIVERSDALE
3696,WARRIGAL/SOUTH
3680,WARRIGAL/WAVERLEY
4304,WATERDALE NR LOWE
3073,WATERDALE NR RAMU
2947,WATERDALE/ALTONA
4292,WATERDALE/DOUGHARTY
4139,WATERFIELD NR BELL
2967,WATERVIEW/CENTRAL
4177,WATSONIA NR GRACE
4173,WATSONIA NR NELL
4185,WATTLETREE NR ELTHAM NTH PS
4366,WATTLETREE/COONIL
4856,WATTLETREE/DUNCRAIG/MALVERN CENTRAL
4432,WAVERLEY NR ALMA (MOONEE VALLEY)
488,WAVERLEY NR ARISTOC
3852,WAVERLEY NR BATESFORD
1071,WAVERLEY NR BRUCE
4344,WAVERLEY NR MACGREGOR
485,WAVERLEY NR MCLAREN
486,WAVERLEY NR PARK LANE
4709,WAVERLEY NR POWER
4708,WAVERLEY NR SAVIO
4345,WAVERLEY NR TENNYSON
4340,WAVERLEY/BATESFORD
4341,WAVERLEY/CHADSTONE
4343,WAVERLEY/DARLING
487,WAVERLEY/FORSTER
4199,WAVERLEY/HOLMES
5314,WEBB NR VALLEY FAIR
518,WEBB ST NR REBOUND CT
4452,WELLINGTON NR AGNES
4148,WELLINGTON NR OTTER
4457,WELLINGTON NR SIMPSON
4451,WELLINGTON PDE S./JOLIMONT
491,WELLINGTON RD/COLES MYER HOUSE
493,WELLINGTON/BRANDON PK
4327,WELLINGTON/CHARLES
1052,WELLINGTON/CLARENDON
798,WELLINGTON/CORPORATE/JAYDEE
1108,WELLINGTON/EASTLINK
1108,WELLINGTON/EASTLINK
3377,WELLINGTON/GIPPS
268,WELLINGTON/JACKSONS
492,WELLINGTON/JELLS
2934,WELLINGTON/JOLIMONT
4142,WELLINGTON/LANGRIDGE
4454,WELLINGTON/LANSDOWNE
3720,WELLINGTON/MONASH UNIVERSITY BUS ENT
3721,WELLINGTON/MONASH UNIVERSITY ENTRY
1093,WELLINGTON/NANTILLA
789,WELLINGTON/NAPOLEON
881,WELLINGTON/PIONEER ACCESS
4453,WELLINGTON/POWLETT
873,WELLINGTON/SILKWOOD/BRAEBURN
2932,WELLINGTON/SPRING/FLINDERS
803,WELLINGTON/TAYLORS
489,WELLINGTON/WANDA/MONASH DR
187,WELLS NR LANGSLOW
740,WELLS NR MCCULLOCH
967,WELLS RD/ AMAROO DR (SOUTH)
101,WELLS/CHELSEA HEIGHTS HOTEL
542,WELLS/ENTERPRIZE
312,WELLS/NURTEN/ROYAL PALMS
309,WELLS/PALM/NARELLE
6079,WELSFORD/FRYERS
5093,WERRIBEE MAIN RD(PHW)/CHERRY/SYNNOT
5257,WERRIBEE MAIN RD(PHW)/DERRIMUT
5003,WERRIBEE MAIN RD(PHW)/OLD GEELONG RD
5003,WERRIBEE MAIN RD(PHW)/OLD GEELONG RD
5249,WERRIBEE MAIN RD(PHW)/SYNNOT/BRIDGE
5259,WERRIBEE/COTTRELL/PHW
1189,WEST BTW EILEEN/ILA
3626,WEST GATE FWY EXIT RAMP/COOK
2523,WEST GATE FWY/MILLERS RD O/B
2522,WEST GATE FWY/WILLIAMSTOWN RD O/B
4704,WESTALL NR HAYDEN
4704,WESTALL NR HAYDEN
941,WESTALL NR LIBBETT
941,WESTALL NR LIBBETT
4702,WESTALL/FAIRBANK
4702,WESTALL/FAIRBANK
936,WESTALL/OSBORNE
936,WESTALL/OSBORNE
962,WESTALL/ROSEBANK
962,WESTALL/ROSEBANK
5113,WESTERN BEACH / GHERINGHAP STREET
5047,WESTERN BEACH RD NR GINN STREET
5043,WESTERN BEACH/ EASTERN BEACH/ MOORABOOL
5801,WESTERN FWY/BACCHUS MARSH-GISBORNE RD
5801,WESTERN FWY/BACCHUS MARSH-GISBORNE RD
2658,WESTERN FWY/CHRISTIES/CAROLINE SPRING
2658,WESTERN FWY/CHRISTIES/CAROLINE SPRING
2850,WESTERN FWY/ROBINSONS
6405,WESTERN HWY (McPherson) NR ROBERTS
5813,WESTERN HWY NR CURTIS
2608,WESTERN HWY NR DARNLEY
5816,WESTERN HWY NR GRENVILLE NTH
5815,WESTERN HWY NR GRENVILLE STH
5814,WESTERN HWY NR LT BRIDGE
2617,WESTERN HWY NR MARCELLIN
2615,WESTERN HWY NR THOMSON
2600,WESTERN HWY NR TIERNAN
2611,WESTERN HWY NR WESTMORELAND
5999,WESTERN HWY(HIGH)/PYRENEES(VINCENT)
2607,WESTERN HWY/ASHLEY
2666,WESTERN HWY/CAIRNLEA
2565,WESTERN HWY/CHISHOLM DRIVE
2606,WESTERN HWY/CHURCHILL
2876,WESTERN HWY/CORNWALL
5812,WESTERN HWY/CURTIS/PEEL
5819,WESTERN HWY/DOVETON
5819,WESTERN HWY/DOVETON
2602,WESTERN HWY/DROOP/FARNSWORTH
2602,WESTERN HWY/DROOP/FARNSWORTH
2609,WESTERN HWY/DUKE
2604,WESTERN HWY/ELEANOR
6404,WESTERN HWY/FIREBRACE
2603,WESTERN HWY/GORDON
5803,WESTERN HWY/GRANT/GISBORNE
2612,WESTERN HWY/HAMPSHIRE
2641,WESTERN HWY/HARVESTER RD
2616,WESTERN HWY/HOLT/G & F ENT
5330,WESTERN HWY/LAWRENCE
5811,WESTERN HWY/LITTLE-BRIDGE/PEEL
5817,WESTERN HWY/LYDIARD
5817,WESTERN HWY/LYDIARD
2613,WESTERN HWY/MCINTYRE/ANDERSON
2610,WESTERN HWY/NORTHUMBERLAND
2714,WESTERN HWY/ROBINSONS
2605,WESTERN HWY/ROSAMOND/S'HILL
2614,WESTERN HWY/STATION RD
2601,WESTERN HWY/TIERNAN/HOADLEY
6403,WESTERN HWY/URQUHART (Horsham - Kalkee)
6409,WESTERN HWY/WAWUNNA
2627,WESTERN HWY/WESTERN RING ROAD
2627,WESTERN HWY/WESTERN RING ROAD
2656,WESTERN HWY/WESTWOOD DRIVE
6408,WESTERN HWY/WILLIAMS/DUFF
6400,WESTERN HWY/WIMMERA HWY
4478,WESTERN LINK NB ENTRY / MT ALEXANDER
4487,WESTERN LINK/DYNON OFF RAMP SOUTH BD
4486,WESTERN LINK/DYNON ON RAMP NORTH BD
2632,WESTERN NR GLENCAIRN   (FIRE STATION)
529,WESTERN PORT HWY/MORETON BAY
1263,WESTERN PORT RD NR RUPERT ST
4971,WESTERN RING ROAD(WRR)/FURLONG
4971,WESTERN RING ROAD(WRR)/FURLONG
2631,WESTERN RING ROAD/BOUNDARY
2631,WESTERN RING ROAD/BOUNDARY
2789,WESTERN RING ROAD/EDGARS
2628,WESTERN RING ROAD/SUNSHINE/MCINTYRE
2628,WESTERN RING ROAD/SUNSHINE/MCINTYRE
2172,WESTERN RING/PASCOE VALE
2172,WESTERN RING/PASCOE VALE
6407,WESTERN/MCPHERSON/HENTY
6407,WESTERN/MCPHERSON/HENTY
4683,WESTGARTH NR GREEN
1694,WESTGATE EAST OF TODD (OB)
1693,WESTGATE EAST OF TODD (OB)
4489,WESTGATE FWY / POWER ST
2886,WESTGATE FWY EB/LORIMER
4901,WESTGATE FWY WB/MONTAGUE
4901,WESTGATE FWY WB/MONTAGUE
2883,WESTGATE FWY/GRIEVE
2883,WESTGATE FWY/GRIEVE
2541,WESTGATE FWY/GRIEVE I/B
2881,WESTGATE FWY/MILLERS
2881,WESTGATE FWY/MILLERS
2542,WESTGATE FWY/MILLERS I/B
2880,WESTGATE FWY/WILLIAMSTOWN RD
2880,WESTGATE FWY/WILLIAMSTOWN RD
1627,WESTGATE NR HYDE (OB)
1175,WESTGATE/PROHASKY (ON RAMP O/B)
2696,WESTMORELAND BTW BALLARAT & PHOENIX
2702,WESTMORELAND NR SUFFOLK
4938,WESTS RD/WATERFORD GREEN
1205,WESTWOOD DR/INGLEWOOD DR/COMMERCIAL RD
2676,WESTWOOD DRV BTW ELLIOT CRT N LANDY CRT
696,WETHERBY NR ROSS
1622,WGB west of Todd
1622,WGB west of Todd
1625,WGB/ 950M WEST OF TODD
1659,WGF E of Montague (EB)
1661,WGF E of Montague Kingsway (EB)
1660,WGF E of Montague Kingsway (EB)
1679,WGF EAST OF CITYLINK
1687,WGF EAST OF COOK
1628,WGF east of Hall I/B
1629,WGF east of Hall O/B
1673,WGF East of Ingles (WB)
1674,WGF East of Ingles north side (WB)
1675,WGF East of Ingles south side (WB)
1685,WGF East of service centre (WB)
1677,WGF East of Wstrn Lk (WB)
1652,WGF Kingsway Offramp nr Clarke (EB)
1656,WGF Kingsway Offramp nr Haig (EB)
1654,WGF Kingsway Onramp nr CityRd (WB)
1663,WGF Montague (WB)
1695,WGF Montague Onramp (WB)
1682,WGF nr Bolte Offramp (EB)
1653,WGF nr CityRd (WB)
1651,WGF nr Clarke (EB)
1662,WGF nr Ford (WB)
1655,WGF nr Haig (EB)
1626,WGF nr Hyde I/B
1670,WGF nr Lorimer (EB)
1669,WGF nr Montague (EB)
1668,WGF nr Montague (EB)
1667,WGF nr Montague (WB)
1688,WGF nr service centre (WB)
1624,WGF nr Westgate park I/B
1657,WGF nr Whiteman (WB)
1672,WGF On Wstrn Lk nr Lorimer (EB)
1650,WGF W of Kingsway (WB)
1691,WGF WEST OF MONTAGUE O/B
1680,WGF West of Wstrn Lk Offramp (WB)
1678,WGF/box 762
1692,WGF/COOK SERVICE CENTRE ON RAMP I/B
1676,WGF/Ingles (EB)
1690,WGF/KINGSWAY ON RAMP O/B
1671,WGF/K'way Offramp nr Lorimer (EB)
1666,WGF/K'way Onramp nr Governor (WB)
1664,WGF/Montague (WB) ramp B
1665,WGF/MONTAGUE RAMP B I/B
2443,WGF/POWER OB
1686,WGF/PROHASKY
1684,WGF/Salmon (EB)
1683,WGF/Salmon (WB)
2396,WGF/TODD OB
1638,WGF/WILLIAMSTOWN I/B
1631,WGF/Williamstown I/B
1630,WGF/Williamstown I/B
1658,WGFK'way Onramp nr Whiteman (WB)
1153,WHEELER NR WILSON
1192,WHITE NR DAVEY
3651,WHITE NR WARREN
2353,WHITE/TREEBY BUD
3429,WHITEHALL NR FREDERICK
2517,WHITEHALL NR HALL
1161,WHITEHALL ST NR BUNBURY
3435,WHITEHALL/SOMERVILLE
3819,WHITEHORSE NR AUSTIN
3823,WHITEHORSE NR BANOOL
4061,WHITEHORSE NR BARNSBURY
4064,WHITEHORSE NR BRENBEAL
3798,WHITEHORSE NR CAMPBELL
4062,WHITEHORSE NR PARKSIDE
3824,WHITEHORSE NR ROCHESTER
4063,WHITEHORSE/BALWYN
3972,WHITEMAN NR QUEENSBRIDGE
4925,WHITEMAN/CASINO/KINGSWAY RAMPS
4925,WHITEMAN/CASINO/KINGSWAY RAMPS
2350,WICKHAM/BLUFF
4616,WICKHAM/ROWANS
588,WICKLOW NR TOORAK
4725,WIDFORD NR OLSEN
4600,WILLIAM/BOURKE
4583,WILLIAM/COLLINS
4566,WILLIAM/FLINDERS
4573,WILLIAM/FLINDERS LANE
2924,WILLIAM/LATROBE
4608,WILLIAM/LITTLE BOURKE
4591,WILLIAM/LITTLE COLLINS
2916,WILLIAM/LITTLE LONSDALE
2908,WILLIAM/LONSDALE
2981,WILLIAMS NR CASSELL
4777,WILLIAMS NR GOOCH
2986,WILLIAMS NR MURRAY
6286,WILLIAMSON NR LYTTLETON
6277,WILLIAMSON NR PALL MALL
6276,WILLIAMSON/MYERS
701,WILLIAMSONS NR EUCALYPT
1137,WILLIAMSONS STH OF SERPELLS (FIRE SIG)
2040,WILLIAMSONS/AQUARENA
700,WILLIAMSONS/FOOTE
687,WILLIAMSONS/GEORGE
691,WILLIAMSONS/LYNNWOOD/KING
318,WILLIAMSONS/SHOP TOWN ENT N
319,WILLIAMSONS/SHOP TOWN ENT S
4258,WILLIAMSTOWN NR CASTLE
3752,WILLIAMSTOWN NR INGLES
3487,WILLIAMSTOWN NR THOMAS
3753,WILLIAMSTOWN NR WEBB
3486,WILLIAMSTOWN/ SHOPPING CENTRE ENTRY
4257,WILLIAMSTOWN/ANDERSON
4249,WILLIAMSTOWN/CHARLES/DICKSON
4230,WILLIAMSTOWN/FRANCIS
3750,WILLIAMSTOWN/GRAHAM
3542,WILLIAMSTOWN/INGLES/NORMANBY
4251,WILLIAMSTOWN/SOMERVILLE
2887,WILLIAMSTOWN/TODD
6271,WILLS/EDWARDS
3007,WILLSMERE NR EARL
6421,WILSON/FIREBRACE
2697,WINDSOR/CAPESTHORNE/LENNON PARKWAY
1248,WINTON ROAD / PITT STREET
6637,WIRRAWAY NR VALE  (Moe and Newborough)
4835,WITHERS/DICKSON
6410,WOMBELANO/ILUKA MINE HAUL
862,WONGA NR GRAEME
852,WONGA NR TORTICE
3273,WOOD NR LAUREL
3274,WOOD/HANNAH
817,WRAY nr STATION
819,WRAY nr YORK
4954,WRIGHT NR STANFORD
2630,WRR/FITZGERALD (WESTERN RING RD)
2630,WRR/FITZGERALD (WESTERN RING RD)
4437,WURUNDJERI/BOURKE
4488,WURUNDJERI/DUDLEY
4526,WURUNDJERI/FLINDERS
7212,WURUNDJERI/SPENCER STN
4370,WURUNDJERI/STADIUM DR
4527,WURUNDJERI/STADIUM N/E ENTRANCE
1065,WURUNDJERI/STADIUM SE ENTRANCE
6087,WYNDHAM NR FRASER (SHEPPARTON)
6075,WYNDHAM ST/VAUGHAN
4107,YAN YEAN/IRONBARK
695,YARRA NR WHIPSTICK
5048,YARRA/EASTERN BEACH
5081,YARRA/LT MALOP
4897,YORK/FERRARS
1296,YOUNG NR PLAYNE
741,YOUNG NR STATION
757,YOUNG NR WELLS
